# Aspose.3D Wavefront OBJ Exporter
# Copyright 2004-2025 Aspose Pty Ltd.
# File created: 05/27/2026 23:31:46

mtllib material.lib
g BODY

#
# object BODY
#

v 19.284985 116.236725 128.61334
v 17.800123 114.36189 145.06842
v 11.846377 115.04432 164.70898
v 0 111.002625 169.05368
v 0 130.4639 114.07751
v 15.883276 129.77594 121.50313
v 18.752373 131.5405 144.62555
v 16.230816 130.49606 163.74472
v 0 156.51085 273.1933
v 0 147.93066 127.45675
v 11.743973 144.73482 130.56311
v 16.091166 149.32838 146.41519
v 14.617631 150.14542 164.35072
v 0 152.44797 165.95337
v 0 154.77113 146.06883
v 23.033663 102.34049 120.38542
v 23.25228 93.49695 137.45796
v 12.68318 86.8386 151.02008
v 0 84.66188 155.50731
v 0 106.69215 103.023254
v 13.385734 104.427895 107.3239
v 56.45023 122.83204 24.063536
v 26.087168 64.27611 125.46416
v 13.78524 55.816208 139.60869
v 0 53.44499 144.50829
v 0 88.02155 76.59029
v 13.624867 85.74415 78.4847
v 0 -12.121613 47.786278
v 27.615309 18.98357 47.102726
v 27.553722 12.794349 77.57934
v 0 2.7023048 99.05248
v 14.496253 5.0818005 94.30516
v 0 35.178394 31.34195
v 14.514536 32.186123 35.13593
v 23.12801 -0.21504842 30.689737
v 21.692987 -8.310683 48.662457
v 0 -11.619724 67.63038
v 13.495032 -8.959595 68.118
v 0 5.1129923 16.384487
v 13.784185 3.983703 19.60337
v 6.301909 129.19377 176.17323
v 0 126.9748 177.46254
v 13.543783 140.93454 176.31058
v 7.705204 147.37755 176.8719
v 0 149.24031 177.30048
v 0 -28.171223 32.3411
v 14.126939 -23.73572 17.509457
v 13.757746 -27.487198 28.546234
v 0 -19.92552 9.762468
v 10.1201935 -20.491909 11.937732
v 0 -47.168037 17.802395
v 10.668891 -36.723465 9.36354
v 9.3870125 -42.479458 15.925123
v 0 -37.87139 4.357958
v 6.681899 -38.130783 5.6628313
v 10.349835 -51.321785 3.7391634
v 0 -65.5692 -8.697804
v 8.440117 -65.14056 -5.7898884
v 29.653374 36.35995 103.69496
v 29.17269 39.691128 66.777
v 0 26.504187 129.86191
v 14.548586 28.758371 124.31353
v 0 66.49793 53.058834
v 14.706723 63.937305 57.590084
v 22.75239 92.77367 110.43943
v 27.471355 87.490616 110.8458
v 19.753035 95.56827 97.11361
v 32.126358 77.58814 100.66236
v 18.426699 86.39432 81.0114
v 29.3978 57.8914 82.07464
v 29.343235 60.924667 82.585266
v 27.286657 70.90042 71.645996
v 29.619547 100.75239 87.17319
v 34.836506 97.0894 87.97262
v 26.257082 100.082054 78.95977
v 37.90539 89.2881 80.68019
v 26.090408 93.24537 68.433014
v 36.122055 73.67705 61.733597
v 36.350266 75.690605 55.765335
v 24.771095 88.36205 122.50699
v 27.954763 70.49526 113.82505
v 30.134157 52.057613 97.25064
v 28.992725 52.203297 76.42466
v 19.698826 70.006744 69.240204
v 43.302277 110.72383 55.705513
v 46.678207 108.563736 56.311363
v 40.820602 110.02257 51.726078
v 49.14828 104.3147 52.762764
v 40.60605 106.844864 46.47678
v 47.563194 96.37587 38.61744
v 44.899696 96.11461 37.237503
v 52.241325 118.95765 34.21999
v 53.836544 117.04539 36.83581
v 49.604603 117.5007 33.485813
v 57.517784 117.97167 29.441912
v 51.00161 118.8797 25.27884
v 59.633137 119.11409 13.759271
v 66.373535 135.50952 -14.896811
v 56.026085 118.90017 12.819455
v 3.4924946 140.00822 189.72209
v 0 139.40825 191.38525
v 1.7785726 148.6862 189.82678
v 0 150.0307 191.01163
v 0.73613596 154.24635 263.3745
v 0 154.3951 267.67722
v 1.0464343 156.09013 267.47614
v 1.1696088 157.11987 263.136
v 0 157.5952 267.63248
v 0 149.44832 228.28934
v 1.2349042 150.09688 228.91092
v 3.644477 152.88727 227.93292
v 1.7593002 155.05821 227.95757
v 0 155.74539 227.97626
v 17.877644 135.53238 149.33066
v 17.199535 134.72429 161.57239
v 17.110655 146.49696 149.57762
v 16.240479 146.565 162.38008
v 19.62507 139.11351 153.19374
v 19.519045 138.89331 157.34686
v 19.325153 143.13159 153.42502
v 19.209251 142.94524 157.65703
v -19.284985 116.236725 128.61334
v -17.800123 114.36189 145.06842
v -11.846377 115.04432 164.70898
v -15.883276 129.77594 121.50313
v -18.752373 131.5405 144.62555
v -16.230816 130.49606 163.74472
v -11.743973 144.73482 130.56311
v -16.091166 149.32838 146.41519
v -14.617631 150.14542 164.35072
v -23.033663 102.34049 120.38542
v -23.25228 93.49695 137.45796
v -12.68318 86.8386 151.02008
v -13.385734 104.427895 107.3239
v -56.45023 122.83204 24.063536
v -26.087168 64.27611 125.46416
v -13.78524 55.816208 139.60869
v -13.624867 85.74415 78.4847
v -27.615309 18.98357 47.102726
v -27.553722 12.794349 77.57934
v -14.496253 5.0818005 94.30516
v -14.514536 32.186123 35.13593
v -23.12801 -0.21504842 30.689737
v -21.692987 -8.310683 48.662457
v -13.495032 -8.959595 68.118
v -13.784185 3.983703 19.60337
v -6.301909 129.19377 176.17323
v -13.543783 140.93454 176.31058
v -7.705204 147.37755 176.8719
v -14.126939 -23.73572 17.509457
v -13.757746 -27.487198 28.546234
v -10.1201935 -20.491909 11.937732
v -10.668891 -36.723465 9.36354
v -9.3870125 -42.479458 15.925123
v -6.681899 -38.130783 5.6628313
v -10.349835 -51.321785 3.7391634
v -8.440117 -65.14056 -5.7898884
v -29.653374 36.35995 103.69496
v -29.17269 39.691128 66.777
v -14.548586 28.758371 124.31353
v -14.706723 63.937305 57.590084
v -22.75239 92.77367 110.43943
v -27.471355 87.490616 110.8458
v -19.753035 95.56827 97.11361
v -32.126358 77.58814 100.66236
v -18.426699 86.39432 81.0114
v -29.3978 57.8914 82.07464
v -29.343235 60.924667 82.585266
v -27.286657 70.90042 71.645996
v -29.619547 100.75239 87.17319
v -34.836506 97.0894 87.97262
v -26.257082 100.082054 78.95977
v -37.90539 89.2881 80.68019
v -26.090408 93.24537 68.433014
v -36.122055 73.67705 61.733597
v -36.350266 75.690605 55.765335
v -24.771095 88.36205 122.50699
v -27.954763 70.49526 113.82505
v -30.134157 52.057613 97.25064
v -28.992725 52.203297 76.42466
v -19.698826 70.006744 69.240204
v -43.302277 110.72383 55.705513
v -46.678207 108.563736 56.311363
v -40.820602 110.02257 51.726078
v -49.14828 104.3147 52.762764
v -40.60605 106.844864 46.47678
v -47.563194 96.37587 38.61744
v -44.899696 96.11461 37.237503
v -52.241325 118.95765 34.21999
v -53.836544 117.04539 36.83581
v -49.604603 117.5007 33.485813
v -57.517784 117.97167 29.441912
v -51.00161 118.8797 25.27884
v -59.633137 119.11409 13.759271
v -66.373535 135.50952 -14.896811
v -56.026085 118.90017 12.819455
v -3.4924946 140.00822 189.72209
v -1.7785726 148.6862 189.82678
v -0.73613596 154.24635 263.3745
v -1.0464343 156.09013 267.47614
v -1.1696088 157.11987 263.136
v -1.2349042 150.09688 228.91092
v -3.644477 152.88727 227.93292
v -1.7593002 155.05821 227.95757
v -17.877644 135.53238 149.33066
v -17.199535 134.72429 161.57239
v -17.110655 146.49696 149.57762
v -16.240479 146.565 162.38008
v -19.62507 139.11351 153.19374
v -19.519045 138.89331 157.34686
v -19.325153 143.13159 153.42502
v -19.209251 142.94524 157.65703
v 58.158684 118.053986 21.930733
v 60.71921 128.38051 9.8754835
v 52.218754 118.47138 20.833483
v 21.477362 79.798035 74.71964
v 29.275078 85.891846 62.24412
v 34.328114 83.819046 70.575226
v 46.62799 99.9328 46.169254
v 42.05098 101.925316 44.044296
v -58.158684 118.053986 21.930733
v -60.71921 128.38051 9.8754835
v -52.218754 118.47138 20.833483
v -21.477362 79.798035 74.71964
v -29.275078 85.891846 62.24412
v -34.328114 83.819046 70.575226
v -46.62799 99.9328 46.169254
v -42.05098 101.925316 44.044296
v 12.014196 148.01285 170.8104
v 0 150.26646 172.3287
v -12.014196 148.01285 170.8104
v 15.494212 123.96052 163.92874
v -15.494212 123.96052 163.92874
v 11.51332 136.9893 175.23654
v -11.51332 136.9893 175.23654
v 15.521252 137.47722 166.4638
v -15.521252 137.47722 166.4638
v -10.598957 131.9866 174.16014
v 10.598957 131.9866 174.16014
v 7.6278644 151.01624 137.43501
v 6.9720297 146.83817 128.69626
v 7.8243375 118.51703 110.46636
v 8.16328 130.34296 115.926704
v 13.76694 146.7782 137.69977
v 18.55001 123.48724 134.19742
v 18.170189 131.62692 133.35529
v 19.410015 143.47021 155.5978
v 19.782778 138.59969 155.21423
v -7.6278644 151.01624 137.43501
v 0 152.46341 136.66931
v 8.788311 153.027 156.66327
v 8.564828 153.26138 146.34969
v -8.788311 153.027 156.66327
v 0 154.20699 156.85048
v 8.430865 151.6739 165.44923
v 15.247595 150.92111 156.2822
v 19.079714 114.45999 119.04725
v 14.528945 117.322815 114.21572
v 6.446299 96.6212 92.010254
v 6.7463794 106.3329 104.21685
v -7.8243375 118.51703 110.46636
v 0 118.68545 108.84757
v 18.37226 121.78493 125.639725
v 22.031067 107.44107 133.0932
v 21.51491 110.8837 125.262794
v 19.848408 98.176414 110.4491
v 18.887894 105.12289 114.305855
v 19.076937 115.36999 135.03523
v 17.448053 102.63932 150.50925
v 20.686712 104.57498 141.77248
v 24.179823 95.67402 127.44013
v 23.706861 100.39066 129.8684
v 15.570203 117.9288 158.45639
v 15.555602 112.55921 154.59645
v 6.6407785 99.47131 161.80412
v 12.636462 101.12072 157.73732
v 19.621717 74.97843 139.55533
v 18.466238 89.70769 145.37389
v 4.684578 120.91295 172.87056
v 5.8642206 112.094604 167.95183
v -6.6407785 99.47131 161.80412
v 0 98.590515 163.02238
v 6.612686 69.50003 148.62419
v 6.469978 85.1867 154.3969
v 15.911311 93.05847 91.86301
v 12.038944 95.32542 93.039925
v 6.9123125 77.81368 65.44201
v 6.68995 87.58602 77.67879
v -6.446299 96.6212 92.010254
v 0 97.03725 90.96184
v 53.078045 120.54591 27.145216
v 55.3534 123.4346 18.632437
v 54.22428 121.83547 22.931902
v 46.391273 114.32966 37.07895
v 50.64725 118.53733 28.862514
v 47.28397 115.145195 42.021553
v 51.04492 118.62214 32.975197
v 56.152008 120.55669 29.599958
v 54.6598 121.10882 28.59237
v 49.975067 114.67561 44.037785
v 53.62037 118.45944 35.035255
v 53.09482 113.081825 42.083817
v 56.005497 117.99255 32.997147
v 59.833908 122.95605 20.096579
v 58.160477 121.765434 25.419123
v 13.154054 71.29106 145.2413
v 21.859163 45.39975 125.55039
v 20.80137 59.7766 132.97699
v 25.90091 79.80958 125.69617
v 24.44927 78.52896 132.63432
v -6.612686 69.50003 148.62419
v 0 69.07788 149.72835
v 7.0548186 39.953903 137.52478
v 6.8759313 53.894257 143.36665
v 9.677889 -11.63632 56.175156
v 9.505458 -18.176239 40.165554
v 10.826541 -12.027167 47.811825
v 20.996595 -1.404509 72.137665
v 17.494831 -9.008172 60.05566
v 7.240881 -5.972731 81.69208
v 7.916598 -11.461833 67.185905
v -9.677889 -11.63632 56.175156
v 0 -11.673786 56.349606
v 7.2970605 19.391668 23.700548
v 7.2006598 51.032875 42.912178
v 7.2310505 34.808193 32.403202
v 21.045763 13.914092 30.768562
v 14.386612 17.728577 26.365128
v 6.4621806 -8.65239 13.039901
v 7.13223 4.8510094 17.126244
v -7.2970605 19.391668 23.700548
v 0 19.696817 22.805037
v 22.539688 38.744034 49.31142
v 21.95441 25.769407 39.08188
v 27.455559 5.708392 50.221264
v 25.88104 9.369517 38.297226
v 16.490564 -9.572208 18.653538
v 19.377869 2.3707829 24.062231
v 30.702723 25.745827 73.60928
v 29.4712 15.409427 61.96009
v 25.81394 2.3229277 62.731064
v 19.78409 -13.665344 31.490902
v 24.328257 -3.8519979 39.645718
v 22.460424 19.86451 102.983765
v 21.907633 8.812488 87.94898
v 14.353349 -4.4946556 78.46169
v 7.179953 14.441152 114.51267
v 7.2109437 3.1832483 97.92629
v -7.240881 -5.972731 81.69208
v 0 -6.2998824 82.51595
v 11.631487 125.41437 170.17722
v 8.763595 123.08226 171.43132
v 2.2257676 134.02867 182.39323
v 3.2450843 127.79337 177.14452
v -4.684578 120.91295 172.87056
v 0 119.868996 173.63647
v 12.21978 -9.1255245 15.111472
v 4.2588353 -28.845993 8.026312
v 5.4499035 -20.17138 10.36998
v -6.4621806 -8.65239 13.039901
v 0 -8.390423 12.361035
v 19.027048 -10.832741 24.002018
v 10.475538 -29.158237 10.771676
v 13.288742 -20.559164 14.352568
v 17.09861 -16.680826 38.10712
v 14.592688 -23.435825 24.388235
v -9.505458 -18.176239 40.165554
v 0 -18.551317 39.969242
v 6.0063405 -36.858273 24.298067
v 7.3860927 -27.469772 32.397026
v 7.9579844 -29.103682 9.1378145
v 3.9381225 -51.185246 -1.0523387
v 3.53579 -38.057827 4.669875
v -4.2588353 -28.845993 8.026312
v 0 -28.673157 7.600712
v 12.215078 -28.873802 12.583081
v 8.993712 -47.74999 2.9497387
v 8.963862 -37.59813 7.378515
v -6.0063405 -36.858273 24.298067
v 0 -37.71134 24.984135
v 5.2118816 -46.208336 15.99984
v 11.778585 -35.049755 23.082108
v 7.1368036 -50.726307 0.39776015
v 4.875565 -66.29426 -7.974303
v -3.9381225 -51.185246 -1.0523387
v 0 -50.77824 -1.5060227
v 10.12262 -43.530743 6.0141153
v 9.7400255 -58.81806 -2.0560174
v 28.605715 23.517904 91.05141
v 28.686783 29.74586 57.430588
v 30.998798 43.29994 85.98731
v 31.19787 35.47339 82.50424
v 14.277392 41.79831 133.34283
v 22.504957 32.01218 115.97288
v 29.350561 55.3406 111.2228
v 27.648115 50.13473 117.15529
v 14.576086 16.317987 110.42635
v -7.0548186 39.953903 137.52478
v 0 39.479786 138.69049
v 7.144919 26.999136 128.6821
v -7.179953 14.441152 114.51267
v 0 13.925728 115.71679
v 14.61829 47.529213 45.670387
v -7.2006598 51.032875 42.912178
v 0 51.45231 41.747902
v 7.1030097 66.056915 54.247864
v 23.636808 56.44574 65.902275
v 23.028807 49.94275 59.063442
v 17.271486 97.9519 102.53951
v 21.339878 93.00924 82.39329
v 18.521255 91.58553 88.382355
v 17.601017 83.33573 78.62597
v 16.29897 87.03866 82.572296
v 23.24644 96.90589 96.02845
v 22.069073 96.49341 89.40815
v 32.89678 102.662834 61.67403
v 25.779903 97.03801 73.470894
v 22.651686 84.71496 72.391914
v 21.40348 88.507774 76.27703
v 21.3275 95.16374 105.10241
v 27.503067 93.86287 102.192986
v 24.931992 95.47829 100.73495
v 34.543125 105.931435 68.82149
v 27.591757 101.16628 83.74968
v 24.062405 92.048004 117.57221
v 24.799086 90.56932 111.9936
v 33.131355 87.56005 97.8624
v 30.454456 91.39101 101.02412
v 38.567577 104.87406 72.34283
v 32.20131 99.513824 88.61091
v 27.774937 80.8862 114.256096
v 30.196487 83.15322 107.66328
v 34.048317 82.880974 85.24682
v 34.633854 84.0287 92.558556
v 42.655193 99.855095 70.25314
v 37.11659 93.279396 85.26315
v -6.9123125 77.81368 65.44201
v 0 78.2569 64.29598
v 15.264482 75.01519 67.80639
v 12.414574 76.66305 67.15811
v 22.326069 95.70631 115.36834
v 24.131104 94.97173 121.9578
v 25.691477 87.01561 117.22002
v 24.575052 89.74345 129.03851
v 26.244276 80.07523 119.50635
v 29.850718 63.72419 100.93504
v 29.465849 73.2725 108.74719
v 27.659225 67.720894 119.15661
v 30.595198 46.069973 100.58602
v 29.288206 60.10824 106.38212
v 29.813332 54.092712 85.674385
v 26.28966 63.471073 74.56298
v 29.102993 56.77018 79.608215
v 29.0411 58.167946 85.06625
v 29.687872 56.078274 92.70805
v 30.43062 49.41923 86.310234
v 29.145653 46.847027 72.63578
v 24.614698 60.284084 70.71134
v 19.758978 77.568565 73.63762
v 22.367441 71.24624 71.879234
v 28.385677 66.1237 78.25362
v 17.907776 67.35789 64.692154
v 33.301193 104.88994 65.52552
v 40.453823 108.74101 48.931095
v 34.01336 96.7272 55.93003
v 33.17661 99.7857 58.163082
v 36.39193 105.86209 71.20925
v 41.79879 110.721054 54.031384
v 40.714893 102.88435 72.05748
v 45.012947 109.91792 56.496346
v 41.386696 93.5496 62.594517
v 43.23275 96.403366 66.97409
v 48.416893 106.702126 55.10204
v 46.60579 114.728714 40.053543
v 46.81374 111.95806 33.158596
v 46.446274 113.42288 34.28425
v 48.525745 115.291176 43.335594
v 51.385254 113.859665 43.72277
v 53.658955 110.54128 36.437668
v 54.1424 111.904526 39.41406
v 2.5498633 148.54478 181.80444
v 5.5650105 148.93333 174.04042
v 4.2962165 148.5163 177.05878
v -2.5498633 148.54478 181.80444
v 0 149.10983 181.93022
v 0.8031914 152.5434 207.28874
v 1.120629 149.67007 190.98018
v 4.6757307 147.7241 181.90714
v 0.42601702 152.59935 250.64656
v -0.42601702 152.59935 250.64656
v 0 152.4974 250.46765
v 0.94 145.14406 208.00438
v 0.57323456 149.6092 228.60242
v 1.4213343 153.63177 250.64656
v 0.8878549 152.9594 250.82547
v 0.45933145 155.51218 273.41376
v 0.41562384 154.45387 267.72195
v -0.94 145.14406 208.00438
v 0 144.9117 207.64656
v 1.4997115 139.76389 191.6641
v 3.0244303 146.6698 207.93092
v 1.9311074 145.75786 208.34381
v 0.85511273 157.03812 250.28874
v 1.5645955 156.67444 250.28874
v 0.93540204 155.54076 227.97626
v -0.85511273 157.03812 250.28874
v 0 157.19006 250.28874
v 0.6946124 157.4914 267.6325
v 1.4718475 151.95381 207.21402
v -0.8031914 152.5434 207.28874
v 0 152.80077 207.28874
v 17.735771 133.49846 154.98764
v 17.51223 124.57909 154.48714
v 17.825636 129.35951 154.61
v 16.785599 148.20721 155.59528
v -8.16328 130.34296 115.926704
v -6.9720297 146.83817 128.69626
v -18.55001 123.48724 134.19742
v -18.170189 131.62692 133.35529
v -13.76694 146.7782 137.69977
v -19.782778 138.59969 155.21423
v -19.410015 143.47021 155.5978
v -8.564828 153.26138 146.34969
v -15.247595 150.92111 156.2822
v -8.430865 151.6739 165.44923
v -6.7463794 106.3329 104.21685
v -19.079714 114.45999 119.04725
v -14.528945 117.322815 114.21572
v -19.848408 98.176414 110.4491
v -18.887894 105.12289 114.305855
v -22.031067 107.44107 133.0932
v -21.51491 110.8837 125.262794
v -18.37226 121.78493 125.639725
v -24.179823 95.67402 127.44013
v -23.706861 100.39066 129.8684
v -17.448053 102.63932 150.50925
v -20.686712 104.57498 141.77248
v -19.076937 115.36999 135.03523
v -19.621717 74.97843 139.55533
v -18.466238 89.70769 145.37389
v -12.636462 101.12072 157.73732
v -15.570203 117.9288 158.45639
v -15.555602 112.55921 154.59645
v -6.469978 85.1867 154.3969
v -5.8642206 112.094604 167.95183
v -6.68995 87.58602 77.67879
v -15.911311 93.05847 91.86301
v -12.038944 95.32542 93.039925
v -53.078045 120.54591 27.145216
v -56.152008 120.55669 29.599958
v -54.6598 121.10882 28.59237
v -47.28397 115.145195 42.021553
v -51.04492 118.62214 32.975197
v -46.391273 114.32966 37.07895
v -50.64725 118.53733 28.862514
v -55.3534 123.4346 18.632437
v -54.22428 121.83547 22.931902
v -59.833908 122.95605 20.096579
v -58.160477 121.765434 25.419123
v -53.09482 113.081825 42.083817
v -56.005497 117.99255 32.997147
v -49.975067 114.67561 44.037785
v -53.62037 118.45944 35.035255
v -25.90091 79.80958 125.69617
v -24.44927 78.52896 132.63432
v -21.859163 45.39975 125.55039
v -20.80137 59.7766 132.97699
v -13.154054 71.29106 145.2413
v -6.8759313 53.894257 143.36665
v -7.916598 -11.461833 67.185905
v -20.996595 -1.404509 72.137665
v -17.494831 -9.008172 60.05566
v -10.826541 -12.027167 47.811825
v -7.13223 4.8510094 17.126244
v -21.045763 13.914092 30.768562
v -14.386612 17.728577 26.365128
v -7.2310505 34.808193 32.403202
v -16.490564 -9.572208 18.653538
v -19.377869 2.3707829 24.062231
v -27.455559 5.708392 50.221264
v -25.88104 9.369517 38.297226
v -22.539688 38.744034 49.31142
v -21.95441 25.769407 39.08188
v -19.78409 -13.665344 31.490902
v -24.328257 -3.8519979 39.645718
v -25.81394 2.3229277 62.731064
v -30.702723 25.745827 73.60928
v -29.4712 15.409427 61.96009
v -14.353349 -4.4946556 78.46169
v -22.460424 19.86451 102.983765
v -21.907633 8.812488 87.94898
v -7.2109437 3.1832483 97.92629
v -2.2257676 134.02867 182.39323
v -3.2450843 127.79337 177.14452
v -11.631487 125.41437 170.17722
v -8.763595 123.08226 171.43132
v -5.4499035 -20.17138 10.36998
v -12.21978 -9.1255245 15.111472
v -10.475538 -29.158237 10.771676
v -13.288742 -20.559164 14.352568
v -19.027048 -10.832741 24.002018
v -14.592688 -23.435825 24.388235
v -17.09861 -16.680826 38.10712
v -7.3860927 -27.469772 32.397026
v -3.53579 -38.057827 4.669875
v -7.9579844 -29.103682 9.1378145
v -8.993712 -47.74999 2.9497387
v -8.963862 -37.59813 7.378515
v -12.215078 -28.873802 12.583081
v -11.778585 -35.049755 23.082108
v -5.2118816 -46.208336 15.99984
v -4.875565 -66.29426 -7.974303
v -7.1368036 -50.726307 0.39776015
v -9.7400255 -58.81806 -2.0560174
v -10.12262 -43.530743 6.0141153
v -30.998798 43.29994 85.98731
v -31.19787 35.47339 82.50424
v -28.686783 29.74586 57.430588
v -28.605715 23.517904 91.05141
v -29.350561 55.3406 111.2228
v -27.648115 50.13473 117.15529
v -22.504957 32.01218 115.97288
v -14.277392 41.79831 133.34283
v -14.576086 16.317987 110.42635
v -7.144919 26.999136 128.6821
v -7.1030097 66.056915 54.247864
v -14.61829 47.529213 45.670387
v -23.636808 56.44574 65.902275
v -23.028807 49.94275 59.063442
v -17.601017 83.33573 78.62597
v -16.29897 87.03866 82.572296
v -21.339878 93.00924 82.39329
v -18.521255 91.58553 88.382355
v -17.271486 97.9519 102.53951
v -22.651686 84.71496 72.391914
v -21.40348 88.507774 76.27703
v -32.89678 102.662834 61.67403
v -25.779903 97.03801 73.470894
v -23.24644 96.90589 96.02845
v -22.069073 96.49341 89.40815
v -34.543125 105.931435 68.82149
v -27.591757 101.16628 83.74968
v -27.503067 93.86287 102.192986
v -24.931992 95.47829 100.73495
v -21.3275 95.16374 105.10241
v -38.567577 104.87406 72.34283
v -32.20131 99.513824 88.61091
v -33.131355 87.56005 97.8624
v -30.454456 91.39101 101.02412
v -24.062405 92.048004 117.57221
v -24.799086 90.56932 111.9936
v -42.655193 99.855095 70.25314
v -37.11659 93.279396 85.26315
v -34.048317 82.880974 85.24682
v -34.633854 84.0287 92.558556
v -27.774937 80.8862 114.256096
v -30.196487 83.15322 107.66328
v -15.264482 75.01519 67.80639
v -12.414574 76.66305 67.15811
v -22.326069 95.70631 115.36834
v -25.691477 87.01561 117.22002
v -24.131104 94.97173 121.9578
v -24.575052 89.74345 129.03851
v -29.850718 63.72419 100.93504
v -29.465849 73.2725 108.74719
v -26.244276 80.07523 119.50635
v -27.659225 67.720894 119.15661
v -29.288206 60.10824 106.38212
v -30.595198 46.069973 100.58602
v -29.813332 54.092712 85.674385
v -30.43062 49.41923 86.310234
v -29.687872 56.078274 92.70805
v -29.0411 58.167946 85.06625
v -26.28966 63.471073 74.56298
v -29.102993 56.77018 79.608215
v -29.145653 46.847027 72.63578
v -28.385677 66.1237 78.25362
v -19.758978 77.568565 73.63762
v -22.367441 71.24624 71.879234
v -24.614698 60.284084 70.71134
v -17.907776 67.35789 64.692154
v -34.01336 96.7272 55.93003
v -33.17661 99.7857 58.163082
v -40.453823 108.74101 48.931095
v -33.301193 104.88994 65.52552
v -41.79879 110.721054 54.031384
v -36.39193 105.86209 71.20925
v -45.012947 109.91792 56.496346
v -40.714893 102.88435 72.05748
v -48.416893 106.702126 55.10204
v -41.386696 93.5496 62.594517
v -43.23275 96.403366 66.97409
v -46.81374 111.95806 33.158596
v -46.446274 113.42288 34.28425
v -46.60579 114.728714 40.053543
v -48.525745 115.291176 43.335594
v -51.385254 113.859665 43.72277
v -53.658955 110.54128 36.437668
v -54.1424 111.904526 39.41406
v -4.6757307 147.7241 181.90714
v -1.120629 149.67007 190.98018
v -5.5650105 148.93333 174.04042
v -4.2962165 148.5163 177.05878
v -0.45933145 155.51218 273.41376
v -0.41562384 154.45387 267.72195
v -1.4213343 153.63177 250.64656
v -0.8878549 152.9594 250.82547
v -0.57323456 149.6092 228.60242
v -3.0244303 146.6698 207.93092
v -1.9311074 145.75786 208.34381
v -1.4997115 139.76389 191.6641
v -0.6946124 157.4914 267.6325
v -0.93540204 155.54076 227.97626
v -1.5645955 156.67444 250.28874
v -1.4718475 151.95381 207.21402
v -17.51223 124.57909 154.48714
v -17.825636 129.35951 154.61
v -17.735771 133.49846 154.98764
v -16.785599 148.20721 155.59528
v 0.3665607 156.48106 273.21033
v 2.3529334 155.03644 250.20537
v -0.3665607 156.48106 273.21033
v -2.3529334 155.03644 250.20537
v 58.412468 125.22475 18.16228
v 57.92045 117.848625 25.690973
v 63.074474 127.299416 4.8059916
v 61.273266 124.701645 13.351904
v 59.03348 127.752686 4.383488
v 63.44322 131.80365 -1.6974741
v 53.197624 108.626854 30.502806
v 58.81126 118.56012 17.94174
v 65.09417 129.55673 -4.673702
v 56.797295 125.39562 12.860866
v 51.322895 118.70037 23.02548
v 61.827393 130.38611 -5.348094
v 48.704308 109.11757 29.749802
v 53.927612 118.61848 17.21291
v 30.84313 72.79512 64.43638
v 27.715551 77.141884 66.99758
v 23.478941 76.30364 72.24399
v 24.8535 81.13939 69.68122
v 37.867157 89.0654 50.618385
v 32.52673 81.04205 59.101284
v 19.748077 82.52253 77.0531
v 27.187958 89.736946 65.010765
v 36.119205 86.7323 74.700195
v 32.03634 72.5325 80.14623
v 32.53731 79.17792 84.736664
v 32.01166 64.19735 73.508194
v 40.088192 88.12903 54.136246
v 34.692986 79.31143 66.26283
v 30.826595 67.43868 92.78836
v 16.73906 77.77715 72.07714
v 18.363417 81.67451 76.80086
v 39.690983 91.04036 58.1561
v 47.89956 101.95402 49.598373
v 41.49262 84.72499 50.130566
v 46.7678 98.17562 42.523937
v 35.518135 93.28068 53.831364
v 43.354652 99.128 41.093254
v 40.65957 84.42785 46.824738
v 41.16766 104.473175 45.316174
v 50.19027 107.640564 26.470562
v 47.50641 110.50987 32.212437
v 53.040237 109.43044 33.50036
v 53.69674 107.84321 27.35671
v -65.09417 129.55673 -4.673702
v -63.074474 127.299416 4.8059916
v -53.197624 108.626854 30.502806
v -58.81126 118.56012 17.94174
v -61.273266 124.701645 13.351904
v -59.03348 127.752686 4.383488
v -63.44322 131.80365 -1.6974741
v -57.92045 117.848625 25.690973
v -58.412468 125.22475 18.16228
v -56.797295 125.39562 12.860866
v -48.704308 109.11757 29.749802
v -53.927612 118.61848 17.21291
v -61.827393 130.38611 -5.348094
v -51.322895 118.70037 23.02548
v -27.187958 89.736946 65.010765
v -19.748077 82.52253 77.0531
v -27.715551 77.141884 66.99758
v -24.8535 81.13939 69.68122
v -37.867157 89.0654 50.618385
v -32.52673 81.04205 59.101284
v -23.478941 76.30364 72.24399
v -30.84313 72.79512 64.43638
v -32.03634 72.5325 80.14623
v -30.826595 67.43868 92.78836
v -32.53731 79.17792 84.736664
v -40.088192 88.12903 54.136246
v -34.692986 79.31143 66.26283
v -32.01166 64.19735 73.508194
v -36.119205 86.7323 74.700195
v -16.73906 77.77715 72.07714
v -18.363417 81.67451 76.80086
v -39.690983 91.04036 58.1561
v -46.7678 98.17562 42.523937
v -41.49262 84.72499 50.130566
v -47.89956 101.95402 49.598373
v -35.518135 93.28068 53.831364
v -41.16766 104.473175 45.316174
v -40.65957 84.42785 46.824738
v -43.354652 99.128 41.093254
v -47.50641 110.50987 32.212437
v -50.19027 107.640564 26.470562
v -53.69674 107.84321 27.35671
v -53.040237 109.43044 33.50036
v 0 149.62437 174.37833
v 9.81601 147.70741 173.59769
v 6.595026 149.66066 171.89822
v -9.81601 147.70741 173.59769
v -6.595026 149.66066 171.89822
v 18.316135 123.12846 144.17657
v 14.05322 120.96 165.14803
v 16.78118 120.0172 155.43607
v -18.316135 123.12846 144.17657
v -16.78118 120.0172 155.43607
v -14.05322 120.96 165.14803
v 0 155.47739 273.41376
v 0.92949796 155.07686 267.72195
v 2.073444 150.91632 228.58405
v 4.8148017 142.03139 191.2168
v -0.92949796 155.07686 267.72195
v -2.073444 150.91632 228.58405
v -4.8148017 142.03139 191.2168
v 9.657788 142.83168 181.76253
v -9.657788 142.83168 181.76253
v 15.058634 139.11633 170.87178
v -15.058634 139.11633 170.87178
v 6.7826123 133.90741 179.19844
v 4.477863 134.56847 181.63643
v 0 133.45857 182.35135
v -6.7826123 133.90741 179.19844
v -4.477863 134.56847 181.63643
v 14.134293 130.77847 169.46178
v 16.123285 127.3066 163.4689
v -8.982214 130.1206 174.5315
v -7.2613807 135.9984 180.414
v -14.134293 130.77847 169.46178
v -11.452478 134.54092 174.58836
v -16.123285 127.3066 163.4689
v 7.2613807 135.9984 180.414
v 11.452478 134.54092 174.58836
v 8.982214 130.1206 174.5315
v -14.034435 133.4395 169.82953
v -13.388353 127.96215 169.41757
v 13.388353 127.96215 169.41757
v 14.034435 133.4395 169.82953
v -12.437322 143.41188 172.23474
v -10.624494 144.15605 176.59125
v 12.437322 143.41188 172.23474
v 10.624494 144.15605 176.59125
v -7.1667595 145.2779 181.83482
v -3.7780006 147.04037 190.33818
v 7.1667595 145.2779 181.83482
v 3.7780006 147.04037 190.33818
v 14.661513 142.606 166.76042
v -14.661513 142.606 166.76042
v 4.2794833 149.20984 207.19371
v -4.2794833 149.20984 207.19371
v 8.110275 139.0326 181.06313
v -8.110275 139.0326 181.06313
v 18.109428 140.54443 145.4495
v 18.170115 141.06589 149.27965
v -18.170115 141.06589 149.27965
v -18.109428 140.54443 145.4495
v -20.148014 141.18332 153.12634
v -17.352707 140.67557 162.27412
v -20.026783 140.95287 157.72508
v 20.148014 141.18332 153.12634
v 20.026783 140.95287 157.72508
v 17.352707 140.67557 162.27412
v -20.294167 141.08672 155.42685
v -16.608027 139.4354 135.3636
v -14.300178 138.225 124.891594
v -7.8187814 139.6225 121.02121
v 0 140.2446 119.42872
v 20.294167 141.08672 155.42685
v 16.608027 139.4354 135.3636
v 14.300178 138.225 124.891594
v 15.75488 140.1413 166.8117
v -15.75488 140.1413 166.8117
v 7.8187814 139.6225 121.02121
v -12.598489 142.99928 176.59
v -14.353026 141.60188 171.65236
v 14.353026 141.60188 171.65236
v 12.598489 142.99928 176.59
v -8.995391 143.99275 181.93471
v 8.995391 143.99275 181.93471
v 5.777428 145.39455 190.8496
v -5.777428 145.39455 190.8496
v 1.6714666 -8.230343 88.10754
v 4.995161 -11.862901 86.905396
v 1.5523441 -3.9121795 90.06439
v 5.5110073 -11.061854 92.407875
v 0.83073974 -10.916785 87.354454
v 1.1214759 -8.386993 91.70471
v 3.0904233 -3.144744 89.34566
v -0.122145794 -8.019891 89.55885
v 1.6939046 -5.65787 91.35237
v 2.9314647 -8.741868 92.94305
v 5.2106175 -7.646002 84.474976
v 2.6322973 -12.349061 86.396324
v 1.6042247 -9.89439 87.42767
v 0.92345786 -5.8539486 89.26673
v -0.51357 -9.620065 89.58115
v 5.00097 -12.0089035 89.53668
v 6.087501 -12.877047 91.49357
v 5.415344 -13.30319 89.020424
v 5.482792 -12.683046 86.698425
v 6.886852 -19.03716 89.137474
v 6.458479 -19.046251 87.41665
v 6.4054685 -17.913818 85.780426
v 4.949735 -16.191656 90.11005
v 2.5200198 -15.565465 91.36783
v 5.0748096 -15.602936 87.997925
v 0.875461 -14.513296 91.24006
v 0.0640317 -13.958125 89.4478
v 0.2326226 -12.686737 88.208084
v 2.2872946 -12.777098 87.24988
v 5.0966954 -13.813126 87.19682
v 5.821911 -21.418867 84.391304
v 3.7543368 -21.803047 84.77874
v 6.314645 -20.461407 83.59935
v 2.3847234 -21.381763 84.688614
v 1.7265124 -20.43125 83.60968
v 2.0422866 -19.486391 83.64843
v 3.4755132 -18.820023 83.703674
v 5.933196 -18.888432 84.00508
v 6.555675 -23.079638 80.232124
v 6.190515 -23.316904 80.33138
v 6.067108 -22.05966 79.723755
v 6.8821235 -22.064825 80.125175
v 5.97459 -23.289637 80.00181
v 5.5808005 -22.388964 79.62921
v 5.4831214 -21.451935 79.990265
v 5.97467 -21.023396 80.33007
v 6.572409 -21.360497 80.40552
v 8.334325 -26.433918 78.56703
v 7.7378354 -26.362398 78.41166
v 7.7825212 -25.01578 78.1248
v 5.7852225 -16.312187 87.986664
v 6.4692287 -15.896012 90.191475
v 5.799207 -15.273547 86.23848
v 7.5098543 -23.65723 85.17652
v 7.058695 -22.616566 83.68133
v 6.965986 -20.60189 84.201744
v 7.071078 -20.35871 88.27243
v 6.664378 -20.102165 86.56688
v 6.58059 -18.82536 85.19694
v 7.6437807 -24.691639 84.008156
v 7.3143415 -24.307007 82.96491
v 7.160428 -22.229391 83.49306
v 4.711937 -18.982111 86.55146
v 5.331282 -18.217726 85.31266
v 2.4151893 -19.045588 87.131
v 1.2020922 -17.281961 88.90855
v 0.5703155 -16.791895 87.21386
v 1.1394799 -15.097624 86.15381
v 3.0468607 -14.919956 85.28404
v 5.55772 -15.600189 85.08136
v 6.447408 -22.788889 82.08552
v 6.4733887 -22.031532 81.758026
v 5.6004915 -23.12749 81.89217
v 3.686512 -22.897646 81.21417
v 3.6498446 -22.133335 80.6774
v 3.5423675 -20.876747 81.03111
v 5.2761207 -20.31445 81.503654
v 5.971043 -20.617374 82.14666
v 7.8867965 -26.287886 81.21546
v 7.7731295 -26.038977 80.354576
v 7.661499 -24.4892 79.998604
v 6.1771703 -22.344835 82.9684
v 6.123226 -21.529255 82.914764
v 5.366462 -22.582457 82.75719
v 3.3694553 -22.363651 82.149635
v 3.1735387 -21.693907 81.345764
v 2.882559 -20.385126 81.39199
v 4.8680263 -19.896023 82.033875
v 6.003875 -19.981503 82.66409
v 5.5797424 -22.90273 81.74093
v 6.6038303 -22.594973 80.37663
v 6.3545175 -22.655342 82.09102
v 3.7278938 -22.76019 81.12657
v 5.7112985 -23.069557 79.936356
v 7.7012672 -25.936184 81.27582
v 8.374217 -26.74134 79.563095
v 8.887755 -27.066553 78.34365
v 8.83715 -26.997566 77.99781
v 8.644344 -26.816189 79.01842
v 8.329217 -26.44611 79.799866
v 6.3306494 -24.805086 79.053375
v 6.3393154 -24.97011 79.22127
v 6.524271 -24.83538 79.17577
v 6.42461 -24.730616 79.03417
v 6.3243284 -24.842484 78.97535
v 6.223851 -24.933828 79.046074
v 5.794933 -23.224783 81.26275
v 6.2129693 -22.968208 81.39115
v 5.3087773 -23.042294 80.931366
v 7.281678 -10.878815 85.95077
v 7.2151093 -4.9678383 91.7667
v 6.738314 -2.9437637 88.33031
v 6.871589 -7.2576575 83.858894
v 7.932823 -10.547325 93.175224
v 7.7464857 -12.121784 86.265495
v 8.19979 -12.733568 92.4877
v 7.827711 -12.726374 86.00776
v 8.579914 -19.985155 83.9044
v 8.468827 -18.725468 84.57676
v 8.735237 -21.62354 83.2096
v 8.763783 -18.70046 89.52481
v 8.397123 -17.858332 85.118805
v 8.47384 -15.72759 90.69437
v 8.099118 -15.191664 85.502785
v 8.915839 -20.383463 88.680145
v 9.031831 -26.579073 78.23597
v 9.112736 -26.897356 78.942245
v 8.764694 -24.49202 77.972046
v 9.211962 -26.34668 81.68707
v 8.812367 -23.981125 79.78256
v 9.16122 -25.916656 81.703995
v 9.096186 -27.073118 78.31696
v 9.09979 -27.001343 78.51995
v 9.152653 -27.124268 79.151344
v 9.206474 -27.20483 79.88304
v 9.162529 -24.035173 85.481384
v 9.20198 -24.928904 84.351685
v 3.3907332 -4.6083713 85.28644
v 3.1334467 -6.0276685 85.12929
v 4.633199 -3.5865242 84.85479
v 5.2103386 -8.095047 84.88667
v 3.731903 -7.3482394 85.31605
v 6.7974925 -8.642989 84.24787
v 3.9455507 -9.510204 73.44625
v 3.8246043 -10.641983 73.01507
v 4.527009 -8.605641 73.31249
v 5.0977564 -12.278858 72.38262
v 4.2987933 -11.753893 72.87807
v 6.2589116 -12.611071 71.837685
v 4.888324 -4.9613857 91.66745
v 7.5531983 -7.7481313 93.18001
v 2.317217 -13.388297 59.460594
v 2.0667295 -15.54178 59.57328
v 3.398688 -11.898732 59.204353
v 2.8725433 -17.54972 59.734093
v 4.297743 -18.722523 59.653313
v 6.4417033 -19.58375 59.492214
v 1.3160259 -8.355245 56.88996
v 1.1870553 -8.991608 54.567616
v 2.4007926 -7.663193 58.504276
v 2.2216728 -9.576043 52.471073
v 3.8734987 -9.66661 51.256508
v 6.2991967 -9.5522375 50.40307
v 4.6517906 -12.601564 89.3394
v 5.1586633 -12.210957 91.78749
v 2.9151306 -10.49989 92.64078
v 1.148347 -9.643423 91.62819
v -0.35619137 -10.17131 89.29025
v 0.7256515 -10.489828 87.12639
v 2.44256 -11.384099 86.3285
v 4.6822047 -11.996091 86.91168
v 7.2559648 -11.374268 85.67699
v 7.541455 -11.826615 85.8713
v 5.005899 -9.286692 85.083336
v 4.827524 -9.621899 86.63184
v 4.8371787 -10.471263 86.540924
v 7.5960083 -18.564568 78.653206
v 7.6859355 -16.033014 83.81641
v 6.0382085 -18.684387 79.75068
v 5.4410954 -17.674782 81.492455
v 8.139557 -21.87221 81.23718
v 8.178402 -20.874928 83.32174
v 7.861181 -21.814009 81.66758
v 7.723133 -21.341204 82.41637
v 6.9608703 -12.539765 79.093025
v 6.923738 -10.659281 81.43936
v 7.6808376 -16.000057 83.9043
v 7.351449 -12.873273 85.289345
v 5.347629 -11.362518 81.86655
v 5.4815784 -13.608158 79.80999
v 5.1197877 -14.653637 81.54872
v 5.009269 -12.001457 83.80939
v 5.3359313 -12.712422 80.78429
v 5.0375533 -13.407776 82.03241
v 6.9158034 -11.853252 80.28171
v 7.437133 -14.267786 83.72401
v 7.7565985 -19.481607 79.501396
v 7.879588 -17.95348 83.59311
v 6.881715 -19.334122 80.14592
v 6.4266562 -18.793509 81.777885
v 8.352022 -23.45546 81.80462
v 7.972444 -21.155825 79.97663
v 7.0927916 -21.053732 80.65312
v 8.052873 -23.51083 82.19616
v 7.833456 -20.073637 79.67687
v 6.9844217 -20.145178 80.338486
v 7.690149 -19.094763 79.157196
v 6.6369786 -19.091473 80.06198
v 6.7098074 -19.064709 80.805565
v 11.684155 -7.4231334 87.44899
v 10.361676 -11.216672 86.61664
v 11.431283 -3.1014175 89.35837
v 10.260154 -10.453226 92.09405
v 12.93095 -9.876318 86.92755
v 12.680345 -7.3993325 90.92911
v 9.662919 -2.5638885 88.86633
v 13.52628 -6.8448925 88.59988
v 11.633742 -4.78776 90.6763
v 11.169661 -7.9870996 92.43469
v 8.679879 -7.3549776 84.23143
v 11.517136 -11.534698 86.23858
v 11.835141 -9.007872 86.76601
v 12.233884 -4.946982 88.48244
v 14.22735 -8.343899 88.91815
v 10.701353 -11.2563095 89.22314
v 10.1750965 -12.371325 91.2648
v 10.645095 -12.691726 88.725975
v 10.175438 -12.182011 86.452866
v 10.608798 -18.588066 88.925705
v 10.820597 -18.522795 87.16548
v 10.411283 -17.438951 85.55665
v 12.395677 -15.015642 90.3394
v 13.786478 -13.972086 91.24979
v 11.77946 -14.74457 88.24685
v 15.063689 -12.587963 90.81064
v 15.399067 -12.1088705 88.836845
v 14.721592 -11.074987 87.54331
v 12.624674 -11.745441 86.96916
v 11.170842 -13.12733 87.312164
v 12.070003 -21.081017 85.652534
v 13.204016 -21.130278 85.858604
v 11.209384 -20.40079 84.88893
v 14.377602 -20.426542 85.42705
v 14.556635 -19.535194 84.130806
v 14.021712 -18.693962 84.13558
v 12.501565 -18.373415 84.430695
v 11.242142 -18.7382 85.02734
v 11.028315 -23.508804 81.964294
v 11.45408 -23.63714 82.00604
v 11.134567 -22.498764 81.25299
v 10.437832 -22.626257 81.821976
v 11.590431 -23.614145 81.636086
v 11.662791 -22.71868 81.090225
v 11.581661 -21.738838 81.31676
v 11.068622 -21.385649 81.70763
v 10.602574 -21.834229 81.94893
v 9.709392 -26.268375 78.484116
v 10.249331 -26.060087 78.2602
v 9.853828 -24.766445 77.99989
v 10.89224 -15.706637 87.71298
v 10.387476 -15.419335 89.98846
v 10.4292345 -14.748289 86.00121
v 10.630889 -23.281591 84.98864
v 10.642796 -22.1852 83.46545
v 10.317474 -20.198582 83.999985
v 10.640971 -19.928936 88.06053
v 10.770581 -19.608505 86.32277
v 10.387425 -18.369019 84.972206
v 10.607906 -24.334845 83.82946
v 10.711094 -23.898172 82.760124
v 10.430804 -21.835718 83.2959
v 12.872803 -18.139133 87.21736
v 11.860776 -17.739128 86.068695
v 14.17371 -17.809227 87.543335
v 15.204257 -15.559842 88.807495
v 15.368199 -15.206921 87.00083
v 14.200594 -13.873516 85.89115
v 12.184713 -14.274038 85.438484
v 10.933748 -15.311618 85.615395
v 11.401377 -22.908663 83.70554
v 11.1209545 -22.239754 83.31134
v 12.25553 -23.070688 83.368706
v 12.887497 -22.735304 82.508675
v 12.625713 -22.078764 81.89707
v 12.4703045 -20.79103 82.07954
v 11.767242 -20.357416 82.61451
v 11.305964 -20.704706 83.42368
v 10.420185 -25.982952 81.062706
v 10.368975 -25.726542 80.19806
v 10.067996 -24.199522 79.85349
v 11.707839 -22.279306 84.45365
v 11.539236 -21.49238 84.30101
v 12.498361 -22.355536 84.096466
v 13.224994 -22.00043 83.28766
v 13.088797 -21.440928 82.39241
v 13.036709 -20.11014 82.230705
v 12.145336 -19.777412 82.99319
v 11.207635 -20.018913 83.86324
v 12.189237 -22.874306 83.193054
v 10.884911 -23.031403 82.06223
v 11.456147 -22.7583 83.67592
v 12.796581 -22.626749 82.41791
v 11.771299 -23.35298 81.490776
v 10.523088 -25.59649 81.10565
v 9.861607 -26.562319 79.47342
v 9.298803 -27.01708 78.318855
v 9.290333 -26.943016 77.97048
v 9.554286 -26.706686 78.96357
v 9.863244 -26.261463 79.707375
v 11.465942 -25.302433 80.95993
v 11.531427 -25.436031 81.14258
v 11.312923 -25.356304 81.12447
v 11.354107 -25.255478 80.95389
v 11.467019 -25.349373 80.886986
v 11.598957 -25.402704 80.94339
v 11.978957 -23.309242 82.811905
v 11.540487 -23.138124 83.00038
v 12.331297 -23.075624 82.36386
v 8.811549 -4.0109124 85.03198
v 9.402757 -5.341324 84.834816
v 7.665809 -3.221708 84.677185
v 8.283707 -7.7483416 84.72899
v 9.185483 -6.769934 85.06571
v 7.5004287 -8.942774 73.436646
v 7.9654193 -9.981018 73.003876
v 6.665565 -8.264282 73.30672
v 7.2618017 -11.93344 72.376785
v 7.860234 -11.185416 72.86845
v 9.442458 -4.4595456 91.27462
v 8.802548 -12.533813 59.144997
v 9.610607 -14.547804 59.206158
v 7.3535314 -11.377626 59.0119
v 9.370211 -16.69357 59.417896
v 8.295517 -18.195766 59.458755
v 8.429711 -7.3848248 58.091217
v 9.461918 -7.8627853 55.96497
v 6.7415833 -7.0710363 59.237312
v 9.348907 -8.603764 53.674644
v 8.261095 -9.06806 51.997463
v 11.300817 -11.643192 89.076706
v 11.067791 -11.228912 91.55179
v 11.931622 -9.411458 92.20199
v 13.281109 -8.3017435 90.908775
v 14.512277 -8.648561 88.68611
v 13.262518 -9.290984 86.64824
v 11.727801 -10.536236 86.041954
v 10.789845 -11.225396 86.708466
v 9.000004 -8.951997 84.75529
v 9.522983 -9.16098 86.26769
v 9.694811 -10.014806 86.28323
v 9.281058 -18.33132 79.52179
v 9.884306 -17.191078 81.17879
v 8.456109 -21.749245 81.62552
v 8.592507 -21.24659 82.35489
v 8.681056 -11.076179 81.640335
v 8.720952 -13.256563 79.588776
v 9.5384865 -14.174133 81.24217
v 9.200766 -11.651003 83.48423
v 8.697761 -12.353213 80.603325
v 9.327291 -12.952251 81.76688
v 8.660559 -19.140505 80.02014
v 9.211757 -18.490322 81.581024
v 8.895183 -20.857573 80.525696
v 8.7075615 -23.43955 82.14985
v 8.761681 -19.951727 80.21282
v 8.833556 -18.852356 79.90672
v 8.860829 -18.830513 80.65354
v 6.0208793 -2.6706247 84.23974
v 5.4843025 -7.7374277 73.07213
v 5.2202272 -10.532769 58.89778
v 4.3146653 -6.8989725 60.011692
v 4.505964 -5.151948 79.29863
v 3.843052 -6.1437154 79.4127
v 3.655374 -7.5086775 79.54111
v 4.192985 -8.778584 79.63247
v 5.080781 -9.565595 79.66721
v 6.461902 -10.210419 79.66988
v 7.018104 -4.8258986 79.17062
v 7.9196653 -5.614638 79.20496
v 8.460577 -6.8850336 79.29624
v 8.275947 -8.248645 79.42441
v 7.6258845 -9.235298 79.53753
v 5.6552963 -4.1925874 79.16824
v 2.865241 -11.358786 59.41837
v 1.8343763 -12.0170355 57.88499
v 1.7120337 -12.6215725 55.6784
v 2.6948931 -13.176971 53.68632
v 4.264369 -13.262185 52.532406
v 6.5678596 -13.151878 51.720028
v 8.591184 -11.095297 59.025974
v 6.9870167 -10.796502 60.114433
v 9.5717325 -11.54938 57.00564
v 9.464559 -12.253472 54.829533
v 8.43073 -12.69381 53.235996
v 4.6820765 -10.630629 60.850525
v -1.6714666 -8.230343 88.10754
v -4.995161 -11.862901 86.905396
v -1.5523441 -3.9121795 90.06439
v -5.5110073 -11.061854 92.407875
v -0.83073974 -10.916785 87.354454
v -1.1214759 -8.386993 91.70471
v -3.0904233 -3.144744 89.34566
v 0.122145794 -8.019891 89.55885
v -1.6939046 -5.65787 91.35237
v -2.9314647 -8.741868 92.94305
v -5.2106175 -7.646002 84.474976
v -2.6322973 -12.349061 86.396324
v -1.6042247 -9.89439 87.42767
v -0.92345786 -5.8539486 89.26673
v 0.51357 -9.620065 89.58115
v -5.00097 -12.0089035 89.53668
v -6.087501 -12.877047 91.49357
v -5.415344 -13.30319 89.020424
v -5.482792 -12.683046 86.698425
v -6.886852 -19.03716 89.137474
v -6.458479 -19.046251 87.41665
v -6.4054685 -17.913818 85.780426
v -4.949735 -16.191656 90.11005
v -2.5200198 -15.565465 91.36783
v -5.0748096 -15.602936 87.997925
v -0.875461 -14.513296 91.24006
v -0.0640317 -13.958125 89.4478
v -0.2326226 -12.686737 88.208084
v -2.2872946 -12.777098 87.24988
v -5.0966954 -13.813126 87.19682
v -5.821911 -21.418867 84.391304
v -3.7543368 -21.803047 84.77874
v -6.314645 -20.461407 83.59935
v -2.3847234 -21.381763 84.688614
v -1.7265124 -20.43125 83.60968
v -2.0422866 -19.486391 83.64843
v -3.4755132 -18.820023 83.703674
v -5.933196 -18.888432 84.00508
v -6.555675 -23.079638 80.232124
v -6.190515 -23.316904 80.33138
v -6.067108 -22.05966 79.723755
v -6.8821235 -22.064825 80.125175
v -5.97459 -23.289637 80.00181
v -5.5808005 -22.388964 79.62921
v -5.4831214 -21.451935 79.990265
v -5.97467 -21.023396 80.33007
v -6.572409 -21.360497 80.40552
v -8.334325 -26.433918 78.56703
v -7.7378354 -26.362398 78.41166
v -7.7825212 -25.01578 78.1248
v -5.7852225 -16.312187 87.986664
v -6.4692287 -15.896012 90.191475
v -5.799207 -15.273547 86.23848
v -7.5098543 -23.65723 85.17652
v -7.058695 -22.616566 83.68133
v -6.965986 -20.60189 84.201744
v -7.071078 -20.35871 88.27243
v -6.664378 -20.102165 86.56688
v -6.58059 -18.82536 85.19694
v -7.6437807 -24.691639 84.008156
v -7.3143415 -24.307007 82.96491
v -7.160428 -22.229391 83.49306
v -4.711937 -18.982111 86.55146
v -5.331282 -18.217726 85.31266
v -2.4151893 -19.045588 87.131
v -1.2020922 -17.281961 88.90855
v -0.5703155 -16.791895 87.21386
v -1.1394799 -15.097624 86.15381
v -3.0468607 -14.919956 85.28404
v -5.55772 -15.600189 85.08136
v -6.447408 -22.788889 82.08552
v -6.4733887 -22.031532 81.758026
v -5.6004915 -23.12749 81.89217
v -3.686512 -22.897646 81.21417
v -3.6498446 -22.133335 80.6774
v -3.5423675 -20.876747 81.03111
v -5.2761207 -20.31445 81.503654
v -5.971043 -20.617374 82.14666
v -7.8867965 -26.287886 81.21546
v -7.7731295 -26.038977 80.354576
v -7.661499 -24.4892 79.998604
v -6.1771703 -22.344835 82.9684
v -6.123226 -21.529255 82.914764
v -5.366462 -22.582457 82.75719
v -3.3694553 -22.363651 82.149635
v -3.1735387 -21.693907 81.345764
v -2.882559 -20.385126 81.39199
v -4.8680263 -19.896023 82.033875
v -6.003875 -19.981503 82.66409
v -5.5797424 -22.90273 81.74093
v -6.6038303 -22.594973 80.37663
v -6.3545175 -22.655342 82.09102
v -3.7278938 -22.76019 81.12657
v -5.7112985 -23.069557 79.936356
v -7.7012672 -25.936184 81.27582
v -8.374217 -26.74134 79.563095
v -8.887755 -27.066553 78.34365
v -8.83715 -26.997566 77.99781
v -8.644344 -26.816189 79.01842
v -8.329217 -26.44611 79.799866
v -6.3306494 -24.805086 79.053375
v -6.3393154 -24.97011 79.22127
v -6.524271 -24.83538 79.17577
v -6.42461 -24.730616 79.03417
v -6.3243284 -24.842484 78.97535
v -6.223851 -24.933828 79.046074
v -5.794933 -23.224783 81.26275
v -6.2129693 -22.968208 81.39115
v -5.3087773 -23.042294 80.931366
v -7.281678 -10.878815 85.95077
v -7.2151093 -4.9678383 91.7667
v -6.738314 -2.9437637 88.33031
v -6.871589 -7.2576575 83.858894
v -7.932823 -10.547325 93.175224
v -7.7464857 -12.121784 86.265495
v -8.19979 -12.733568 92.4877
v -7.827711 -12.726374 86.00776
v -8.579914 -19.985155 83.9044
v -8.468827 -18.725468 84.57676
v -8.735237 -21.62354 83.2096
v -8.763783 -18.70046 89.52481
v -8.397123 -17.858332 85.118805
v -8.47384 -15.72759 90.69437
v -8.099118 -15.191664 85.502785
v -8.915839 -20.383463 88.680145
v -9.031831 -26.579073 78.23597
v -9.112736 -26.897356 78.942245
v -8.764694 -24.49202 77.972046
v -9.211962 -26.34668 81.68707
v -8.812367 -23.981125 79.78256
v -9.16122 -25.916656 81.703995
v -9.096186 -27.073118 78.31696
v -9.09979 -27.001343 78.51995
v -9.152653 -27.124268 79.151344
v -9.206474 -27.20483 79.88304
v -9.162529 -24.035173 85.481384
v -9.20198 -24.928904 84.351685
v -3.3907332 -4.6083713 85.28644
v -3.1334467 -6.0276685 85.12929
v -4.633199 -3.5865242 84.85479
v -5.2103386 -8.095047 84.88667
v -3.731903 -7.3482394 85.31605
v -6.7974925 -8.642989 84.24787
v -3.9455507 -9.510204 73.44625
v -3.8246043 -10.641983 73.01507
v -4.527009 -8.605641 73.31249
v -5.0977564 -12.278858 72.38262
v -4.2987933 -11.753893 72.87807
v -6.2589116 -12.611071 71.837685
v -4.888324 -4.9613857 91.66745
v -7.5531983 -7.7481313 93.18001
v -2.317217 -13.388297 59.460594
v -2.0667295 -15.54178 59.57328
v -3.398688 -11.898732 59.204353
v -2.8725433 -17.54972 59.734093
v -4.297743 -18.722523 59.653313
v -6.4417033 -19.58375 59.492214
v -1.3160259 -8.355245 56.88996
v -1.1870553 -8.991608 54.567616
v -2.4007926 -7.663193 58.504276
v -2.2216728 -9.576043 52.471073
v -3.8734987 -9.66661 51.256508
v -6.2991967 -9.5522375 50.40307
v -4.6517906 -12.601564 89.3394
v -5.1586633 -12.210957 91.78749
v -2.9151306 -10.49989 92.64078
v -1.148347 -9.643423 91.62819
v 0.35619137 -10.17131 89.29025
v -0.7256515 -10.489828 87.12639
v -2.44256 -11.384099 86.3285
v -4.6822047 -11.996091 86.91168
v -7.2559648 -11.374268 85.67699
v -7.541455 -11.826615 85.8713
v -5.005899 -9.286692 85.083336
v -4.827524 -9.621899 86.63184
v -4.8371787 -10.471263 86.540924
v -7.5960083 -18.564568 78.653206
v -7.6859355 -16.033014 83.81641
v -6.0382085 -18.684387 79.75068
v -5.4410954 -17.674782 81.492455
v -8.139557 -21.87221 81.23718
v -8.178402 -20.874928 83.32174
v -7.861181 -21.814009 81.66758
v -7.723133 -21.341204 82.41637
v -6.9608703 -12.539765 79.093025
v -6.923738 -10.659281 81.43936
v -7.6808376 -16.000057 83.9043
v -7.351449 -12.873273 85.289345
v -5.347629 -11.362518 81.86655
v -5.4815784 -13.608158 79.80999
v -5.1197877 -14.653637 81.54872
v -5.009269 -12.001457 83.80939
v -5.3359313 -12.712422 80.78429
v -5.0375533 -13.407776 82.03241
v -6.9158034 -11.853252 80.28171
v -7.437133 -14.267786 83.72401
v -7.7565985 -19.481607 79.501396
v -7.879588 -17.95348 83.59311
v -6.881715 -19.334122 80.14592
v -6.4266562 -18.793509 81.777885
v -8.352022 -23.45546 81.80462
v -7.972444 -21.155825 79.97663
v -7.0927916 -21.053732 80.65312
v -8.052873 -23.51083 82.19616
v -7.833456 -20.073637 79.67687
v -6.9844217 -20.145178 80.338486
v -7.690149 -19.094763 79.157196
v -6.6369786 -19.091473 80.06198
v -6.7098074 -19.064709 80.805565
v -11.684155 -7.4231334 87.44899
v -10.361676 -11.216672 86.61664
v -11.431283 -3.1014175 89.35837
v -10.260154 -10.453226 92.09405
v -12.93095 -9.876318 86.92755
v -12.680345 -7.3993325 90.92911
v -9.662919 -2.5638885 88.86633
v -13.52628 -6.8448925 88.59988
v -11.633742 -4.78776 90.6763
v -11.169661 -7.9870996 92.43469
v -8.679879 -7.3549776 84.23143
v -11.517136 -11.534698 86.23858
v -11.835141 -9.007872 86.76601
v -12.233884 -4.946982 88.48244
v -14.22735 -8.343899 88.91815
v -10.701353 -11.2563095 89.22314
v -10.1750965 -12.371325 91.2648
v -10.645095 -12.691726 88.725975
v -10.175438 -12.182011 86.452866
v -10.608798 -18.588066 88.925705
v -10.820597 -18.522795 87.16548
v -10.411283 -17.438951 85.55665
v -12.395677 -15.015642 90.3394
v -13.786478 -13.972086 91.24979
v -11.77946 -14.74457 88.24685
v -15.063689 -12.587963 90.81064
v -15.399067 -12.1088705 88.836845
v -14.721592 -11.074987 87.54331
v -12.624674 -11.745441 86.96916
v -11.170842 -13.12733 87.312164
v -12.070003 -21.081017 85.652534
v -13.204016 -21.130278 85.858604
v -11.209384 -20.40079 84.88893
v -14.377602 -20.426542 85.42705
v -14.556635 -19.535194 84.130806
v -14.021712 -18.693962 84.13558
v -12.501565 -18.373415 84.430695
v -11.242142 -18.7382 85.02734
v -11.028315 -23.508804 81.964294
v -11.45408 -23.63714 82.00604
v -11.134567 -22.498764 81.25299
v -10.437832 -22.626257 81.821976
v -11.590431 -23.614145 81.636086
v -11.662791 -22.71868 81.090225
v -11.581661 -21.738838 81.31676
v -11.068622 -21.385649 81.70763
v -10.602574 -21.834229 81.94893
v -9.709392 -26.268375 78.484116
v -10.249331 -26.060087 78.2602
v -9.853828 -24.766445 77.99989
v -10.89224 -15.706637 87.71298
v -10.387476 -15.419335 89.98846
v -10.4292345 -14.748289 86.00121
v -10.630889 -23.281591 84.98864
v -10.642796 -22.1852 83.46545
v -10.317474 -20.198582 83.999985
v -10.640971 -19.928936 88.06053
v -10.770581 -19.608505 86.32277
v -10.387425 -18.369019 84.972206
v -10.607906 -24.334845 83.82946
v -10.711094 -23.898172 82.760124
v -10.430804 -21.835718 83.2959
v -12.872803 -18.139133 87.21736
v -11.860776 -17.739128 86.068695
v -14.17371 -17.809227 87.543335
v -15.204257 -15.559842 88.807495
v -15.368199 -15.206921 87.00083
v -14.200594 -13.873516 85.89115
v -12.184713 -14.274038 85.438484
v -10.933748 -15.311618 85.615395
v -11.401377 -22.908663 83.70554
v -11.1209545 -22.239754 83.31134
v -12.25553 -23.070688 83.368706
v -12.887497 -22.735304 82.508675
v -12.625713 -22.078764 81.89707
v -12.4703045 -20.79103 82.07954
v -11.767242 -20.357416 82.61451
v -11.305964 -20.704706 83.42368
v -10.420185 -25.982952 81.062706
v -10.368975 -25.726542 80.19806
v -10.067996 -24.199522 79.85349
v -11.707839 -22.279306 84.45365
v -11.539236 -21.49238 84.30101
v -12.498361 -22.355536 84.096466
v -13.224994 -22.00043 83.28766
v -13.088797 -21.440928 82.39241
v -13.036709 -20.11014 82.230705
v -12.145336 -19.777412 82.99319
v -11.207635 -20.018913 83.86324
v -12.189237 -22.874306 83.193054
v -10.884911 -23.031403 82.06223
v -11.456147 -22.7583 83.67592
v -12.796581 -22.626749 82.41791
v -11.771299 -23.35298 81.490776
v -10.523088 -25.59649 81.10565
v -9.861607 -26.562319 79.47342
v -9.298803 -27.01708 78.318855
v -9.290333 -26.943016 77.97048
v -9.554286 -26.706686 78.96357
v -9.863244 -26.261463 79.707375
v -11.465942 -25.302433 80.95993
v -11.531427 -25.436031 81.14258
v -11.312923 -25.356304 81.12447
v -11.354107 -25.255478 80.95389
v -11.467019 -25.349373 80.886986
v -11.598957 -25.402704 80.94339
v -11.978957 -23.309242 82.811905
v -11.540487 -23.138124 83.00038
v -12.331297 -23.075624 82.36386
v -8.811549 -4.0109124 85.03198
v -9.402757 -5.341324 84.834816
v -7.665809 -3.221708 84.677185
v -8.283707 -7.7483416 84.72899
v -9.185483 -6.769934 85.06571
v -7.5004287 -8.942774 73.436646
v -7.9654193 -9.981018 73.003876
v -6.665565 -8.264282 73.30672
v -7.2618017 -11.93344 72.376785
v -7.860234 -11.185416 72.86845
v -9.442458 -4.4595456 91.27462
v -8.802548 -12.533813 59.144997
v -9.610607 -14.547804 59.206158
v -7.3535314 -11.377626 59.0119
v -9.370211 -16.69357 59.417896
v -8.295517 -18.195766 59.458755
v -8.429711 -7.3848248 58.091217
v -9.461918 -7.8627853 55.96497
v -6.7415833 -7.0710363 59.237312
v -9.348907 -8.603764 53.674644
v -8.261095 -9.06806 51.997463
v -11.300817 -11.643192 89.076706
v -11.067791 -11.228912 91.55179
v -11.931622 -9.411458 92.20199
v -13.281109 -8.3017435 90.908775
v -14.512277 -8.648561 88.68611
v -13.262518 -9.290984 86.64824
v -11.727801 -10.536236 86.041954
v -10.789845 -11.225396 86.708466
v -9.000004 -8.951997 84.75529
v -9.522983 -9.16098 86.26769
v -9.694811 -10.014806 86.28323
v -9.281058 -18.33132 79.52179
v -9.884306 -17.191078 81.17879
v -8.456109 -21.749245 81.62552
v -8.592507 -21.24659 82.35489
v -8.681056 -11.076179 81.640335
v -8.720952 -13.256563 79.588776
v -9.5384865 -14.174133 81.24217
v -9.200766 -11.651003 83.48423
v -8.697761 -12.353213 80.603325
v -9.327291 -12.952251 81.76688
v -8.660559 -19.140505 80.02014
v -9.211757 -18.490322 81.581024
v -8.895183 -20.857573 80.525696
v -8.7075615 -23.43955 82.14985
v -8.761681 -19.951727 80.21282
v -8.833556 -18.852356 79.90672
v -8.860829 -18.830513 80.65354
v -6.0208793 -2.6706247 84.23974
v -5.4843025 -7.7374277 73.07213
v -5.2202272 -10.532769 58.89778
v -4.3146653 -6.8989725 60.011692
v -4.505964 -5.151948 79.29863
v -3.843052 -6.1437154 79.4127
v -3.655374 -7.5086775 79.54111
v -4.192985 -8.778584 79.63247
v -5.080781 -9.565595 79.66721
v -6.461902 -10.210419 79.66988
v -7.018104 -4.8258986 79.17062
v -7.9196653 -5.614638 79.20496
v -8.460577 -6.8850336 79.29624
v -8.275947 -8.248645 79.42441
v -7.6258845 -9.235298 79.53753
v -5.6552963 -4.1925874 79.16824
v -2.865241 -11.358786 59.41837
v -1.8343763 -12.0170355 57.88499
v -1.7120337 -12.6215725 55.6784
v -2.6948931 -13.176971 53.68632
v -4.264369 -13.262185 52.532406
v -6.5678596 -13.151878 51.720028
v -8.591184 -11.095297 59.025974
v -6.9870167 -10.796502 60.114433
v -9.5717325 -11.54938 57.00564
v -9.464559 -12.253472 54.829533
v -8.43073 -12.69381 53.235996
v -4.6820765 -10.630629 60.850525
v 46.584476 71.60279 52.382324
v 44.437027 59.861393 62.636333
v 26.466915 68.72824 95.099594
v 29.928545 80.04016 90.76884
v 37.986702 78.06605 71.73823
v 26.782217 76.61268 99.29766
v 29.212183 63.604675 82.47136
v 49.999176 62.482624 53.407616
v 34.00394 69.513306 81.55526
v 42.44216 78.641335 60.82553
v 40.7004 68.78679 67.81729
v 34.27842 64.63667 73.5252
v 43.3505 60.36947 54.31274
v 36.666275 52.878998 62.262196
v 24.188519 62.47731 89.58281
v 28.243156 71.07109 83.720085
v 35.683205 67.26299 68.7965
v 25.27858 68.970314 91.607925
v 25.464169 57.23698 79.83508
v 43.037292 54.23515 54.616634
v 30.35467 61.586044 77.876625
v 40.133606 64.30043 61.417164
v 34.766125 57.897038 66.89184
v 28.439669 55.35487 72.3891
v 52.194237 110.99461 24.881739
v 58.91573 123.32089 15.501873
v 87.838684 149.6665 -132.04375
v 84.5623 133.83781 -122.54408
v 67.280495 122.45158 -29.311398
v 68.18755 135.95015 -27.00535
v 86.66348 144.32362 -134.12982
v 85.664024 140.14622 -133.3133
v 50.07054 114.18567 34.772934
v 51.17597 116.16173 33.074184
v 64.82248 129.46013 -27.231232
v 65.3429 131.23729 -26.772434
v 82.274124 149.48541 -84.83422
v 81.46669 144.83989 -86.32883
v 80.417274 142.82214 -87.05377
v 78.70567 131.92737 -88.32483
v 52.413853 105.17885 26.180643
v 59.156334 116.76511 16.05646
v 85.98925 136.88736 -128.34978
v 82.275795 121.96265 -118.49138
v 68.67901 115.20634 -26.828384
v 68.34345 127.36975 -25.386745
v 85.05008 131.62035 -130.21385
v 84.32335 127.611305 -129.26364
v 51.27836 108.159294 35.57057
v 52.0579 110.002396 33.805157
v 66.109604 121.8136 -25.216621
v 66.0777 123.41351 -24.87091
v 79.875046 139.00195 -82.380264
v 79.07528 134.57172 -83.64491
v 78.58731 132.0486 -84.244705
v 77.565475 121.585236 -85.03448
v 51.193844 108.05341 33.792225
v 55.62936 114.44373 27.21848
v 85.736115 128.24342 -122.80115
v 82.58036 114.84646 -110.41365
v 67.75471 115.69235 -16.451172
v 67.54411 124.59992 -15.199147
v 85.115166 124.5362 -125.21913
v 84.89954 121.86377 -122.80447
v 49.290924 109.448395 41.6251
v 49.8521 110.41893 40.466553
v 65.56055 119.80437 -15.386577
v 65.566864 120.99279 -15.0790825
v 78.37465 128.0846 -71.21393
v 77.5805 123.56536 -71.76872
v 77.14675 121.651886 -72.12354
v 76.06746 114.40201 -73.19165
v 46.873207 104.38116 45.054
v 51.002174 108.897354 39.5899
v 85.29166 119.37417 -113.40671
v 82.694885 106.21382 -96.68989
v 65.60987 110.80759 -4.95599
v 65.21203 117.52995 -3.300501
v 85.026535 115.348946 -116.02608
v 84.877 110.45714 -110.17389
v 44.83867 104.703835 53.110844
v 45.38415 105.38156 52.143715
v 64.14788 113.35716 -3.561704
v 64.142876 114.26495 -3.213314
v 75.774994 119.09428 -57.202805
v 74.99249 114.559265 -57.66766
v 74.57887 112.75058 -57.66484
v 73.66306 108.384636 -59.12679
v 40.65903 101.31082 53.77615
v 46.69901 105.838326 47.441063
v 84.8506 110.44199 -99.485756
v 79.864716 96.68167 -84.92207
v 59.961216 102.83466 5.4272904
v 61.773247 109.95988 6.8860464
v 84.393295 107.04388 -101.7845
v 83.29765 104.40228 -98.95018
v 39.067867 102.6445 61.695797
v 39.86121 103.37084 60.578716
v 59.03417 105.66993 6.7905927
v 59.34215 106.62341 7.1198716
v 74.07868 110.462425 -47.49544
v 72.923775 106.34401 -48.472862
v 72.222565 104.9185 -48.96304
v 70.44387 100.11928 -50.485474
v 39.485954 96.89589 54.826553
v 45.701843 101.35604 48.40528
v 82.908875 102.00074 -88.93838
v 77.15447 90.67712 -75.56398
v 58.560596 96.79749 7.7249637
v 60.171135 104.50482 8.772854
v 82.198044 97.054985 -88.63742
v 80.940056 94.85232 -85.89821
v 37.98728 98.32502 62.67574
v 38.826916 99.042755 61.548
v 57.811653 100.021515 9.030666
v 58.078556 101.04826 9.30223
v 72.087204 103.05413 -42.450954
v 70.641815 98.38391 -42.610977
v 69.85633 96.88709 -42.93624
v 67.90326 92.2416 -44.441
v 35.442707 93.77873 66.19167
v 41.488396 98.02592 59.699665
v 78.36864 93.25338 -76.19074
v 73.48127 81.44505 -58.40457
v 54.607346 90.91042 21.732733
v 56.34892 99.96334 21.437988
v 77.823814 89.74003 -76.5457
v 76.7181 87.46031 -73.106125
v 33.86787 95.9849 73.54152
v 34.661213 96.607635 72.419815
v 53.637493 94.84142 22.276445
v 53.93473 96.077576 22.361439
v 67.74596 97.88625 -26.73935
v 66.80747 93.38587 -25.486767
v 66.19133 91.82221 -25.24473
v 64.73321 86.613 -24.550013
v 34.215595 89.11689 67.79846
v 40.35159 93.18979 61.08354
v 76.05388 85.09651 -64.30057
v 71.27162 74.35928 -44.2045
v 52.99859 83.24186 26.692482
v 53.924706 94.00861 24.037926
v 75.11817 81.259 -59.749146
v 74.02567 79.229614 -55.759876
v 32.787285 91.78619 74.72786
v 33.62692 92.35114 73.622696
v 52.068867 88.01124 25.921854
v 52.241768 89.48452 25.666157
v 65.65564 90.53842 -20.011372
v 64.8909 84.81959 -16.79842
v 64.300476 82.688675 -15.931278
v 62.908703 75.11364 -13.427234
v 34.10138 88.70494 66.2208
v 39.468975 90.54842 61.446465
v 72.84494 78.630455 -47.55702
v 66.85103 67.994194 -29.603008
v 48.68241 81.22173 36.228786
v 51.512135 88.809875 34.26126
v 72.3186 75.79977 -49.512054
v 71.10373 73.88124 -46.171223
v 33.142063 90.89737 71.31505
v 33.870045 91.16537 70.509445
v 48.63074 84.59076 35.72301
v 49.054337 85.61188 35.546745
v 63.364952 83.70152 -4.205368
v 61.974663 79.36057 -1.9483252
v 61.173916 77.91118 -1.2510341
v 58.499207 72.87552 1.4906075
v 32.332603 85.30872 67.28927
v 37.91379 86.90565 62.582123
v 68.46458 71.8509 -35.659252
v 62.710636 60.85286 -14.961596
v 45.37187 74.55521 40.113945
v 49.00831 83.224144 37.572514
v 67.792595 67.851814 -33.39461
v 66.59255 65.71222 -29.26659
v 31.638885 87.84068 72.19115
v 32.390053 88.052574 71.40602
v 45.513657 78.37056 39.402706
v 46.68696 80.06941 39.150185
v 59.01054 75.67308 5.5743895
v 57.158142 70.56977 9.13469
v 56.188877 68.833244 10.113411
v 53.837646 63.5616 12.9505825
v 28.554037 84.06643 75.72251
v 34.0399 86.35118 70.70522
v 64.08898 64.15658 -19.12024
v 56.591774 52.22615 9.31561
v 41.198895 70.13067 49.969383
v 45.16945 79.82488 47.139828
v 63.145138 59.826054 -14.299408
v 61.572277 57.609104 -8.648874
v 27.908962 87.42908 80.2764
v 28.623056 87.713974 79.43606
v 41.066673 74.0886 48.837208
v 41.63605 75.39333 48.53269
v 54.3627 71.13589 19.416971
v 52.52092 66.6577 23.10224
v 51.68382 65.21281 24.263294
v 49.37645 60.43395 27.932974
v 26.97665 81.03075 76.72494
v 32.394333 82.720535 71.98889
v 59.18274 56.11388 0.21099783
v 51.747925 47.956173 23.27533
v 39.147144 64.58498 53.40128
v 42.23652 74.47835 50.11712
v 56.95113 51.04059 10.524568
v 55.34156 49.285362 15.378174
v 26.404772 84.317764 81.37891
v 27.142012 84.499794 80.62638
v 39.36992 68.71495 52.416355
v 39.812202 70.040276 52.064705
v 50.492485 64.447495 27.875969
v 48.61089 59.571095 32.0407
v 47.75087 58.111423 32.97648
v 45.444893 53.871883 34.56086
v 23.427507 80.543915 80.94498
v 27.891163 81.2653 77.4781
v 52.06048 49.055298 23.754408
v 41.673367 46.044613 40.999187
v 33.12523 64.08721 64.970955
v 36.10027 71.58156 61.64736
v 48.175766 45.996265 31.47796
v 45.964222 45.361324 35.09784
v 22.860668 83.77101 84.080734
v 23.465904 83.8123 83.53063
v 33.5507 67.22267 63.824623
v 33.96897 68.23456 63.450195
v 43.127686 60.681576 43.886967
v 40.852226 57.010323 47.413113
v 39.94171 55.92081 48.234737
v 37.527138 52.72827 49.83758
v 18.994354 -21.637238 24.78307
v 27.922615 -36.382412 18.682053
v 77.340576 -171.21193 -59.497715
v 55.535812 -154.61966 -54.047318
v 33.60904 -77.21084 -6.205636
v 44.113605 -77.69578 -3.484337
v 71.93064 -172.39258 -61.51616
v 67.87846 -169.48528 -60.298492
v 18.273954 -12.860937 32.583164
v 19.613298 -15.153562 31.583046
v 38.45981 -75.0996 -5.24989
v 39.785618 -75.07244 -4.7194095
v 63.279533 -127.030396 -31.194294
v 55.90043 -125.056305 -31.738571
v 52.975266 -124.1493 -32.20815
v 41.6804 -120.59277 -33.688625
v 14.024832 -17.809855 23.964434
v 18.282495 -19.000452 27.880833
v 62.58257 -161.92665 -54.507454
v 38.46691 -139.37856 -44.601135
v 25.4696 -70.41091 -2.9341831
v 32.228363 -68.672005 0.02395641
v 58.292706 -161.09984 -56.348103
v 50.175198 -153.51637 -52.399654
v 13.567819 -9.171354 29.340004
v 14.225936 -9.352676 29.860386
v 28.155947 -68.533745 -2.3229148
v 29.027212 -68.28096 -1.8372517
v 47.946953 -114.84006 -26.235947
v 41.138054 -112.6806 -27.189264
v 38.429527 -111.503586 -27.384392
v 31.578976 -109.88712 -28.619814
v 10.419691 -14.88684 20.318857
v 15.119328 -15.650344 25.589375
v 47.280563 -145.59251 -46.068336
v 19.620216 -124.14867 -39.173985
v 15.850617 -62.167168 -3.415509
v 23.16292 -61.698414 0.56585985
v 41.37946 -143.77487 -46.156082
v 36.07889 -139.6914 -45.07542
v 10.859134 -6.8793087 26.106756
v 11.647805 -6.9289646 26.8224
v 18.850096 -60.52425 -2.449127
v 19.776533 -60.43891 -1.792019
v 35.047512 -106.20738 -22.746246
v 28.697945 -104.683556 -23.895311
v 26.578716 -104.09746 -24.62126
v 19.365692 -102.43823 -26.675419
v 6.0002685 -15.878352 18.317202
v 10.526226 -17.063713 23.337503
v 29.454926 -132.03845 -39.698467
v 10.186139 -117.91357 -35.386116
v 8.94861 -60.139923 -3.7758627
v 16.867783 -59.601818 -0.053074025
v 19.737785 -125.951294 -39.620472
v 16.180372 -123.35618 -38.819073
v 6.5375514 -8.7248335 23.52885
v 7.286355 -8.822335 24.233255
v 12.242569 -58.618927 -2.6873941
v 13.24719 -58.50904 -2.070219
v 23.781973 -101.22477 -21.54604
v 16.845804 -99.466866 -23.030794
v 14.9112835 -99.13955 -23.864687
v 9.314959 -99.2574 -26.461134
v 0.7240798 -10.416349 20.56633
v 5.808017 -13.7112055 22.509209
v 13.509451 -118.36595 -35.44274
v -1.1774306 -110.34239 -32.191486
v 0.16182172 -49.599777 1.5749993
v 9.609068 -49.336437 4.7562056
v 8.90172 -118.51592 -34.735466
v 6.036368 -116.89807 -33.90001
v 2.3220346 -5.095985 24.244473
v 3.0897326 -5.55412 24.468372
v 4.2751746 -48.14461 2.2299042
v 5.5320807 -48.071236 2.7820075
v 14.532359 -90.04845 -17.714457
v 8.253883 -89.15172 -18.496279
v 6.360492 -88.8558 -19.13077
v 0.6107511 -88.45269 -21.407219
v 65.870766 126.43994 0.13998151
v 64.48764 114.93333 5.7636113
v 66.34578 124.859535 -1.1004497
v 65.8213 121.84387 -0.6011674
v 59.47449 118.32282 23.778124
v 57.853294 114.613174 27.215734
v 57.94417 113.450745 26.449255
v 57.18529 110.11287 20.691463
v 65.169914 118.0488 2.3424711
v 62.10429 107.150375 7.710491
v 65.67187 114.948845 1.2014987
v 65.171585 112.18798 1.7043159
v 57.820366 112.16157 25.5068
v 56.188965 109.495415 27.80129
v 55.60931 108.508286 26.81526
v 54.670692 104.635284 21.557457
v 64.720894 111.51811 5.2468376
v 61.158318 101.906715 11.881764
v 64.98774 109.349945 4.0775666
v 64.466675 107.34445 5.349976
v 54.5118 106.07487 30.73444
v 52.16425 103.31657 33.976868
v 51.699596 102.48341 33.2641
v 51.937073 99.80067 28.328901
v 63.011044 104.997444 10.40548
v 60.027878 95.569244 19.01679
v 63.53373 102.46614 8.865815
v 62.816517 98.74506 11.517831
v 50.98169 102.158394 38.15593
v 48.070885 99.72644 41.826447
v 47.626053 99.02726 41.153038
v 48.636105 96.764305 36.240932
v 61.06114 98.33855 15.7227335
v 55.850704 89.98805 24.931223
v 62.131943 96.02082 15.900415
v 61.115135 94.46415 17.725304
v 48.74093 98.08795 42.572872
v 45.75652 96.306984 45.97517
v 45.16542 95.62158 45.15073
v 45.329933 92.85615 40.076237
v 58.363914 92.985794 22.721817
v 53.03314 86.21666 29.553974
v 58.140923 89.895134 23.098717
v 57.030098 88.6327 24.510628
v 46.398533 93.76461 44.90383
v 43.106487 91.49235 47.31217
v 42.422752 90.645065 46.55927
v 42.451622 87.84142 42.252224
v 54.070873 87.89518 29.355309
v 48.498173 80.39294 38.930206
v 54.204796 85.40869 29.096928
v 53.014355 83.951096 30.79905
v 43.51708 91.05618 53.04608
v 40.694473 88.89396 57.00732
v 40.068207 87.975105 56.79444
v 39.798492 84.59995 53.744728
v 57.515884 81.53108 23.587355
v 51.281048 71.4528 35.183533
v 57.34148 76.50625 25.017887
v 56.030647 74.69799 27.273369
v 42.076984 87.87707 55.154346
v 38.433796 83.69915 61.329563
v 37.745853 82.05982 61.509575
v 37.967686 76.95015 58.329796
v 53.89644 72.220314 31.14283
v 47.321003 61.26643 43.672195
v 54.160683 67.36381 28.379921
v 52.88189 65.44417 30.6953
v 40.38168 83.1394 63.919807
v 36.92265 81.56682 70.61037
v 36.099625 80.237595 71.04175
v 35.130722 73.58476 68.77712
v 50.19582 62.1768 41.076557
v 43.45111 56.350647 54.02281
v 49.352264 56.187355 40.486103
v 48.028667 55.132084 42.91683
v 38.184784 79.757286 66.89025
v 34.15128 78.93986 73.57427
v 33.34478 78.02948 74.05119
v 32.995373 73.54887 72.09007
v 53.685547 121.262634 16.173258
v 59.350872 127.75199 7.9740944
v 86.299126 150.9804 -125.94818
v 84.430435 148.51692 -118.14917
v 68.71876 135.81555 -32.230263
v 69.63598 139.65996 -28.186434
v 86.17912 149.27534 -128.77971
v 85.3764 148.78577 -128.24544
v 52.366913 119.815254 25.184542
v 52.944267 120.54698 24.692825
v 67.75412 136.08833 -28.823038
v 68.27693 137.2685 -27.972874
v 81.481514 150.50348 -80.58918
v 82.884674 149.62694 -84.298416
v 81.80316 149.17328 -84.98429
v 79.4645 148.14908 -85.29389
v 69.458916 138.54114 -27.634474
v 55.915737 123.53009 18.70384
v 87.019356 149.5274 -129.68666
v 83.053986 150.21974 -82.8107
v 33.88589 79.11341 81.30137
v 27.779602 79.11452 96.7192
v 32.14099 75.80662 86.510216
v 28.967937 68.942 90.346176
v 30.475277 72.43707 90.07362
v 39.105198 73.47327 70.44127
v 36.062737 73.569336 77.38849
v 26.279524 72.81084 98.64942
v 27.539783 65.38416 88.97329
v 34.421272 66.2663 76.5882
v 31.675478 66.33865 82.75506
v 44.433437 75.937126 55.948746
v 45.32395 70.58586 58.109726
v 41.961296 73.23869 64.4284
v 42.72404 63.760246 64.2578
v 45.119225 66.203835 60.727234
v 48.939877 66.723915 51.63815
v 40.566017 78.62983 65.50082
v 37.203808 69.09325 74.44823
v 37.87943 66.23636 70.77824
v 39.233624 62.28588 68.24489
v 48.26188 60.061043 57.382126
v 31.198168 64.21589 77.79467
v 31.863165 69.47533 76.10422
v 26.288107 70.79471 88.898476
v 29.844687 67.30064 80.95549
v 26.217827 62.294777 85.38466
v 27.928734 64.96183 84.48843
v 35.282524 62.34168 68.73963
v 32.982437 64.313866 73.93004
v 24.495142 65.922035 91.816986
v 24.609446 59.463596 84.96255
v 29.392815 57.573616 74.507965
v 27.872917 59.300858 79.449326
v 41.973957 62.640236 57.494843
v 40.50905 59.012604 58.93736
v 37.52978 60.776962 64.15262
v 35.648197 54.683674 63.919197
v 38.56138 56.116558 60.90408
v 43.85432 57.148434 53.407978
v 38.238354 65.68968 64.5426
v 32.33218 59.475655 72.28023
v 31.68281 56.30418 69.63859
v 32.25226 53.982376 67.45851
v 40.451283 52.88763 57.774807
v 26.45894 56.153572 76.07927
v 60.16168 125.91472 0.62353647
v 74.697464 141.42099 -56.48049
v 66.60856 133.26735 -26.852766
v 63.075756 129.02629 -2.9575071
v 54.535812 118.96257 27.024126
v 57.08555 122.70097 4.143037
v 57.935608 123.5555 3.2939334
v 57.973206 119.13217 2.804429
v 73.43824 133.43285 -59.26625
v 65.8294 126.4462 -28.14222
v 57.226437 121.7577 3.7776134
v 49.993343 111.65447 33.662388
v 59.022915 115.66553 1.5273645
v 73.54028 138.80333 -57.827644
v 64.70393 130.5127 -26.836613
v 50.07615 115.12875 35.116993
v 86.23447 151.33278 -112.64286
v 85.61455 148.5111 -111.772835
v 81.8817 146.87059 -85.6553
v 84.51477 144.83936 -111.35269
v 85.02964 146.18233 -111.23278
v 87.62171 147.04707 -136.36172
v 75.42275 143.96387 -55.29298
v 74.045525 139.49515 -57.411034
v 83.17405 138.50822 -110.30178
v 83.93967 142.83154 -111.3149
v 79.61478 138.11319 -87.6315
v 82.313194 133.02715 -108.80098
v 85.4247 136.76062 -130.12459
v 73.29882 137.4233 -58.267117
v 73.7681 128.13718 -60.54522
v 81.00657 143.97739 -86.70727
v 86.04393 142.34529 -133.88103
v 60.919334 118.81776 1.8361807
v 73.640755 131.86424 -54.3055
v 67.04988 125.11813 -25.073067
v 63.453854 121.614815 -1.9397869
v 55.018944 112.740234 27.583838
v 58.53139 115.93889 5.539018
v 59.05509 116.69951 4.6498737
v 59.310287 112.62661 4.434504
v 73.466034 124.40578 -56.638176
v 67.20963 118.972824 -25.926289
v 58.799404 115.06992 5.2263246
v 50.589466 105.82378 34.619755
v 59.942604 109.39613 3.4031198
v 72.91503 129.5448 -55.495834
v 65.74828 122.80291 -24.891796
v 51.28944 109.013794 35.883217
v 83.877335 139.21034 -109.53071
v 83.19892 136.50906 -108.58461
v 79.44081 136.50993 -83.072296
v 82.36016 132.96829 -108.046104
v 82.65003 134.27322 -107.97694
v 85.93606 134.18492 -132.4697
v 74.25713 134.11028 -53.26626
v 73.15113 130.16136 -55.122704
v 81.23847 126.92902 -106.76583
v 81.999565 131.03873 -107.929825
v 78.12661 127.52476 -84.61381
v 80.27712 121.72924 -105.07798
v 83.57597 124.47593 -126.00606
v 72.998116 128.22334 -55.856968
v 74.12637 119.34016 -57.62943
v 78.84716 133.74109 -83.97873
v 84.66361 129.71097 -129.9057
v 59.36414 117.749855 11.178764
v 72.64451 124.74463 -42.99438
v 66.417984 122.54728 -15.113282
v 61.25673 119.57185 8.94461
v 51.896633 111.65239 36.67629
v 57.54371 115.86965 13.347668
v 57.962738 116.368805 12.838067
v 58.314186 113.83667 12.816423
v 72.296844 119.01097 -44.995445
v 66.49717 118.03351 -15.860088
v 57.77241 115.33232 13.182232
v 48.939545 108.03015 41.263508
v 59.0125 111.861885 12.350429
v 71.92308 122.31922 -43.855576
v 65.26575 120.43464 -15.148211
v 49.28932 109.964455 41.737804
v 82.87706 128.61945 -100.99721
v 82.190575 126.07312 -99.740234
v 77.93746 125.525406 -71.518654
v 81.51674 123.16833 -98.44493
v 81.67886 124.07377 -98.78792
v 85.923775 126.504326 -127.810455
v 73.256874 127.09115 -42.266617
v 72.157974 122.96501 -43.573563
v 80.563774 118.31786 -96.658516
v 81.28482 121.776474 -97.979164
v 76.66758 118.52158 -72.593605
v 79.59815 113.82587 -94.910416
v 84.22269 118.25699 -118.9568
v 71.96199 121.45271 -44.207256
v 72.77967 115.78162 -46.001884
v 77.38399 122.80367 -71.90947
v 84.9854 123.4731 -124.22118
v 56.445534 111.78235 22.86581
v 70.47261 116.68828 -29.672655
v 64.60619 115.67196 -3.2345135
v 57.818092 113.38734 20.88961
v 47.137745 106.456085 48.797222
v 55.127655 110.129105 24.77839
v 55.429787 110.56654 24.332056
v 55.517124 108.90963 24.100487
v 70.18997 112.34883 -31.900227
v 64.769325 112.25677 -4.1754208
v 55.25236 109.8001 24.577106
v 44.34914 103.93495 52.651943
v 55.851925 107.73843 23.486198
v 70.0215 114.37783 -30.495697
v 63.96458 113.75996 -3.2816894
v 44.900734 104.991745 53.261505
v 81.26687 119.53475 -89.03911
v 80.52339 117.00204 -87.7529
v 75.34495 116.55655 -57.496243
v 79.78246 113.215164 -85.31109
v 79.96642 114.78895 -86.49934
v 85.8549 117.7361 -119.22609
v 70.810524 118.92914 -28.977283
v 70.19087 114.990234 -30.226103
v 79.097496 109.32742 -82.45515
v 79.612495 111.61616 -84.0193
v 74.16928 110.825745 -58.263588
v 78.409996 106.69382 -80.75481
v 84.50017 107.84148 -105.56081
v 70.00702 113.835785 -30.910666
v 70.471634 110.38942 -33.177086
v 74.7952 113.642845 -57.59503
v 84.87651 112.941124 -113.3355
v 51.71718 106.504524 32.315315
v 67.36221 108.309555 -20.017555
v 60.393364 108.0605 7.0364532
v 53.918457 108.06889 29.962057
v 42.187336 104.29509 56.7066
v 49.55967 104.87058 34.60667
v 50.077164 105.31385 34.06478
v 49.640636 103.46465 33.89696
v 66.162605 104.03256 -22.472967
v 59.422165 104.44764 6.189528
v 49.60179 104.48431 34.398293
v 38.33856 101.78263 61.126865
v 49.677837 102.12829 33.249153
v 66.39164 106.08514 -21.00126
v 58.948296 106.11087 7.0693126
v 39.198406 102.99728 61.877422
v 80.343666 110.7141 -77.376625
v 79.47079 108.37695 -76.22682
v 73.446945 108.1242 -48.040665
v 78.354576 105.78162 -75.03794
v 78.755295 106.55954 -75.35469
v 85.46418 108.84876 -104.4945
v 68.19093 110.48436 -19.1705
v 66.70521 106.66604 -20.68701
v 76.80063 101.516655 -72.816315
v 77.84442 104.58628 -74.463
v 71.43205 102.84654 -49.628815
v 75.49002 97.50989 -70.63376
v 82.21877 100.114845 -94.01964
v 66.26346 105.54719 -21.437511
v 66.07542 102.029594 -23.808023
v 72.61773 105.67988 -48.67902
v 83.84681 106.136826 -100.73743
v 50.5664 101.66605 33.650867
v 65.53999 101.71231 -16.636103
v 58.982872 102.53688 9.091421
v 52.65627 103.243 31.191153
v 41.22025 99.94753 57.62628
v 48.52711 100.01517 36.05079
v 49.01164 100.46487 35.48071
v 48.527782 98.51467 35.31925
v 64.28757 96.999695 -18.610405
v 58.125137 98.63255 8.455013
v 48.55257 99.60306 35.838
v 37.21297 97.521416 62.082893
v 48.47787 97.08814 34.647514
v 64.60753 99.33139 -17.335234
v 57.742138 100.51829 9.297525
v 38.137264 98.66702 62.864296
v 78.37289 102.765015 -69.539665
v 77.29019 99.81571 -67.60318
v 71.29127 100.40203 -42.533653
v 75.937614 96.604576 -65.55951
v 76.4107 97.53827 -66.12403
v 83.41294 99.59137 -92.258705
v 66.33403 104.037964 -16.06065
v 64.90986 99.95426 -17.098612
v 74.20457 93.53568 -64.196304
v 75.369415 95.706436 -65.1651
v 68.9893 94.87957 -43.589886
v 72.74138 90.728615 -62.94031
v 79.6766 92.57991 -82.616196
v 64.45832 98.72083 -17.715866
v 64.106026 94.723274 -19.761892
v 70.28533 97.633736 -42.67756
v 81.57714 95.90965 -87.211266
v 46.46634 97.69084 45.340347
v 61.55687 96.87929 -1.487913
v 54.978474 97.75485 21.979599
v 48.67602 99.23009 42.903202
v 36.98734 97.15705 68.64771
v 44.300705 96.063 47.725933
v 44.820087 96.51426 47.15532
v 44.378647 94.20722 47.258167
v 60.560097 91.62718 -2.0387166
v 54.04405 93.14476 22.029503
v 44.34222 95.554756 47.583214
v 33.13856 95.042114 73.067055
v 44.412537 92.44003 46.841957
v 60.670845 94.25958 -1.5578665
v 53.54439 95.46274 22.42374
v 33.998405 96.36183 73.68842
v 73.868645 95.65154 -55.01069
v 73.05454 93.38187 -52.57436
v 67.23705 95.33227 -26.019972
v 71.99785 90.849144 -49.987377
v 72.38332 91.61385 -50.70945
v 78.94068 91.2298 -80.13991
v 62.30581 99.41946 -1.5163257
v 60.960896 94.954285 -1.491195
v 70.59318 86.89688 -46.7103
v 71.52538 89.729546 -49.09278
v 65.53905 89.57204 -24.95061
v 69.4311 83.20769 -43.583878
v 75.6849 83.911736 -67.89389
v 60.574615 93.56171 -1.7272621
v 60.58643 89.074326 -2.4212003
v 66.53652 92.65468 -25.325901
v 77.25701 88.943306 -75.09558
v 44.879414 92.30452 47.22284
v 59.521652 89.593155 3.5703022
v 52.96955 91.43798 24.977043
v 46.855267 93.89437 44.620262
v 36.020252 92.68192 69.88816
v 42.957817 90.617134 49.793293
v 43.411087 91.087746 49.16674
v 43.004246 88.57564 49.715622
v 58.84788 82.53338 4.915411
v 52.46079 85.95266 26.243422
v 42.99655 90.05798 49.757812
v 32.012974 90.80047 74.25992
v 42.996418 86.63168 49.670074
v 58.960224 86.33158 4.2059507
v 51.968693 88.765396 25.85526
v 32.937263 92.177826 74.87569
v 71.746086 87.82116 -45.770714
v 70.85645 85.06326 -41.45825
v 65.24689 87.29369 -18.180443
v 69.71754 82.00181 -36.8648
v 70.1269 82.918945 -38.153656
v 76.40818 82.86734 -65.49959
v 59.95334 92.74544 2.876111
v 59.165447 87.20162 4.0763097
v 68.454704 77.7109 -33.646698
v 69.2772 80.7773 -35.91978
v 63.675766 79.419044 -14.853074
v 67.44114 73.72356 -30.709576
v 73.209175 76.705864 -51.95289
v 58.867275 85.327385 4.3540444
v 58.865273 78.84446 5.683414
v 64.64048 83.88671 -16.314213
v 74.493004 80.39688 -57.430603
v 43.102776 89.14484 51.671368
v 56.609077 84.136635 17.200575
v 50.11566 86.990746 35.003784
v 45.087166 89.995514 49.75765
v 35.830147 90.94893 67.77113
v 41.138214 88.2143 53.563725
v 41.61944 88.48687 53.10132
v 40.95185 86.77236 53.44742
v 54.80037 79.303535 18.27406
v 48.6449 83.138596 35.93181
v 41.10154 87.81389 53.52397
v 32.49001 90.30548 70.89197
v 40.74565 85.41027 53.352474
v 55.538177 81.7148 17.82194
v 48.663292 85.11354 35.69057
v 33.288044 91.16609 71.43915
v 68.993355 80.9828 -28.617147
v 68.07544 78.92618 -26.515478
v 62.592506 81.231964 -2.9139483
v 66.95001 76.69303 -24.270256
v 67.33512 77.339584 -24.90334
v 73.30813 76.919846 -51.86051
v 57.571304 86.51121 16.513842
v 55.86024 82.34389 17.699284
v 64.847984 72.929016 -19.675436
v 66.32075 75.66377 -23.049774
v 60.005604 75.74205 -0.07772551
v 62.95346 69.34152 -15.224173
v 69.50892 70.490204 -39.896114
v 55.29939 81.08835 17.902285
v 54.171223 76.93954 18.791548
v 61.666035 78.6855 -1.634294
v 71.81204 75.219 -48.49608
v 41.347374 84.88923 53.43609
v 53.055096 76.9116 24.131071
v 47.763966 81.49175 38.481487
v 43.20969 85.56696 51.467617
v 34.368053 87.695366 68.69278
v 39.15754 83.83921 55.38403
v 39.868755 84.28786 54.90731
v 38.568985 82.039116 55.30036
v 50.564938 71.09564 25.750547
v 45.37075 76.66509 39.700077
v 38.84664 83.20304 55.352848
v 30.963438 87.31544 71.72602
v 38.307953 80.61133 55.23722
v 51.585567 74.06006 25.089825
v 45.944626 79.26717 39.338333
v 31.797379 88.0937 72.328316
v 64.492455 73.489815 -17.600437
v 63.33353 70.73755 -13.887083
v 57.988907 72.78234 7.6023684
v 61.944134 67.72325 -9.866829
v 62.40672 68.60784 -11.025343
v 68.88356 69.73499 -37.85691
v 54.06221 79.42202 23.120073
v 52.18415 74.943504 24.876257
v 60.10169 64.24152 -5.660052
v 61.368282 66.7218 -8.661684
v 55.14433 66.54852 11.335821
v 58.489723 61.021828 -1.7601774
v 65.24803 63.054573 -23.946499
v 51.099205 73.14839 25.228882
v 50.00673 68.47234 26.463514
v 56.70914 69.71353 9.675702
v 67.234825 66.9111 -31.473564
v 37.06716 82.29373 61.90706
v 48.357075 72.71813 35.631977
v 43.158714 77.30319 47.941364
v 39.418674 83.62312 59.98785
v 30.529013 87.48699 76.700905
v 34.734505 80.87189 63.817394
v 35.30824 81.27357 63.344246
v 34.539433 79.14653 63.96248
v 46.251915 67.378555 37.29061
v 41.11499 72.38172 49.316807
v 34.695168 80.394325 63.849228
v 27.244568 86.792145 79.91789
v 34.325504 77.51361 64.11643
v 46.803753 69.90015 36.470963
v 41.08953 74.70714 48.703568
v 28.05908 87.71551 80.37183
v 59.931873 67.348885 -2.273672
v 58.764004 64.96692 2.1137695
v 53.33469 68.589165 21.511805
v 57.34361 62.38275 6.9066257
v 57.82497 63.12989 5.5057044
v 64.41916 61.598026 -19.923199
v 49.79634 75.47851 34.75217
v 47.24911 70.633446 36.281628
v 55.09106 58.718956 12.949261
v 56.65421 61.365707 8.619992
v 50.67051 63.15248 25.847048
v 53.091026 55.25735 18.586481
v 59.51258 54.181694 -0.6756369
v 46.608765 69.24094 36.655464
v 45.81414 64.91458 38.151085
v 52.135624 65.956726 23.68388
v 62.489655 58.993484 -11.865715
v 35.247677 77.92876 63.971146
v 45.32357 66.55219 40.789406
v 40.85761 71.95244 51.236755
v 37.18338 79.196075 61.802406
v 29.06577 84.193115 77.84905
v 33.337967 76.57115 66.1188
v 33.8024 76.9557 65.59242
v 33.010067 74.920044 66.11659
v 43.455822 60.975204 42.315834
v 39.268032 66.93483 52.831738
v 33.268986 76.113235 66.10771
v 25.71702 83.918045 80.78593
v 32.65618 73.35921 66.13547
v 44.180176 63.619644 41.77188
v 39.433807 69.355606 52.30929
v 26.567387 84.526505 81.56436
v 55.588448 59.951694 11.6065235
v 54.015182 57.274723 17.21687
v 49.443466 61.676723 30.244362
v 52.16098 54.316467 23.258675
v 52.765 55.196674 21.532494
v 58.81281 53.109455 2.9481516
v 46.357365 69.42594 39.76057
v 44.52083 64.38219 41.549446
v 50.272785 52.083008 25.983128
v 51.548462 53.61746 24.155518
v 46.736412 56.27874 33.666946
v 48.665527 50.130836 28.276125
v 53.937042 48.137646 18.781843
v 43.944283 62.929134 41.884686
v 42.841072 58.38956 42.90616
v 48.211193 58.79577 32.692898
v 56.07015 50.009453 13.64683
v 30.26247 76.23091 71.910866
v 38.420467 64.01645 54.366676
v 34.887684 69.677574 62.682236
v 31.906668 76.977516 70.26261
v 25.09104 83.230354 81.59603
v 28.636969 75.413605 73.55209
v 29.033995 75.65328 73.145294
v 28.327343 74.13156 73.70885
v 36.54162 59.61972 56.045376
v 33.363056 65.87032 64.311226
v 28.568909 75.057755 73.58776
v 22.363052 83.39812 83.67235
v 27.99902 72.920204 73.87263
v 37.31786 61.687595 55.36914
v 33.637993 67.71351 63.684303
v 22.975367 83.950806 84.19618
v 48.397045 54.32311 31.893808
v 46.17136 52.759148 36.19008
v 41.851475 58.594616 45.893017
v 43.635475 51.040356 40.815483
v 44.42455 51.547474 39.494564
v 50.935684 46.716866 25.8725
v 39.434685 66.291985 53.330147
v 37.63771 62.296467 55.13556
v 41.406536 49.79814 42.98604
v 42.923138 50.652386 41.52269
v 38.882843 54.541683 48.93056
v 39.487797 48.71076 44.827454
v 44.02146 45.22184 37.626663
v 37.0796 61.143963 55.521168
v 35.853775 57.605164 56.75568
v 40.406906 56.431377 47.961304
v 46.9338 45.58194 33.800674
v 32.294613 -49.898586 10.850602
v 29.292545 -44.694355 13.095467
v 30.046038 -45.92675 12.596701
v 22.714619 -23.040989 26.564009
v 35.29073 -55.240143 8.480838
v 50.523884 -101.33582 -17.798368
v 41.641926 -76.18669 -4.168342
v 25.84957 -46.91444 10.702965
v 17.443073 -13.070074 30.927744
v 27.56808 -45.873062 11.836765
v 28.858454 -45.057697 12.718341
v 42.56354 -100.83263 -20.05332
v 36.37945 -76.01445 -5.6812463
v 18.56522 -12.657823 33.195515
v 47.307934 -100.83519 -19.104704
v 39.160053 -74.74783 -5.004601
v 75.795654 -175.06335 -62.631798
v 67.484406 -150.4894 -46.68287
v 62.370247 -148.14911 -46.111595
v 63.864822 -148.80945 -46.258312
v 59.088654 -125.91404 -31.487278
v 72.16649 -152.67918 -47.24634
v 48.138893 -100.96313 -18.695051
v 53.68589 -101.8309 -16.65817
v 62.573826 -164.29578 -58.51661
v 48.069653 -139.28639 -45.26523
v 55.00391 -143.64249 -45.684517
v 48.108864 -122.61338 -32.86067
v 60.312622 -146.94719 -46.00093
v 37.87309 -100.83561 -20.835796
v 46.094868 -100.83178 -19.424927
v 70.144485 -171.3587 -61.01837
v 54.71755 -124.71583 -31.906488
v 23.023117 -40.65723 14.362075
v 21.545845 -39.97525 13.084958
v 21.929237 -40.119553 13.413273
v 15.287407 -10.501066 30.967632
v 24.472237 -41.391598 15.6211195
v 37.067844 -91.49397 -13.980492
v 30.402153 -68.4445 -1.0263458
v 19.341686 -41.863 12.042575
v 12.865311 -9.507884 28.606207
v 20.42969 -40.945316 12.554732
v 21.252731 -40.243958 12.943368
v 31.588715 -91.65839 -15.953779
v 27.001637 -69.3423 -2.598132
v 13.837051 -9.01453 29.537952
v 34.16411 -91.13418 -15.026346
v 28.55481 -68.24534 -2.1693647
v 62.034943 -165.49802 -57.79115
v 52.70591 -138.83629 -41.754326
v 46.835793 -134.41429 -40.671055
v 49.244617 -136.33812 -41.351734
v 44.13187 -113.669846 -26.792454
v 56.693424 -141.62161 -42.017876
v 34.91453 -91.23143 -14.694601
v 39.9226 -91.83918 -13.075201
v 44.248608 -147.98958 -49.255173
v 34.47877 -126.14598 -37.814667
v 39.715984 -129.4618 -38.833
v 35.417854 -110.74706 -27.902103
v 44.114544 -132.35783 -39.801678
v 29.062307 -92.1972 -16.74065
v 33.49577 -91.25793 -15.328486
v 54.59801 -157.49622 -54.657448
v 39.786762 -112.053314 -27.266678
v 16.951254 -35.159927 13.103856
v 15.245181 -34.18739 11.548466
v 15.697941 -34.404488 11.954844
v 12.884376 -7.9131083 28.095192
v 18.604841 -36.184536 14.624185
v 25.929516 -83.92914 -12.382009
v 21.229258 -60.97564 -0.76327837
v 12.7654295 -36.036594 9.785498
v 10.198738 -7.3956566 24.910868
v 13.979062 -35.138027 10.64945
v 14.90241 -34.451084 11.30618
v 20.754913 -84.02685 -14.951565
v 17.563189 -61.231415 -2.8815122
v 11.157441 -6.6540546 26.451763
v 23.231691 -83.46823 -13.718661
v 19.285679 -60.27427 -2.2199655
v 45.435364 -147.68214 -47.86146
v 38.13813 -126.56684 -35.369
v 33.307404 -123.70099 -34.890903
v 34.72773 -124.53857 -34.91918
v 31.43736 -105.349754 -23.37602
v 42.543568 -129.19044 -36.029587
v 23.912039 -83.59113 -13.297497
v 28.615555 -84.37469 -11.2193575
v 27.491966 -133.06566 -42.86865
v 18.36029 -114.78019 -34.08642
v 25.621202 -119.11948 -34.579903
v 23.469248 -103.37323 -25.528448
v 31.173208 -122.434494 -34.904396
v 18.28992 -84.60081 -16.010464
v 22.606604 -83.60022 -14.113888
v 39.484344 -142.18622 -45.699314
v 27.700005 -104.400185 -24.193636
v 11.761806 -34.937366 11.741757
v 9.988211 -34.00982 10.308732
v 10.459153 -34.207115 10.685997
v 8.494742 -9.843675 25.551779
v 13.480311 -35.934097 13.1367655
v 17.382679 -80.89053 -12.358739
v 14.800554 -58.972504 -1.1883767
v 7.4005313 -35.524635 8.650689
v 5.991532 -9.056675 22.482985
v 8.666826 -34.80182 9.460702
v 9.63032 -34.242405 10.077716
v 11.965691 -81.206894 -15.02247
v 10.829189 -59.275658 -3.1712322
v 6.8015585 -8.548054 23.835608
v 14.548259 -80.55616 -13.653004
v 12.721549 -58.377285 -2.4451408
v 25.215122 -131.30537 -40.991516
v 22.475805 -116.52769 -31.820366
v 16.739798 -112.83923 -31.644608
v 18.318617 -113.82495 -31.623953
v 19.832865 -100.22956 -22.369385
v 27.922176 -120.088936 -32.12531
v 15.265701 -80.645256 -13.244349
v 20.199423 -81.21389 -11.2346525
v 13.109857 -121.69806 -37.558544
v 9.248956 -110.85286 -32.268112
v 12.849559 -111.78244 -32.020954
v 12.498442 -99.180756 -25.002537
v 15.622419 -112.51143 -31.803286
v 9.400799 -81.86864 -16.22176
v 13.893779 -80.71334 -14.080459
v 17.557941 -124.03773 -39.201347
v 15.782842 -99.16922 -23.368334
v 5.6611657 -27.775711 14.2986555
v 3.7388773 -26.477661 13.414043
v 4.257325 -26.768442 13.662198
v 4.240137 -7.1383 24.729893
v 7.507703 -29.141218 15.129262
v 9.326632 -69.83341 -7.4505143
v 7.288047 -48.60884 3.645744
v 0.22945292 -27.436396 12.574145
v 1.5520884 -4.920444 23.711226
v 1.9462894 -26.990759 12.967092
v 3.2528546 -26.639664 13.275303
v 3.387224 -69.9786 -9.686695
v 2.5036235 -48.772877 1.9315789
v 2.642474 -5.090279 24.401709
v 6.215462 -69.4467 -8.619916
v 4.906225 -47.913612 2.4117205
v 11.188727 -120.44101 -36.388355
v 11.379898 -105.84736 -27.578402
v 7.670936 -104.37057 -26.874727
v 8.7595625 -104.81754 -27.041965
v 10.962166 -89.54705 -18.141453
v 14.7660885 -107.1686 -28.299437
v 7.021162 -69.550964 -8.24622
v 12.381986 -70.20495 -6.4438047
v 2.086247 -114.938286 -33.654068
v -0.82796067 -101.6194 -28.358328
v 3.260102 -102.917206 -27.62521
v 3.8788102 -88.67201 -20.12615
v 6.406842 -103.92945 -27.07103
v 0.61479986 -70.52568 -10.590783
v 5.4804955 -69.57208 -8.967957
v 7.746229 -117.71277 -34.08325
v 7.269421 -88.9685 -18.706764
v 62.76971 122.79885 11.765151
v 58.08661 115.79463 27.52291
v 62.381397 121.12894 12.540754
v 62.030567 118.89844 13.0571
v 62.099533 119.73636 13.057642
v 66.676186 126.46325 -2.441403
v 61.36429 115.01512 13.043383
v 61.882736 117.647316 12.924043
v 56.9726 111.39746 24.700188
v 60.66053 111.69241 13.288921
v 65.755974 118.6328 1.3865767
v 58.02178 114.17728 27.072807
v 66.03936 123.619606 -0.95860696
v 61.585964 115.56654 13.816741
v 56.4005 110.30619 28.664375
v 61.22266 113.721085 14.248318
v 60.78029 111.41615 14.39747
v 60.93042 112.22212 14.501394
v 66.04482 117.13598 -0.16773827
v 59.37909 108.06306 14.411577
v 60.39045 110.348145 14.259787
v 54.502453 106.36344 25.225561
v 58.05696 105.16942 14.708106
v 64.25573 109.76264 3.5975926
v 56.04836 109.22419 27.429375
v 65.512215 113.60812 1.3655673
v 59.78787 109.19726 17.817112
v 52.488197 104.22866 34.550655
v 59.10178 107.59417 18.51122
v 58.370823 105.756676 19.186983
v 58.575993 106.33325 19.027216
v 65.715355 110.95969 2.4717867
v 57.309807 102.854515 19.703892
v 58.083134 104.913925 19.307037
v 51.044308 100.99218 32.068108
v 56.293655 100.18675 20.239147
v 63.575302 104.71685 7.339671
v 51.98715 102.996506 33.724182
v 64.7545 108.51684 4.6497855
v 57.1885 103.952 24.120668
v 48.528893 100.70039 42.370342
v 56.419964 102.45563 24.760815
v 55.4864 100.01104 25.821781
v 55.80231 101.0963 25.346127
v 64.31104 104.21088 7.1512847
v 54.75601 97.40794 27.03475
v 55.221283 98.88616 26.335436
v 47.168255 98.00471 40.02704
v 54.190655 95.75305 27.826897
v 62.343765 96.81117 14.042464
v 47.84843 99.38495 41.586758
v 63.124363 100.63714 10.056806
v 55.054047 98.54963 28.850185
v 46.237427 97.17087 46.6087
v 54.442 97.20411 30.040655
v 53.67502 95.73434 31.24826
v 53.94423 96.1639 30.93779
v 62.64657 97.23735 13.47261
v 51.845932 93.21696 31.973017
v 53.140278 95.04287 31.438017
v 44.38307 94.51369 43.756245
v 50.17178 90.823814 32.680634
v 59.308792 91.92021 20.189787
v 45.51121 96.00496 45.689774
v 61.838825 95.463715 16.806746
v 52.666092 93.817024 33.58178
v 43.75865 92.68837 48.04532
v 51.52661 92.049736 34.50595
v 50.193943 90.16034 35.455566
v 50.623703 90.69374 35.20544
v 59.29457 91.4111 20.966583
v 48.71026 88.318695 35.722206
v 49.726425 89.63888 35.534946
v 41.545948 89.37769 45.378716
v 47.419758 86.59916 35.963398
v 55.87456 87.2597 26.065693
v 42.80206 91.0806 47.010284
v 57.585823 89.24009 23.900852
v 49.009636 89.85651 40.892494
v 41.23375 90.25273 57.06075
v 48.14699 88.333176 42.125298
v 47.08284 86.652405 43.366993
v 47.44964 87.15132 43.05212
v 55.06024 86.41362 27.189844
v 45.31962 84.21009 45.06822
v 46.54128 85.9631 43.79675
v 39.212463 86.6579 56.406586
v 43.757904 81.92523 46.76055
v 51.42677 81.762276 33.72985
v 40.434082 88.427605 56.95662
v 53.7316 84.877205 29.777367
v 50.105625 85.46331 38.74262
v 38.961266 86.34199 60.95994
v 48.868855 82.426384 41.255547
v 47.417534 79.205475 43.902405
v 47.887634 80.10269 43.173725
v 58.77644 78.51077 21.55115
v 45.729492 76.26719 45.590813
v 46.88825 78.37891 44.391476
v 36.73805 79.95623 61.796474
v 44.255993 73.5129 47.145283
v 54.72094 72.57815 29.385143
v 38.16988 82.78961 61.433357
v 56.665188 75.62133 26.371456
v 47.39822 78.21014 47.208523
v 37.526302 83.26946 70.02175
v 46.361588 76.089005 48.4997
v 45.155167 73.83649 49.899143
v 45.541664 74.46531 49.495144
v 55.19687 68.90855 26.97764
v 42.83709 70.11681 53.560127
v 44.490757 72.84087 50.868523
v 34.595222 77.960495 71.896835
v 40.68879 66.52853 57.11284
v 51.078953 62.273132 35.223415
v 36.661263 80.99794 70.78165
v 53.64908 66.67503 29.016634
v 44.58943 71.53006 53.481018
v 35.16693 80.82556 72.40656
v 42.992924 69.27801 55.490566
v 41.221325 66.92449 57.62996
v 41.751774 67.56361 57.03019
v 50.818913 57.730453 38.57457
v 39.433098 65.75259 60.786457
v 40.68672 66.58079 58.484013
v 32.297905 77.221016 74.46904
v 37.819958 64.682144 63.813103
v 46.56829 54.284157 47.103874
v 33.753235 78.30512 73.93771
v 48.68942 55.543865 41.322212
v 60.191154 127.71723 -2.8599646
v 75.2717 143.82985 -58.75542
v 68.120995 135.87584 -30.31264
v 60.07905 128.37833 -0.90630126
v 60.025562 127.964035 -1.4503607
v 51.871727 119.456314 24.09766
v 60.466278 127.55418 -4.7023406
v 76.02709 144.56834 -57.131256
v 67.849014 136.60524 -28.189486
v 61.48124 129.99529 -2.132147
v 60.511112 129.03157 -1.1571193
v 52.513145 120.019485 25.547588
v 83.59274 150.05876 -106.50359
v 85.070435 150.73918 -107.936356
v 84.4686 150.50018 -107.75136
v 80.73253 148.71292 -85.16138
v 82.57988 149.51611 -104.72446
v 85.15265 148.43597 -125.313934
v 75.6225 144.1637 -57.67127
v 74.947815 143.53137 -60.11165
v 85.82405 151.0656 -107.309975
v 85.49125 150.88968 -107.60657
v 82.479004 149.42664 -84.71806
v 85.73163 149.07883 -128.97038
v 76.81839 145.45529 -56.023087
v 76.440674 145.01009 -56.720245
v 68.90911 137.92007 -27.734095
v 63.25921 132.08006 -5.2861166
v 62.54531 131.07596 -3.5892062
v 54.29408 121.87574 22.126278
v 76.58756 146.12013 -54.34795
v 69.6397 139.11288 -27.835333
v 63.79801 133.0459 -7.102953
v 57.16239 125.03446 15.281403
v 86.67972 149.33548 -128.96436
v 85.40155 151.61697 -106.97562
v 85.862816 151.29776 -107.08639
v 83.1448 149.92809 -83.661064
v 86.98399 150.11932 -131.10895
v 84.69027 151.97969 -106.92124
v 82.40684 150.39157 -81.75203
v 76.940575 145.84496 -55.184185
v 75.99695 146.33804 -53.513042
v 83.74812 148.04085 -98.714066
v 84.2543 150.7591 -98.73854
v 83.24817 145.2111 -98.78081
v 81.39441 138.3107 -98.96664
v 82.178474 142.82684 -99.18434
v 80.50944 132.47726 -98.56291
v 82.760666 144.70837 -99.02998
v 82.162636 149.73584 -95.83248
v 83.13588 150.18674 -96.36782
v 81.022194 149.18259 -95.00917
v 83.77472 150.4329 -96.32721
v 84.18796 150.6083 -95.952484
v 84.48442 150.84683 -95.48552
v 84.4584 151.10873 -94.94854
v 83.9042 151.35426 -94.36382
v 83.08589 151.59158 -93.75521
v 27.919365 60.85316 70.15213
v 28.015385 49.436092 76.32843
v 27.005234 55.49885 87.9134
v 27.279633 66.17229 82.00497
v 27.613253 64.99231 75.00276
v 27.544224 62.147385 87.85636
v 27.43374 50.96179 82.588715
v 27.624199 52.676155 70.00356
v 30.060476 58.741474 79.63425
v 35.00182 69.50742 59.236897
v 33.04519 62.07621 67.441956
v 28.655777 71.75907 80.2531
v 30.779495 80.09579 72.22497
v 31.733576 76.63982 67.274994
v 30.111996 77.741745 78.6474
v 29.397434 66.670845 76.78516
v 34.850075 62.480743 61.5251
v 31.865921 71.59256 74.940834
v 33.467762 61.853416 63.37946
v 30.644005 56.871296 68.83519
v 26.278614 65.11928 80.5895
v 29.467491 71.03433 74.171295
v 30.997253 67.77333 69.387596
v 28.094091 70.21911 79.437
v 27.380695 60.801685 76.62458
v 32.72751 56.583523 62.431408
v 30.800274 65.108734 73.72782
v 34.30488 84.07479 56.860382
v 31.155518 71.64704 62.044304
v 21.619658 77.113396 79.764084
v 24.310204 87.32102 77.58938
v 26.390406 88.59492 68.20071
v 22.088198 83.32888 81.48778
v 23.79119 72.76124 74.13074
v 33.62562 76.84849 55.13807
v 24.22798 78.33441 72.52699
v 29.163002 86.99944 62.67128
v 29.599789 75.99281 65.37209
v 26.688046 71.62113 69.67886
v 33.315296 88.29132 56.23599
v 29.527845 79.36232 59.992756
v 24.140123 83.795 74.55481
v 27.283611 91.65831 73.39204
v 28.059444 92.7355 65.475494
v 25.722027 88.54334 76.37622
v 26.08794 79.459656 69.86118
v 31.838871 83.6876 54.768402
v 25.7312 85.73267 68.7726
v 29.08692 91.65341 60.82482
v 28.353727 83.70618 62.683533
v 28.6096 78.26122 66.26423
v 37.319744 97.08443 48.96842
v 36.207146 84.84209 51.58459
v 28.750443 84.40725 69.488205
v 27.045727 95.43131 68.67157
v 31.03936 98.25613 60.39152
v 25.876287 91.11549 71.54147
v 32.514656 80.42907 64.44597
v 37.61502 90.33469 47.380325
v 27.380737 90.823 64.43892
v 33.730556 98.52578 55.501904
v 30.765333 90.441826 58.149044
v 34.155663 80.939644 60.205685
v 41.834755 84.03816 48.116238
v 37.21178 76.760056 50.94022
v 31.911283 78.27361 63.784283
v 32.532127 87.149086 62.106346
v 36.573418 86.60996 55.2511
v 30.512207 84.523796 64.93191
v 34.047806 74.67632 60.066963
v 40.512543 80.49125 46.68147
v 33.54357 80.00385 58.44043
v 38.93742 85.74133 51.598495
v 36.952545 79.17981 53.4246
v 35.363705 74.44887 56.654392
v 50.54564 102.16022 28.24501
v 47.602066 91.40328 30.131325
v 41.360943 91.3048 46.16325
v 44.795956 102.16676 44.973186
v 47.961327 101.96501 39.26438
v 40.38255 97.30087 47.96505
v 44.652996 88.81347 40.784897
v 47.7103 97.14817 24.780174
v 41.57462 95.88851 40.28666
v 45.413403 95.76223 35.710308
v 42.828888 85.336716 37.756927
v 36.00687 84.61221 53.78867
v 37.202106 97.30822 52.497993
v 40.16756 96.9564 46.59799
v 34.003136 91.76824 55.746693
v 38.957783 82.79898 48.20052
v 44.421875 90.203415 32.631744
v 37.428905 89.8631 48.45729
v 53.329712 110.616615 19.951107
v 51.602924 100.52626 21.51604
v 46.42712 97.18161 38.106087
v 49.038242 108.67201 37.167854
v 51.77535 109.160706 31.146072
v 45.368748 102.839516 39.758263
v 49.004284 95.88908 32.597763
v 52.459293 107.1087 15.798285
v 47.18837 103.23207 31.214678
v 34.383385 89.60683 87.0447
v 35.108383 78.503426 89.6096
v 31.06611 78.60881 99.8955
v 29.01321 89.04309 98.34678
v 31.94747 90.499916 92.42938
v 29.819607 84.56989 101.721725
v 32.474846 76.71532 93.8806
v 37.02746 83.531166 85.63572
v 34.47685 83.10253 94.07565
v 37.3186 82.27108 76.09273
v 33.941757 71.98572 84.01343
v 30.93957 76.46111 93.57554
v 32.748474 86.29976 89.64803
v 36.60544 85.60991 80.307274
v 30.990433 82.848274 94.50088
v 32.439224 72.45713 88.028404
v 37.480778 75.14004 77.326035
v 35.299633 77.85771 86.38991
v 36.57628 88.8123 77.91172
v 36.82121 80.045876 82.04937
v 32.62078 84.87575 92.281624
v 31.721262 92.65577 87.12198
v 34.75946 91.229 81.565735
v 31.860424 90.4564 91.65609
v 34.453888 80.227646 86.510864
v 39.32798 82.2907 76.04662
v 36.648083 85.46782 84.584915
v 36.258133 82.645256 63.152927
v 33.976196 71.005264 68.86047
v 27.015676 73.213486 86.896095
v 32.111404 82.56686 85.46631
v 35.812584 83.31423 75.97858
v 29.229265 78.73128 89.407776
v 27.22392 70.63082 80.31252
v 37.365406 75.84941 62.41284
v 31.752977 75.02974 80.294685
v 36.73872 83.25133 70.13837
v 33.825188 74.907074 72.50651
v 29.130796 70.668076 75.667854
v 39.68418 91.65575 68.83514
v 39.74652 80.76872 75.820206
v 32.584373 85.32192 90.90904
v 34.41755 95.27303 87.61696
v 37.446823 94.88791 78.52228
v 33.000065 91.76678 92.06957
v 33.527607 81.303635 85.56413
v 41.80529 84.5968 70.56765
v 37.19371 89.76474 85.84585
v 38.84684 93.910286 73.578445
v 39.196182 88.22694 79.359505
v 35.256874 80.71413 81.484024
v 39.180283 85.15327 63.582874
v 39.01087 76.98407 69.03765
v 32.890774 79.372116 82.73351
v 33.698154 87.137276 80.02754
v 37.562923 87.331085 72.94224
v 32.43941 84.18561 83.64286
v 33.85275 76.68878 78.03332
v 40.72845 80.45423 63.46315
v 36.18009 80.90487 77.34287
v 39.29786 86.586075 68.87295
v 38.10506 80.26776 71.41235
v 35.346676 76.54368 74.41596
v 44.36435 93.160126 57.0607
v 40.09924 82.29922 58.925457
v 32.555466 81.54663 75.67156
v 37.85872 89.70107 76.27692
v 41.022118 93.07717 68.14635
v 35.16011 85.73668 78.85717
v 32.134907 80.21758 69.79049
v 43.78339 86.49559 55.486202
v 38.22316 85.293335 72.58455
v 42.42292 93.838104 63.325943
v 39.988518 85.99916 66.24359
v 33.90367 80.83346 65.77545
v 37.87217 83.12515 53.15506
v 37.98245 75.81373 57.63484
v 34.450447 77.95101 70.45265
v 34.690796 84.90083 67.95544
v 37.118496 85.0743 61.185043
v 34.232204 82.259094 71.334656
v 34.380512 75.54943 66.15935
v 39.18756 78.91951 52.744884
v 36.39501 79.32283 65.15106
v 38.40592 84.40752 57.51717
v 37.445812 78.75263 59.803223
v 35.08853 75.41957 62.75051
v 50.68264 110.78424 48.443638
v 52.587082 104.440475 44.529243
v 46.996246 103.205 54.168423
v 43.803795 109.5057 57.593792
v 46.91729 110.61547 52.924133
v 44.725372 105.77725 58.94516
v 50.208717 103.22077 47.759712
v 53.336506 108.11733 44.761475
v 50.43567 105.804405 52.245068
v 52.647846 103.22861 41.52717
v 52.0566 99.07566 33.60076
v 44.397068 96.3531 46.32456
v 46.62727 102.254776 54.244156
v 49.9478 103.324715 48.65325
v 44.06587 98.33831 53.525883
v 48.578182 96.90564 37.4837
v 52.739853 100.71611 33.251675
v 50.080853 98.41077 43.42054
v 49.612423 99.90546 34.661015
v 45.87305 89.40849 36.146084
v 39.99994 89.51076 51.812798
v 43.947105 100.56962 51.04902
v 45.36779 100.823715 45.10988
v 42.13869 94.88578 54.46346
v 40.86179 87.623665 45.967915
v 50.37972 93.63367 32.16775
v 45.846478 92.730804 48.04528
v 47.395554 93.322075 43.08657
v 43.65618 82.82511 44.57164
v 37.78307 82.92737 60.23835
v 41.730236 93.986244 59.47457
v 43.15092 94.24033 53.53543
v 39.92182 88.30241 62.88901
v 38.64492 81.04028 54.39347
v 48.16285 87.050285 40.593304
v 43.62961 86.14743 56.470837
v 54.978405 106.840645 26.717192
v 50.401108 97.75594 27.451443
v 45.219402 95.71197 44.430405
v 50.18443 105.7859 44.254593
v 51.505672 106.60943 37.846615
v 48.00954 100.37606 47.400173
v 45.614975 94.62399 38.141285
v 55.388496 102.7163 22.819118
v 51.673073 99.78182 39.54223
v 58.11727 115.283966 29.66682
v 56.011097 105.34302 28.792727
v 48.766975 100.01221 44.23352
v 50.89007 110.929504 45.805634
v 53.00737 112.83803 39.859154
v 49.70481 104.80648 48.040558
v 50.48269 99.842575 38.075535
v 60.23702 111.89882 25.614565
v 54.662037 106.09767 41.020546
v 53.874523 118.67943 31.51208
v 57.291836 111.88696 33.238094
v 49.707134 106.21628 48.572853
v 45.07725 111.57037 47.163723
v 46.926098 113.96453 40.845894
v 47.92838 109.700485 51.620777
v 52.470875 105.97335 42.7576
v 59.864243 119.609276 29.624191
v 53.083294 113.18586 44.885647
v 60.047287 117.9962 22.804373
v 58.24651 109.496704 22.057026
v 52.052776 104.93885 35.258907
v 53.868027 114.27314 36.60306
v 55.67832 115.90495 31.518824
v 52.854626 109.03796 38.513924
v 53.519714 104.79381 29.99383
v 61.85967 115.10191 19.339697
v 57.09306 110.14193 32.511814
v 56.419735 120.899345 24.382069
v 59.341537 115.09179 25.857815
v 52.856617 110.24335 38.969032
v 48.89807 114.821075 37.76423
v 50.47883 116.8681 32.362484
v 51.335777 113.222336 41.575005
v 55.219616 110.03564 33.99699
v 61.540943 121.69435 22.767925
v 55.743237 116.20233 35.81647
v 62.845814 122.23079 14.339089
v 61.423206 115.51619 13.748685
v 56.53016 111.9155 24.178167
v 57.964207 119.28957 25.240051
v 59.394337 120.578705 21.223501
v 57.16362 115.15378 26.749632
v 57.68904 111.80091 20.018757
v 64.2776 119.94429 11.601995
v 60.511982 116.02591 22.007963
v 27.83264 63.428688 72.15309
v 28.782919 59.571426 73.392296
v 28.627031 63.572193 81.44516
v 29.259693 61.994297 77.45826
v 28.770872 52.721977 77.089836
v 29.25505 55.930435 74.93628
v 27.751425 56.726063 69.286804
v 27.38321 66.08369 78.414215
v 27.439648 64.72759 85.392525
v 28.491508 56.97062 85.053406
v 29.215061 60.66605 83.862686
v 27.274334 58.829468 88.67597
v 27.112167 52.88055 85.630714
v 29.169937 54.97904 81.251236
v 27.808544 49.729797 79.54817
v 27.83306 50.332188 72.748825
v 33.43871 73.342766 62.78965
v 33.50644 70.07597 66.168526
v 31.12759 77.10027 74.26919
v 32.016487 74.10572 71.59304
v 32.36714 65.4398 70.90491
v 33.255478 67.28354 69.04206
v 35.29692 65.52863 59.36984
v 31.012392 79.00374 69.93984
v 30.539223 79.57722 75.57115
v 29.9326 72.16226 78.946594
v 30.886442 74.91404 77.60322
v 29.318243 74.88306 80.122696
v 28.622414 69.1277 79.294655
v 30.848413 69.12124 76.34813
v 31.160122 64.070404 72.26242
v 34.187332 61.438133 64.03934
v 32.388847 64.98082 66.204185
v 32.30052 62.943577 67.20403
v 30.014408 69.15999 74.697754
v 31.16731 66.5779 71.678
v 30.590311 59.76656 70.56908
v 31.828802 61.130703 68.54522
v 33.423878 58.78312 62.002956
v 30.103079 69.838974 71.840164
v 28.851658 71.21594 76.9904
v 28.182495 65.672 78.38362
v 29.512096 67.948494 77.04802
v 27.03332 67.879105 80.65062
v 26.439249 62.863 79.21191
v 29.359034 63.092083 75.29649
v 28.968433 58.62678 72.93427
v 31.848955 56.06823 65.02153
v 23.935902 84.35825 75.17799
v 27.212086 81.84208 67.172005
v 25.165388 83.07406 70.59073
v 22.504341 77.46713 77.23177
v 22.86183 80.64993 76.80861
v 23.11502 85.66856 80.349525
v 25.36827 88.32933 72.94365
v 26.011837 73.81102 70.59966
v 23.865782 75.15721 73.55574
v 22.505146 74.54709 77.05122
v 21.53521 80.2589 81.267784
v 34.522404 80.68055 55.071102
v 32.094894 80.65838 59.704327
v 30.579615 73.31183 62.95981
v 31.774246 76.184494 60.5448
v 29.660439 80.943214 63.88785
v 31.978554 85.93286 59.65111
v 26.779165 76.74574 69.04048
v 27.4778 88.01921 65.148865
v 32.609028 73.67697 57.916058
v 28.947989 71.23977 66.16207
v 28.422964 73.25405 67.39165
v 25.077301 71.9571 72.00419
v 26.50864 89.80935 71.21544
v 27.340073 88.33845 64.353966
v 26.67157 89.17327 67.30809
v 25.026926 84.26679 72.594086
v 25.514936 87.09948 72.41851
v 26.598495 90.34606 75.59938
v 27.755196 92.45781 69.49861
v 26.961437 81.3523 66.989624
v 25.68582 82.53535 69.50094
v 24.791765 81.3727 72.255905
v 24.676392 86.27244 75.97815
v 33.11628 86.072014 54.795288
v 30.68882 86.73814 58.335865
v 29.544693 80.86147 60.79345
v 30.059696 83.53599 58.90412
v 28.637901 87.471275 61.61068
v 31.37501 90.20411 58.428146
v 26.794178 84.52 65.75032
v 28.24254 92.482285 62.879086
v 30.543972 81.27948 56.81766
v 29.086758 78.45078 63.34331
v 28.39924 80.77518 64.33038
v 27.485271 78.51001 68.1504
v 27.195555 94.28529 66.5677
v 29.840868 94.82494 59.90852
v 28.477339 94.7863 62.75192
v 28.083622 86.68827 67.77798
v 26.516857 90.98076 67.85656
v 25.954645 93.553116 70.8697
v 28.996983 97.09585 64.59514
v 30.3682 85.595055 62.30445
v 29.214985 85.87277 64.77914
v 30.77312 81.9018 67.015686
v 26.96319 87.77267 71.03889
v 37.8384 94.00397 47.423813
v 34.54184 94.318184 52.487564
v 34.290585 86.46816 54.41817
v 33.92003 90.3635 53.1602
v 31.718317 94.60199 56.87468
v 35.659832 98.30255 52.10761
v 28.691233 90.61918 61.55585
v 32.40381 98.62154 57.81182
v 37.048824 87.3501 48.744503
v 35.157322 82.60251 55.968822
v 31.930866 85.80892 59.226574
v 33.458473 80.16175 62.603687
v 32.9894 84.59909 60.311096
v 36.331524 82.52097 54.57168
v 34.763985 83.20036 56.975998
v 32.21092 79.07182 61.974327
v 31.99768 81.97753 61.53501
v 31.111288 86.35748 64.11159
v 34.5836 87.07856 58.69488
v 34.80215 76.51107 57.241367
v 33.501183 77.23354 59.38393
v 33.026634 76.02403 62.021343
v 30.926006 81.468025 64.78864
v 41.655136 82.415924 46.849487
v 39.725334 82.30859 49.74111
v 37.4814 77.443085 51.80327
v 38.724995 79.70529 50.222164
v 37.91198 82.30802 52.39457
v 40.604042 85.08245 49.81009
v 35.2103 79.17531 55.950485
v 37.809284 86.20737 53.148903
v 38.85433 78.53964 48.283813
v 36.116177 75.35142 53.934395
v 36.125122 76.6618 54.92252
v 34.750538 74.18755 58.488285
v 49.287918 100.13447 25.328365
v 46.329453 99.376205 33.19071
v 44.687897 92.98221 34.115887
v 44.230495 96.29568 33.185757
v 42.84545 99.4278 43.979958
v 43.979218 99.00997 39.81919
v 49.706585 102.34027 33.663197
v 41.040085 92.998795 44.673054
v 40.566616 96.37202 44.778194
v 42.319923 100.237656 46.90687
v 46.50044 102.32487 42.730034
v 42.32505 92.4342 40.57945
v 42.8897 89.46685 44.116222
v 40.294056 94.11969 47.58168
v 47.589676 94.08652 26.467344
v 46.423477 89.55227 35.513557
v 45.41884 93.27486 33.01606
v 41.6121 93.20728 41.010403
v 40.580063 86.70157 42.00035
v 40.628124 89.84614 41.255863
v 36.547596 94.14258 51.79602
v 38.442604 93.40732 47.70398
v 43.064034 96.676704 41.01446
v 35.978645 86.88004 52.533985
v 35.418755 90.62855 52.81334
v 35.289825 95.145454 54.58729
v 38.5208 97.53938 50.13036
v 37.837715 86.32861 48.505245
v 37.382908 83.01431 51.606293
v 34.561214 87.89367 55.324642
v 43.76404 87.53673 34.257378
v 40.999954 83.66529 42.994354
v 53.03815 109.48796 16.655521
v 50.82022 107.64625 24.410936
v 49.642246 101.437256 25.236845
v 49.536224 104.88005 24.079218
v 47.768356 106.001686 35.539707
v 48.948288 106.314255 31.070837
v 52.799217 110.074165 25.487331
v 46.295605 99.32601 36.156715
v 45.99095 102.74546 36.059204
v 46.934425 106.19884 38.913067
v 50.58679 109.1763 34.80922
v 47.562756 99.67844 31.796682
v 47.641285 95.82496 36.043232
v 45.434624 99.67679 39.41685
v 52.12791 103.89929 17.577106
v 50.443275 97.65618 27.139145
v 33.177357 90.57882 89.45237
v 34.967487 86.74878 89.58532
v 31.518871 86.88885 97.02563
v 33.589775 86.71704 93.40595
v 35.228096 80.04912 90.66547
v 35.927708 83.158844 89.92183
v 35.99861 86.882286 85.6642
v 30.260664 90.0718 95.51791
v 29.101368 87.16242 100.54482
v 32.22211 80.412224 97.76705
v 32.32378 83.67821 97.96484
v 30.462393 81.40564 101.48723
v 31.667143 77.11856 97.000755
v 33.853462 79.824745 94.13156
v 33.698566 77.1795 91.61266
v 36.474365 80.67943 87.28406
v 37.204884 84.41041 77.45505
v 37.129448 80.061516 79.72154
v 34.068344 83.25468 88.158195
v 36.082085 81.53784 83.71894
v 35.03268 73.751076 84.0519
v 36.567543 76.30946 81.937386
v 37.693626 78.70545 75.94508
v 34.773228 86.35608 84.92463
v 31.571411 85.09177 92.81838
v 32.49422 77.09314 91.15749
v 33.32237 80.16359 90.5248
v 30.753937 79.68546 94.760666
v 31.624979 74.033 90.92322
v 33.998974 74.96146 87.5795
v 33.01135 71.78951 86.11577
v 35.83086 73.00134 80.5495
v 35.661568 90.40559 79.56457
v 37.340363 86.845184 79.75055
v 33.969578 90.10285 86.458595
v 36.044006 88.304985 83.16642
v 37.27603 81.49846 82.12847
v 38.163677 83.7283 80.43803
v 38.24768 85.55441 76.272835
v 33.12587 92.177284 84.24956
v 31.506115 92.06975 89.68891
v 34.123444 85.08492 89.17718
v 34.429897 87.81115 88.24276
v 32.164185 87.8529 92.7292
v 33.433598 82.141426 89.68673
v 35.89122 82.80431 85.638985
v 35.53291 79.71212 84.320404
v 38.46936 80.67996 78.63179
v 34.086197 83.20649 80.764786
v 30.558321 81.01809 88.30974
v 32.33127 79.7707 83.14955
v 28.719217 73.91533 84.60074
v 30.550793 76.58897 84.704735
v 34.7479 78.575424 74.851006
v 33.821903 78.84819 78.49482
v 27.926558 75.87753 88.8731
v 26.862091 71.49574 83.667145
v 30.367321 72.20437 77.3897
v 29.527573 72.506485 80.6618
v 36.396294 83.451775 66.41644
v 36.190384 79.11792 66.74904
v 35.43036 78.73709 71.25634
v 33.692734 72.66629 69.79255
v 35.463017 75.33808 67.676216
v 36.989193 79.60832 61.785423
v 36.620457 83.26733 72.88109
v 32.716476 74.6367 76.47064
v 31.626398 72.44547 74.02108
v 31.400997 70.54853 72.503456
v 36.162704 72.876976 65.13406
v 27.859297 70.52522 77.95847
v 35.932022 95.363174 83.03447
v 33.51539 94.03652 90.59221
v 35.755108 93.293976 86.53159
v 34.261986 87.040764 89.20013
v 35.29337 90.696075 88.94728
v 38.673985 92.021095 79.79779
v 37.604683 92.604485 82.81783
v 32.646095 88.57692 92.158455
v 32.94578 82.85675 88.371544
v 36.562557 85.19941 83.671326
v 35.645073 85.81235 86.33876
v 39.142765 93.26056 70.82093
v 40.135326 89.881676 73.047745
v 39.3789 91.22107 76.77368
v 39.278645 83.50411 77.032875
v 40.417435 86.59785 75.15744
v 40.91751 88.2726 68.970894
v 38.34998 94.42818 75.75791
v 38.30813 89.11213 82.78611
v 37.583916 84.622986 80.72648
v 37.4294 80.505424 78.791176
v 41.31006 82.11401 72.9649
v 34.12712 80.78481 83.50499
v 35.58817 87.47648 76.44558
v 32.73693 86.009476 82.412125
v 35.033577 84.86278 78.76443
v 33.90988 79.96069 80.798454
v 34.47536 82.33041 80.43236
v 38.106815 83.44028 72.80907
v 36.950214 83.9338 75.45174
v 32.540504 81.75819 83.76329
v 33.340775 77.6723 80.51364
v 35.912117 78.16349 75.5234
v 35.095127 78.61264 77.99728
v 39.184917 86.161545 66.05386
v 39.454075 83.07374 66.60397
v 38.83193 83.21074 70.103966
v 38.42326 78.26706 69.55214
v 39.33095 80.32817 67.616066
v 40.024742 82.98302 62.706524
v 38.77834 87.005104 70.79355
v 37.22238 80.33866 74.49541
v 36.856335 78.18954 72.87547
v 37.123287 76.54818 71.95019
v 40.301544 78.37033 65.89108
v 34.38894 76.45155 76.22221
v 39.543713 91.61095 72.28328
v 36.46891 87.77831 78.40271
v 38.357414 88.40243 74.50285
v 34.627796 82.86383 74.70681
v 36.831863 85.41351 75.66363
v 40.737732 89.38281 68.16372
v 39.896744 88.95957 70.96813
v 33.718155 83.47019 77.83684
v 32.084473 80.53377 72.69121
v 36.10991 82.740364 69.30043
v 35.45314 82.529785 71.79021
v 43.48346 94.036354 60.061707
v 42.84285 89.922485 60.655033
v 41.509922 89.69586 65.06692
v 39.526497 83.58725 61.81813
v 41.693455 86.28174 61.242474
v 44.456146 90.10588 55.585617
v 41.792164 93.66896 65.59069
v 39.053562 85.579124 69.73441
v 37.250294 83.193535 66.29168
v 36.850754 81.3659 62.38789
v 42.3706 83.95125 56.612183
v 32.536514 80.38408 67.86411
v 35.825546 85.20442 64.53031
v 34.253765 83.891464 70.20163
v 35.67204 82.86516 66.61668
v 34.96608 78.47779 68.564415
v 35.418797 80.59869 68.14679
v 37.60469 81.592026 60.97802
v 36.86434 82.03373 63.41454
v 34.34387 80.086555 71.4203
v 34.413628 76.42969 68.42579
v 35.83873 76.8693 63.625282
v 35.495346 77.27129 65.90169
v 38.09143 84.027565 55.207897
v 38.326366 81.26398 55.593704
v 38.042294 81.38659 58.60509
v 37.517338 76.962 58.177685
v 38.241577 78.806694 56.432606
v 38.533665 81.18278 52.263092
v 38.030113 84.78255 59.178448
v 36.950485 78.81608 62.539627
v 36.3836 76.89262 61.221767
v 36.47337 75.42361 60.37585
v 38.945503 77.05443 54.813324
v 34.49819 75.33711 64.47296
v 48.842194 110.92422 50.619423
v 50.80203 108.76662 49.66284
v 46.58765 107.77541 55.963516
v 48.98859 108.02432 52.901794
v 52.155067 105.09694 47.198887
v 52.12021 106.77039 48.568558
v 52.32172 109.7556 46.335278
v 45.024864 110.29787 55.419266
v 43.892967 107.77319 58.936638
v 48.37002 104.12009 53.662575
v 47.814636 105.60036 55.660408
v 45.733982 104.19476 57.116722
v 48.589603 102.98724 50.817383
v 50.6343 104.326965 50.319576
v 51.548256 103.584885 45.691513
v 53.304066 106.14846 44.189346
v 51.534782 103.51244 45.32321
v 51.715206 101.21896 41.527092
v 47.827766 100.37619 50.481995
v 50.15064 100.58367 46.095573
v 51.253597 98.43956 36.37656
v 51.690018 99.37737 38.341404
v 52.900623 102.06814 36.867584
v 48.273296 103.07047 51.914833
v 45.12575 100.3826 54.77738
v 46.819843 97.01388 45.333733
v 47.353024 98.18847 48.478504
v 43.744762 97.0062 50.501015
v 46.257446 96.34586 41.618313
v 49.465828 97.37414 40.510796
v 50.61157 97.953636 35.022144
v 52.61227 99.85756 32.58667
v 47.470814 100.79622 39.68099
v 48.21897 96.60447 40.384
v 44.472305 97.15656 50.83292
v 46.062412 96.52845 46.99531
v 46.02401 90.27978 41.02115
v 48.044308 92.92742 40.894794
v 50.658752 97.03256 32.385838
v 44.437225 101.10673 48.61182
v 43.16543 98.13674 53.28368
v 42.20808 90.64456 51.229637
v 43.923794 93.553474 52.042652
v 40.913383 91.89445 53.73602
v 39.90877 88.08273 49.40526
v 43.809414 89.92842 47.424328
v 43.08089 88.14684 40.955284
v 48.54524 91.16487 33.31904
v 45.253944 94.212845 48.10654
v 46.0021 90.021095 48.809555
v 42.255436 90.57318 59.258472
v 43.845543 89.94507 55.420864
v 43.80714 83.696396 49.4467
v 45.82744 86.34404 49.32035
v 48.441883 90.44918 40.811394
v 42.220352 94.523346 57.037373
v 40.94856 91.55336 61.709225
v 39.99121 84.06118 59.65519
v 41.706924 86.9701 60.468204
v 38.696514 85.311066 62.161564
v 37.691902 81.49935 57.83081
v 41.592545 83.34505 55.84988
v 40.86402 81.56346 49.38084
v 46.32837 84.5815 41.74459
v 53.233444 107.01608 32.162052
v 53.893883 103.911064 31.952507
v 50.614613 103.02308 43.336052
v 52.108162 103.05648 38.952465
v 51.103325 98.29686 32.239315
v 53.526463 100.95501 31.919436
v 55.825687 105.176254 23.644358
v 50.70997 106.5275 41.638557
v 49.267143 103.400276 46.411446
v 47.69481 97.079124 43.43671
v 49.836983 99.78488 44.209965
v 46.463047 97.71871 46.511833
v 44.870358 94.63958 41.839878
v 49.16282 97.06376 39.0998
v 47.65232 95.78767 32.73567
v 53.280075 100.15418 24.117037
v 55.498386 114.3539 34.666676
v 56.971043 111.551796 34.349155
v 52.173645 108.489105 44.776623
v 54.320873 109.427414 40.78205
v 55.733746 105.43842 33.65311
v 57.398045 108.622406 34.016384
v 59.87269 114.26923 26.697105
v 51.635574 112.095406 43.406742
v 50.27789 108.14383 47.552032
v 50.93071 102.05027 43.847904
v 52.131947 105.07624 45.22938
v 49.07659 101.98553 46.66583
v 49.14971 99.217735 41.549305
v 53.05853 102.92969 39.890244
v 53.023796 102.12712 33.274586
v 58.682667 108.761826 26.276249
v 50.05664 116.329575 35.901794
v 53.84848 116.88152 37.113575
v 48.20855 112.223946 47.281433
v 50.568832 114.11135 43.379753
v 56.223934 112.86244 38.097496
v 56.338264 116.152725 37.965443
v 57.587822 120.09309 29.665148
v 45.2748 112.505356 44.355965
v 46.307953 110.77792 50.00086
v 50.98819 108.68431 48.159725
v 50.370335 111.19833 48.963737
v 48.9 107.9105 50.77685
v 50.834084 105.426094 46.112553
v 53.34122 110.11575 44.3356
v 54.807545 108.29141 37.869637
v 59.37149 116.266754 30.652391
v 57.808136 117.201 27.079252
v 59.067257 114.80521 26.807774
v 54.965485 112.1866 35.72326
v 56.80136 112.98885 32.3079
v 58.009373 109.57828 26.212654
v 59.432346 112.30058 26.523252
v 61.54816 117.12861 20.265266
v 54.505436 115.27 34.55201
v 53.34461 111.89139 38.09623
v 53.90277 106.681404 34.929203
v 54.92983 109.26861 36.110367
v 52.3175 106.626045 37.33853
v 52.38002 104.25958 32.9639
v 55.722057 107.4333 31.5454
v 55.692364 106.74712 25.889015
v 60.530697 112.419785 19.905434
v 53.155445 118.89021 28.135279
v 56.39747 119.36213 29.17135
v 51.575325 115.37989 37.86487
v 53.59337 116.99363 34.528934
v 58.42848 115.92581 30.012604
v 58.52623 118.739006 29.899698
v 59.5946 122.10801 22.802942
v 49.06697 115.62049 35.363598
v 49.950317 114.14355 40.18998
v 53.95192 112.353516 38.61581
v 53.423656 114.503006 39.30324
v 52.166523 111.6919 40.853455
v 53.820156 109.56773 36.86548
v 55.96376 113.57739 35.346188
v 57.21747 112.017586 29.817783
v 61.11964 118.8365 23.64704
v 61.076893 121.602585 17.716242
v 62.071598 119.70991 17.501774
v 58.831196 117.64121 24.545006
v 60.28154 118.275 21.84687
v 61.23587 115.58063 17.03163
v 62.36002 117.73125 17.277004
v 64.03151 121.54539 12.333196
v 58.46776 120.07709 23.61972
v 57.550705 117.40799 26.419657
v 57.991653 113.2921 23.917702
v 58.80303 115.33599 24.850822
v 56.73929 113.248375 25.821072
v 56.78868 111.378876 22.365112
v 59.428894 113.88609 21.2445
v 59.405434 113.344025 16.775953
v 63.227715 117.82541 12.048927
v 14.68252 -11.288212 17.524511
v 19.129183 -15.477383 23.457657
v 21.868244 -2.072878 33.21849
v 19.291452 3.7011988 26.940563
v 16.149416 -4.073307 20.369873
v 21.620554 3.3742373 32.18452
v 20.301537 -10.624293 27.766127
v 16.669489 -16.104586 19.07971
v 20.504482 -5.9305673 24.01433
v 7.6443977 -20.064005 43.052055
v 8.30972 -8.74654 53.624092
v 8.867071 -12.433778 46.289536
v 3.160211 -9.642212 60.244034
v 1.9225128 -20.382238 43.85779
v 1.2486855 -14.446646 53.562046
v 13.458234 -21.044462 16.325184
v 16.532335 -26.189974 22.631773
v 18.75543 -13.813615 32.520546
v 17.263315 -7.881254 26.009523
v 14.681699 -14.704141 19.233593
v 18.980356 -8.43551 31.447523
v 17.349539 -21.85657 26.99257
v 14.806387 -26.149267 18.069075
v 18.297224 -17.17941 23.265795
v 9.071185 -18.120968 13.076262
v 15.3584795 -22.681425 18.666883
v 18.025988 -10.415614 27.937635
v 14.059305 -4.823349 22.666185
v 10.404531 -11.63701 16.059204
v 17.196552 -5.023201 27.261219
v 16.757483 -18.449993 22.700382
v 12.138378 -22.599417 14.51501
v 15.738918 -13.825788 18.902403
v 19.693474 -17.22351 29.920084
v 17.480099 -21.825657 39.141365
v 19.005713 -7.34218 46.062233
v 21.23303 -3.0389223 38.207836
v 20.554724 -10.712968 31.945478
v 20.635519 -2.415581 43.920982
v 17.330105 -16.654444 42.399605
v 18.542702 -22.30018 33.81573
v 20.633183 -13.002172 38.00295
v 19.015394 -14.178795 24.305256
v 19.205532 -18.850876 33.51185
v 20.356884 -5.19882 40.796932
v 20.345177 -0.58436996 33.490604
v 19.354965 -7.832528 26.80833
v 21.210135 -0.012107333 38.81475
v 19.19573 -14.174896 37.06807
v 19.253357 -18.886368 27.993736
v 21.664827 -10.135735 31.963423
v 14.462854 -17.048784 17.095406
v 18.574146 -18.039097 27.129004
v 19.206799 -3.2989593 34.060337
v 15.569803 -1.9588898 24.480673
v 14.639172 -10.426101 19.230928
v 18.051785 0.8820756 29.794922
v 18.956501 -12.45779 31.456661
v 16.79239 -20.749426 20.626984
v 18.83288 -9.496279 23.80659
v 6.855747 -30.0726 7.1245008
v 13.356211 -34.393986 12.359883
v 15.32698 -22.521158 23.645802
v 11.344695 -16.944973 18.38339
v 7.745683 -23.744627 11.576463
v 14.481942 -17.144827 22.978422
v 14.225157 -30.423971 18.105715
v 10.555804 -34.140186 6.958993
v 13.177511 -25.862745 14.203678
v 3.113839 -27.69446 6.2588086
v 12.963305 -28.543394 12.768761
v 14.419916 -16.4474 22.927605
v 6.669019 -13.98259 15.728611
v 3.7726104 -22.034832 9.881076
v 11.0026455 -11.817286 20.478575
v 14.612418 -24.47842 18.181799
v 8.086765 -30.168312 6.906782
v 10.108473 -20.710064 12.474373
v 4.847668 -40.16251 3.2507248
v 12.152088 -43.95074 8.165019
v 13.27792 -30.73428 16.845074
v 8.681166 -26.73282 12.301307
v 5.2464695 -34.12586 6.288792
v 12.100829 -26.010305 16.417717
v 12.968941 -39.956696 12.289343
v 9.011671 -43.598515 3.9714284
v 11.11011 -35.596703 8.531259
v 0.2737529 -39.614155 1.8952124
v 10.990701 -38.209267 5.9443965
v 11.713015 -25.663298 16.336102
v 3.190344 -24.578562 10.01869
v 0.5885993 -33.14493 4.818373
v 7.876552 -21.920164 14.420978
v 12.210299 -33.743626 11.519479
v 5.8055663 -41.192616 1.2686553
v 6.9460936 -31.025072 6.4764686
v 2.5577831 -51.08838 -0.7444189
v 11.113795 -52.84762 3.1996057
v 10.605778 -38.90583 10.726498
v 4.674803 -36.360374 6.7100515
v 2.084665 -44.832157 1.7983822
v 8.403495 -34.576733 10.185173
v 11.63095 -48.395298 6.879162
v 7.415917 -53.534744 -0.46454915
v 8.381388 -44.87619 3.1853557
v 1.8581374 -49.868095 -2.8581302
v 9.862728 -48.113407 1.9762046
v 8.5916 -34.625347 10.641789
v 2.2133992 -35.459595 5.2952943
v 0.9040291 -44.410587 0.7002977
v 6.0245233 -32.479836 9.714267
v 9.862673 -42.79287 6.334644
v 7.294826 -51.634758 -2.4854
v 6.0769567 -42.13973 2.5163736
v 21.546457 -12.565057 38.2027
v 16.451014 -15.542215 43.80467
v 15.795273 -8.1515465 48.40753
v 21.647095 -3.8302455 45.498604
v 21.924343 -8.233593 40.865814
v 19.402359 -3.4303956 48.597176
v 15.046677 -13.236949 46.409554
v 19.190948 -16.299006 40.047146
v 20.11807 -10.092392 45.308636
v 8.707824 -35.368355 24.229616
v 9.773041 -21.77375 35.303387
v 10.992512 -30.350653 25.725994
v 3.820834 -19.418325 41.905846
v 1.4678197 -32.256466 27.493528
v 1.4618505 -25.326887 36.92522
v 12.204377 -30.045107 28.522236
v 2.713502 -29.276403 33.236156
v 2.7777686 -21.123644 39.53845
v 12.642917 -19.81834 35.273155
v 13.185748 -25.046917 30.67354
v 7.398955 -18.799574 39.497284
v 1.9174348 -24.898853 36.34415
v 6.8443975 -31.501595 28.409777
v 7.807942 -24.822823 35.182644
v 13.74068 -26.885567 32.997944
v 5.06844 -26.4193 38.311035
v 5.092027 -17.109415 43.753006
v 14.572424 -15.002903 39.66768
v 15.5684395 -20.376894 35.06068
v 8.940491 -13.2073765 43.57886
v 4.5967903 -22.030077 40.810776
v 9.622712 -28.927582 33.560455
v 10.320502 -20.714546 39.84074
v 15.283768 -20.514093 38.608795
v 5.85346 -22.848799 43.52952
v 6.217425 -10.034477 50.820248
v 16.623196 -4.3059053 46.318195
v 17.430704 -11.404026 41.90552
v 12.146341 -5.498054 51.5899
v 4.8036013 -17.025526 46.50603
v 9.586053 -24.831463 38.198387
v 9.937746 -14.46842 45.53744
v 15.945959 -31.980314 22.261227
v 9.616623 -31.589485 29.078337
v 8.198783 -22.719425 34.657455
v 15.009339 -22.446304 27.832916
v 15.189258 -26.858498 22.91388
v 12.798216 -20.55178 34.507633
v 8.876433 -27.034294 32.691
v 12.507935 -33.78623 23.621624
v 13.407991 -27.57346 30.642626
v 16.400555 -28.986444 25.02796
v 11.298602 -28.755957 33.65473
v 9.8615885 -19.062712 37.60301
v 16.848131 -17.5337 31.353113
v 16.698559 -22.888418 25.783693
v 14.556386 -15.987671 38.765366
v 9.701787 -23.719559 35.086433
v 14.470677 -31.438456 27.536137
v 14.542023 -23.66961 33.52391
v 17.12018 -24.617355 30.093292
v 9.563515 -24.520384 37.193
v 8.478947 -11.344683 44.4216
v 19.663187 -7.228311 39.12794
v 19.017332 -15.850668 32.930016
v 15.471293 -5.1518626 46.910187
v 8.257305 -18.83426 40.118885
v 14.290212 -28.211773 32.413586
v 15.004894 -16.924702 40.772385
v 17.536848 -26.568079 24.223446
v 18.076185 -24.622097 33.794907
v 16.785156 -14.395681 35.382374
v 16.878176 -15.766629 25.802198
v 15.138045 -21.442152 23.388716
v 19.294525 -12.104144 31.571865
v 17.603716 -19.129932 34.85854
v 17.469332 -28.104898 28.60355
v 19.421057 -19.957384 30.17665
v 15.114782 -31.911076 17.904802
v 15.89135 -29.05593 24.693172
v 14.201748 -19.849195 29.150406
v 14.350985 -21.260181 19.798847
v 12.610854 -26.935703 17.385365
v 16.767336 -17.597692 25.568516
v 14.788127 -24.238409 27.057713
v 15.6218 -32.550297 20.28268
v 16.93666 -25.293558 23.715815
v 6.6577253 -24.277328 35.48417
v -1.6338809 -25.06113 36.279263
v -0.25407398 -14.3274355 50.338806
v 8.169594 -14.866037 43.928905
v 6.8771043 -20.155924 38.90741
v 3.7759662 -12.538507 50.16273
v -2.855541 -20.018234 40.753685
v 2.0523922 -26.519049 35.91962
v 1.1562922 -21.894453 42.52699
v 7.9791555 -44.70801 18.438942
v 9.889147 -30.29953 26.720984
v 10.7925625 -40.089737 18.683212
v 3.7400537 -26.434198 32.971638
v 0.9140269 -40.32866 19.52338
v 1.1713411 -32.170506 27.153837
v 14.546226 -37.19785 19.395992
v 8.480806 -37.515484 23.65617
v 6.038449 -29.152077 28.582129
v 12.773791 -28.09825 25.567003
v 13.30694 -32.05535 20.22191
v 10.446353 -27.034431 30.059275
v 7.113989 -33.107372 26.077318
v 11.548904 -39.575623 19.068232
v 11.659324 -33.387703 24.866396
v 12.438602 -42.557888 15.382847
v 5.175834 -42.225513 17.211433
v 3.3652992 -33.923904 22.850115
v 10.986466 -33.486195 21.778137
v 11.974501 -37.24296 16.561666
v 7.8746543 -32.41223 25.505491
v 4.148926 -37.81018 19.937025
v 8.953422 -44.60204 14.01075
v 8.962185 -38.608887 19.93843
v 8.673213 -49.15042 11.883353
v -0.8176632 -47.18934 13.771897
v -1.1331542 -39.087303 20.467386
v 9.057501 -38.666664 18.16756
v 10.119688 -44.231216 14.168119
v 3.3950112 -37.053444 21.156206
v -1.2028757 -43.143677 17.69565
v 3.2202117 -50.408703 11.336012
v 4.6944118 -43.48299 17.511126
v 15.042925 -7.92865 18.378523
v 17.16349 -9.467185 19.718683
v 19.795803 -0.1335077 25.77168
v 18.706783 -4.765565 22.183155
v 19.522636 -12.301941 23.273186
v 18.813562 -10.945142 21.27739
v 15.393064 -14.203588 17.816235
v 17.677145 0.32940823 23.490166
v 20.657684 4.463768 29.92223
v 21.531656 -3.4965663 29.441109
v 21.289093 -1.2057303 27.829796
v 22.024775 1.1897299 33.4768
v 21.148855 -6.3967085 30.829025
v 20.782843 -8.041059 25.881285
v 19.761213 -13.598162 25.487528
v 18.006737 -16.42102 21.140951
v 8.710764 -16.465664 44.206257
v 4.866551 -17.098698 46.18209
v 5.4102707 -10.796556 53.884453
v 5.0578775 -13.440212 49.92579
v 1.0223379 -17.73173 48.157917
v 4.755757 -21.264597 42.545868
v 9.025533 -9.9325485 49.58294
v 5.8431964 -8.660316 57.9506
v 1.7950085 -11.660564 58.185966
v 13.782033 -18.027874 17.182274
v 15.520278 -19.893663 18.713892
v 17.720778 -11.54794 24.917376
v 16.869728 -15.758285 21.275146
v 17.105803 -23.169458 22.469824
v 16.785782 -21.645508 20.418682
v 13.921627 -23.991564 16.693125
v 15.9459 -10.835598 22.448353
v 18.322624 -7.3001137 29.100094
v 18.778975 -15.086016 28.741455
v 18.872765 -12.78863 27.107906
v 19.093037 -10.630773 32.77928
v 18.062292 -17.91175 30.096508
v 18.20365 -19.334497 25.154633
v 16.953083 -24.57946 24.69414
v 15.746696 -26.797659 20.236021
v 9.249248 -15.080613 13.994624
v 11.917625 -16.665833 15.035982
v 14.692754 -8.316927 21.056965
v 13.431376 -12.528446 17.40124
v 15.379259 -19.692122 18.320356
v 14.117223 -18.215015 16.377756
v 10.277689 -20.766153 13.315959
v 12.129691 -7.78208 19.25817
v 15.827947 -4.0683427 25.357925
v 17.380852 -11.687152 24.234947
v 16.646309 -9.426908 22.750858
v 17.926056 -7.194065 28.303892
v 17.505888 -14.522531 25.614134
v 16.607851 -15.934938 20.721828
v 16.172516 -21.13319 20.563372
v 13.922871 -23.204004 16.474707
v 20.144575 -14.175508 30.210484
v 20.134249 -16.090042 33.02832
v 21.112717 -6.9187307 38.017517
v 20.875746 -11.74398 35.112614
v 18.665722 -18.935043 38.33978
v 19.761953 -17.758558 35.765102
v 19.140488 -20.196507 31.354332
v 20.984837 -6.496361 34.845005
v 21.097422 -1.8538852 41.332726
v 19.63954 -9.6641035 42.87335
v 20.808361 -7.816259 40.81773
v 19.904837 -4.198342 45.67391
v 18.038486 -11.987106 44.556664
v 19.263437 -14.71472 40.339672
v 17.207523 -19.865513 40.8334
v 17.957201 -22.740221 36.60677
v 19.093952 -11.213414 24.813015
v 20.162169 -12.993526 27.217138
v 21.059328 -4.2464094 32.654198
v 20.908142 -8.839468 29.39008
v 20.16882 -15.961067 32.494114
v 20.697937 -14.625467 29.738441
v 19.118801 -16.928083 25.589783
v 19.798916 -3.8367207 29.986471
v 20.91312 0.5661485 36.463905
v 21.006502 -7.1947403 37.297752
v 21.676327 -5.188337 35.14895
v 20.943617 -1.9460794 40.451538
v 19.693264 -9.733382 39.273582
v 20.828524 -12.010653 34.51995
v 19.107256 -17.148497 35.36697
v 19.26825 -19.478733 30.844263
v 14.3302765 -14.068134 17.562576
v 16.431868 -14.587109 19.51286
v 17.085987 -4.6571946 23.969273
v 17.075201 -9.636911 21.26256
v 18.692284 -15.400535 25.491762
v 18.047768 -15.0499525 21.982727
v 15.472263 -19.522547 18.241669
v 14.954188 -5.9681854 21.688223
v 16.780502 0.33728266 27.154493
v 19.188303 -5.587206 29.796864
v 18.677464 -4.2342024 26.566696
v 18.84917 -0.3627684 32.48719
v 19.158823 -7.8282075 33.343403
v 19.233864 -10.652757 27.375423
v 18.851107 -15.694984 29.520378
v 17.85713 -19.989426 23.876984
v 6.757687 -27.146208 8.912031
v 9.643735 -28.58755 9.414748
v 11.978145 -20.438553 16.774172
v 10.826946 -24.600094 12.783835
v 13.202423 -31.507349 12.565645
v 11.976431 -30.038172 10.453831
v 8.444518 -32.487965 6.3562856
v 9.415081 -19.903704 14.975375
v 13.1133375 -16.189966 21.07513
v 14.69744 -23.776619 19.934078
v 13.9395 -21.540493 18.463547
v 15.211447 -19.31569 24.021097
v 14.853671 -26.57984 21.295189
v 14.066683 -27.939766 16.048462
v 13.875063 -32.985806 15.213828
v 12.221413 -34.777153 9.284232
v 2.891185 -25.28606 7.649517
v 6.1566863 -25.216856 8.218296
v 7.953682 -16.513964 14.404413
v 7.0932007 -20.94802 10.918214
v 11.765258 -26.056099 12.157663
v 9.19158 -25.392065 9.487527
v 5.1821556 -29.403084 5.9115186
v 5.016531 -17.797722 12.750914
v 8.776147 -11.997296 18.283752
v 12.86273 -17.89183 18.573458
v 10.649519 -16.216553 16.273424
v 13.013247 -13.417998 22.375328
v 14.834627 -20.553455 21.089006
v 12.513104 -22.169813 15.068576
v 14.108327 -26.964546 15.528252
v 10.818299 -29.746532 9.543734
v 4.4868045 -37.476402 4.3032036
v 7.5772805 -38.54593 4.927262
v 9.520584 -30.202549 10.735647
v 8.512025 -34.620518 7.2837243
v 11.700011 -41.141777 7.866597
v 10.153201 -39.729656 5.974125
v 6.679444 -42.225063 3.1185298
v 6.776281 -30.070002 9.220316
v 10.566052 -25.538301 14.735301
v 12.740761 -32.869473 13.551474
v 11.697781 -30.935553 12.197269
v 12.955385 -27.672699 17.243982
v 13.216633 -35.40385 14.851967
v 12.3732605 -37.535934 10.283999
v 12.732265 -42.6681 10.181875
v 10.873887 -44.21731 5.874231
v -0.13378116 -36.897804 3.079578
v 3.2097394 -36.35888 2.9874494
v 4.612672 -27.030685 8.655998
v 3.8584538 -31.6818 5.3653445
v 9.257083 -36.082363 5.7999244
v 6.393336 -36.02029 3.644504
v 2.613777 -41.048943 1.0659336
v 1.6383188 -28.600603 7.3109403
v 5.419642 -22.39255 12.403031
v 9.92859 -27.584044 12.224549
v 7.428828 -26.384064 10.220665
v 10.111412 -23.038996 16.02954
v 12.270156 -29.707321 14.448041
v 9.669303 -31.981146 8.715897
v 11.960907 -36.34477 8.704528
v 8.768397 -40.035637 3.1802912
v 1.7848283 -48.441124 0.17627305
v 5.0881886 -48.80462 0.37645322
v 6.005453 -39.724777 5.259167
v 5.486956 -44.564587 2.2996328
v 10.037777 -50.228 2.7952561
v 7.977266 -49.342213 1.081244
v 4.749285 -52.744762 -1.0285491
v 3.111538 -40.290653 4.186764
v 6.583814 -34.585083 8.736879
v 10.0800295 -41.410233 7.702111
v 8.471055 -39.863205 6.4061055
v 9.698764 -35.947266 10.972859
v 11.26069 -43.66156 9.072651
v 10.260098 -46.346157 4.840023
v 11.684005 -51.287884 5.013879
v 9.61426 -53.582798 1.1591496
v 0.88989466 -47.667824 -1.3874283
v 3.9228036 -47.312225 -1.0357492
v 3.7125013 -38.24307 4.445735
v 3.6060936 -43.03149 1.4414861
v 8.520857 -46.378437 1.7337959
v 6.588772 -46.900978 -0.16752332
v 4.4510727 -51.339115 -3.2494776
v 1.2582251 -39.768684 2.9427173
v 4.0304675 -33.200806 7.7134905
v 7.7684255 -37.616096 7.3860006
v 5.9536204 -37.32352 5.93231
v 7.510659 -32.784195 10.814582
v 9.370073 -38.514732 8.823248
v 8.085416 -42.22263 4.258659
v 10.086001 -45.800243 4.151662
v 9.015524 -50.308884 -0.48982772
v 21.900229 -10.433819 39.07352
v 21.025135 -11.949339 41.0726
v 21.148071 -6.0433145 45.436012
v 21.293303 -9.055846 43.365715
v 17.84044 -14.055532 44.153236
v 19.791414 -13.233646 42.8423
v 20.550268 -14.783311 38.66808
v 21.931564 -5.808379 43.164875
v 20.796139 -2.971263 47.394897
v 17.71125 -8.597556 47.618965
v 19.897118 -6.7993426 47.117317
v 17.48941 -5.406607 48.848858
v 15.057924 -10.916862 47.53078
v 17.85447 -11.557524 46.137585
v 15.530841 -14.646205 45.234787
v 17.74779 -16.322561 41.9174
v 10.4901495 -33.72876 24.10618
v 5.624942 -31.36106 28.047731
v 6.6015797 -23.808846 35.32947
v 6.227181 -27.838772 31.32561
v 0.7597347 -28.993357 31.989283
v 4.9087815 -34.629528 25.132853
v 10.951668 -25.873959 30.052502
v 6.862057 -19.525103 39.69633
v 2.2514913 -21.743732 40.60644
v 13.076843 -27.82693 29.338337
v 10.240814 -28.068378 30.646992
v 10.525452 -21.824524 35.518467
v 10.53957 -24.90986 33.207058
v 4.711804 -27.74229 33.445965
v 7.440547 -28.10758 32.00106
v 9.785623 -31.263489 27.962595
v 13.31382 -22.143055 32.790485
v 10.3548975 -18.77578 37.705544
v 4.871684 -22.189772 38.1679
v 7.7178254 -21.75657 37.544815
v 4.7242856 -19.673923 40.058006
v 2.0062842 -22.873552 38.08935
v 4.905413 -24.835829 36.042362
v 2.018823 -27.174753 34.936287
v 4.4045253 -30.77896 30.614138
v 14.954051 -23.854963 33.706673
v 12.619166 -24.418081 35.343597
v 12.653833 -16.872454 39.919724
v 12.984119 -20.46423 37.768208
v 7.3912992 -24.668486 38.345127
v 10.144757 -24.76224 36.912445
v 11.906594 -28.55297 32.78244
v 15.605577 -17.367086 37.21201
v 11.975927 -13.461718 41.934685
v 7.156581 -17.98045 42.512
v 9.803647 -16.902138 41.92165
v 6.590512 -14.703727 44.16604
v 4.611074 -19.583076 42.396564
v 7.498295 -21.290821 40.643265
v 4.4983163 -24.355772 39.70973
v 7.059949 -28.079796 35.8323
v 16.81166 -16.189135 40.064342
v 12.989481 -18.079575 40.916298
v 14.105482 -8.41322 46.689476
v 13.487658 -12.978496 43.943424
v 7.1045475 -20.115932 43.447727
v 9.607157 -19.533884 41.975132
v 12.551127 -23.448553 37.74863
v 17.436802 -7.0891247 43.922592
v 14.783133 -4.1158447 49.294983
v 7.8953953 -11.580868 49.08135
v 10.8873005 -9.86718 48.670883
v 8.942552 -7.4316444 51.939877
v 5.016627 -13.42442 48.70634
v 7.174105 -15.789247 46.24368
v 5.0417943 -20.26185 45.1272
v 7.3608546 -24.501774 40.67263
v 15.816023 -29.588669 22.218058
v 14.548259 -30.373192 24.922888
v 14.436844 -24.204865 29.435276
v 14.527816 -27.32049 27.251616
v 11.22588 -30.30039 29.402172
v 13.083783 -30.747253 27.395123
v 14.533438 -33.394436 22.521624
v 15.111295 -24.428793 24.870453
v 14.310609 -21.05778 31.546402
v 10.954058 -24.35338 33.917038
v 13.228923 -24.13003 32.83813
v 10.255278 -21.21687 35.213326
v 8.1457205 -24.725824 33.833977
v 11.371404 -27.408388 32.14018
v 9.171264 -29.443068 31.17663
v 10.798923 -33.110893 26.1836
v 16.637348 -26.12906 24.91122
v 15.747507 -27.056885 27.884811
v 15.97041 -19.731525 32.79231
v 15.843932 -23.33995 30.168612
v 12.581555 -27.160856 32.767254
v 14.511098 -27.546791 30.592218
v 15.666108 -30.828072 25.770962
v 16.90625 -19.89701 28.008343
v 16.111914 -16.177351 35.585957
v 12.176261 -20.421993 36.88246
v 14.553952 -19.821398 36.20683
v 12.040338 -17.12437 38.949814
v 9.317952 -21.277948 36.188644
v 12.345547 -23.75552 34.81998
v 10.305447 -26.337 34.676105
v 12.850926 -30.60209 30.719398
v 18.145302 -20.579266 30.964582
v 16.621418 -21.824205 34.194668
v 17.744972 -10.743803 40.672707
v 17.239042 -16.318058 37.55919
v 11.856487 -22.472378 38.068096
v 14.668244 -22.608719 36.77807
v 15.947947 -27.296299 30.704647
v 19.730288 -11.100192 35.60109
v 18.195053 -5.135493 43.660725
v 11.770849 -12.796424 43.94412
v 15.258783 -11.078763 44.02637
v 11.637309 -7.607542 46.587086
v 7.782043 -15.205437 42.143906
v 11.85903 -17.809853 41.15363
v 8.615441 -21.875614 38.711433
v 11.808585 -26.959452 34.835045
v 16.24573 -24.262917 23.372543
v 17.680315 -24.286407 26.456604
v 18.093153 -17.010597 27.70068
v 17.787914 -20.644993 26.958185
v 18.563412 -23.120275 32.08176
v 18.618382 -24.006618 29.404922
v 17.671537 -27.931332 26.07548
v 15.553657 -18.532084 24.137913
v 18.497213 -13.379714 28.563631
v 18.765467 -16.036144 33.328743
v 19.530981 -16.00624 30.889082
v 18.153873 -12.672734 33.976547
v 16.898281 -16.583178 35.394043
v 19.020748 -19.488882 32.693096
v 18.011925 -21.930656 34.62286
v 17.749765 -26.841 31.482584
v 13.718539 -29.756468 17.369192
v 15.363376 -29.48049 19.824293
v 15.565963 -22.50578 21.698961
v 15.313286 -26.065716 20.799635
v 16.231853 -27.944576 24.14072
v 16.402912 -28.958523 22.130949
v 15.564847 -32.822685 18.810944
v 13.026465 -24.025635 18.134563
v 15.970021 -18.873262 22.560282
v 16.12584 -21.451252 26.869783
v 16.97568 -21.48222 24.773867
v 15.626682 -18.166286 27.973198
v 14.146221 -21.91658 28.476206
v 16.401922 -24.717068 25.635809
v 15.455496 -26.684643 26.002047
v 15.83871 -31.152933 22.51507
v 6.945655 -22.430416 36.81323
v 3.9906316 -23.842701 38.287006
v 4.859772 -17.58118 44.187916
v 3.8742833 -21.326418 41.166607
v -0.81640387 -24.051453 38.74187
v 1.3113611 -24.60103 39.137608
v 4.6578984 -25.744507 35.478256
v 7.807493 -17.405994 41.20866
v 6.39618 -13.221463 47.280083
v 0.008716492 -17.349129 46.514385
v 2.1731482 -17.610758 46.259163
v 1.5976678 -12.883401 51.47741
v -1.8946187 -16.941893 45.861595
v -0.9920393 -21.257574 42.089745
v -2.668416 -22.847921 37.72297
v -0.052572787 -26.288048 35.932384
v 9.984709 -43.441643 17.977476
v 5.1648355 -39.898388 20.412281
v 6.5179834 -31.811832 26.62094
v 5.9819517 -36.13012 22.918526
v 0.34496194 -36.355137 22.847086
v 4.207176 -43.39165 18.504122
v 10.971442 -35.14948 22.119644
v 6.913472 -27.218538 30.921436
v 2.0645242 -28.474188 31.12223
v 14.164249 -34.721756 19.509762
v 13.0669775 -35.846203 20.71749
v 12.358492 -29.980446 25.463184
v 12.724608 -32.855915 22.830284
v 9.851202 -36.194267 23.503096
v 11.714396 -36.49544 22.017756
v 13.397471 -38.893894 18.864748
v 13.029695 -29.788378 22.548294
v 11.980502 -27.162378 28.356138
v 8.919411 -30.57391 27.83377
v 11.16312 -30.224844 27.513277
v 7.9678617 -27.768055 29.820002
v 6.151531 -30.975306 27.289469
v 9.628133 -33.381927 25.757986
v 7.7327013 -35.41789 25.080973
v 9.831446 -39.008774 21.15865
v 12.502538 -40.00371 15.744183
v 10.86578 -41.074375 16.341139
v 10.224384 -35.31687 21.263807
v 10.618422 -38.10631 18.531565
v 6.8728223 -41.12525 17.801235
v 9.049162 -41.622425 17.004642
v 11.039799 -44.13175 14.421625
v 11.597386 -35.049362 18.891346
v 9.757008 -32.616745 24.266964
v 6.1119604 -35.624443 22.471703
v 8.509777 -35.52752 22.752014
v 5.305044 -32.843884 24.641388
v 3.3725388 -35.664497 21.307133
v 6.705634 -38.389923 20.219242
v 4.5166225 -40.10546 18.664375
v 6.8267674 -43.845497 15.300456
v 9.824741 -46.994095 12.801445
v 6.9887123 -47.084038 13.779799
v 7.164848 -40.572502 18.126568
v 7.4463844 -43.82303 16.102829
v 1.4597021 -46.18599 15.241511
v 4.188445 -46.9045 14.634405
v 6.161436 -50.350296 11.307124
v 10.061718 -41.2117 16.090101
v 6.5137067 -37.327225 20.00066
v 1.4025779 -40.468365 19.725374
v 4.2758455 -40.22687 19.544502
v 0.6660907 -37.70539 21.201
v -1.4628218 -41.003426 19.287714
v 1.7851025 -43.27926 17.866594
v -1.2332789 -45.197998 15.724868
v 0.78033936 -49.140644 12.233275
v -46.584476 71.60279 52.382324
v -44.437027 59.861393 62.636333
v -26.466915 68.72824 95.099594
v -29.928545 80.04016 90.76884
v -37.986702 78.06605 71.73823
v -26.782217 76.61268 99.29766
v -29.212183 63.604675 82.47136
v -49.999176 62.482624 53.407616
v -34.00394 69.513306 81.55526
v -42.44216 78.641335 60.82553
v -40.7004 68.78679 67.81729
v -34.27842 64.63667 73.5252
v -43.3505 60.36947 54.31274
v -36.666275 52.878998 62.262196
v -24.188519 62.47731 89.58281
v -28.243156 71.07109 83.720085
v -35.683205 67.26299 68.7965
v -25.27858 68.970314 91.607925
v -25.464169 57.23698 79.83508
v -43.037292 54.23515 54.616634
v -30.35467 61.586044 77.876625
v -40.133606 64.30043 61.417164
v -34.766125 57.897038 66.89184
v -28.439669 55.35487 72.3891
v -52.194237 110.99461 24.881739
v -58.91573 123.32089 15.501873
v -87.838684 149.6665 -132.04375
v -84.5623 133.83781 -122.54408
v -67.280495 122.45158 -29.311398
v -68.18755 135.95015 -27.00535
v -86.66348 144.32362 -134.12982
v -85.664024 140.14622 -133.3133
v -50.07054 114.18567 34.772934
v -51.17597 116.16173 33.074184
v -64.82248 129.46013 -27.231232
v -65.3429 131.23729 -26.772434
v -82.274124 149.48541 -84.83422
v -81.46669 144.83989 -86.32883
v -80.417274 142.82214 -87.05377
v -78.70567 131.92737 -88.32483
v -52.413853 105.17885 26.180643
v -59.156334 116.76511 16.05646
v -85.98925 136.88736 -128.34978
v -82.275795 121.96265 -118.49138
v -68.67901 115.20634 -26.828384
v -68.34345 127.36975 -25.386745
v -85.05008 131.62035 -130.21385
v -84.32335 127.611305 -129.26364
v -51.27836 108.159294 35.57057
v -52.0579 110.002396 33.805157
v -66.109604 121.8136 -25.216621
v -66.0777 123.41351 -24.87091
v -79.875046 139.00195 -82.380264
v -79.07528 134.57172 -83.64491
v -78.58731 132.0486 -84.244705
v -77.565475 121.585236 -85.03448
v -51.193844 108.05341 33.792225
v -55.62936 114.44373 27.21848
v -85.736115 128.24342 -122.80115
v -82.58036 114.84646 -110.41365
v -67.75471 115.69235 -16.451172
v -67.54411 124.59992 -15.199147
v -85.115166 124.5362 -125.21913
v -84.89954 121.86377 -122.80447
v -49.290924 109.448395 41.6251
v -49.8521 110.41893 40.466553
v -65.56055 119.80437 -15.386577
v -65.566864 120.99279 -15.0790825
v -78.37465 128.0846 -71.21393
v -77.5805 123.56536 -71.76872
v -77.14675 121.651886 -72.12354
v -76.06746 114.40201 -73.19165
v -46.873207 104.38116 45.054
v -51.002174 108.897354 39.5899
v -85.29166 119.37417 -113.40671
v -82.694885 106.21382 -96.68989
v -65.60987 110.80759 -4.95599
v -65.21203 117.52995 -3.300501
v -85.026535 115.348946 -116.02608
v -84.877 110.45714 -110.17389
v -44.83867 104.703835 53.110844
v -45.38415 105.38156 52.143715
v -64.14788 113.35716 -3.561704
v -64.142876 114.26495 -3.213314
v -75.774994 119.09428 -57.202805
v -74.99249 114.559265 -57.66766
v -74.57887 112.75058 -57.66484
v -73.66306 108.384636 -59.12679
v -40.65903 101.31082 53.77615
v -46.69901 105.838326 47.441063
v -84.8506 110.44199 -99.485756
v -79.864716 96.68167 -84.92207
v -59.961216 102.83466 5.4272904
v -61.773247 109.95988 6.8860464
v -84.393295 107.04388 -101.7845
v -83.29765 104.40228 -98.95018
v -39.067867 102.6445 61.695797
v -39.86121 103.37084 60.578716
v -59.03417 105.66993 6.7905927
v -59.34215 106.62341 7.1198716
v -74.07868 110.462425 -47.49544
v -72.923775 106.34401 -48.472862
v -72.222565 104.9185 -48.96304
v -70.44387 100.11928 -50.485474
v -39.485954 96.89589 54.826553
v -45.701843 101.35604 48.40528
v -82.908875 102.00074 -88.93838
v -77.15447 90.67712 -75.56398
v -58.560596 96.79749 7.7249637
v -60.171135 104.50482 8.772854
v -82.198044 97.054985 -88.63742
v -80.940056 94.85232 -85.89821
v -37.98728 98.32502 62.67574
v -38.826916 99.042755 61.548
v -57.811653 100.021515 9.030666
v -58.078556 101.04826 9.30223
v -72.087204 103.05413 -42.450954
v -70.641815 98.38391 -42.610977
v -69.85633 96.88709 -42.93624
v -67.90326 92.2416 -44.441
v -35.442707 93.77873 66.19167
v -41.488396 98.02592 59.699665
v -78.36864 93.25338 -76.19074
v -73.48127 81.44505 -58.40457
v -54.607346 90.91042 21.732733
v -56.34892 99.96334 21.437988
v -77.823814 89.74003 -76.5457
v -76.7181 87.46031 -73.106125
v -33.86787 95.9849 73.54152
v -34.661213 96.607635 72.419815
v -53.637493 94.84142 22.276445
v -53.93473 96.077576 22.361439
v -67.74596 97.88625 -26.73935
v -66.80747 93.38587 -25.486767
v -66.19133 91.82221 -25.24473
v -64.73321 86.613 -24.550013
v -34.215595 89.11689 67.79846
v -40.35159 93.18979 61.08354
v -76.05388 85.09651 -64.30057
v -71.27162 74.35928 -44.2045
v -52.99859 83.24186 26.692482
v -53.924706 94.00861 24.037926
v -75.11817 81.259 -59.749146
v -74.02567 79.229614 -55.759876
v -32.787285 91.78619 74.72786
v -33.62692 92.35114 73.622696
v -52.068867 88.01124 25.921854
v -52.241768 89.48452 25.666157
v -65.65564 90.53842 -20.011372
v -64.8909 84.81959 -16.79842
v -64.300476 82.688675 -15.931278
v -62.908703 75.11364 -13.427234
v -34.10138 88.70494 66.2208
v -39.468975 90.54842 61.446465
v -72.84494 78.630455 -47.55702
v -66.85103 67.994194 -29.603008
v -48.68241 81.22173 36.228786
v -51.512135 88.809875 34.26126
v -72.3186 75.79977 -49.512054
v -71.10373 73.88124 -46.171223
v -33.142063 90.89737 71.31505
v -33.870045 91.16537 70.509445
v -48.63074 84.59076 35.72301
v -49.054337 85.61188 35.546745
v -63.364952 83.70152 -4.205368
v -61.974663 79.36057 -1.9483252
v -61.173916 77.91118 -1.2510341
v -58.499207 72.87552 1.4906075
v -32.332603 85.30872 67.28927
v -37.91379 86.90565 62.582123
v -68.46458 71.8509 -35.659252
v -62.710636 60.85286 -14.961596
v -45.37187 74.55521 40.113945
v -49.00831 83.224144 37.572514
v -67.792595 67.851814 -33.39461
v -66.59255 65.71222 -29.26659
v -31.638885 87.84068 72.19115
v -32.390053 88.052574 71.40602
v -45.513657 78.37056 39.402706
v -46.68696 80.06941 39.150185
v -59.01054 75.67308 5.5743895
v -57.158142 70.56977 9.13469
v -56.188877 68.833244 10.113411
v -53.837646 63.5616 12.9505825
v -28.554037 84.06643 75.72251
v -34.0399 86.35118 70.70522
v -64.08898 64.15658 -19.12024
v -56.591774 52.22615 9.31561
v -41.198895 70.13067 49.969383
v -45.16945 79.82488 47.139828
v -63.145138 59.826054 -14.299408
v -61.572277 57.609104 -8.648874
v -27.908962 87.42908 80.2764
v -28.623056 87.713974 79.43606
v -41.066673 74.0886 48.837208
v -41.63605 75.39333 48.53269
v -54.3627 71.13589 19.416971
v -52.52092 66.6577 23.10224
v -51.68382 65.21281 24.263294
v -49.37645 60.43395 27.932974
v -26.97665 81.03075 76.72494
v -32.394333 82.720535 71.98889
v -59.18274 56.11388 0.21099783
v -51.747925 47.956173 23.27533
v -39.147144 64.58498 53.40128
v -42.23652 74.47835 50.11712
v -56.95113 51.04059 10.524568
v -55.34156 49.285362 15.378174
v -26.404772 84.317764 81.37891
v -27.142012 84.499794 80.62638
v -39.36992 68.71495 52.416355
v -39.812202 70.040276 52.064705
v -50.492485 64.447495 27.875969
v -48.61089 59.571095 32.0407
v -47.75087 58.111423 32.97648
v -45.444893 53.871883 34.56086
v -23.427507 80.543915 80.94498
v -27.891163 81.2653 77.4781
v -52.06048 49.055298 23.754408
v -41.673367 46.044613 40.999187
v -33.12523 64.08721 64.970955
v -36.10027 71.58156 61.64736
v -48.175766 45.996265 31.47796
v -45.964222 45.361324 35.09784
v -22.860668 83.77101 84.080734
v -23.465904 83.8123 83.53063
v -33.5507 67.22267 63.824623
v -33.96897 68.23456 63.450195
v -43.127686 60.681576 43.886967
v -40.852226 57.010323 47.413113
v -39.94171 55.92081 48.234737
v -37.527138 52.72827 49.83758
v -18.994354 -21.637238 24.78307
v -27.922615 -36.382412 18.682053
v -77.340576 -171.21193 -59.497715
v -55.535812 -154.61966 -54.047318
v -33.60904 -77.21084 -6.205636
v -44.113605 -77.69578 -3.484337
v -71.93064 -172.39258 -61.51616
v -67.87846 -169.48528 -60.298492
v -18.273954 -12.860937 32.583164
v -19.613298 -15.153562 31.583046
v -38.45981 -75.0996 -5.24989
v -39.785618 -75.07244 -4.7194095
v -63.279533 -127.030396 -31.194294
v -55.90043 -125.056305 -31.738571
v -52.975266 -124.1493 -32.20815
v -41.6804 -120.59277 -33.688625
v -14.024832 -17.809855 23.964434
v -18.282495 -19.000452 27.880833
v -62.58257 -161.92665 -54.507454
v -38.46691 -139.37856 -44.601135
v -25.4696 -70.41091 -2.9341831
v -32.228363 -68.672005 0.02395641
v -58.292706 -161.09984 -56.348103
v -50.175198 -153.51637 -52.399654
v -13.567819 -9.171354 29.340004
v -14.225936 -9.352676 29.860386
v -28.155947 -68.533745 -2.3229148
v -29.027212 -68.28096 -1.8372517
v -47.946953 -114.84006 -26.235947
v -41.138054 -112.6806 -27.189264
v -38.429527 -111.503586 -27.384392
v -31.578976 -109.88712 -28.619814
v -10.419691 -14.88684 20.318857
v -15.119328 -15.650344 25.589375
v -47.280563 -145.59251 -46.068336
v -19.620216 -124.14867 -39.173985
v -15.850617 -62.167168 -3.415509
v -23.16292 -61.698414 0.56585985
v -41.37946 -143.77487 -46.156082
v -36.07889 -139.6914 -45.07542
v -10.859134 -6.8793087 26.106756
v -11.647805 -6.9289646 26.8224
v -18.850096 -60.52425 -2.449127
v -19.776533 -60.43891 -1.792019
v -35.047512 -106.20738 -22.746246
v -28.697945 -104.683556 -23.895311
v -26.578716 -104.09746 -24.62126
v -19.365692 -102.43823 -26.675419
v -6.0002685 -15.878352 18.317202
v -10.526226 -17.063713 23.337503
v -29.454926 -132.03845 -39.698467
v -10.186139 -117.91357 -35.386116
v -8.94861 -60.139923 -3.7758627
v -16.867783 -59.601818 -0.053074025
v -19.737785 -125.951294 -39.620472
v -16.180372 -123.35618 -38.819073
v -6.5375514 -8.7248335 23.52885
v -7.286355 -8.822335 24.233255
v -12.242569 -58.618927 -2.6873941
v -13.24719 -58.50904 -2.070219
v -23.781973 -101.22477 -21.54604
v -16.845804 -99.466866 -23.030794
v -14.9112835 -99.13955 -23.864687
v -9.314959 -99.2574 -26.461134
v -0.7240798 -10.416349 20.56633
v -5.808017 -13.7112055 22.509209
v -13.509451 -118.36595 -35.44274
v 1.1774306 -110.34239 -32.191486
v -0.16182172 -49.599777 1.5749993
v -9.609068 -49.336437 4.7562056
v -8.90172 -118.51592 -34.735466
v -6.036368 -116.89807 -33.90001
v -2.3220346 -5.095985 24.244473
v -3.0897326 -5.55412 24.468372
v -4.2751746 -48.14461 2.2299042
v -5.5320807 -48.071236 2.7820075
v -14.532359 -90.04845 -17.714457
v -8.253883 -89.15172 -18.496279
v -6.360492 -88.8558 -19.13077
v -0.6107511 -88.45269 -21.407219
v -65.870766 126.43994 0.13998151
v -64.48764 114.93333 5.7636113
v -66.34578 124.859535 -1.1004497
v -65.8213 121.84387 -0.6011674
v -59.47449 118.32282 23.778124
v -57.853294 114.613174 27.215734
v -57.94417 113.450745 26.449255
v -57.18529 110.11287 20.691463
v -65.169914 118.0488 2.3424711
v -62.10429 107.150375 7.710491
v -65.67187 114.948845 1.2014987
v -65.171585 112.18798 1.7043159
v -57.820366 112.16157 25.5068
v -56.188965 109.495415 27.80129
v -55.60931 108.508286 26.81526
v -54.670692 104.635284 21.557457
v -64.720894 111.51811 5.2468376
v -61.158318 101.906715 11.881764
v -64.98774 109.349945 4.0775666
v -64.466675 107.34445 5.349976
v -54.5118 106.07487 30.73444
v -52.16425 103.31657 33.976868
v -51.699596 102.48341 33.2641
v -51.937073 99.80067 28.328901
v -63.011044 104.997444 10.40548
v -60.027878 95.569244 19.01679
v -63.53373 102.46614 8.865815
v -62.816517 98.74506 11.517831
v -50.98169 102.158394 38.15593
v -48.070885 99.72644 41.826447
v -47.626053 99.02726 41.153038
v -48.636105 96.764305 36.240932
v -61.06114 98.33855 15.7227335
v -55.850704 89.98805 24.931223
v -62.131943 96.02082 15.900415
v -61.115135 94.46415 17.725304
v -48.74093 98.08795 42.572872
v -45.75652 96.306984 45.97517
v -45.16542 95.62158 45.15073
v -45.329933 92.85615 40.076237
v -58.363914 92.985794 22.721817
v -53.03314 86.21666 29.553974
v -58.140923 89.895134 23.098717
v -57.030098 88.6327 24.510628
v -46.398533 93.76461 44.90383
v -43.106487 91.49235 47.31217
v -42.422752 90.645065 46.55927
v -42.451622 87.84142 42.252224
v -54.070873 87.89518 29.355309
v -48.498173 80.39294 38.930206
v -54.204796 85.40869 29.096928
v -53.014355 83.951096 30.79905
v -43.51708 91.05618 53.04608
v -40.694473 88.89396 57.00732
v -40.068207 87.975105 56.79444
v -39.798492 84.59995 53.744728
v -57.515884 81.53108 23.587355
v -51.281048 71.4528 35.183533
v -57.34148 76.50625 25.017887
v -56.030647 74.69799 27.273369
v -42.076984 87.87707 55.154346
v -38.433796 83.69915 61.329563
v -37.745853 82.05982 61.509575
v -37.967686 76.95015 58.329796
v -53.89644 72.220314 31.14283
v -47.321003 61.26643 43.672195
v -54.160683 67.36381 28.379921
v -52.88189 65.44417 30.6953
v -40.38168 83.1394 63.919807
v -36.92265 81.56682 70.61037
v -36.099625 80.237595 71.04175
v -35.130722 73.58476 68.77712
v -50.19582 62.1768 41.076557
v -43.45111 56.350647 54.02281
v -49.352264 56.187355 40.486103
v -48.028667 55.132084 42.91683
v -38.184784 79.757286 66.89025
v -34.15128 78.93986 73.57427
v -33.34478 78.02948 74.05119
v -32.995373 73.54887 72.09007
v -53.685547 121.262634 16.173258
v -59.350872 127.75199 7.9740944
v -86.299126 150.9804 -125.94818
v -84.430435 148.51692 -118.14917
v -68.71876 135.81555 -32.230263
v -69.63598 139.65996 -28.186434
v -86.17912 149.27534 -128.77971
v -85.3764 148.78577 -128.24544
v -52.366913 119.815254 25.184542
v -52.944267 120.54698 24.692825
v -67.75412 136.08833 -28.823038
v -68.27693 137.2685 -27.972874
v -81.481514 150.50348 -80.58918
v -82.884674 149.62694 -84.298416
v -81.80316 149.17328 -84.98429
v -79.4645 148.14908 -85.29389
v -69.458916 138.54114 -27.634474
v -55.915737 123.53009 18.70384
v -87.019356 149.5274 -129.68666
v -83.053986 150.21974 -82.8107
v -33.88589 79.11341 81.30137
v -27.779602 79.11452 96.7192
v -32.14099 75.80662 86.510216
v -28.967937 68.942 90.346176
v -30.475277 72.43707 90.07362
v -39.105198 73.47327 70.44127
v -36.062737 73.569336 77.38849
v -26.279524 72.81084 98.64942
v -27.539783 65.38416 88.97329
v -34.421272 66.2663 76.5882
v -31.675478 66.33865 82.75506
v -44.433437 75.937126 55.948746
v -45.32395 70.58586 58.109726
v -41.961296 73.23869 64.4284
v -42.72404 63.760246 64.2578
v -45.119225 66.203835 60.727234
v -48.939877 66.723915 51.63815
v -40.566017 78.62983 65.50082
v -37.203808 69.09325 74.44823
v -37.87943 66.23636 70.77824
v -39.233624 62.28588 68.24489
v -48.26188 60.061043 57.382126
v -31.198168 64.21589 77.79467
v -31.863165 69.47533 76.10422
v -26.288107 70.79471 88.898476
v -29.844687 67.30064 80.95549
v -26.217827 62.294777 85.38466
v -27.928734 64.96183 84.48843
v -35.282524 62.34168 68.73963
v -32.982437 64.313866 73.93004
v -24.495142 65.922035 91.816986
v -24.609446 59.463596 84.96255
v -29.392815 57.573616 74.507965
v -27.872917 59.300858 79.449326
v -41.973957 62.640236 57.494843
v -40.50905 59.012604 58.93736
v -37.52978 60.776962 64.15262
v -35.648197 54.683674 63.919197
v -38.56138 56.116558 60.90408
v -43.85432 57.148434 53.407978
v -38.238354 65.68968 64.5426
v -32.33218 59.475655 72.28023
v -31.68281 56.30418 69.63859
v -32.25226 53.982376 67.45851
v -40.451283 52.88763 57.774807
v -26.45894 56.153572 76.07927
v -60.16168 125.91472 0.62353647
v -74.697464 141.42099 -56.48049
v -66.60856 133.26735 -26.852766
v -63.075756 129.02629 -2.9575071
v -54.535812 118.96257 27.024126
v -57.08555 122.70097 4.143037
v -57.935608 123.5555 3.2939334
v -57.973206 119.13217 2.804429
v -73.43824 133.43285 -59.26625
v -65.8294 126.4462 -28.14222
v -57.226437 121.7577 3.7776134
v -49.993343 111.65447 33.662388
v -59.022915 115.66553 1.5273645
v -73.54028 138.80333 -57.827644
v -64.70393 130.5127 -26.836613
v -50.07615 115.12875 35.116993
v -86.23447 151.33278 -112.64286
v -85.61455 148.5111 -111.772835
v -81.8817 146.87059 -85.6553
v -84.51477 144.83936 -111.35269
v -85.02964 146.18233 -111.23278
v -87.62171 147.04707 -136.36172
v -75.42275 143.96387 -55.29298
v -74.045525 139.49515 -57.411034
v -83.17405 138.50822 -110.30178
v -83.93967 142.83154 -111.3149
v -79.61478 138.11319 -87.6315
v -82.313194 133.02715 -108.80098
v -85.4247 136.76062 -130.12459
v -73.29882 137.4233 -58.267117
v -73.7681 128.13718 -60.54522
v -81.00657 143.97739 -86.70727
v -86.04393 142.34529 -133.88103
v -60.919334 118.81776 1.8361807
v -73.640755 131.86424 -54.3055
v -67.04988 125.11813 -25.073067
v -63.453854 121.614815 -1.9397869
v -55.018944 112.740234 27.583838
v -58.53139 115.93889 5.539018
v -59.05509 116.69951 4.6498737
v -59.310287 112.62661 4.434504
v -73.466034 124.40578 -56.638176
v -67.20963 118.972824 -25.926289
v -58.799404 115.06992 5.2263246
v -50.589466 105.82378 34.619755
v -59.942604 109.39613 3.4031198
v -72.91503 129.5448 -55.495834
v -65.74828 122.80291 -24.891796
v -51.28944 109.013794 35.883217
v -83.877335 139.21034 -109.53071
v -83.19892 136.50906 -108.58461
v -79.44081 136.50993 -83.072296
v -82.36016 132.96829 -108.046104
v -82.65003 134.27322 -107.97694
v -85.93606 134.18492 -132.4697
v -74.25713 134.11028 -53.26626
v -73.15113 130.16136 -55.122704
v -81.23847 126.92902 -106.76583
v -81.999565 131.03873 -107.929825
v -78.12661 127.52476 -84.61381
v -80.27712 121.72924 -105.07798
v -83.57597 124.47593 -126.00606
v -72.998116 128.22334 -55.856968
v -74.12637 119.34016 -57.62943
v -78.84716 133.74109 -83.97873
v -84.66361 129.71097 -129.9057
v -59.36414 117.749855 11.178764
v -72.64451 124.74463 -42.99438
v -66.417984 122.54728 -15.113282
v -61.25673 119.57185 8.94461
v -51.896633 111.65239 36.67629
v -57.54371 115.86965 13.347668
v -57.962738 116.368805 12.838067
v -58.314186 113.83667 12.816423
v -72.296844 119.01097 -44.995445
v -66.49717 118.03351 -15.860088
v -57.77241 115.33232 13.182232
v -48.939545 108.03015 41.263508
v -59.0125 111.861885 12.350429
v -71.92308 122.31922 -43.855576
v -65.26575 120.43464 -15.148211
v -49.28932 109.964455 41.737804
v -82.87706 128.61945 -100.99721
v -82.190575 126.07312 -99.740234
v -77.93746 125.525406 -71.518654
v -81.51674 123.16833 -98.44493
v -81.67886 124.07377 -98.78792
v -85.923775 126.504326 -127.810455
v -73.256874 127.09115 -42.266617
v -72.157974 122.96501 -43.573563
v -80.563774 118.31786 -96.658516
v -81.28482 121.776474 -97.979164
v -76.66758 118.52158 -72.593605
v -79.59815 113.82587 -94.910416
v -84.22269 118.25699 -118.9568
v -71.96199 121.45271 -44.207256
v -72.77967 115.78162 -46.001884
v -77.38399 122.80367 -71.90947
v -84.9854 123.4731 -124.22118
v -56.445534 111.78235 22.86581
v -70.47261 116.68828 -29.672655
v -64.60619 115.67196 -3.2345135
v -57.818092 113.38734 20.88961
v -47.137745 106.456085 48.797222
v -55.127655 110.129105 24.77839
v -55.429787 110.56654 24.332056
v -55.517124 108.90963 24.100487
v -70.18997 112.34883 -31.900227
v -64.769325 112.25677 -4.1754208
v -55.25236 109.8001 24.577106
v -44.34914 103.93495 52.651943
v -55.851925 107.73843 23.486198
v -70.0215 114.37783 -30.495697
v -63.96458 113.75996 -3.2816894
v -44.900734 104.991745 53.261505
v -81.26687 119.53475 -89.03911
v -80.52339 117.00204 -87.7529
v -75.34495 116.55655 -57.496243
v -79.78246 113.215164 -85.31109
v -79.96642 114.78895 -86.49934
v -85.8549 117.7361 -119.22609
v -70.810524 118.92914 -28.977283
v -70.19087 114.990234 -30.226103
v -79.097496 109.32742 -82.45515
v -79.612495 111.61616 -84.0193
v -74.16928 110.825745 -58.263588
v -78.409996 106.69382 -80.75481
v -84.50017 107.84148 -105.56081
v -70.00702 113.835785 -30.910666
v -70.471634 110.38942 -33.177086
v -74.7952 113.642845 -57.59503
v -84.87651 112.941124 -113.3355
v -51.71718 106.504524 32.315315
v -67.36221 108.309555 -20.017555
v -60.393364 108.0605 7.0364532
v -53.918457 108.06889 29.962057
v -42.187336 104.29509 56.7066
v -49.55967 104.87058 34.60667
v -50.077164 105.31385 34.06478
v -49.640636 103.46465 33.89696
v -66.162605 104.03256 -22.472967
v -59.422165 104.44764 6.189528
v -49.60179 104.48431 34.398293
v -38.33856 101.78263 61.126865
v -49.677837 102.12829 33.249153
v -66.39164 106.08514 -21.00126
v -58.948296 106.11087 7.0693126
v -39.198406 102.99728 61.877422
v -80.343666 110.7141 -77.376625
v -79.47079 108.37695 -76.22682
v -73.446945 108.1242 -48.040665
v -78.354576 105.78162 -75.03794
v -78.755295 106.55954 -75.35469
v -85.46418 108.84876 -104.4945
v -68.19093 110.48436 -19.1705
v -66.70521 106.66604 -20.68701
v -76.80063 101.516655 -72.816315
v -77.84442 104.58628 -74.463
v -71.43205 102.84654 -49.628815
v -75.49002 97.50989 -70.63376
v -82.21877 100.114845 -94.01964
v -66.26346 105.54719 -21.437511
v -66.07542 102.029594 -23.808023
v -72.61773 105.67988 -48.67902
v -83.84681 106.136826 -100.73743
v -50.5664 101.66605 33.650867
v -65.53999 101.71231 -16.636103
v -58.982872 102.53688 9.091421
v -52.65627 103.243 31.191153
v -41.22025 99.94753 57.62628
v -48.52711 100.01517 36.05079
v -49.01164 100.46487 35.48071
v -48.527782 98.51467 35.31925
v -64.28757 96.999695 -18.610405
v -58.125137 98.63255 8.455013
v -48.55257 99.60306 35.838
v -37.21297 97.521416 62.082893
v -48.47787 97.08814 34.647514
v -64.60753 99.33139 -17.335234
v -57.742138 100.51829 9.297525
v -38.137264 98.66702 62.864296
v -78.37289 102.765015 -69.539665
v -77.29019 99.81571 -67.60318
v -71.29127 100.40203 -42.533653
v -75.937614 96.604576 -65.55951
v -76.4107 97.53827 -66.12403
v -83.41294 99.59137 -92.258705
v -66.33403 104.037964 -16.06065
v -64.90986 99.95426 -17.098612
v -74.20457 93.53568 -64.196304
v -75.369415 95.706436 -65.1651
v -68.9893 94.87957 -43.589886
v -72.74138 90.728615 -62.94031
v -79.6766 92.57991 -82.616196
v -64.45832 98.72083 -17.715866
v -64.106026 94.723274 -19.761892
v -70.28533 97.633736 -42.67756
v -81.57714 95.90965 -87.211266
v -46.46634 97.69084 45.340347
v -61.55687 96.87929 -1.487913
v -54.978474 97.75485 21.979599
v -48.67602 99.23009 42.903202
v -36.98734 97.15705 68.64771
v -44.300705 96.063 47.725933
v -44.820087 96.51426 47.15532
v -44.378647 94.20722 47.258167
v -60.560097 91.62718 -2.0387166
v -54.04405 93.14476 22.029503
v -44.34222 95.554756 47.583214
v -33.13856 95.042114 73.067055
v -44.412537 92.44003 46.841957
v -60.670845 94.25958 -1.5578665
v -53.54439 95.46274 22.42374
v -33.998405 96.36183 73.68842
v -73.868645 95.65154 -55.01069
v -73.05454 93.38187 -52.57436
v -67.23705 95.33227 -26.019972
v -71.99785 90.849144 -49.987377
v -72.38332 91.61385 -50.70945
v -78.94068 91.2298 -80.13991
v -62.30581 99.41946 -1.5163257
v -60.960896 94.954285 -1.491195
v -70.59318 86.89688 -46.7103
v -71.52538 89.729546 -49.09278
v -65.53905 89.57204 -24.95061
v -69.4311 83.20769 -43.583878
v -75.6849 83.911736 -67.89389
v -60.574615 93.56171 -1.7272621
v -60.58643 89.074326 -2.4212003
v -66.53652 92.65468 -25.325901
v -77.25701 88.943306 -75.09558
v -44.879414 92.30452 47.22284
v -59.521652 89.593155 3.5703022
v -52.96955 91.43798 24.977043
v -46.855267 93.89437 44.620262
v -36.020252 92.68192 69.88816
v -42.957817 90.617134 49.793293
v -43.411087 91.087746 49.16674
v -43.004246 88.57564 49.715622
v -58.84788 82.53338 4.915411
v -52.46079 85.95266 26.243422
v -42.99655 90.05798 49.757812
v -32.012974 90.80047 74.25992
v -42.996418 86.63168 49.670074
v -58.960224 86.33158 4.2059507
v -51.968693 88.765396 25.85526
v -32.937263 92.177826 74.87569
v -71.746086 87.82116 -45.770714
v -70.85645 85.06326 -41.45825
v -65.24689 87.29369 -18.180443
v -69.71754 82.00181 -36.8648
v -70.1269 82.918945 -38.153656
v -76.40818 82.86734 -65.49959
v -59.95334 92.74544 2.876111
v -59.165447 87.20162 4.0763097
v -68.454704 77.7109 -33.646698
v -69.2772 80.7773 -35.91978
v -63.675766 79.419044 -14.853074
v -67.44114 73.72356 -30.709576
v -73.209175 76.705864 -51.95289
v -58.867275 85.327385 4.3540444
v -58.865273 78.84446 5.683414
v -64.64048 83.88671 -16.314213
v -74.493004 80.39688 -57.430603
v -43.102776 89.14484 51.671368
v -56.609077 84.136635 17.200575
v -50.11566 86.990746 35.003784
v -45.087166 89.995514 49.75765
v -35.830147 90.94893 67.77113
v -41.138214 88.2143 53.563725
v -41.61944 88.48687 53.10132
v -40.95185 86.77236 53.44742
v -54.80037 79.303535 18.27406
v -48.6449 83.138596 35.93181
v -41.10154 87.81389 53.52397
v -32.49001 90.30548 70.89197
v -40.74565 85.41027 53.352474
v -55.538177 81.7148 17.82194
v -48.663292 85.11354 35.69057
v -33.288044 91.16609 71.43915
v -68.993355 80.9828 -28.617147
v -68.07544 78.92618 -26.515478
v -62.592506 81.231964 -2.9139483
v -66.95001 76.69303 -24.270256
v -67.33512 77.339584 -24.90334
v -73.30813 76.919846 -51.86051
v -57.571304 86.51121 16.513842
v -55.86024 82.34389 17.699284
v -64.847984 72.929016 -19.675436
v -66.32075 75.66377 -23.049774
v -60.005604 75.74205 -0.07772551
v -62.95346 69.34152 -15.224173
v -69.50892 70.490204 -39.896114
v -55.29939 81.08835 17.902285
v -54.171223 76.93954 18.791548
v -61.666035 78.6855 -1.634294
v -71.81204 75.219 -48.49608
v -41.347374 84.88923 53.43609
v -53.055096 76.9116 24.131071
v -47.763966 81.49175 38.481487
v -43.20969 85.56696 51.467617
v -34.368053 87.695366 68.69278
v -39.15754 83.83921 55.38403
v -39.868755 84.28786 54.90731
v -38.568985 82.039116 55.30036
v -50.564938 71.09564 25.750547
v -45.37075 76.66509 39.700077
v -38.84664 83.20304 55.352848
v -30.963438 87.31544 71.72602
v -38.307953 80.61133 55.23722
v -51.585567 74.06006 25.089825
v -45.944626 79.26717 39.338333
v -31.797379 88.0937 72.328316
v -64.492455 73.489815 -17.600437
v -63.33353 70.73755 -13.887083
v -57.988907 72.78234 7.6023684
v -61.944134 67.72325 -9.866829
v -62.40672 68.60784 -11.025343
v -68.88356 69.73499 -37.85691
v -54.06221 79.42202 23.120073
v -52.18415 74.943504 24.876257
v -60.10169 64.24152 -5.660052
v -61.368282 66.7218 -8.661684
v -55.14433 66.54852 11.335821
v -58.489723 61.021828 -1.7601774
v -65.24803 63.054573 -23.946499
v -51.099205 73.14839 25.228882
v -50.00673 68.47234 26.463514
v -56.70914 69.71353 9.675702
v -67.234825 66.9111 -31.473564
v -37.06716 82.29373 61.90706
v -48.357075 72.71813 35.631977
v -43.158714 77.30319 47.941364
v -39.418674 83.62312 59.98785
v -30.529013 87.48699 76.700905
v -34.734505 80.87189 63.817394
v -35.30824 81.27357 63.344246
v -34.539433 79.14653 63.96248
v -46.251915 67.378555 37.29061
v -41.11499 72.38172 49.316807
v -34.695168 80.394325 63.849228
v -27.244568 86.792145 79.91789
v -34.325504 77.51361 64.11643
v -46.803753 69.90015 36.470963
v -41.08953 74.70714 48.703568
v -28.05908 87.71551 80.37183
v -59.931873 67.348885 -2.273672
v -58.764004 64.96692 2.1137695
v -53.33469 68.589165 21.511805
v -57.34361 62.38275 6.9066257
v -57.82497 63.12989 5.5057044
v -64.41916 61.598026 -19.923199
v -49.79634 75.47851 34.75217
v -47.24911 70.633446 36.281628
v -55.09106 58.718956 12.949261
v -56.65421 61.365707 8.619992
v -50.67051 63.15248 25.847048
v -53.091026 55.25735 18.586481
v -59.51258 54.181694 -0.6756369
v -46.608765 69.24094 36.655464
v -45.81414 64.91458 38.151085
v -52.135624 65.956726 23.68388
v -62.489655 58.993484 -11.865715
v -35.247677 77.92876 63.971146
v -45.32357 66.55219 40.789406
v -40.85761 71.95244 51.236755
v -37.18338 79.196075 61.802406
v -29.06577 84.193115 77.84905
v -33.337967 76.57115 66.1188
v -33.8024 76.9557 65.59242
v -33.010067 74.920044 66.11659
v -43.455822 60.975204 42.315834
v -39.268032 66.93483 52.831738
v -33.268986 76.113235 66.10771
v -25.71702 83.918045 80.78593
v -32.65618 73.35921 66.13547
v -44.180176 63.619644 41.77188
v -39.433807 69.355606 52.30929
v -26.567387 84.526505 81.56436
v -55.588448 59.951694 11.6065235
v -54.015182 57.274723 17.21687
v -49.443466 61.676723 30.244362
v -52.16098 54.316467 23.258675
v -52.765 55.196674 21.532494
v -58.81281 53.109455 2.9481516
v -46.357365 69.42594 39.76057
v -44.52083 64.38219 41.549446
v -50.272785 52.083008 25.983128
v -51.548462 53.61746 24.155518
v -46.736412 56.27874 33.666946
v -48.665527 50.130836 28.276125
v -53.937042 48.137646 18.781843
v -43.944283 62.929134 41.884686
v -42.841072 58.38956 42.90616
v -48.211193 58.79577 32.692898
v -56.07015 50.009453 13.64683
v -30.26247 76.23091 71.910866
v -38.420467 64.01645 54.366676
v -34.887684 69.677574 62.682236
v -31.906668 76.977516 70.26261
v -25.09104 83.230354 81.59603
v -28.636969 75.413605 73.55209
v -29.033995 75.65328 73.145294
v -28.327343 74.13156 73.70885
v -36.54162 59.61972 56.045376
v -33.363056 65.87032 64.311226
v -28.568909 75.057755 73.58776
v -22.363052 83.39812 83.67235
v -27.99902 72.920204 73.87263
v -37.31786 61.687595 55.36914
v -33.637993 67.71351 63.684303
v -22.975367 83.950806 84.19618
v -48.397045 54.32311 31.893808
v -46.17136 52.759148 36.19008
v -41.851475 58.594616 45.893017
v -43.635475 51.040356 40.815483
v -44.42455 51.547474 39.494564
v -50.935684 46.716866 25.8725
v -39.434685 66.291985 53.330147
v -37.63771 62.296467 55.13556
v -41.406536 49.79814 42.98604
v -42.923138 50.652386 41.52269
v -38.882843 54.541683 48.93056
v -39.487797 48.71076 44.827454
v -44.02146 45.22184 37.626663
v -37.0796 61.143963 55.521168
v -35.853775 57.605164 56.75568
v -40.406906 56.431377 47.961304
v -46.9338 45.58194 33.800674
v -32.294613 -49.898586 10.850602
v -29.292545 -44.694355 13.095467
v -30.046038 -45.92675 12.596701
v -22.714619 -23.040989 26.564009
v -35.29073 -55.240143 8.480838
v -50.523884 -101.33582 -17.798368
v -41.641926 -76.18669 -4.168342
v -25.84957 -46.91444 10.702965
v -17.443073 -13.070074 30.927744
v -27.56808 -45.873062 11.836765
v -28.858454 -45.057697 12.718341
v -42.56354 -100.83263 -20.05332
v -36.37945 -76.01445 -5.6812463
v -18.56522 -12.657823 33.195515
v -47.307934 -100.83519 -19.104704
v -39.160053 -74.74783 -5.004601
v -75.795654 -175.06335 -62.631798
v -67.484406 -150.4894 -46.68287
v -62.370247 -148.14911 -46.111595
v -63.864822 -148.80945 -46.258312
v -59.088654 -125.91404 -31.487278
v -72.16649 -152.67918 -47.24634
v -48.138893 -100.96313 -18.695051
v -53.68589 -101.8309 -16.65817
v -62.573826 -164.29578 -58.51661
v -48.069653 -139.28639 -45.26523
v -55.00391 -143.64249 -45.684517
v -48.108864 -122.61338 -32.86067
v -60.312622 -146.94719 -46.00093
v -37.87309 -100.83561 -20.835796
v -46.094868 -100.83178 -19.424927
v -70.144485 -171.3587 -61.01837
v -54.71755 -124.71583 -31.906488
v -23.023117 -40.65723 14.362075
v -21.545845 -39.97525 13.084958
v -21.929237 -40.119553 13.413273
v -15.287407 -10.501066 30.967632
v -24.472237 -41.391598 15.6211195
v -37.067844 -91.49397 -13.980492
v -30.402153 -68.4445 -1.0263458
v -19.341686 -41.863 12.042575
v -12.865311 -9.507884 28.606207
v -20.42969 -40.945316 12.554732
v -21.252731 -40.243958 12.943368
v -31.588715 -91.65839 -15.953779
v -27.001637 -69.3423 -2.598132
v -13.837051 -9.01453 29.537952
v -34.16411 -91.13418 -15.026346
v -28.55481 -68.24534 -2.1693647
v -62.034943 -165.49802 -57.79115
v -52.70591 -138.83629 -41.754326
v -46.835793 -134.41429 -40.671055
v -49.244617 -136.33812 -41.351734
v -44.13187 -113.669846 -26.792454
v -56.693424 -141.62161 -42.017876
v -34.91453 -91.23143 -14.694601
v -39.9226 -91.83918 -13.075201
v -44.248608 -147.98958 -49.255173
v -34.47877 -126.14598 -37.814667
v -39.715984 -129.4618 -38.833
v -35.417854 -110.74706 -27.902103
v -44.114544 -132.35783 -39.801678
v -29.062307 -92.1972 -16.74065
v -33.49577 -91.25793 -15.328486
v -54.59801 -157.49622 -54.657448
v -39.786762 -112.053314 -27.266678
v -16.951254 -35.159927 13.103856
v -15.245181 -34.18739 11.548466
v -15.697941 -34.404488 11.954844
v -12.884376 -7.9131083 28.095192
v -18.604841 -36.184536 14.624185
v -25.929516 -83.92914 -12.382009
v -21.229258 -60.97564 -0.76327837
v -12.7654295 -36.036594 9.785498
v -10.198738 -7.3956566 24.910868
v -13.979062 -35.138027 10.64945
v -14.90241 -34.451084 11.30618
v -20.754913 -84.02685 -14.951565
v -17.563189 -61.231415 -2.8815122
v -11.157441 -6.6540546 26.451763
v -23.231691 -83.46823 -13.718661
v -19.285679 -60.27427 -2.2199655
v -45.435364 -147.68214 -47.86146
v -38.13813 -126.56684 -35.369
v -33.307404 -123.70099 -34.890903
v -34.72773 -124.53857 -34.91918
v -31.43736 -105.349754 -23.37602
v -42.543568 -129.19044 -36.029587
v -23.912039 -83.59113 -13.297497
v -28.615555 -84.37469 -11.2193575
v -27.491966 -133.06566 -42.86865
v -18.36029 -114.78019 -34.08642
v -25.621202 -119.11948 -34.579903
v -23.469248 -103.37323 -25.528448
v -31.173208 -122.434494 -34.904396
v -18.28992 -84.60081 -16.010464
v -22.606604 -83.60022 -14.113888
v -39.484344 -142.18622 -45.699314
v -27.700005 -104.400185 -24.193636
v -11.761806 -34.937366 11.741757
v -9.988211 -34.00982 10.308732
v -10.459153 -34.207115 10.685997
v -8.494742 -9.843675 25.551779
v -13.480311 -35.934097 13.1367655
v -17.382679 -80.89053 -12.358739
v -14.800554 -58.972504 -1.1883767
v -7.4005313 -35.524635 8.650689
v -5.991532 -9.056675 22.482985
v -8.666826 -34.80182 9.460702
v -9.63032 -34.242405 10.077716
v -11.965691 -81.206894 -15.02247
v -10.829189 -59.275658 -3.1712322
v -6.8015585 -8.548054 23.835608
v -14.548259 -80.55616 -13.653004
v -12.721549 -58.377285 -2.4451408
v -25.215122 -131.30537 -40.991516
v -22.475805 -116.52769 -31.820366
v -16.739798 -112.83923 -31.644608
v -18.318617 -113.82495 -31.623953
v -19.832865 -100.22956 -22.369385
v -27.922176 -120.088936 -32.12531
v -15.265701 -80.645256 -13.244349
v -20.199423 -81.21389 -11.2346525
v -13.109857 -121.69806 -37.558544
v -9.248956 -110.85286 -32.268112
v -12.849559 -111.78244 -32.020954
v -12.498442 -99.180756 -25.002537
v -15.622419 -112.51143 -31.803286
v -9.400799 -81.86864 -16.22176
v -13.893779 -80.71334 -14.080459
v -17.557941 -124.03773 -39.201347
v -15.782842 -99.16922 -23.368334
v -5.6611657 -27.775711 14.2986555
v -3.7388773 -26.477661 13.414043
v -4.257325 -26.768442 13.662198
v -4.240137 -7.1383 24.729893
v -7.507703 -29.141218 15.129262
v -9.326632 -69.83341 -7.4505143
v -7.288047 -48.60884 3.645744
v -0.22945292 -27.436396 12.574145
v -1.5520884 -4.920444 23.711226
v -1.9462894 -26.990759 12.967092
v -3.2528546 -26.639664 13.275303
v -3.387224 -69.9786 -9.686695
v -2.5036235 -48.772877 1.9315789
v -2.642474 -5.090279 24.401709
v -6.215462 -69.4467 -8.619916
v -4.906225 -47.913612 2.4117205
v -11.188727 -120.44101 -36.388355
v -11.379898 -105.84736 -27.578402
v -7.670936 -104.37057 -26.874727
v -8.7595625 -104.81754 -27.041965
v -10.962166 -89.54705 -18.141453
v -14.7660885 -107.1686 -28.299437
v -7.021162 -69.550964 -8.24622
v -12.381986 -70.20495 -6.4438047
v -2.086247 -114.938286 -33.654068
v 0.82796067 -101.6194 -28.358328
v -3.260102 -102.917206 -27.62521
v -3.8788102 -88.67201 -20.12615
v -6.406842 -103.92945 -27.07103
v -0.61479986 -70.52568 -10.590783
v -5.4804955 -69.57208 -8.967957
v -7.746229 -117.71277 -34.08325
v -7.269421 -88.9685 -18.706764
v -62.76971 122.79885 11.765151
v -58.08661 115.79463 27.52291
v -62.381397 121.12894 12.540754
v -62.030567 118.89844 13.0571
v -62.099533 119.73636 13.057642
v -66.676186 126.46325 -2.441403
v -61.36429 115.01512 13.043383
v -61.882736 117.647316 12.924043
v -56.9726 111.39746 24.700188
v -60.66053 111.69241 13.288921
v -65.755974 118.6328 1.3865767
v -58.02178 114.17728 27.072807
v -66.03936 123.619606 -0.95860696
v -61.585964 115.56654 13.816741
v -56.4005 110.30619 28.664375
v -61.22266 113.721085 14.248318
v -60.78029 111.41615 14.39747
v -60.93042 112.22212 14.501394
v -66.04482 117.13598 -0.16773827
v -59.37909 108.06306 14.411577
v -60.39045 110.348145 14.259787
v -54.502453 106.36344 25.225561
v -58.05696 105.16942 14.708106
v -64.25573 109.76264 3.5975926
v -56.04836 109.22419 27.429375
v -65.512215 113.60812 1.3655673
v -59.78787 109.19726 17.817112
v -52.488197 104.22866 34.550655
v -59.10178 107.59417 18.51122
v -58.370823 105.756676 19.186983
v -58.575993 106.33325 19.027216
v -65.715355 110.95969 2.4717867
v -57.309807 102.854515 19.703892
v -58.083134 104.913925 19.307037
v -51.044308 100.99218 32.068108
v -56.293655 100.18675 20.239147
v -63.575302 104.71685 7.339671
v -51.98715 102.996506 33.724182
v -64.7545 108.51684 4.6497855
v -57.1885 103.952 24.120668
v -48.528893 100.70039 42.370342
v -56.419964 102.45563 24.760815
v -55.4864 100.01104 25.821781
v -55.80231 101.0963 25.346127
v -64.31104 104.21088 7.1512847
v -54.75601 97.40794 27.03475
v -55.221283 98.88616 26.335436
v -47.168255 98.00471 40.02704
v -54.190655 95.75305 27.826897
v -62.343765 96.81117 14.042464
v -47.84843 99.38495 41.586758
v -63.124363 100.63714 10.056806
v -55.054047 98.54963 28.850185
v -46.237427 97.17087 46.6087
v -54.442 97.20411 30.040655
v -53.67502 95.73434 31.24826
v -53.94423 96.1639 30.93779
v -62.64657 97.23735 13.47261
v -51.845932 93.21696 31.973017
v -53.140278 95.04287 31.438017
v -44.38307 94.51369 43.756245
v -50.17178 90.823814 32.680634
v -59.308792 91.92021 20.189787
v -45.51121 96.00496 45.689774
v -61.838825 95.463715 16.806746
v -52.666092 93.817024 33.58178
v -43.75865 92.68837 48.04532
v -51.52661 92.049736 34.50595
v -50.193943 90.16034 35.455566
v -50.623703 90.69374 35.20544
v -59.29457 91.4111 20.966583
v -48.71026 88.318695 35.722206
v -49.726425 89.63888 35.534946
v -41.545948 89.37769 45.378716
v -47.419758 86.59916 35.963398
v -55.87456 87.2597 26.065693
v -42.80206 91.0806 47.010284
v -57.585823 89.24009 23.900852
v -49.009636 89.85651 40.892494
v -41.23375 90.25273 57.06075
v -48.14699 88.333176 42.125298
v -47.08284 86.652405 43.366993
v -47.44964 87.15132 43.05212
v -55.06024 86.41362 27.189844
v -45.31962 84.21009 45.06822
v -46.54128 85.9631 43.79675
v -39.212463 86.6579 56.406586
v -43.757904 81.92523 46.76055
v -51.42677 81.762276 33.72985
v -40.434082 88.427605 56.95662
v -53.7316 84.877205 29.777367
v -50.105625 85.46331 38.74262
v -38.961266 86.34199 60.95994
v -48.868855 82.426384 41.255547
v -47.417534 79.205475 43.902405
v -47.887634 80.10269 43.173725
v -58.77644 78.51077 21.55115
v -45.729492 76.26719 45.590813
v -46.88825 78.37891 44.391476
v -36.73805 79.95623 61.796474
v -44.255993 73.5129 47.145283
v -54.72094 72.57815 29.385143
v -38.16988 82.78961 61.433357
v -56.665188 75.62133 26.371456
v -47.39822 78.21014 47.208523
v -37.526302 83.26946 70.02175
v -46.361588 76.089005 48.4997
v -45.155167 73.83649 49.899143
v -45.541664 74.46531 49.495144
v -55.19687 68.90855 26.97764
v -42.83709 70.11681 53.560127
v -44.490757 72.84087 50.868523
v -34.595222 77.960495 71.896835
v -40.68879 66.52853 57.11284
v -51.078953 62.273132 35.223415
v -36.661263 80.99794 70.78165
v -53.64908 66.67503 29.016634
v -44.58943 71.53006 53.481018
v -35.16693 80.82556 72.40656
v -42.992924 69.27801 55.490566
v -41.221325 66.92449 57.62996
v -41.751774 67.56361 57.03019
v -50.818913 57.730453 38.57457
v -39.433098 65.75259 60.786457
v -40.68672 66.58079 58.484013
v -32.297905 77.221016 74.46904
v -37.819958 64.682144 63.813103
v -46.56829 54.284157 47.103874
v -33.753235 78.30512 73.93771
v -48.68942 55.543865 41.322212
v -60.191154 127.71723 -2.8599646
v -75.2717 143.82985 -58.75542
v -68.120995 135.87584 -30.31264
v -60.07905 128.37833 -0.90630126
v -60.025562 127.964035 -1.4503607
v -51.871727 119.456314 24.09766
v -60.466278 127.55418 -4.7023406
v -76.02709 144.56834 -57.131256
v -67.849014 136.60524 -28.189486
v -61.48124 129.99529 -2.132147
v -60.511112 129.03157 -1.1571193
v -52.513145 120.019485 25.547588
v -83.59274 150.05876 -106.50359
v -85.070435 150.73918 -107.936356
v -84.4686 150.50018 -107.75136
v -80.73253 148.71292 -85.16138
v -82.57988 149.51611 -104.72446
v -85.15265 148.43597 -125.313934
v -75.6225 144.1637 -57.67127
v -74.947815 143.53137 -60.11165
v -85.82405 151.0656 -107.309975
v -85.49125 150.88968 -107.60657
v -82.479004 149.42664 -84.71806
v -85.73163 149.07883 -128.97038
v -76.81839 145.45529 -56.023087
v -76.440674 145.01009 -56.720245
v -68.90911 137.92007 -27.734095
v -63.25921 132.08006 -5.2861166
v -62.54531 131.07596 -3.5892062
v -54.29408 121.87574 22.126278
v -76.58756 146.12013 -54.34795
v -69.6397 139.11288 -27.835333
v -63.79801 133.0459 -7.102953
v -57.16239 125.03446 15.281403
v -86.67972 149.33548 -128.96436
v -85.40155 151.61697 -106.97562
v -85.862816 151.29776 -107.08639
v -83.1448 149.92809 -83.661064
v -86.98399 150.11932 -131.10895
v -84.69027 151.97969 -106.92124
v -82.40684 150.39157 -81.75203
v -76.940575 145.84496 -55.184185
v -75.99695 146.33804 -53.513042
v -83.74812 148.04085 -98.714066
v -84.2543 150.7591 -98.73854
v -83.24817 145.2111 -98.78081
v -81.39441 138.3107 -98.96664
v -82.178474 142.82684 -99.18434
v -80.50944 132.47726 -98.56291
v -82.760666 144.70837 -99.02998
v -82.162636 149.73584 -95.83248
v -83.13588 150.18674 -96.36782
v -81.022194 149.18259 -95.00917
v -83.77472 150.4329 -96.32721
v -84.18796 150.6083 -95.952484
v -84.48442 150.84683 -95.48552
v -84.4584 151.10873 -94.94854
v -83.9042 151.35426 -94.36382
v -83.08589 151.59158 -93.75521
v -27.919365 60.85316 70.15213
v -28.015385 49.436092 76.32843
v -27.005234 55.49885 87.9134
v -27.279633 66.17229 82.00497
v -27.613253 64.99231 75.00276
v -27.544224 62.147385 87.85636
v -27.43374 50.96179 82.588715
v -27.624199 52.676155 70.00356
v -30.060476 58.741474 79.63425
v -35.00182 69.50742 59.236897
v -33.04519 62.07621 67.441956
v -28.655777 71.75907 80.2531
v -30.779495 80.09579 72.22497
v -31.733576 76.63982 67.274994
v -30.111996 77.741745 78.6474
v -29.397434 66.670845 76.78516
v -34.850075 62.480743 61.5251
v -31.865921 71.59256 74.940834
v -33.467762 61.853416 63.37946
v -30.644005 56.871296 68.83519
v -26.278614 65.11928 80.5895
v -29.467491 71.03433 74.171295
v -30.997253 67.77333 69.387596
v -28.094091 70.21911 79.437
v -27.380695 60.801685 76.62458
v -32.72751 56.583523 62.431408
v -30.800274 65.108734 73.72782
v -34.30488 84.07479 56.860382
v -31.155518 71.64704 62.044304
v -21.619658 77.113396 79.764084
v -24.310204 87.32102 77.58938
v -26.390406 88.59492 68.20071
v -22.088198 83.32888 81.48778
v -23.79119 72.76124 74.13074
v -33.62562 76.84849 55.13807
v -24.22798 78.33441 72.52699
v -29.163002 86.99944 62.67128
v -29.599789 75.99281 65.37209
v -26.688046 71.62113 69.67886
v -33.315296 88.29132 56.23599
v -29.527845 79.36232 59.992756
v -24.140123 83.795 74.55481
v -27.283611 91.65831 73.39204
v -28.059444 92.7355 65.475494
v -25.722027 88.54334 76.37622
v -26.08794 79.459656 69.86118
v -31.838871 83.6876 54.768402
v -25.7312 85.73267 68.7726
v -29.08692 91.65341 60.82482
v -28.353727 83.70618 62.683533
v -28.6096 78.26122 66.26423
v -37.319744 97.08443 48.96842
v -36.207146 84.84209 51.58459
v -28.750443 84.40725 69.488205
v -27.045727 95.43131 68.67157
v -31.03936 98.25613 60.39152
v -25.876287 91.11549 71.54147
v -32.514656 80.42907 64.44597
v -37.61502 90.33469 47.380325
v -27.380737 90.823 64.43892
v -33.730556 98.52578 55.501904
v -30.765333 90.441826 58.149044
v -34.155663 80.939644 60.205685
v -41.834755 84.03816 48.116238
v -37.21178 76.760056 50.94022
v -31.911283 78.27361 63.784283
v -32.532127 87.149086 62.106346
v -36.573418 86.60996 55.2511
v -30.512207 84.523796 64.93191
v -34.047806 74.67632 60.066963
v -40.512543 80.49125 46.68147
v -33.54357 80.00385 58.44043
v -38.93742 85.74133 51.598495
v -36.952545 79.17981 53.4246
v -35.363705 74.44887 56.654392
v -50.54564 102.16022 28.24501
v -47.602066 91.40328 30.131325
v -41.360943 91.3048 46.16325
v -44.795956 102.16676 44.973186
v -47.961327 101.96501 39.26438
v -40.38255 97.30087 47.96505
v -44.652996 88.81347 40.784897
v -47.7103 97.14817 24.780174
v -41.57462 95.88851 40.28666
v -45.413403 95.76223 35.710308
v -42.828888 85.336716 37.756927
v -36.00687 84.61221 53.78867
v -37.202106 97.30822 52.497993
v -40.16756 96.9564 46.59799
v -34.003136 91.76824 55.746693
v -38.957783 82.79898 48.20052
v -44.421875 90.203415 32.631744
v -37.428905 89.8631 48.45729
v -53.329712 110.616615 19.951107
v -51.602924 100.52626 21.51604
v -46.42712 97.18161 38.106087
v -49.038242 108.67201 37.167854
v -51.77535 109.160706 31.146072
v -45.368748 102.839516 39.758263
v -49.004284 95.88908 32.597763
v -52.459293 107.1087 15.798285
v -47.18837 103.23207 31.214678
v -34.383385 89.60683 87.0447
v -35.108383 78.503426 89.6096
v -31.06611 78.60881 99.8955
v -29.01321 89.04309 98.34678
v -31.94747 90.499916 92.42938
v -29.819607 84.56989 101.721725
v -32.474846 76.71532 93.8806
v -37.02746 83.531166 85.63572
v -34.47685 83.10253 94.07565
v -37.3186 82.27108 76.09273
v -33.941757 71.98572 84.01343
v -30.93957 76.46111 93.57554
v -32.748474 86.29976 89.64803
v -36.60544 85.60991 80.307274
v -30.990433 82.848274 94.50088
v -32.439224 72.45713 88.028404
v -37.480778 75.14004 77.326035
v -35.299633 77.85771 86.38991
v -36.57628 88.8123 77.91172
v -36.82121 80.045876 82.04937
v -32.62078 84.87575 92.281624
v -31.721262 92.65577 87.12198
v -34.75946 91.229 81.565735
v -31.860424 90.4564 91.65609
v -34.453888 80.227646 86.510864
v -39.32798 82.2907 76.04662
v -36.648083 85.46782 84.584915
v -36.258133 82.645256 63.152927
v -33.976196 71.005264 68.86047
v -27.015676 73.213486 86.896095
v -32.111404 82.56686 85.46631
v -35.812584 83.31423 75.97858
v -29.229265 78.73128 89.407776
v -27.22392 70.63082 80.31252
v -37.365406 75.84941 62.41284
v -31.752977 75.02974 80.294685
v -36.73872 83.25133 70.13837
v -33.825188 74.907074 72.50651
v -29.130796 70.668076 75.667854
v -39.68418 91.65575 68.83514
v -39.74652 80.76872 75.820206
v -32.584373 85.32192 90.90904
v -34.41755 95.27303 87.61696
v -37.446823 94.88791 78.52228
v -33.000065 91.76678 92.06957
v -33.527607 81.303635 85.56413
v -41.80529 84.5968 70.56765
v -37.19371 89.76474 85.84585
v -38.84684 93.910286 73.578445
v -39.196182 88.22694 79.359505
v -35.256874 80.71413 81.484024
v -39.180283 85.15327 63.582874
v -39.01087 76.98407 69.03765
v -32.890774 79.372116 82.73351
v -33.698154 87.137276 80.02754
v -37.562923 87.331085 72.94224
v -32.43941 84.18561 83.64286
v -33.85275 76.68878 78.03332
v -40.72845 80.45423 63.46315
v -36.18009 80.90487 77.34287
v -39.29786 86.586075 68.87295
v -38.10506 80.26776 71.41235
v -35.346676 76.54368 74.41596
v -44.36435 93.160126 57.0607
v -40.09924 82.29922 58.925457
v -32.555466 81.54663 75.67156
v -37.85872 89.70107 76.27692
v -41.022118 93.07717 68.14635
v -35.16011 85.73668 78.85717
v -32.134907 80.21758 69.79049
v -43.78339 86.49559 55.486202
v -38.22316 85.293335 72.58455
v -42.42292 93.838104 63.325943
v -39.988518 85.99916 66.24359
v -33.90367 80.83346 65.77545
v -37.87217 83.12515 53.15506
v -37.98245 75.81373 57.63484
v -34.450447 77.95101 70.45265
v -34.690796 84.90083 67.95544
v -37.118496 85.0743 61.185043
v -34.232204 82.259094 71.334656
v -34.380512 75.54943 66.15935
v -39.18756 78.91951 52.744884
v -36.39501 79.32283 65.15106
v -38.40592 84.40752 57.51717
v -37.445812 78.75263 59.803223
v -35.08853 75.41957 62.75051
v -50.68264 110.78424 48.443638
v -52.587082 104.440475 44.529243
v -46.996246 103.205 54.168423
v -43.803795 109.5057 57.593792
v -46.91729 110.61547 52.924133
v -44.725372 105.77725 58.94516
v -50.208717 103.22077 47.759712
v -53.336506 108.11733 44.761475
v -50.43567 105.804405 52.245068
v -52.647846 103.22861 41.52717
v -52.0566 99.07566 33.60076
v -44.397068 96.3531 46.32456
v -46.62727 102.254776 54.244156
v -49.9478 103.324715 48.65325
v -44.06587 98.33831 53.525883
v -48.578182 96.90564 37.4837
v -52.739853 100.71611 33.251675
v -50.080853 98.41077 43.42054
v -49.612423 99.90546 34.661015
v -45.87305 89.40849 36.146084
v -39.99994 89.51076 51.812798
v -43.947105 100.56962 51.04902
v -45.36779 100.823715 45.10988
v -42.13869 94.88578 54.46346
v -40.86179 87.623665 45.967915
v -50.37972 93.63367 32.16775
v -45.846478 92.730804 48.04528
v -47.395554 93.322075 43.08657
v -43.65618 82.82511 44.57164
v -37.78307 82.92737 60.23835
v -41.730236 93.986244 59.47457
v -43.15092 94.24033 53.53543
v -39.92182 88.30241 62.88901
v -38.64492 81.04028 54.39347
v -48.16285 87.050285 40.593304
v -43.62961 86.14743 56.470837
v -54.978405 106.840645 26.717192
v -50.401108 97.75594 27.451443
v -45.219402 95.71197 44.430405
v -50.18443 105.7859 44.254593
v -51.505672 106.60943 37.846615
v -48.00954 100.37606 47.400173
v -45.614975 94.62399 38.141285
v -55.388496 102.7163 22.819118
v -51.673073 99.78182 39.54223
v -58.11727 115.283966 29.66682
v -56.011097 105.34302 28.792727
v -48.766975 100.01221 44.23352
v -50.89007 110.929504 45.805634
v -53.00737 112.83803 39.859154
v -49.70481 104.80648 48.040558
v -50.48269 99.842575 38.075535
v -60.23702 111.89882 25.614565
v -54.662037 106.09767 41.020546
v -53.874523 118.67943 31.51208
v -57.291836 111.88696 33.238094
v -49.707134 106.21628 48.572853
v -45.07725 111.57037 47.163723
v -46.926098 113.96453 40.845894
v -47.92838 109.700485 51.620777
v -52.470875 105.97335 42.7576
v -59.864243 119.609276 29.624191
v -53.083294 113.18586 44.885647
v -60.047287 117.9962 22.804373
v -58.24651 109.496704 22.057026
v -52.052776 104.93885 35.258907
v -53.868027 114.27314 36.60306
v -55.67832 115.90495 31.518824
v -52.854626 109.03796 38.513924
v -53.519714 104.79381 29.99383
v -61.85967 115.10191 19.339697
v -57.09306 110.14193 32.511814
v -56.419735 120.899345 24.382069
v -59.341537 115.09179 25.857815
v -52.856617 110.24335 38.969032
v -48.89807 114.821075 37.76423
v -50.47883 116.8681 32.362484
v -51.335777 113.222336 41.575005
v -55.219616 110.03564 33.99699
v -61.540943 121.69435 22.767925
v -55.743237 116.20233 35.81647
v -62.845814 122.23079 14.339089
v -61.423206 115.51619 13.748685
v -56.53016 111.9155 24.178167
v -57.964207 119.28957 25.240051
v -59.394337 120.578705 21.223501
v -57.16362 115.15378 26.749632
v -57.68904 111.80091 20.018757
v -64.2776 119.94429 11.601995
v -60.511982 116.02591 22.007963
v -27.83264 63.428688 72.15309
v -28.782919 59.571426 73.392296
v -28.627031 63.572193 81.44516
v -29.259693 61.994297 77.45826
v -28.770872 52.721977 77.089836
v -29.25505 55.930435 74.93628
v -27.751425 56.726063 69.286804
v -27.38321 66.08369 78.414215
v -27.439648 64.72759 85.392525
v -28.491508 56.97062 85.053406
v -29.215061 60.66605 83.862686
v -27.274334 58.829468 88.67597
v -27.112167 52.88055 85.630714
v -29.169937 54.97904 81.251236
v -27.808544 49.729797 79.54817
v -27.83306 50.332188 72.748825
v -33.43871 73.342766 62.78965
v -33.50644 70.07597 66.168526
v -31.12759 77.10027 74.26919
v -32.016487 74.10572 71.59304
v -32.36714 65.4398 70.90491
v -33.255478 67.28354 69.04206
v -35.29692 65.52863 59.36984
v -31.012392 79.00374 69.93984
v -30.539223 79.57722 75.57115
v -29.9326 72.16226 78.946594
v -30.886442 74.91404 77.60322
v -29.318243 74.88306 80.122696
v -28.622414 69.1277 79.294655
v -30.848413 69.12124 76.34813
v -31.160122 64.070404 72.26242
v -34.187332 61.438133 64.03934
v -32.388847 64.98082 66.204185
v -32.30052 62.943577 67.20403
v -30.014408 69.15999 74.697754
v -31.16731 66.5779 71.678
v -30.590311 59.76656 70.56908
v -31.828802 61.130703 68.54522
v -33.423878 58.78312 62.002956
v -30.103079 69.838974 71.840164
v -28.851658 71.21594 76.9904
v -28.182495 65.672 78.38362
v -29.512096 67.948494 77.04802
v -27.03332 67.879105 80.65062
v -26.439249 62.863 79.21191
v -29.359034 63.092083 75.29649
v -28.968433 58.62678 72.93427
v -31.848955 56.06823 65.02153
v -23.935902 84.35825 75.17799
v -27.212086 81.84208 67.172005
v -25.165388 83.07406 70.59073
v -22.504341 77.46713 77.23177
v -22.86183 80.64993 76.80861
v -23.11502 85.66856 80.349525
v -25.36827 88.32933 72.94365
v -26.011837 73.81102 70.59966
v -23.865782 75.15721 73.55574
v -22.505146 74.54709 77.05122
v -21.53521 80.2589 81.267784
v -34.522404 80.68055 55.071102
v -32.094894 80.65838 59.704327
v -30.579615 73.31183 62.95981
v -31.774246 76.184494 60.5448
v -29.660439 80.943214 63.88785
v -31.978554 85.93286 59.65111
v -26.779165 76.74574 69.04048
v -27.4778 88.01921 65.148865
v -32.609028 73.67697 57.916058
v -28.947989 71.23977 66.16207
v -28.422964 73.25405 67.39165
v -25.077301 71.9571 72.00419
v -26.50864 89.80935 71.21544
v -27.340073 88.33845 64.353966
v -26.67157 89.17327 67.30809
v -25.026926 84.26679 72.594086
v -25.514936 87.09948 72.41851
v -26.598495 90.34606 75.59938
v -27.755196 92.45781 69.49861
v -26.961437 81.3523 66.989624
v -25.68582 82.53535 69.50094
v -24.791765 81.3727 72.255905
v -24.676392 86.27244 75.97815
v -33.11628 86.072014 54.795288
v -30.68882 86.73814 58.335865
v -29.544693 80.86147 60.79345
v -30.059696 83.53599 58.90412
v -28.637901 87.471275 61.61068
v -31.37501 90.20411 58.428146
v -26.794178 84.52 65.75032
v -28.24254 92.482285 62.879086
v -30.543972 81.27948 56.81766
v -29.086758 78.45078 63.34331
v -28.39924 80.77518 64.33038
v -27.485271 78.51001 68.1504
v -27.195555 94.28529 66.5677
v -29.840868 94.82494 59.90852
v -28.477339 94.7863 62.75192
v -28.083622 86.68827 67.77798
v -26.516857 90.98076 67.85656
v -25.954645 93.553116 70.8697
v -28.996983 97.09585 64.59514
v -30.3682 85.595055 62.30445
v -29.214985 85.87277 64.77914
v -30.77312 81.9018 67.015686
v -26.96319 87.77267 71.03889
v -37.8384 94.00397 47.423813
v -34.54184 94.318184 52.487564
v -34.290585 86.46816 54.41817
v -33.92003 90.3635 53.1602
v -31.718317 94.60199 56.87468
v -35.659832 98.30255 52.10761
v -28.691233 90.61918 61.55585
v -32.40381 98.62154 57.81182
v -37.048824 87.3501 48.744503
v -35.157322 82.60251 55.968822
v -31.930866 85.80892 59.226574
v -33.458473 80.16175 62.603687
v -32.9894 84.59909 60.311096
v -36.331524 82.52097 54.57168
v -34.763985 83.20036 56.975998
v -32.21092 79.07182 61.974327
v -31.99768 81.97753 61.53501
v -31.111288 86.35748 64.11159
v -34.5836 87.07856 58.69488
v -34.80215 76.51107 57.241367
v -33.501183 77.23354 59.38393
v -33.026634 76.02403 62.021343
v -30.926006 81.468025 64.78864
v -41.655136 82.415924 46.849487
v -39.725334 82.30859 49.74111
v -37.4814 77.443085 51.80327
v -38.724995 79.70529 50.222164
v -37.91198 82.30802 52.39457
v -40.604042 85.08245 49.81009
v -35.2103 79.17531 55.950485
v -37.809284 86.20737 53.148903
v -38.85433 78.53964 48.283813
v -36.116177 75.35142 53.934395
v -36.125122 76.6618 54.92252
v -34.750538 74.18755 58.488285
v -49.287918 100.13447 25.328365
v -46.329453 99.376205 33.19071
v -44.687897 92.98221 34.115887
v -44.230495 96.29568 33.185757
v -42.84545 99.4278 43.979958
v -43.979218 99.00997 39.81919
v -49.706585 102.34027 33.663197
v -41.040085 92.998795 44.673054
v -40.566616 96.37202 44.778194
v -42.319923 100.237656 46.90687
v -46.50044 102.32487 42.730034
v -42.32505 92.4342 40.57945
v -42.8897 89.46685 44.116222
v -40.294056 94.11969 47.58168
v -47.589676 94.08652 26.467344
v -46.423477 89.55227 35.513557
v -45.41884 93.27486 33.01606
v -41.6121 93.20728 41.010403
v -40.580063 86.70157 42.00035
v -40.628124 89.84614 41.255863
v -36.547596 94.14258 51.79602
v -38.442604 93.40732 47.70398
v -43.064034 96.676704 41.01446
v -35.978645 86.88004 52.533985
v -35.418755 90.62855 52.81334
v -35.289825 95.145454 54.58729
v -38.5208 97.53938 50.13036
v -37.837715 86.32861 48.505245
v -37.382908 83.01431 51.606293
v -34.561214 87.89367 55.324642
v -43.76404 87.53673 34.257378
v -40.999954 83.66529 42.994354
v -53.03815 109.48796 16.655521
v -50.82022 107.64625 24.410936
v -49.642246 101.437256 25.236845
v -49.536224 104.88005 24.079218
v -47.768356 106.001686 35.539707
v -48.948288 106.314255 31.070837
v -52.799217 110.074165 25.487331
v -46.295605 99.32601 36.156715
v -45.99095 102.74546 36.059204
v -46.934425 106.19884 38.913067
v -50.58679 109.1763 34.80922
v -47.562756 99.67844 31.796682
v -47.641285 95.82496 36.043232
v -45.434624 99.67679 39.41685
v -52.12791 103.89929 17.577106
v -50.443275 97.65618 27.139145
v -33.177357 90.57882 89.45237
v -34.967487 86.74878 89.58532
v -31.518871 86.88885 97.02563
v -33.589775 86.71704 93.40595
v -35.228096 80.04912 90.66547
v -35.927708 83.158844 89.92183
v -35.99861 86.882286 85.6642
v -30.260664 90.0718 95.51791
v -29.101368 87.16242 100.54482
v -32.22211 80.412224 97.76705
v -32.32378 83.67821 97.96484
v -30.462393 81.40564 101.48723
v -31.667143 77.11856 97.000755
v -33.853462 79.824745 94.13156
v -33.698566 77.1795 91.61266
v -36.474365 80.67943 87.28406
v -37.204884 84.41041 77.45505
v -37.129448 80.061516 79.72154
v -34.068344 83.25468 88.158195
v -36.082085 81.53784 83.71894
v -35.03268 73.751076 84.0519
v -36.567543 76.30946 81.937386
v -37.693626 78.70545 75.94508
v -34.773228 86.35608 84.92463
v -31.571411 85.09177 92.81838
v -32.49422 77.09314 91.15749
v -33.32237 80.16359 90.5248
v -30.753937 79.68546 94.760666
v -31.624979 74.033 90.92322
v -33.998974 74.96146 87.5795
v -33.01135 71.78951 86.11577
v -35.83086 73.00134 80.5495
v -35.661568 90.40559 79.56457
v -37.340363 86.845184 79.75055
v -33.969578 90.10285 86.458595
v -36.044006 88.304985 83.16642
v -37.27603 81.49846 82.12847
v -38.163677 83.7283 80.43803
v -38.24768 85.55441 76.272835
v -33.12587 92.177284 84.24956
v -31.506115 92.06975 89.68891
v -34.123444 85.08492 89.17718
v -34.429897 87.81115 88.24276
v -32.164185 87.8529 92.7292
v -33.433598 82.141426 89.68673
v -35.89122 82.80431 85.638985
v -35.53291 79.71212 84.320404
v -38.46936 80.67996 78.63179
v -34.086197 83.20649 80.764786
v -30.558321 81.01809 88.30974
v -32.33127 79.7707 83.14955
v -28.719217 73.91533 84.60074
v -30.550793 76.58897 84.704735
v -34.7479 78.575424 74.851006
v -33.821903 78.84819 78.49482
v -27.926558 75.87753 88.8731
v -26.862091 71.49574 83.667145
v -30.367321 72.20437 77.3897
v -29.527573 72.506485 80.6618
v -36.396294 83.451775 66.41644
v -36.190384 79.11792 66.74904
v -35.43036 78.73709 71.25634
v -33.692734 72.66629 69.79255
v -35.463017 75.33808 67.676216
v -36.989193 79.60832 61.785423
v -36.620457 83.26733 72.88109
v -32.716476 74.6367 76.47064
v -31.626398 72.44547 74.02108
v -31.400997 70.54853 72.503456
v -36.162704 72.876976 65.13406
v -27.859297 70.52522 77.95847
v -35.932022 95.363174 83.03447
v -33.51539 94.03652 90.59221
v -35.755108 93.293976 86.53159
v -34.261986 87.040764 89.20013
v -35.29337 90.696075 88.94728
v -38.673985 92.021095 79.79779
v -37.604683 92.604485 82.81783
v -32.646095 88.57692 92.158455
v -32.94578 82.85675 88.371544
v -36.562557 85.19941 83.671326
v -35.645073 85.81235 86.33876
v -39.142765 93.26056 70.82093
v -40.135326 89.881676 73.047745
v -39.3789 91.22107 76.77368
v -39.278645 83.50411 77.032875
v -40.417435 86.59785 75.15744
v -40.91751 88.2726 68.970894
v -38.34998 94.42818 75.75791
v -38.30813 89.11213 82.78611
v -37.583916 84.622986 80.72648
v -37.4294 80.505424 78.791176
v -41.31006 82.11401 72.9649
v -34.12712 80.78481 83.50499
v -35.58817 87.47648 76.44558
v -32.73693 86.009476 82.412125
v -35.033577 84.86278 78.76443
v -33.90988 79.96069 80.798454
v -34.47536 82.33041 80.43236
v -38.106815 83.44028 72.80907
v -36.950214 83.9338 75.45174
v -32.540504 81.75819 83.76329
v -33.340775 77.6723 80.51364
v -35.912117 78.16349 75.5234
v -35.095127 78.61264 77.99728
v -39.184917 86.161545 66.05386
v -39.454075 83.07374 66.60397
v -38.83193 83.21074 70.103966
v -38.42326 78.26706 69.55214
v -39.33095 80.32817 67.616066
v -40.024742 82.98302 62.706524
v -38.77834 87.005104 70.79355
v -37.22238 80.33866 74.49541
v -36.856335 78.18954 72.87547
v -37.123287 76.54818 71.95019
v -40.301544 78.37033 65.89108
v -34.38894 76.45155 76.22221
v -39.543713 91.61095 72.28328
v -36.46891 87.77831 78.40271
v -38.357414 88.40243 74.50285
v -34.627796 82.86383 74.70681
v -36.831863 85.41351 75.66363
v -40.737732 89.38281 68.16372
v -39.896744 88.95957 70.96813
v -33.718155 83.47019 77.83684
v -32.084473 80.53377 72.69121
v -36.10991 82.740364 69.30043
v -35.45314 82.529785 71.79021
v -43.48346 94.036354 60.061707
v -42.84285 89.922485 60.655033
v -41.509922 89.69586 65.06692
v -39.526497 83.58725 61.81813
v -41.693455 86.28174 61.242474
v -44.456146 90.10588 55.585617
v -41.792164 93.66896 65.59069
v -39.053562 85.579124 69.73441
v -37.250294 83.193535 66.29168
v -36.850754 81.3659 62.38789
v -42.3706 83.95125 56.612183
v -32.536514 80.38408 67.86411
v -35.825546 85.20442 64.53031
v -34.253765 83.891464 70.20163
v -35.67204 82.86516 66.61668
v -34.96608 78.47779 68.564415
v -35.418797 80.59869 68.14679
v -37.60469 81.592026 60.97802
v -36.86434 82.03373 63.41454
v -34.34387 80.086555 71.4203
v -34.413628 76.42969 68.42579
v -35.83873 76.8693 63.625282
v -35.495346 77.27129 65.90169
v -38.09143 84.027565 55.207897
v -38.326366 81.26398 55.593704
v -38.042294 81.38659 58.60509
v -37.517338 76.962 58.177685
v -38.241577 78.806694 56.432606
v -38.533665 81.18278 52.263092
v -38.030113 84.78255 59.178448
v -36.950485 78.81608 62.539627
v -36.3836 76.89262 61.221767
v -36.47337 75.42361 60.37585
v -38.945503 77.05443 54.813324
v -34.49819 75.33711 64.47296
v -48.842194 110.92422 50.619423
v -50.80203 108.76662 49.66284
v -46.58765 107.77541 55.963516
v -48.98859 108.02432 52.901794
v -52.155067 105.09694 47.198887
v -52.12021 106.77039 48.568558
v -52.32172 109.7556 46.335278
v -45.024864 110.29787 55.419266
v -43.892967 107.77319 58.936638
v -48.37002 104.12009 53.662575
v -47.814636 105.60036 55.660408
v -45.733982 104.19476 57.116722
v -48.589603 102.98724 50.817383
v -50.6343 104.326965 50.319576
v -51.548256 103.584885 45.691513
v -53.304066 106.14846 44.189346
v -51.534782 103.51244 45.32321
v -51.715206 101.21896 41.527092
v -47.827766 100.37619 50.481995
v -50.15064 100.58367 46.095573
v -51.253597 98.43956 36.37656
v -51.690018 99.37737 38.341404
v -52.900623 102.06814 36.867584
v -48.273296 103.07047 51.914833
v -45.12575 100.3826 54.77738
v -46.819843 97.01388 45.333733
v -47.353024 98.18847 48.478504
v -43.744762 97.0062 50.501015
v -46.257446 96.34586 41.618313
v -49.465828 97.37414 40.510796
v -50.61157 97.953636 35.022144
v -52.61227 99.85756 32.58667
v -47.470814 100.79622 39.68099
v -48.21897 96.60447 40.384
v -44.472305 97.15656 50.83292
v -46.062412 96.52845 46.99531
v -46.02401 90.27978 41.02115
v -48.044308 92.92742 40.894794
v -50.658752 97.03256 32.385838
v -44.437225 101.10673 48.61182
v -43.16543 98.13674 53.28368
v -42.20808 90.64456 51.229637
v -43.923794 93.553474 52.042652
v -40.913383 91.89445 53.73602
v -39.90877 88.08273 49.40526
v -43.809414 89.92842 47.424328
v -43.08089 88.14684 40.955284
v -48.54524 91.16487 33.31904
v -45.253944 94.212845 48.10654
v -46.0021 90.021095 48.809555
v -42.255436 90.57318 59.258472
v -43.845543 89.94507 55.420864
v -43.80714 83.696396 49.4467
v -45.82744 86.34404 49.32035
v -48.441883 90.44918 40.811394
v -42.220352 94.523346 57.037373
v -40.94856 91.55336 61.709225
v -39.99121 84.06118 59.65519
v -41.706924 86.9701 60.468204
v -38.696514 85.311066 62.161564
v -37.691902 81.49935 57.83081
v -41.592545 83.34505 55.84988
v -40.86402 81.56346 49.38084
v -46.32837 84.5815 41.74459
v -53.233444 107.01608 32.162052
v -53.893883 103.911064 31.952507
v -50.614613 103.02308 43.336052
v -52.108162 103.05648 38.952465
v -51.103325 98.29686 32.239315
v -53.526463 100.95501 31.919436
v -55.825687 105.176254 23.644358
v -50.70997 106.5275 41.638557
v -49.267143 103.400276 46.411446
v -47.69481 97.079124 43.43671
v -49.836983 99.78488 44.209965
v -46.463047 97.71871 46.511833
v -44.870358 94.63958 41.839878
v -49.16282 97.06376 39.0998
v -47.65232 95.78767 32.73567
v -53.280075 100.15418 24.117037
v -55.498386 114.3539 34.666676
v -56.971043 111.551796 34.349155
v -52.173645 108.489105 44.776623
v -54.320873 109.427414 40.78205
v -55.733746 105.43842 33.65311
v -57.398045 108.622406 34.016384
v -59.87269 114.26923 26.697105
v -51.635574 112.095406 43.406742
v -50.27789 108.14383 47.552032
v -50.93071 102.05027 43.847904
v -52.131947 105.07624 45.22938
v -49.07659 101.98553 46.66583
v -49.14971 99.217735 41.549305
v -53.05853 102.92969 39.890244
v -53.023796 102.12712 33.274586
v -58.682667 108.761826 26.276249
v -50.05664 116.329575 35.901794
v -53.84848 116.88152 37.113575
v -48.20855 112.223946 47.281433
v -50.568832 114.11135 43.379753
v -56.223934 112.86244 38.097496
v -56.338264 116.152725 37.965443
v -57.587822 120.09309 29.665148
v -45.2748 112.505356 44.355965
v -46.307953 110.77792 50.00086
v -50.98819 108.68431 48.159725
v -50.370335 111.19833 48.963737
v -48.9 107.9105 50.77685
v -50.834084 105.426094 46.112553
v -53.34122 110.11575 44.3356
v -54.807545 108.29141 37.869637
v -59.37149 116.266754 30.652391
v -57.808136 117.201 27.079252
v -59.067257 114.80521 26.807774
v -54.965485 112.1866 35.72326
v -56.80136 112.98885 32.3079
v -58.009373 109.57828 26.212654
v -59.432346 112.30058 26.523252
v -61.54816 117.12861 20.265266
v -54.505436 115.27 34.55201
v -53.34461 111.89139 38.09623
v -53.90277 106.681404 34.929203
v -54.92983 109.26861 36.110367
v -52.3175 106.626045 37.33853
v -52.38002 104.25958 32.9639
v -55.722057 107.4333 31.5454
v -55.692364 106.74712 25.889015
v -60.530697 112.419785 19.905434
v -53.155445 118.89021 28.135279
v -56.39747 119.36213 29.17135
v -51.575325 115.37989 37.86487
v -53.59337 116.99363 34.528934
v -58.42848 115.92581 30.012604
v -58.52623 118.739006 29.899698
v -59.5946 122.10801 22.802942
v -49.06697 115.62049 35.363598
v -49.950317 114.14355 40.18998
v -53.95192 112.353516 38.61581
v -53.423656 114.503006 39.30324
v -52.166523 111.6919 40.853455
v -53.820156 109.56773 36.86548
v -55.96376 113.57739 35.346188
v -57.21747 112.017586 29.817783
v -61.11964 118.8365 23.64704
v -61.076893 121.602585 17.716242
v -62.071598 119.70991 17.501774
v -58.831196 117.64121 24.545006
v -60.28154 118.275 21.84687
v -61.23587 115.58063 17.03163
v -62.36002 117.73125 17.277004
v -64.03151 121.54539 12.333196
v -58.46776 120.07709 23.61972
v -57.550705 117.40799 26.419657
v -57.991653 113.2921 23.917702
v -58.80303 115.33599 24.850822
v -56.73929 113.248375 25.821072
v -56.78868 111.378876 22.365112
v -59.428894 113.88609 21.2445
v -59.405434 113.344025 16.775953
v -63.227715 117.82541 12.048927
v -14.68252 -11.288212 17.524511
v -19.129183 -15.477383 23.457657
v -21.868244 -2.072878 33.21849
v -19.291452 3.7011988 26.940563
v -16.149416 -4.073307 20.369873
v -21.620554 3.3742373 32.18452
v -20.301537 -10.624293 27.766127
v -16.669489 -16.104586 19.07971
v -20.504482 -5.9305673 24.01433
v -7.6443977 -20.064005 43.052055
v -8.30972 -8.74654 53.624092
v -8.867071 -12.433778 46.289536
v -3.160211 -9.642212 60.244034
v -1.9225128 -20.382238 43.85779
v -1.2486855 -14.446646 53.562046
v -13.458234 -21.044462 16.325184
v -16.532335 -26.189974 22.631773
v -18.75543 -13.813615 32.520546
v -17.263315 -7.881254 26.009523
v -14.681699 -14.704141 19.233593
v -18.980356 -8.43551 31.447523
v -17.349539 -21.85657 26.99257
v -14.806387 -26.149267 18.069075
v -18.297224 -17.17941 23.265795
v -9.071185 -18.120968 13.076262
v -15.3584795 -22.681425 18.666883
v -18.025988 -10.415614 27.937635
v -14.059305 -4.823349 22.666185
v -10.404531 -11.63701 16.059204
v -17.196552 -5.023201 27.261219
v -16.757483 -18.449993 22.700382
v -12.138378 -22.599417 14.51501
v -15.738918 -13.825788 18.902403
v -19.693474 -17.22351 29.920084
v -17.480099 -21.825657 39.141365
v -19.005713 -7.34218 46.062233
v -21.23303 -3.0389223 38.207836
v -20.554724 -10.712968 31.945478
v -20.635519 -2.415581 43.920982
v -17.330105 -16.654444 42.399605
v -18.542702 -22.30018 33.81573
v -20.633183 -13.002172 38.00295
v -19.015394 -14.178795 24.305256
v -19.205532 -18.850876 33.51185
v -20.356884 -5.19882 40.796932
v -20.345177 -0.58436996 33.490604
v -19.354965 -7.832528 26.80833
v -21.210135 -0.012107333 38.81475
v -19.19573 -14.174896 37.06807
v -19.253357 -18.886368 27.993736
v -21.664827 -10.135735 31.963423
v -14.462854 -17.048784 17.095406
v -18.574146 -18.039097 27.129004
v -19.206799 -3.2989593 34.060337
v -15.569803 -1.9588898 24.480673
v -14.639172 -10.426101 19.230928
v -18.051785 0.8820756 29.794922
v -18.956501 -12.45779 31.456661
v -16.79239 -20.749426 20.626984
v -18.83288 -9.496279 23.80659
v -6.855747 -30.0726 7.1245008
v -13.356211 -34.393986 12.359883
v -15.32698 -22.521158 23.645802
v -11.344695 -16.944973 18.38339
v -7.745683 -23.744627 11.576463
v -14.481942 -17.144827 22.978422
v -14.225157 -30.423971 18.105715
v -10.555804 -34.140186 6.958993
v -13.177511 -25.862745 14.203678
v -3.113839 -27.69446 6.2588086
v -12.963305 -28.543394 12.768761
v -14.419916 -16.4474 22.927605
v -6.669019 -13.98259 15.728611
v -3.7726104 -22.034832 9.881076
v -11.0026455 -11.817286 20.478575
v -14.612418 -24.47842 18.181799
v -8.086765 -30.168312 6.906782
v -10.108473 -20.710064 12.474373
v -4.847668 -40.16251 3.2507248
v -12.152088 -43.95074 8.165019
v -13.27792 -30.73428 16.845074
v -8.681166 -26.73282 12.301307
v -5.2464695 -34.12586 6.288792
v -12.100829 -26.010305 16.417717
v -12.968941 -39.956696 12.289343
v -9.011671 -43.598515 3.9714284
v -11.11011 -35.596703 8.531259
v -0.2737529 -39.614155 1.8952124
v -10.990701 -38.209267 5.9443965
v -11.713015 -25.663298 16.336102
v -3.190344 -24.578562 10.01869
v -0.5885993 -33.14493 4.818373
v -7.876552 -21.920164 14.420978
v -12.210299 -33.743626 11.519479
v -5.8055663 -41.192616 1.2686553
v -6.9460936 -31.025072 6.4764686
v -2.5577831 -51.08838 -0.7444189
v -11.113795 -52.84762 3.1996057
v -10.605778 -38.90583 10.726498
v -4.674803 -36.360374 6.7100515
v -2.084665 -44.832157 1.7983822
v -8.403495 -34.576733 10.185173
v -11.63095 -48.395298 6.879162
v -7.415917 -53.534744 -0.46454915
v -8.381388 -44.87619 3.1853557
v -1.8581374 -49.868095 -2.8581302
v -9.862728 -48.113407 1.9762046
v -8.5916 -34.625347 10.641789
v -2.2133992 -35.459595 5.2952943
v -0.9040291 -44.410587 0.7002977
v -6.0245233 -32.479836 9.714267
v -9.862673 -42.79287 6.334644
v -7.294826 -51.634758 -2.4854
v -6.0769567 -42.13973 2.5163736
v -21.546457 -12.565057 38.2027
v -16.451014 -15.542215 43.80467
v -15.795273 -8.1515465 48.40753
v -21.647095 -3.8302455 45.498604
v -21.924343 -8.233593 40.865814
v -19.402359 -3.4303956 48.597176
v -15.046677 -13.236949 46.409554
v -19.190948 -16.299006 40.047146
v -20.11807 -10.092392 45.308636
v -8.707824 -35.368355 24.229616
v -9.773041 -21.77375 35.303387
v -10.992512 -30.350653 25.725994
v -3.820834 -19.418325 41.905846
v -1.4678197 -32.256466 27.493528
v -1.4618505 -25.326887 36.92522
v -12.204377 -30.045107 28.522236
v -2.713502 -29.276403 33.236156
v -2.7777686 -21.123644 39.53845
v -12.642917 -19.81834 35.273155
v -13.185748 -25.046917 30.67354
v -7.398955 -18.799574 39.497284
v -1.9174348 -24.898853 36.34415
v -6.8443975 -31.501595 28.409777
v -7.807942 -24.822823 35.182644
v -13.74068 -26.885567 32.997944
v -5.06844 -26.4193 38.311035
v -5.092027 -17.109415 43.753006
v -14.572424 -15.002903 39.66768
v -15.5684395 -20.376894 35.06068
v -8.940491 -13.2073765 43.57886
v -4.5967903 -22.030077 40.810776
v -9.622712 -28.927582 33.560455
v -10.320502 -20.714546 39.84074
v -15.283768 -20.514093 38.608795
v -5.85346 -22.848799 43.52952
v -6.217425 -10.034477 50.820248
v -16.623196 -4.3059053 46.318195
v -17.430704 -11.404026 41.90552
v -12.146341 -5.498054 51.5899
v -4.8036013 -17.025526 46.50603
v -9.586053 -24.831463 38.198387
v -9.937746 -14.46842 45.53744
v -15.945959 -31.980314 22.261227
v -9.616623 -31.589485 29.078337
v -8.198783 -22.719425 34.657455
v -15.009339 -22.446304 27.832916
v -15.189258 -26.858498 22.91388
v -12.798216 -20.55178 34.507633
v -8.876433 -27.034294 32.691
v -12.507935 -33.78623 23.621624
v -13.407991 -27.57346 30.642626
v -16.400555 -28.986444 25.02796
v -11.298602 -28.755957 33.65473
v -9.8615885 -19.062712 37.60301
v -16.848131 -17.5337 31.353113
v -16.698559 -22.888418 25.783693
v -14.556386 -15.987671 38.765366
v -9.701787 -23.719559 35.086433
v -14.470677 -31.438456 27.536137
v -14.542023 -23.66961 33.52391
v -17.12018 -24.617355 30.093292
v -9.563515 -24.520384 37.193
v -8.478947 -11.344683 44.4216
v -19.663187 -7.228311 39.12794
v -19.017332 -15.850668 32.930016
v -15.471293 -5.1518626 46.910187
v -8.257305 -18.83426 40.118885
v -14.290212 -28.211773 32.413586
v -15.004894 -16.924702 40.772385
v -17.536848 -26.568079 24.223446
v -18.076185 -24.622097 33.794907
v -16.785156 -14.395681 35.382374
v -16.878176 -15.766629 25.802198
v -15.138045 -21.442152 23.388716
v -19.294525 -12.104144 31.571865
v -17.603716 -19.129932 34.85854
v -17.469332 -28.104898 28.60355
v -19.421057 -19.957384 30.17665
v -15.114782 -31.911076 17.904802
v -15.89135 -29.05593 24.693172
v -14.201748 -19.849195 29.150406
v -14.350985 -21.260181 19.798847
v -12.610854 -26.935703 17.385365
v -16.767336 -17.597692 25.568516
v -14.788127 -24.238409 27.057713
v -15.6218 -32.550297 20.28268
v -16.93666 -25.293558 23.715815
v -6.6577253 -24.277328 35.48417
v 1.6338809 -25.06113 36.279263
v 0.25407398 -14.3274355 50.338806
v -8.169594 -14.866037 43.928905
v -6.8771043 -20.155924 38.90741
v -3.7759662 -12.538507 50.16273
v 2.855541 -20.018234 40.753685
v -2.0523922 -26.519049 35.91962
v -1.1562922 -21.894453 42.52699
v -7.9791555 -44.70801 18.438942
v -9.889147 -30.29953 26.720984
v -10.7925625 -40.089737 18.683212
v -3.7400537 -26.434198 32.971638
v -0.9140269 -40.32866 19.52338
v -1.1713411 -32.170506 27.153837
v -14.546226 -37.19785 19.395992
v -8.480806 -37.515484 23.65617
v -6.038449 -29.152077 28.582129
v -12.773791 -28.09825 25.567003
v -13.30694 -32.05535 20.22191
v -10.446353 -27.034431 30.059275
v -7.113989 -33.107372 26.077318
v -11.548904 -39.575623 19.068232
v -11.659324 -33.387703 24.866396
v -12.438602 -42.557888 15.382847
v -5.175834 -42.225513 17.211433
v -3.3652992 -33.923904 22.850115
v -10.986466 -33.486195 21.778137
v -11.974501 -37.24296 16.561666
v -7.8746543 -32.41223 25.505491
v -4.148926 -37.81018 19.937025
v -8.953422 -44.60204 14.01075
v -8.962185 -38.608887 19.93843
v -8.673213 -49.15042 11.883353
v 0.8176632 -47.18934 13.771897
v 1.1331542 -39.087303 20.467386
v -9.057501 -38.666664 18.16756
v -10.119688 -44.231216 14.168119
v -3.3950112 -37.053444 21.156206
v 1.2028757 -43.143677 17.69565
v -3.2202117 -50.408703 11.336012
v -4.6944118 -43.48299 17.511126
v -15.042925 -7.92865 18.378523
v -17.16349 -9.467185 19.718683
v -19.795803 -0.1335077 25.77168
v -18.706783 -4.765565 22.183155
v -19.522636 -12.301941 23.273186
v -18.813562 -10.945142 21.27739
v -15.393064 -14.203588 17.816235
v -17.677145 0.32940823 23.490166
v -20.657684 4.463768 29.92223
v -21.531656 -3.4965663 29.441109
v -21.289093 -1.2057303 27.829796
v -22.024775 1.1897299 33.4768
v -21.148855 -6.3967085 30.829025
v -20.782843 -8.041059 25.881285
v -19.761213 -13.598162 25.487528
v -18.006737 -16.42102 21.140951
v -8.710764 -16.465664 44.206257
v -4.866551 -17.098698 46.18209
v -5.4102707 -10.796556 53.884453
v -5.0578775 -13.440212 49.92579
v -1.0223379 -17.73173 48.157917
v -4.755757 -21.264597 42.545868
v -9.025533 -9.9325485 49.58294
v -5.8431964 -8.660316 57.9506
v -1.7950085 -11.660564 58.185966
v -13.782033 -18.027874 17.182274
v -15.520278 -19.893663 18.713892
v -17.720778 -11.54794 24.917376
v -16.869728 -15.758285 21.275146
v -17.105803 -23.169458 22.469824
v -16.785782 -21.645508 20.418682
v -13.921627 -23.991564 16.693125
v -15.9459 -10.835598 22.448353
v -18.322624 -7.3001137 29.100094
v -18.778975 -15.086016 28.741455
v -18.872765 -12.78863 27.107906
v -19.093037 -10.630773 32.77928
v -18.062292 -17.91175 30.096508
v -18.20365 -19.334497 25.154633
v -16.953083 -24.57946 24.69414
v -15.746696 -26.797659 20.236021
v -9.249248 -15.080613 13.994624
v -11.917625 -16.665833 15.035982
v -14.692754 -8.316927 21.056965
v -13.431376 -12.528446 17.40124
v -15.379259 -19.692122 18.320356
v -14.117223 -18.215015 16.377756
v -10.277689 -20.766153 13.315959
v -12.129691 -7.78208 19.25817
v -15.827947 -4.0683427 25.357925
v -17.380852 -11.687152 24.234947
v -16.646309 -9.426908 22.750858
v -17.926056 -7.194065 28.303892
v -17.505888 -14.522531 25.614134
v -16.607851 -15.934938 20.721828
v -16.172516 -21.13319 20.563372
v -13.922871 -23.204004 16.474707
v -20.144575 -14.175508 30.210484
v -20.134249 -16.090042 33.02832
v -21.112717 -6.9187307 38.017517
v -20.875746 -11.74398 35.112614
v -18.665722 -18.935043 38.33978
v -19.761953 -17.758558 35.765102
v -19.140488 -20.196507 31.354332
v -20.984837 -6.496361 34.845005
v -21.097422 -1.8538852 41.332726
v -19.63954 -9.6641035 42.87335
v -20.808361 -7.816259 40.81773
v -19.904837 -4.198342 45.67391
v -18.038486 -11.987106 44.556664
v -19.263437 -14.71472 40.339672
v -17.207523 -19.865513 40.8334
v -17.957201 -22.740221 36.60677
v -19.093952 -11.213414 24.813015
v -20.162169 -12.993526 27.217138
v -21.059328 -4.2464094 32.654198
v -20.908142 -8.839468 29.39008
v -20.16882 -15.961067 32.494114
v -20.697937 -14.625467 29.738441
v -19.118801 -16.928083 25.589783
v -19.798916 -3.8367207 29.986471
v -20.91312 0.5661485 36.463905
v -21.006502 -7.1947403 37.297752
v -21.676327 -5.188337 35.14895
v -20.943617 -1.9460794 40.451538
v -19.693264 -9.733382 39.273582
v -20.828524 -12.010653 34.51995
v -19.107256 -17.148497 35.36697
v -19.26825 -19.478733 30.844263
v -14.3302765 -14.068134 17.562576
v -16.431868 -14.587109 19.51286
v -17.085987 -4.6571946 23.969273
v -17.075201 -9.636911 21.26256
v -18.692284 -15.400535 25.491762
v -18.047768 -15.0499525 21.982727
v -15.472263 -19.522547 18.241669
v -14.954188 -5.9681854 21.688223
v -16.780502 0.33728266 27.154493
v -19.188303 -5.587206 29.796864
v -18.677464 -4.2342024 26.566696
v -18.84917 -0.3627684 32.48719
v -19.158823 -7.8282075 33.343403
v -19.233864 -10.652757 27.375423
v -18.851107 -15.694984 29.520378
v -17.85713 -19.989426 23.876984
v -6.757687 -27.146208 8.912031
v -9.643735 -28.58755 9.414748
v -11.978145 -20.438553 16.774172
v -10.826946 -24.600094 12.783835
v -13.202423 -31.507349 12.565645
v -11.976431 -30.038172 10.453831
v -8.444518 -32.487965 6.3562856
v -9.415081 -19.903704 14.975375
v -13.1133375 -16.189966 21.07513
v -14.69744 -23.776619 19.934078
v -13.9395 -21.540493 18.463547
v -15.211447 -19.31569 24.021097
v -14.853671 -26.57984 21.295189
v -14.066683 -27.939766 16.048462
v -13.875063 -32.985806 15.213828
v -12.221413 -34.777153 9.284232
v -2.891185 -25.28606 7.649517
v -6.1566863 -25.216856 8.218296
v -7.953682 -16.513964 14.404413
v -7.0932007 -20.94802 10.918214
v -11.765258 -26.056099 12.157663
v -9.19158 -25.392065 9.487527
v -5.1821556 -29.403084 5.9115186
v -5.016531 -17.797722 12.750914
v -8.776147 -11.997296 18.283752
v -12.86273 -17.89183 18.573458
v -10.649519 -16.216553 16.273424
v -13.013247 -13.417998 22.375328
v -14.834627 -20.553455 21.089006
v -12.513104 -22.169813 15.068576
v -14.108327 -26.964546 15.528252
v -10.818299 -29.746532 9.543734
v -4.4868045 -37.476402 4.3032036
v -7.5772805 -38.54593 4.927262
v -9.520584 -30.202549 10.735647
v -8.512025 -34.620518 7.2837243
v -11.700011 -41.141777 7.866597
v -10.153201 -39.729656 5.974125
v -6.679444 -42.225063 3.1185298
v -6.776281 -30.070002 9.220316
v -10.566052 -25.538301 14.735301
v -12.740761 -32.869473 13.551474
v -11.697781 -30.935553 12.197269
v -12.955385 -27.672699 17.243982
v -13.216633 -35.40385 14.851967
v -12.3732605 -37.535934 10.283999
v -12.732265 -42.6681 10.181875
v -10.873887 -44.21731 5.874231
v 0.13378116 -36.897804 3.079578
v -3.2097394 -36.35888 2.9874494
v -4.612672 -27.030685 8.655998
v -3.8584538 -31.6818 5.3653445
v -9.257083 -36.082363 5.7999244
v -6.393336 -36.02029 3.644504
v -2.613777 -41.048943 1.0659336
v -1.6383188 -28.600603 7.3109403
v -5.419642 -22.39255 12.403031
v -9.92859 -27.584044 12.224549
v -7.428828 -26.384064 10.220665
v -10.111412 -23.038996 16.02954
v -12.270156 -29.707321 14.448041
v -9.669303 -31.981146 8.715897
v -11.960907 -36.34477 8.704528
v -8.768397 -40.035637 3.1802912
v -1.7848283 -48.441124 0.17627305
v -5.0881886 -48.80462 0.37645322
v -6.005453 -39.724777 5.259167
v -5.486956 -44.564587 2.2996328
v -10.037777 -50.228 2.7952561
v -7.977266 -49.342213 1.081244
v -4.749285 -52.744762 -1.0285491
v -3.111538 -40.290653 4.186764
v -6.583814 -34.585083 8.736879
v -10.0800295 -41.410233 7.702111
v -8.471055 -39.863205 6.4061055
v -9.698764 -35.947266 10.972859
v -11.26069 -43.66156 9.072651
v -10.260098 -46.346157 4.840023
v -11.684005 -51.287884 5.013879
v -9.61426 -53.582798 1.1591496
v -0.88989466 -47.667824 -1.3874283
v -3.9228036 -47.312225 -1.0357492
v -3.7125013 -38.24307 4.445735
v -3.6060936 -43.03149 1.4414861
v -8.520857 -46.378437 1.7337959
v -6.588772 -46.900978 -0.16752332
v -4.4510727 -51.339115 -3.2494776
v -1.2582251 -39.768684 2.9427173
v -4.0304675 -33.200806 7.7134905
v -7.7684255 -37.616096 7.3860006
v -5.9536204 -37.32352 5.93231
v -7.510659 -32.784195 10.814582
v -9.370073 -38.514732 8.823248
v -8.085416 -42.22263 4.258659
v -10.086001 -45.800243 4.151662
v -9.015524 -50.308884 -0.48982772
v -21.900229 -10.433819 39.07352
v -21.025135 -11.949339 41.0726
v -21.148071 -6.0433145 45.436012
v -21.293303 -9.055846 43.365715
v -17.84044 -14.055532 44.153236
v -19.791414 -13.233646 42.8423
v -20.550268 -14.783311 38.66808
v -21.931564 -5.808379 43.164875
v -20.796139 -2.971263 47.394897
v -17.71125 -8.597556 47.618965
v -19.897118 -6.7993426 47.117317
v -17.48941 -5.406607 48.848858
v -15.057924 -10.916862 47.53078
v -17.85447 -11.557524 46.137585
v -15.530841 -14.646205 45.234787
v -17.74779 -16.322561 41.9174
v -10.4901495 -33.72876 24.10618
v -5.624942 -31.36106 28.047731
v -6.6015797 -23.808846 35.32947
v -6.227181 -27.838772 31.32561
v -0.7597347 -28.993357 31.989283
v -4.9087815 -34.629528 25.132853
v -10.951668 -25.873959 30.052502
v -6.862057 -19.525103 39.69633
v -2.2514913 -21.743732 40.60644
v -13.076843 -27.82693 29.338337
v -10.240814 -28.068378 30.646992
v -10.525452 -21.824524 35.518467
v -10.53957 -24.90986 33.207058
v -4.711804 -27.74229 33.445965
v -7.440547 -28.10758 32.00106
v -9.785623 -31.263489 27.962595
v -13.31382 -22.143055 32.790485
v -10.3548975 -18.77578 37.705544
v -4.871684 -22.189772 38.1679
v -7.7178254 -21.75657 37.544815
v -4.7242856 -19.673923 40.058006
v -2.0062842 -22.873552 38.08935
v -4.905413 -24.835829 36.042362
v -2.018823 -27.174753 34.936287
v -4.4045253 -30.77896 30.614138
v -14.954051 -23.854963 33.706673
v -12.619166 -24.418081 35.343597
v -12.653833 -16.872454 39.919724
v -12.984119 -20.46423 37.768208
v -7.3912992 -24.668486 38.345127
v -10.144757 -24.76224 36.912445
v -11.906594 -28.55297 32.78244
v -15.605577 -17.367086 37.21201
v -11.975927 -13.461718 41.934685
v -7.156581 -17.98045 42.512
v -9.803647 -16.902138 41.92165
v -6.590512 -14.703727 44.16604
v -4.611074 -19.583076 42.396564
v -7.498295 -21.290821 40.643265
v -4.4983163 -24.355772 39.70973
v -7.059949 -28.079796 35.8323
v -16.81166 -16.189135 40.064342
v -12.989481 -18.079575 40.916298
v -14.105482 -8.41322 46.689476
v -13.487658 -12.978496 43.943424
v -7.1045475 -20.115932 43.447727
v -9.607157 -19.533884 41.975132
v -12.551127 -23.448553 37.74863
v -17.436802 -7.0891247 43.922592
v -14.783133 -4.1158447 49.294983
v -7.8953953 -11.580868 49.08135
v -10.8873005 -9.86718 48.670883
v -8.942552 -7.4316444 51.939877
v -5.016627 -13.42442 48.70634
v -7.174105 -15.789247 46.24368
v -5.0417943 -20.26185 45.1272
v -7.3608546 -24.501774 40.67263
v -15.816023 -29.588669 22.218058
v -14.548259 -30.373192 24.922888
v -14.436844 -24.204865 29.435276
v -14.527816 -27.32049 27.251616
v -11.22588 -30.30039 29.402172
v -13.083783 -30.747253 27.395123
v -14.533438 -33.394436 22.521624
v -15.111295 -24.428793 24.870453
v -14.310609 -21.05778 31.546402
v -10.954058 -24.35338 33.917038
v -13.228923 -24.13003 32.83813
v -10.255278 -21.21687 35.213326
v -8.1457205 -24.725824 33.833977
v -11.371404 -27.408388 32.14018
v -9.171264 -29.443068 31.17663
v -10.798923 -33.110893 26.1836
v -16.637348 -26.12906 24.91122
v -15.747507 -27.056885 27.884811
v -15.97041 -19.731525 32.79231
v -15.843932 -23.33995 30.168612
v -12.581555 -27.160856 32.767254
v -14.511098 -27.546791 30.592218
v -15.666108 -30.828072 25.770962
v -16.90625 -19.89701 28.008343
v -16.111914 -16.177351 35.585957
v -12.176261 -20.421993 36.88246
v -14.553952 -19.821398 36.20683
v -12.040338 -17.12437 38.949814
v -9.317952 -21.277948 36.188644
v -12.345547 -23.75552 34.81998
v -10.305447 -26.337 34.676105
v -12.850926 -30.60209 30.719398
v -18.145302 -20.579266 30.964582
v -16.621418 -21.824205 34.194668
v -17.744972 -10.743803 40.672707
v -17.239042 -16.318058 37.55919
v -11.856487 -22.472378 38.068096
v -14.668244 -22.608719 36.77807
v -15.947947 -27.296299 30.704647
v -19.730288 -11.100192 35.60109
v -18.195053 -5.135493 43.660725
v -11.770849 -12.796424 43.94412
v -15.258783 -11.078763 44.02637
v -11.637309 -7.607542 46.587086
v -7.782043 -15.205437 42.143906
v -11.85903 -17.809853 41.15363
v -8.615441 -21.875614 38.711433
v -11.808585 -26.959452 34.835045
v -16.24573 -24.262917 23.372543
v -17.680315 -24.286407 26.456604
v -18.093153 -17.010597 27.70068
v -17.787914 -20.644993 26.958185
v -18.563412 -23.120275 32.08176
v -18.618382 -24.006618 29.404922
v -17.671537 -27.931332 26.07548
v -15.553657 -18.532084 24.137913
v -18.497213 -13.379714 28.563631
v -18.765467 -16.036144 33.328743
v -19.530981 -16.00624 30.889082
v -18.153873 -12.672734 33.976547
v -16.898281 -16.583178 35.394043
v -19.020748 -19.488882 32.693096
v -18.011925 -21.930656 34.62286
v -17.749765 -26.841 31.482584
v -13.718539 -29.756468 17.369192
v -15.363376 -29.48049 19.824293
v -15.565963 -22.50578 21.698961
v -15.313286 -26.065716 20.799635
v -16.231853 -27.944576 24.14072
v -16.402912 -28.958523 22.130949
v -15.564847 -32.822685 18.810944
v -13.026465 -24.025635 18.134563
v -15.970021 -18.873262 22.560282
v -16.12584 -21.451252 26.869783
v -16.97568 -21.48222 24.773867
v -15.626682 -18.166286 27.973198
v -14.146221 -21.91658 28.476206
v -16.401922 -24.717068 25.635809
v -15.455496 -26.684643 26.002047
v -15.83871 -31.152933 22.51507
v -6.945655 -22.430416 36.81323
v -3.9906316 -23.842701 38.287006
v -4.859772 -17.58118 44.187916
v -3.8742833 -21.326418 41.166607
v 0.81640387 -24.051453 38.74187
v -1.3113611 -24.60103 39.137608
v -4.6578984 -25.744507 35.478256
v -7.807493 -17.405994 41.20866
v -6.39618 -13.221463 47.280083
v -0.008716492 -17.349129 46.514385
v -2.1731482 -17.610758 46.259163
v -1.5976678 -12.883401 51.47741
v 1.8946187 -16.941893 45.861595
v 0.9920393 -21.257574 42.089745
v 2.668416 -22.847921 37.72297
v 0.052572787 -26.288048 35.932384
v -9.984709 -43.441643 17.977476
v -5.1648355 -39.898388 20.412281
v -6.5179834 -31.811832 26.62094
v -5.9819517 -36.13012 22.918526
v -0.34496194 -36.355137 22.847086
v -4.207176 -43.39165 18.504122
v -10.971442 -35.14948 22.119644
v -6.913472 -27.218538 30.921436
v -2.0645242 -28.474188 31.12223
v -14.164249 -34.721756 19.509762
v -13.0669775 -35.846203 20.71749
v -12.358492 -29.980446 25.463184
v -12.724608 -32.855915 22.830284
v -9.851202 -36.194267 23.503096
v -11.714396 -36.49544 22.017756
v -13.397471 -38.893894 18.864748
v -13.029695 -29.788378 22.548294
v -11.980502 -27.162378 28.356138
v -8.919411 -30.57391 27.83377
v -11.16312 -30.224844 27.513277
v -7.9678617 -27.768055 29.820002
v -6.151531 -30.975306 27.289469
v -9.628133 -33.381927 25.757986
v -7.7327013 -35.41789 25.080973
v -9.831446 -39.008774 21.15865
v -12.502538 -40.00371 15.744183
v -10.86578 -41.074375 16.341139
v -10.224384 -35.31687 21.263807
v -10.618422 -38.10631 18.531565
v -6.8728223 -41.12525 17.801235
v -9.049162 -41.622425 17.004642
v -11.039799 -44.13175 14.421625
v -11.597386 -35.049362 18.891346
v -9.757008 -32.616745 24.266964
v -6.1119604 -35.624443 22.471703
v -8.509777 -35.52752 22.752014
v -5.305044 -32.843884 24.641388
v -3.3725388 -35.664497 21.307133
v -6.705634 -38.389923 20.219242
v -4.5166225 -40.10546 18.664375
v -6.8267674 -43.845497 15.300456
v -9.824741 -46.994095 12.801445
v -6.9887123 -47.084038 13.779799
v -7.164848 -40.572502 18.126568
v -7.4463844 -43.82303 16.102829
v -1.4597021 -46.18599 15.241511
v -4.188445 -46.9045 14.634405
v -6.161436 -50.350296 11.307124
v -10.061718 -41.2117 16.090101
v -6.5137067 -37.327225 20.00066
v -1.4025779 -40.468365 19.725374
v -4.2758455 -40.22687 19.544502
v -0.6660907 -37.70539 21.201
v 1.4628218 -41.003426 19.287714
v -1.7851025 -43.27926 17.866594
v 1.2332789 -45.197998 15.724868
v -0.78033936 -49.140644 12.233275
# 7085 vertices

vn 0.0005724777 0.82275844 -0.5683909
vn 0 0.9397573 -0.34184238
vn 0.37505028 0.8631003 -0.33822358
vn 0.35425326 0.7693302 -0.5316349
vn 0 0.9956062 -0.09363924
vn 0.35819384 0.9271181 -0.11022326
vn 0.7552128 0.64668936 -0.10698871
vn 0.71343637 0.6428554 -0.27882868
vn 0.6139559 0.6708821 -0.41590303
vn 0 0.9925936 0.12148247
vn 0.2742301 0.95614713 0.10286169
vn 0 0.9662846 0.25747648
vn 0.21127756 0.9426375 0.2584499
vn 0.30058512 0.91788954 0.25908956
vn 0.3910262 0.91653585 0.08402713
vn 0.5825681 0.8067545 0.09880024
vn 0.67013097 0.727197 -0.14869116
vn -5.863977E-05 0.4451662 -0.89544797
vn 0.38708597 0.40833652 -0.8266957
vn 0.37439057 0.38549912 -0.84333986
vn 0 0.4214194 -0.90686584
vn 0.7834958 0.2864112 -0.5514553
vn 0.7183762 0.26923877 -0.6414407
vn 0.5367452 0.5769123 -0.61569214
vn 0.33863366 0.5832486 -0.7383416
vn 0 0.6247022 -0.7808631
vn 0.8411943 0.23663293 -0.4862068
vn 0.98384786 0.08355202 -0.15831137
vn 0.9313769 0.15824498 -0.3278653
vn 0.9832888 0.18204919 -0.0010762513
vn 0.9780826 0.19782384 -0.06496274
vn 0.9628131 0.17822765 -0.20304151
vn 0.86552286 0.24367557 -0.4375984
vn 0.8062148 0.36597577 -0.46484345
vn 0.9843043 0.167735 0.054863274
vn 0.9639008 0.24286735 0.10913606
vn 0.98728085 0.04522879 0.15241666
vn 0.95277935 0.18118753 0.24368541
vn 0.9630882 0.04737248 0.2649848
vn 0.9887796 0.13062236 0.072475426
vn 0.94975096 -0.07526013 0.30382395
vn 0.9258378 0.041681517 0.37561548
vn 0.7593788 -0.2701414 0.59191847
vn 0.7660935 -0.20444003 0.609348
vn 0.6800864 -0.24640518 0.69048315
vn 0.85394573 -0.08985458 0.5125454
vn 0.4146893 -0.39118978 0.82158583
vn 0.41358685 -0.39423528 0.8206853
vn 0 -0.4423611 0.89683706
vn 0 -0.4440763 0.89598894
vn 0 -0.40378818 0.9148525
vn 0.38521188 -0.36134058 0.84914356
vn 0.26084024 0.78700376 -0.5590952
vn 0 0.8152665 -0.57908595
vn 0.35142255 0.7760174 -0.5237358
vn 0.38344657 0.73379487 -0.56081533
vn 0.22969614 0.7901348 -0.56826633
vn 0 0.8162291 -0.57772833
vn -0.4698696 0.86631167 0.16948943
vn -0.58798045 0.8007383 0.114442885
vn -0.5498622 0.8294682 0.09815321
vn -0.28904694 0.9278958 0.23550208
vn -0.7668052 0.64163923 -0.017576154
vn -0.73342663 0.679236 -0.026903972
vn -0.6609481 0.7502132 0.018105524
vn -0.51065487 0.8522031 0.113936484
vn -0.13863887 0.9419334 0.30584434
vn 0.37220538 0.8123859 0.44887888
vn 0.14828835 0.90255696 0.40422952
vn 0.2956716 0.84093404 0.4532199
vn -0.16356148 0.94250065 0.29144496
vn 0.3429712 0.8127076 0.47103834
vn 0.43969303 0.757161 0.48309132
vn 0.5979001 0.62336814 0.5039123
vn 0.6908694 0.52085066 0.50141203
vn 0.8094156 0.38212004 0.4459044
vn 0.6843885 0.52335036 0.5076581
vn 0.77492857 0.41871607 0.47345805
vn 0.9135897 0.14154893 0.3812056
vn 0.7964043 -0.17007188 0.58035827
vn 0.93850654 -0.05165199 0.34137598
vn 0.62153226 -0.25070703 0.7421884
vn 0.6235946 -0.27467564 0.73190373
vn 0.791468 -0.20936556 0.5742338
vn 0.925206 -0.095428616 0.36726993
vn 0.3496132 -0.30785435 0.88487077
vn 0 -0.33022225 0.9439032
vn 0 -0.35078958 0.9364543
vn 0.34869587 -0.32863042 0.87773186
vn 0 -0.9343323 0.356403
vn 0.1482776 -0.9276221 0.34282807
vn 0.15667534 -0.98627144 0.052168254
vn 0 -0.9995933 0.02851608
vn 0.48328236 -0.825679 0.29101947
vn 0.5279543 -0.8335639 0.16259
vn 0.424113 -0.8740179 0.23710947
vn 0.18364729 -0.962934 0.19756454
vn 0 -0.98297983 0.18371359
vn 0 0.51365894 -0.85799444
vn 0.32075018 0.49304804 -0.80871683
vn 0.28641728 0.42801908 -0.85718423
vn 0 0.44327798 -0.8963842
vn 0.5889145 0.4352032 -0.6810124
vn 0.5463872 0.381796 -0.7454481
vn 0.52114093 0.28394315 -0.804853
vn 0.2544397 0.33129773 -0.90857154
vn 0 0.3448507 -0.9386575
vn 0.7975168 0.327692 -0.5065421
vn 0.7770459 0.27310228 -0.5671109
vn 0.955949 0.118101835 -0.26872563
vn 0.9502411 0.046325758 -0.30805165
vn 0.93686026 -0.05440815 -0.3454455
vn 0.77271336 0.16618672 -0.6126141
vn 0.9906763 -0.13406381 -0.024235882
vn 0.9767441 -0.20783582 -0.05268072
vn 0.91296923 -0.36551994 0.1813348
vn 0.89319986 -0.42776722 0.13859744
vn 0.8866512 -0.4540872 0.08748953
vn 0.9523349 -0.29397416 -0.081470706
vn 0.7562253 -0.5573126 0.34282053
vn 0.73292035 -0.6193048 0.28158364
vn 0.5604058 -0.69809854 0.44564983
vn 0.5175301 -0.76898533 0.37526542
vn 0.78622514 -0.610965 0.09258396
vn 0.29872575 -0.8083835 0.50722677
vn 0.2505361 -0.8723799 0.41974393
vn 0 -0.85085917 0.52539384
vn 0 -0.9050327 0.42534205
vn 0.39057398 -0.41333574 0.82256037
vn 0 -0.46664545 0.8844445
vn 0.5950049 -0.34690833 0.7249991
vn 0.53326964 -0.44062358 0.7221318
vn 0.36021203 -0.50568926 0.7839169
vn 0 -0.5500055 0.83516103
vn 0.23524494 0.23655209 -0.9427104
vn 0 0.2528081 -0.9675164
vn 0.5071676 0.17965314 -0.84291506
vn 0.485961 0.14893396 -0.8611972
vn 0.22627236 0.21253562 -0.95059425
vn 0 0.22984536 -0.97322714
vn 0.780115 0.050259113 -0.62361413
vn 0.92872375 -0.14340669 -0.34191623
vn 0.9249004 -0.16374981 -0.34314027
vn 0.788767 -0.0068618986 -0.61465406
vn 0.9255886 -0.37222254 -0.06881955
vn 0.8706598 -0.4865708 0.07211318
vn 0.8450224 -0.52453566 0.103920765
vn 0.91472083 -0.40143433 -0.046220217
vn 0.28355855 -0.9029761 0.32284477
vn 0.14282586 -0.7393167 0.6580361
vn 0.27521676 -0.7487689 0.60299325
vn 0 -0.71461517 0.6995178
vn 0 -0.65032214 0.7596586
vn 0.20105484 -0.65621644 0.72729427
vn 0.36338025 -0.64322674 0.6739541
vn 0.21206897 0.27191064 -0.9386647
vn 0 0.2865599 -0.95806235
vn 0.44439855 0.21647409 -0.8692807
vn 0.40929472 0.32356736 -0.8531014
vn 0.19794643 0.36178228 -0.9110054
vn 0 0.373432 -0.92765754
vn 0.71285564 0.092773676 -0.6951474
vn 0.8311074 0.007894721 -0.55605596
vn 0.67825544 0.23048162 -0.6977448
vn 0.60314876 0.26298 -0.7530292
vn 0.25213557 -0.6645572 0.7034141
vn 0.3822074 -0.65549093 0.65134406
vn 0 -0.66511005 0.74674535
vn 0 -0.67229956 0.7402792
vn 0.26548386 -0.6875952 0.67581886
vn 0.35078695 -0.7057941 0.61546993
vn 0.21630459 0.41309434 -0.8846273
vn 0 0.4254617 -0.9049764
vn 0.4016428 0.38486224 -0.8310019
vn 0.40229225 0.39797428 -0.82448614
vn 0.23814072 0.42322552 -0.8741677
vn 0 0.4372779 -0.89932644
vn 0.55870545 0.3514759 -0.75120765
vn 0.6212797 0.33554083 -0.7081129
vn 0.5893176 0.36557811 -0.7204564
vn 0.5333478 0.37518686 -0.75813913
vn 0.9542748 -0.18889882 0.23168269
vn 0.9289219 -0.3051537 0.20972684
vn 0.9970487 -0.0750264 -0.016278824
vn 0.99951565 -0.026025599 -0.017060986
vn 0.95764524 0.15713921 -0.24129425
vn 0.9575015 0.17335552 -0.23051843
vn 0.64095765 -0.3606336 0.6775815
vn 0.8029733 -0.27266052 0.5299907
vn 0.62862915 -0.5123006 0.58512694
vn 0.79731166 -0.3912544 0.4595804
vn 0.92927104 -0.13561784 0.34360316
vn 0.5903329 -0.6358191 0.49723354
vn 0.77540946 -0.49616492 0.39058998
vn 0 -0.4760193 0.8794348
vn 0.35692373 -0.44316152 0.8223219
vn 0 -0.6600107 0.75125617
vn 0.3469498 -0.61920756 0.7044202
vn 0 -0.79015344 0.6129091
vn 0.3222305 -0.7476593 0.58066607
vn 0.6272628 0.49354473 -0.60245746
vn 0.6192141 0.4626786 -0.63443077
vn 0.327661 0.5425791 -0.7734637
vn 0.3164305 0.6035435 -0.7318517
vn 0 0.5737987 -0.81899637
vn 0 0.6480891 -0.7615645
vn 0.8243417 0.34410474 -0.44950274
vn 0.8346802 0.34074068 -0.4326717
vn 0.12179242 0.8536287 -0.50644314
vn 0.22535789 0.81401736 -0.5353406
vn 0.3273983 0.84709585 -0.4186156
vn 0.100101195 0.9785765 -0.17991066
vn -0.092257366 0.87267333 -0.47950995
vn 0.084000625 0.7926342 -0.60388327
vn -0.24570596 0.7309447 -0.63666975
vn -0.7230037 0.44649377 -0.52717066
vn -0.78835 0.5597052 -0.25541025
vn -0.8246269 0.50963 -0.24549477
vn -0.87535477 0.29850116 -0.38033023
vn -0.73613924 0.6489743 -0.19217536
vn -0.7274909 0.67762494 -0.10761701
vn -0.7174178 0.6900478 -0.09563316
vn -0.8472991 0.46222472 -0.2615962
vn -0.8767732 0.2810024 -0.3902646
vn 0.27444232 0.95986766 0.057753507
vn -0.085181035 0.97827137 0.18902206
vn -0.36573383 0.92838216 0.065919235
vn 0.43133548 0.9020704 0.014787738
vn 0.62838715 0.7594148 0.16857861
vn 0.32236022 0.8812792 0.34558785
vn 0.06966549 0.9364116 0.34391865
vn -0.3642183 0.91971534 0.146522
vn -0.60597736 0.792927 -0.0637041
vn 0.79136753 0.5500894 0.26671913
vn 0.58606714 0.69458574 0.41722417
vn 0.8431039 0.5111842 0.16693276
vn 0.90306276 0.32840186 0.27682102
vn 0.80793124 0.41635624 0.41700664
vn 0.7860468 0.4282133 0.4458293
vn 0.47536764 0.75624126 0.44958284
vn 0.9414776 0.104157306 0.32057944
vn 0.93032426 0.12689236 0.34408593
vn 0.9713939 -0.17100789 0.16477327
vn 0.9569571 -0.25375468 0.14086033
vn 0.9276119 -0.34224954 0.14967126
vn 0.9306363 0.0850891 0.3559156
vn 0.2809012 0.6972088 -0.659541
vn 0.48834026 0.6271713 -0.6067784
vn 0 0.73860943 -0.67413354
vn 0.73894745 0.43807137 -0.5119083
vn 0.69083285 0.65248036 -0.31147924
vn 0.9054499 0.35433364 -0.23368372
vn 0.72835463 0.67870533 0.09411999
vn 0.5959107 0.80301064 -0.008020395
vn 0.99038845 0.10422833 -0.09092394
vn 0.9711888 0.21349183 -0.10589407
vn 0.9936344 0.111064896 0.018848095
vn 0.9790912 0.17846197 0.09763039
vn 0.9078446 0.4067048 0.10202634
vn 0.8704458 0.4768566 -0.12219613
vn 0.9942639 0.10250119 0.030542959
vn 0.99409986 0.083663546 0.06903536
vn 0.9881754 0.09382661 0.121268295
vn 0.96307915 0.071128145 0.25965238
vn 0.9872052 0.017489985 0.15849277
vn 0.9616824 -0.106096394 0.2528053
vn 0.9921301 0.071846254 0.1025472
vn 0.9881746 0.043112367 0.14714716
vn 0.9969187 0.017518992 0.07646036
vn 0.9904749 0.027595932 0.13489988
vn 0.9980372 0.05817849 0.023172779
vn 0.99554914 -0.0073699737 0.09395539
vn 0.9551502 0.16200422 -0.24787654
vn 0.9661085 0.12115842 -0.22793628
vn 0.9927371 0.09911252 -0.068188846
vn 0.99389994 0.09401433 -0.057656333
vn 0.97373354 0.09271301 -0.20795994
vn 0.9923675 0.10086342 -0.07094618
vn 0.99540377 -0.0892023 0.034846343
vn 0.99984884 0.012665592 0.011908767
vn 0.99840117 0.04574713 -0.033200752
vn 0.9549643 0.17632073 -0.2386508
vn 0.8403377 0.28436416 -0.46148625
vn 0.8571567 0.22461143 -0.46349984
vn 0.6951234 0.3984932 -0.5983366
vn 0.6963355 0.32234433 -0.64125735
vn 0.78642684 0.19433893 -0.5863149
vn 0.8735936 0.18165782 -0.45148048
vn 0.7230492 0.43628404 -0.5355895
vn 0.83681417 0.31990737 -0.44429865
vn -0.84264165 0.4544436 -0.2888531
vn -0.87153566 0.26062036 -0.4153344
vn -0.71631426 0.6859079 -0.12815726
vn -0.72251904 0.68444 -0.09750941
vn -0.86357576 0.4358608 -0.25350007
vn -0.9018362 0.18735084 -0.38934705
vn -0.40913323 0.90734017 0.096663564
vn 0.00763515 0.95297724 0.3029456
vn -0.011579778 0.94864446 0.31613225
vn -0.43264142 0.89513236 0.10751481
vn 0.44792587 0.7823539 0.43276423
vn 0.7749092 0.44618914 0.44769517
vn 0.7255311 0.5055946 0.46688187
vn 0.42604065 0.7867857 0.44660676
vn 0.92846596 0.065580994 0.36558187
vn 0.9145688 -0.37070078 0.16169368
vn 0.92927176 -0.3222273 0.18061991
vn 0.90829986 0.14344631 0.3929561
vn -0.8496805 0.50230443 -0.16041604
vn -0.92571956 0.20371963 -0.31865603
vn -0.70399904 0.7095631 -0.030092174
vn -0.8477557 0.518095 -0.1135246
vn -0.46421057 0.8761721 0.12973414
vn -0.051609386 0.9410546 0.3342944
vn 0.3813209 0.7974331 0.46764824
vn 0.6521584 0.57804906 0.49045765
vn 0.87161916 0.25316674 0.41974586
vn 0.95063215 -0.23811868 0.19899257
vn 0.95007885 -0.006706697 0.31193784
vn 0.82954305 0.33135855 0.44951066
vn 0.45694268 0.85448486 0.24710122
vn 0.22930874 0.9629567 0.14188662
vn 0.26675418 0.96332127 0.029228954
vn 0.54040736 0.8261925 0.15926655
vn -0.000613185 0.99399924 0.10938528
vn 0 0.9998812 -0.015412114
vn 0 0.9918239 -0.12761398
vn 0.38749078 0.9173475 -0.091238454
vn 0.5991957 0.8002265 -0.02453584
vn -1.1121617E-05 -0.98914856 0.14691882
vn 0 -0.9924237 0.12286221
vn 0.3940637 -0.91205126 0.11347393
vn 0.29125473 -0.9476553 0.13084349
vn 0 -0.9844552 0.17563577
vn 0.3682772 -0.9147871 0.16594121
vn 0.6625276 -0.73499954 0.1443358
vn 0.71611184 -0.6918446 0.09238469
vn 0.427208 -0.8947553 0.13002412
vn 0.7468153 -0.6589788 0.08951991
vn 0 -0.9633707 0.26817325
vn 0.31025326 -0.9147522 0.25878826
vn 0 -0.9021163 0.431493
vn 0.28120685 -0.8578509 0.4301331
vn 0.5160454 -0.7509909 0.4119585
vn 0.593927 -0.7701309 0.23269959
vn 0.7487501 0.6628524 3.791077E-05
vn 0.6847109 0.7283464 -0.026123624
vn 0.33488947 0.9413483 -0.041380536
vn 0.25997174 0.9641726 0.05278185
vn 0.6088888 0.78853047 -0.086452685
vn 0.33921424 0.935184 -0.10180634
vn 0 0.99442244 -0.10547032
vn 0 0.9989644 -0.045497563
vn 0 0.99644196 0.08428174
vn 0.62504804 0.77099997 -0.121959
vn 0.4224067 0.8948756 -0.14411892
vn 0 0.9877547 -0.15601504
vn -0.9326852 -0.33832166 0.12504709
vn -0.8316692 -0.52656794 0.17621747
vn -0.7796257 -0.6138297 0.12408415
vn -0.8535501 -0.51067114 0.1032822
vn 0.89213514 0.44810826 0.05739267
vn 0.90430874 0.4244771 0.045220762
vn 0.9088176 0.3661462 -0.19996901
vn 0.9346265 0.32443652 -0.14565097
vn 0.8916827 0.32073992 0.319418
vn 0.8797168 0.39010972 0.27186885
vn 0.9457972 -0.12304586 0.30054513
vn 0.9829479 -0.16482735 0.08151919
vn 0.9543511 -0.29828534 0.015483296
vn 0.93710035 -0.24010515 0.25336233
vn 0.9823344 -0.14707878 -0.11570202
vn 0.93987423 -0.26963562 -0.20960218
vn -0.89213514 0.44810826 0.05739267
vn -0.9191007 0.36919445 -0.1376567
vn -0.8869824 0.42053568 -0.19081934
vn -0.9044103 0.4243248 0.044614434
vn -0.88832814 0.32600123 0.32341352
vn -0.89718926 0.34170106 0.2798067
vn 0 0.9815137 0.19139214
vn 0.07068966 0.97905827 0.19091335
vn 0.9806802 0.17409092 0.08921108
vn 0.99322563 0.045293182 0.107011065
vn 0.9809026 0.1786768 0.076841645
vn 0.9504288 0.3066538 0.051464006
vn 0.8575931 0.51335555 0.031625498
vn 0.83547586 0.5493433 -0.0142146405
vn 0.7254294 0.6844164 -0.072981596
vn -0.35220125 0.7757252 -0.52364564
vn -0.37505028 0.8631003 -0.33822358
vn -0.64150804 0.64375937 -0.41718256
vn -0.66443574 0.6795856 -0.3109479
vn -0.6898493 0.71954626 -0.07975611
vn -0.35819384 0.9271181 -0.11022326
vn -0.2742301 0.95614713 0.10286169
vn -0.5155596 0.8476759 -0.12507524
vn -0.5825681 0.8067545 0.09880024
vn -0.3910262 0.91653585 0.08402713
vn -0.30058512 0.91788954 0.25908956
vn -0.21127756 0.9426375 0.2584499
vn -0.37439057 0.38549912 -0.84333986
vn -0.38668627 0.41261676 -0.8247552
vn -0.33863366 0.5832486 -0.7383416
vn -0.5367452 0.5769123 -0.61569214
vn -0.7183762 0.26923877 -0.6414407
vn -0.7811621 0.2982741 -0.5484691
vn -0.83966964 0.24632578 -0.48402327
vn -0.9313769 0.15824498 -0.3278653
vn -0.98384786 0.08355202 -0.15831137
vn -0.8062148 0.36597577 -0.46484345
vn -0.9628131 0.17822765 -0.20304151
vn -0.9780826 0.19782384 -0.06496274
vn -0.9832888 0.18204919 -0.0010762513
vn -0.9639008 0.24286735 0.10913606
vn -0.9843043 0.167735 0.054863274
vn -0.9887796 0.13062236 0.072475426
vn -0.9630882 0.04737248 0.2649848
vn -0.95277935 0.18118753 0.24368541
vn -0.98728085 0.04522879 0.15241666
vn -0.9258378 0.041681517 0.37561548
vn -0.94975096 -0.07526013 0.30382395
vn -0.85394573 -0.08985458 0.5125454
vn -0.6800864 -0.24640518 0.69048315
vn -0.7660935 -0.20444003 0.609348
vn -0.7593788 -0.2701414 0.59191847
vn -0.41358685 -0.39423528 0.8206853
vn -0.4146893 -0.39118978 0.82158583
vn -0.38521188 -0.36134058 0.84914356
vn -0.26084024 0.78700376 -0.5590952
vn -0.22969614 0.7901348 -0.56826633
vn -0.38344657 0.73379487 -0.56081533
vn -0.35142255 0.7760174 -0.5237358
vn 0.4698696 0.86631167 0.16948943
vn 0.28904694 0.9278958 0.23550208
vn 0.5498622 0.8294682 0.09815321
vn 0.58798045 0.8007383 0.114442885
vn 0.13863887 0.9419334 0.30584434
vn 0.51065487 0.8522031 0.113936484
vn 0.6609481 0.7502132 0.018105524
vn 0.73342663 0.679236 -0.026903972
vn 0.7668052 0.64163923 -0.017576154
vn -0.37220538 0.8123859 0.44887888
vn -0.2956716 0.84093404 0.4532199
vn -0.14828835 0.90255696 0.40422952
vn -0.8094156 0.38212004 0.4459044
vn -0.9135897 0.14154893 0.3812056
vn -0.77492857 0.41871607 0.47345805
vn -0.6843885 0.52335036 0.5076581
vn -0.43969303 0.757161 0.48309132
vn -0.5979001 0.62336814 0.5039123
vn -0.3429712 0.8127076 0.47103834
vn 0.16356148 0.94250065 0.29144496
vn -0.93850654 -0.05165199 0.34137598
vn -0.7964043 -0.17007188 0.58035827
vn -0.925206 -0.095428616 0.36726993
vn -0.791468 -0.20936556 0.5742338
vn -0.6235946 -0.27467564 0.73190373
vn -0.62153226 -0.25070703 0.7421884
vn -0.3496132 -0.30785435 0.88487077
vn -0.34869587 -0.32863042 0.87773186
vn -0.15667534 -0.98627144 0.052168254
vn -0.1482776 -0.9276221 0.34282807
vn -0.18364729 -0.962934 0.19756454
vn -0.424113 -0.8740179 0.23710947
vn -0.5279543 -0.8335639 0.16259
vn -0.48328236 -0.825679 0.29101947
vn -0.28641728 0.42801908 -0.85718423
vn -0.32075018 0.49304804 -0.80871683
vn -0.2544397 0.33129773 -0.90857154
vn -0.52114093 0.28394315 -0.804853
vn -0.5463872 0.381796 -0.7454481
vn -0.5889145 0.4352032 -0.6810124
vn -0.7770459 0.27310228 -0.5671109
vn -0.7975168 0.327692 -0.5065421
vn -0.77271336 0.16618672 -0.6126141
vn -0.93686026 -0.05440815 -0.3454455
vn -0.9502411 0.046325758 -0.30805165
vn -0.955949 0.118101835 -0.26872563
vn -0.9767441 -0.20783582 -0.05268072
vn -0.9906763 -0.13406381 -0.024235882
vn -0.9523349 -0.29397416 -0.081470706
vn -0.8866512 -0.4540872 0.08748953
vn -0.89319986 -0.42776722 0.13859744
vn -0.91296923 -0.36551994 0.1813348
vn -0.73292035 -0.6193048 0.28158364
vn -0.7562253 -0.5573126 0.34282053
vn -0.78622514 -0.610965 0.09258396
vn -0.5175301 -0.76898533 0.37526542
vn -0.5604058 -0.69809854 0.44564983
vn -0.2505361 -0.8723799 0.41974393
vn -0.29872575 -0.8083835 0.50722677
vn -0.39057398 -0.41333574 0.82256037
vn -0.36021203 -0.50568926 0.7839169
vn -0.53326964 -0.44062358 0.7221318
vn -0.5950049 -0.34690833 0.7249991
vn -0.23524494 0.23655209 -0.9427104
vn -0.22627236 0.21253562 -0.95059425
vn -0.485961 0.14893396 -0.8611972
vn -0.5071676 0.17965314 -0.84291506
vn -0.780115 0.050259113 -0.62361413
vn -0.788767 -0.0068618986 -0.61465406
vn -0.9249004 -0.16374981 -0.34314027
vn -0.92872375 -0.14340669 -0.34191623
vn -0.9255886 -0.37222254 -0.06881955
vn -0.91472083 -0.40143433 -0.046220217
vn -0.8450224 -0.52453566 0.103920765
vn -0.8706598 -0.4865708 0.07211318
vn -0.28355855 -0.9029761 0.32284477
vn -0.27521676 -0.7487689 0.60299325
vn -0.14282586 -0.7393167 0.6580361
vn -0.36338025 -0.64322674 0.6739541
vn -0.20105484 -0.65621644 0.72729427
vn -0.21206897 0.27191064 -0.9386647
vn -0.19794643 0.36178228 -0.9110054
vn -0.40929472 0.32356736 -0.8531014
vn -0.44439855 0.21647409 -0.8692807
vn -0.71285564 0.092773676 -0.6951474
vn -0.60314876 0.26298 -0.7530292
vn -0.67825544 0.23048162 -0.6977448
vn -0.8311074 0.007894721 -0.55605596
vn -0.3822074 -0.65549093 0.65134406
vn -0.25213557 -0.6645572 0.7034141
vn -0.35078695 -0.7057941 0.61546993
vn -0.26548386 -0.6875952 0.67581886
vn -0.21630459 0.41309434 -0.8846273
vn -0.23814072 0.42322552 -0.8741677
vn -0.40229225 0.39797428 -0.82448614
vn -0.4016428 0.38486224 -0.8310019
vn -0.55870545 0.3514759 -0.75120765
vn -0.5333478 0.37518686 -0.75813913
vn -0.5893176 0.36557811 -0.7204564
vn -0.6212797 0.33554083 -0.7081129
vn -0.9542748 -0.18889882 0.23168269
vn -0.99951565 -0.026025599 -0.017060986
vn -0.9970487 -0.0750264 -0.016278824
vn -0.9289219 -0.3051537 0.20972684
vn -0.9575015 0.17335552 -0.23051843
vn -0.95764524 0.15713921 -0.24129425
vn -0.8029733 -0.27266052 0.5299907
vn -0.64095765 -0.3606336 0.6775815
vn -0.92927104 -0.13561784 0.34360316
vn -0.79731166 -0.3912544 0.4595804
vn -0.62862915 -0.5123006 0.58512694
vn -0.77540946 -0.49616492 0.39058998
vn -0.5903329 -0.6358191 0.49723354
vn -0.35692373 -0.44316152 0.8223219
vn -0.3469498 -0.61920756 0.7044202
vn -0.3222305 -0.7476593 0.58066607
vn -0.6272628 0.49354473 -0.60245746
vn -0.3164305 0.6035435 -0.7318517
vn -0.327661 0.5425791 -0.7734637
vn -0.6192141 0.4626786 -0.63443077
vn -0.8346802 0.34074068 -0.4326717
vn -0.8243417 0.34410474 -0.44950274
vn -0.22535789 0.81401736 -0.5353406
vn -0.12179242 0.8536287 -0.50644314
vn -0.084000625 0.7926342 -0.60388327
vn 0.24570596 0.7309447 -0.63666975
vn 0.092257366 0.87267333 -0.47950995
vn -0.100101195 0.9785765 -0.17991066
vn -0.3273983 0.84709585 -0.4186156
vn 0.7230037 0.44649377 -0.52717066
vn 0.87535477 0.29850116 -0.38033023
vn 0.8246269 0.50963 -0.24549477
vn 0.78835 0.5597052 -0.25541025
vn 0.8767732 0.2810024 -0.3902646
vn 0.8472991 0.46222472 -0.2615962
vn 0.7174178 0.6900478 -0.09563316
vn 0.7274909 0.67762494 -0.10761701
vn 0.73613924 0.6489743 -0.19217536
vn 0.36573383 0.92838216 0.065919235
vn 0.085181035 0.97827137 0.18902206
vn -0.27444232 0.95986766 0.057753507
vn 0.60597736 0.792927 -0.0637041
vn 0.3642183 0.91971534 0.146522
vn -0.06966549 0.9364116 0.34391865
vn -0.32236022 0.8812792 0.34558785
vn -0.43133548 0.9020704 0.014787738
vn -0.62838715 0.7594148 0.16857861
vn -0.58606714 0.69458574 0.41722417
vn -0.79136753 0.5500894 0.26671913
vn -0.47536764 0.75624126 0.44958284
vn -0.7860468 0.4282133 0.4458293
vn -0.80793124 0.41635624 0.41700664
vn -0.8431039 0.5111842 0.16693276
vn -0.90306276 0.32840186 0.27682102
vn -0.93032426 0.12689236 0.34408593
vn -0.9414776 0.104157306 0.32057944
vn -0.9306363 0.0850891 0.3559156
vn -0.9276119 -0.34224954 0.14967126
vn -0.9569571 -0.25375468 0.14086033
vn -0.9713939 -0.17100789 0.16477327
vn -0.48834026 0.6271713 -0.6067784
vn -0.2809012 0.6972088 -0.659541
vn -0.69083285 0.65248036 -0.31147924
vn -0.5959107 0.80301064 -0.008020395
vn -0.72835463 0.67870533 0.09411999
vn -0.9054499 0.35433364 -0.23368372
vn -0.9711888 0.21349183 -0.10589407
vn -0.99038845 0.10422833 -0.09092394
vn -0.8704458 0.4768566 -0.12219613
vn -0.9078446 0.4067048 0.10202634
vn -0.9790912 0.17846197 0.09763039
vn -0.9936344 0.111064896 0.018848095
vn -0.99409986 0.083663546 0.06903536
vn -0.9942639 0.10250119 0.030542959
vn -0.96307915 0.071128145 0.25965238
vn -0.9881754 0.09382661 0.121268295
vn -0.9616824 -0.106096394 0.2528053
vn -0.9872052 0.017489985 0.15849277
vn -0.9921301 0.071846254 0.1025472
vn -0.9881746 0.043112367 0.14714716
vn -0.9904749 0.027595932 0.13489988
vn -0.9969187 0.017518992 0.07646036
vn -0.99554914 -0.0073699737 0.09395539
vn -0.9980372 0.05817849 0.023172779
vn -0.9551502 0.16200422 -0.24787654
vn -0.99389994 0.09401433 -0.057656333
vn -0.9927371 0.09911252 -0.068188846
vn -0.9661085 0.12115842 -0.22793628
vn -0.99984884 0.012665592 0.011908767
vn -0.99540377 -0.0892023 0.034846343
vn -0.9923675 0.10086342 -0.07094618
vn -0.97373354 0.09271301 -0.20795994
vn -0.99840117 0.04574713 -0.033200752
vn -0.9549643 0.17632073 -0.2386508
vn -0.8571567 0.22461143 -0.46349984
vn -0.8403377 0.28436416 -0.46148625
vn -0.8735936 0.18165782 -0.45148048
vn -0.78642684 0.19433893 -0.5863149
vn -0.6963355 0.32234433 -0.64125735
vn -0.6951234 0.3984932 -0.5983366
vn -0.83681417 0.31990737 -0.44429865
vn -0.7230492 0.43628404 -0.5355895
vn 0.87153566 0.26062036 -0.4153344
vn 0.84264165 0.4544436 -0.2888531
vn 0.9018362 0.18735084 -0.38934705
vn 0.86357576 0.4358608 -0.25350007
vn 0.72251904 0.68444 -0.09750941
vn 0.71631426 0.6859079 -0.12815726
vn 0.40913323 0.90734017 0.096663564
vn 0.43264142 0.89513236 0.10751481
vn 0.011579778 0.94864446 0.31613225
vn -0.00763515 0.95297724 0.3029456
vn -0.44792587 0.7823539 0.43276423
vn -0.42604065 0.7867857 0.44660676
vn -0.7255311 0.5055946 0.46688187
vn -0.7749092 0.44618914 0.44769517
vn -0.92846596 0.065580994 0.36558187
vn -0.90829986 0.14344631 0.3929561
vn -0.92927176 -0.3222273 0.18061991
vn -0.9145688 -0.37070078 0.16169368
vn 0.92571956 0.20371963 -0.31865603
vn 0.8496805 0.50230443 -0.16041604
vn 0.8477557 0.518095 -0.1135246
vn 0.70399904 0.7095631 -0.030092174
vn 0.46421057 0.8761721 0.12973414
vn 0.051609386 0.9410546 0.3342944
vn -0.3813209 0.7974331 0.46764824
vn -0.6521584 0.57804906 0.49045765
vn -0.87161916 0.25316674 0.41974586
vn -0.95007885 -0.006706697 0.31193784
vn -0.95063215 -0.23811868 0.19899257
vn -0.5219003 0.8205168 0.23317853
vn -0.50523007 0.852209 0.13595004
vn -0.26675418 0.96332127 0.029228954
vn -0.23028345 0.95903087 0.16501324
vn -0.5898276 0.80676425 -0.035139844
vn -0.38749078 0.9173475 -0.091238454
vn -0.39462513 -0.90998274 0.12728883
vn -0.3940637 -0.91205126 0.11347393
vn -0.70122516 -0.7072168 0.09015344
vn -0.6860267 -0.7213749 0.094792314
vn -0.62625915 -0.7655052 0.14765246
vn -0.3682772 -0.9147871 0.16594121
vn -0.31025326 -0.9147522 0.25878826
vn -0.5892163 -0.7736236 0.23308946
vn -0.5264518 -0.7439899 0.41149428
vn -0.28120685 -0.8578509 0.4301331
vn -0.7487501 0.6628524 3.791077E-05
vn -0.25997174 0.9641726 0.05278185
vn -0.33488947 0.9413483 -0.041380536
vn -0.6847109 0.7283464 -0.026123624
vn -0.33921424 0.935184 -0.10180634
vn -0.6250663 0.776077 -0.08364645
vn -0.4224067 0.8948756 -0.14411892
vn -0.65262955 0.74838334 -0.11830919
vn -0.879031 0.31562328 0.3573324
vn -0.8894246 0.27899614 0.36205664
vn -0.9118367 0.30114824 0.27904043
vn 0.9213655 0.22282237 0.3184899
vn 0.9118367 0.30114824 0.27904043
vn 0.9087528 0.15457694 0.38765234
vn -0.20991187 0.9114127 0.35392636
vn -0.0005610264 0.9444013 0.32879448
vn -0.3102656 0.879925 0.35981548
vn -0.07068966 0.97905827 0.19091335
vn -0.9806802 0.17409092 0.08921108
vn -0.9504288 0.3066538 0.051464006
vn -0.9809026 0.1786768 0.076841645
vn -0.99322563 0.045293182 0.107011065
vn -0.83547586 0.5493433 -0.0142146405
vn -0.8575931 0.51335555 0.031625498
vn -0.75298685 0.6546278 -0.06688229
vn -0.94249123 -0.15375751 0.29676405
vn -0.9244086 -0.29414156 0.24279498
vn -0.95395494 -0.2995165 0.016120361
vn -0.9829479 -0.16482735 0.08151919
vn -0.94944745 -0.22673157 -0.21712276
vn -0.9899208 -0.06702513 -0.12475777
vn 0.21092404 0.9093332 0.35864207
vn 0.3128263 0.86031884 0.40248126
vn 0.70497555 -0.4998112 0.5031881
vn 0.78611594 -0.33396167 0.52008784
vn 0.90537 -0.224473 0.36044005
vn 0.88688385 -0.36221752 0.28676736
vn 0.96366394 -0.03288911 0.26508516
vn 0.96772146 -0.0644634 0.24363841
vn 0.9627699 -0.04182826 0.26706642
vn -0.93883324 -0.16962673 0.299698
vn -0.95080334 -0.10807586 0.29033196
vn -0.96772146 -0.0644634 0.24363841
vn -0.90537 -0.224473 0.36044005
vn -0.70497555 -0.4998112 0.5031881
vn -0.78611594 -0.33396167 0.52008784
vn 0.9326852 -0.33832166 0.12504709
vn 0.8535501 -0.51067114 0.1032822
vn 0.80855215 -0.5761923 0.11935587
vn 0.8348785 -0.5217368 0.17540978
vn 0.99628544 -0.0016369196 0.08609663
vn 0.91881627 -0.3750857 0.1228307
vn 0.87896967 -0.4655359 0.10338568
vn 0 0.208633 0.977994
vn -0.01579785 0.20860697 0.97787195
vn 0.8194181 -0.5643996 0.10003535
vn 0.8133307 -0.57443064 0.09231772
vn 0.9422347 -0.31543857 0.11266021
vn 0.8193361 0.44449267 0.36209753
vn 0.6524987 0.61708295 0.43983418
vn 0.80497026 0.4229511 0.41609517
vn 0.5322945 0.69637585 0.48137638
vn 0.95343685 0.064946234 0.29451686
vn 0.8978776 0.17860426 0.4023883
vn 0.9386092 -0.32163265 0.1247606
vn 0.950224 -0.2873565 0.12041866
vn 0.9638292 -0.15882893 0.21402484
vn 0.92526865 -0.36902836 0.087726526
vn 0.9126213 0.2931642 0.28491592
vn 0.8898818 0.3417231 0.30221808
vn 0.973202 0.03720138 0.22692275
vn 0.9741193 0.026125291 0.22451955
vn 0.9411613 -0.3142164 0.124432564
vn 0.9482441 -0.2830457 0.14393839
vn -0.55394185 0.82110745 0.1375899
vn -0.66913587 0.73864126 0.081647515
vn -0.6580118 0.7460836 0.10188076
vn -0.48928618 0.8520491 0.18604115
vn -0.7634157 0.64563406 0.018791221
vn -0.9059114 0.410852 -0.102592535
vn -0.8872059 0.4444637 -0.123764805
vn -0.7966787 0.6042755 0.012413174
vn -0.7088819 0.7041732 0.040329654
vn -0.78275114 0.6222253 -0.011677353
vn -0.65656227 0.7512788 0.06712751
vn -0.9635445 0.08586625 -0.25339487
vn -0.9381903 0.013393432 -0.34586072
vn -0.9431333 0.06320329 -0.32635087
vn -0.95872223 0.18976565 -0.21175607
vn -0.8612064 0.5024075 -0.07687829
vn -0.94415015 0.16316935 -0.28627995
vn -0.82961905 0.5570367 -0.037977774
vn -0.7786269 -0.18196891 -0.6005226
vn -0.80802864 -0.25730947 -0.5299826
vn -0.7977586 -0.20102662 -0.5684801
vn -0.7807959 -0.15600082 -0.60499716
vn -0.8200429 -0.30452716 -0.48455423
vn -0.7975154 -0.21376921 -0.564156
vn -0.79211575 -0.09675676 -0.60265315
vn -0.8074138 -0.10694355 -0.58021206
vn -0.80230075 -0.081857614 -0.5912807
vn -0.8610613 0.049056225 -0.5061294
vn -0.85268027 0.069713354 -0.51776093
vn -0.8536302 0.05459014 -0.518011
vn -0.8607593 0.32602128 -0.39090085
vn 0.92845297 -0.35719946 0.10189983
vn 0.83799374 -0.54567546 -0.0021856988
vn 0.8824474 -0.4697809 -0.024341531
vn 0.9557163 -0.29344812 0.02223857
vn 0.96501535 -0.21251538 0.15356617
vn 0.9765863 -0.18269216 0.1135905
vn 0.9730232 -0.21393572 0.08635623
vn 0.9509986 -0.113608025 0.28756705
vn 0.95855355 -0.1454774 0.24497238
vn 0.9791361 -0.16460213 0.11915782
vn 0.52520156 0.56914526 -0.63264287
vn 0.61602384 0.5533548 -0.56063634
vn 0.19971558 0.51984555 -0.83058673
vn 0.5468789 0.32601878 -0.771126
vn 0.1370011 0.6696698 -0.72991306
vn -0.15041526 0.5742396 -0.804751
vn -0.066267826 0.42862022 -0.9010512
vn 0.25227982 0.37684965 -0.8912571
vn -0.02771747 0.25721955 -0.9659554
vn -0.2686758 0.59039 -0.76108664
vn 0.44224218 0.7303357 -0.520607
vn -0.46984443 0.6809451 -0.56174725
vn 0.8158638 -0.5777113 0.024819203
vn 0.89043844 -0.42278442 0.16844189
vn 0.8782093 -0.46167046 0.12493528
vn 0.8316857 -0.5546357 0.026040293
vn 0.9227057 -0.16971356 0.3461379
vn 0.9152838 -0.08954946 0.39272955
vn 0.9253061 -0.2029074 0.3203705
vn 0.9215275 -0.27382246 0.2753332
vn -0.8021772 -0.032920532 -0.5961778
vn -0.797434 -0.08245859 -0.5977454
vn -0.8600624 -0.030975316 -0.5092476
vn -0.8695007 -0.017307516 -0.4936284
vn -0.8747239 -0.018038008 -0.48428577
vn -0.8023619 -0.10700231 -0.58716774
vn -0.8426301 0.072928764 -0.53353155
vn -0.8739654 0.0044416646 -0.4859679
vn -0.9037819 -0.018256629 -0.42760372
vn -0.9027268 -0.028835574 -0.42924678
vn -0.8929437 -0.07010792 -0.44467568
vn -0.93274933 0.032838922 -0.35902694
vn -0.9019916 -0.038174514 -0.43006256
vn -0.9240299 0.26316705 -0.27732998
vn -0.9389006 0.15964891 -0.3049228
vn -0.9085885 -0.035186 -0.4162077
vn 0.88584954 -0.458912 0.068340376
vn 0.8649645 -0.5009477 0.02979561
vn 0.96138066 -0.14110395 0.23629843
vn 0.92545104 -0.34652397 0.15317163
vn 0.93555284 -0.3037519 0.1802101
vn -0.9126213 0.2931642 0.28491592
vn -0.9741193 0.026125291 0.22451955
vn -0.973202 0.03720138 0.22692275
vn -0.8898818 0.3417231 0.30221808
vn -0.9482441 -0.2830457 0.14393839
vn -0.9411613 -0.3142164 0.124432564
vn -0.92526865 -0.36902836 0.087726526
vn -0.950224 -0.2873565 0.12041866
vn -0.8193361 0.44449267 0.36209753
vn -0.80497026 0.4229511 0.41609517
vn -0.6524987 0.61708295 0.43983418
vn -0.9386092 -0.32163265 0.1247606
vn -0.9638292 -0.15882893 0.21402484
vn -0.95343685 0.064946234 0.29451686
vn -0.8978776 0.17860426 0.4023883
vn -0.5322945 0.69637585 0.48137638
vn 0.7088819 0.7041732 0.040329654
vn 0.65656227 0.7512788 0.06712751
vn 0.78275114 0.6222253 -0.011677353
vn 0.55394185 0.82110745 0.1375899
vn 0.7634157 0.64563406 0.018791221
vn 0.8612064 0.5024075 -0.07687829
vn 0.94415015 0.16316935 -0.28627995
vn 0.9431333 0.06320329 -0.32635087
vn 0.9635445 0.08586625 -0.25339487
vn 0.95872223 0.18976565 -0.21175607
vn 0.9381903 0.013393432 -0.34586072
vn 0.48928618 0.8520491 0.18604115
vn 0.6580118 0.7460836 0.10188076
vn 0.7966787 0.6042755 0.012413174
vn 0.8872059 0.4444637 -0.123764805
vn 0.80230075 -0.081857614 -0.5912807
vn 0.85268027 0.069713354 -0.51776093
vn 0.8610613 0.049056225 -0.5061294
vn 0.8074138 -0.10694355 -0.58021206
vn 0.8607593 0.32602128 -0.39090085
vn 0.8536302 0.05459014 -0.518011
vn 0.79211575 -0.09675676 -0.60265315
vn 0.7786269 -0.18196891 -0.6005226
vn 0.7807959 -0.15600082 -0.60499716
vn 0.7977586 -0.20102662 -0.5684801
vn 0.80802864 -0.25730947 -0.5299826
vn 0.7975154 -0.21376921 -0.564156
vn 0.8200429 -0.30452716 -0.48455423
vn -0.9730232 -0.21393572 0.08635623
vn -0.9765863 -0.18269216 0.1135905
vn -0.96501535 -0.21251538 0.15356617
vn -0.9557163 -0.29344812 0.02223857
vn -0.92845297 -0.35719946 0.10189983
vn -0.95855355 -0.1454774 0.24497238
vn -0.9509986 -0.113608025 0.28756705
vn -0.8824474 -0.4697809 -0.024341531
vn -0.83799374 -0.54567546 -0.0021856988
vn -0.9791361 -0.16460213 0.11915782
vn -0.61602384 0.5533548 -0.56063634
vn -0.52520156 0.56914526 -0.63264287
vn 0.15041526 0.5742396 -0.804751
vn 0.2686758 0.59039 -0.76108664
vn -0.026970511 0.6269358 -0.778604
vn 0.46984443 0.6809451 -0.56174725
vn -0.24907093 0.68692756 -0.6827109
vn -0.44224218 0.7303357 -0.520607
vn -0.5468789 0.32601878 -0.771126
vn -0.19971558 0.51984555 -0.83058673
vn -0.25227982 0.37684965 -0.8912571
vn 0.02771747 0.25721955 -0.9659554
vn 0.066267826 0.42862022 -0.9010512
vn -0.1370011 0.6696698 -0.72991306
vn -0.89043844 -0.42278442 0.16844189
vn -0.9227057 -0.16971356 0.3461379
vn -0.8782093 -0.46167046 0.12493528
vn -0.9215275 -0.27382246 0.2753332
vn -0.9253061 -0.2029074 0.3203705
vn -0.9152838 -0.08954946 0.39272955
vn -0.8158638 -0.5777113 0.024819203
vn -0.8316857 -0.5546357 0.026040293
vn 0.8426301 0.072928764 -0.53353155
vn 0.8021772 -0.032920532 -0.5961778
vn 0.8600624 -0.030975316 -0.5092476
vn 0.8739654 0.0044416646 -0.4859679
vn 0.797434 -0.08245859 -0.5977454
vn 0.8023619 -0.10700231 -0.58716774
vn 0.8747239 -0.018038008 -0.48428577
vn 0.8695007 -0.017307516 -0.4936284
vn 0.8929437 -0.07010792 -0.44467568
vn 0.9019916 -0.038174514 -0.43006256
vn 0.9085885 -0.035186 -0.4162077
vn 0.9389006 0.15964891 -0.3049228
vn 0.9240299 0.26316705 -0.27732998
vn 0.9027268 -0.028835574 -0.42924678
vn 0.9037819 -0.018256629 -0.42760372
vn -0.93555284 -0.3037519 0.1802101
vn -0.92545104 -0.34652397 0.15317163
vn -0.88584954 -0.458912 0.068340376
vn -0.8649645 -0.5009477 0.02979561
vn -0.96138066 -0.14110395 0.23629843
vn -0.0011766088 0.9686138 0.24856772
vn 0.22038023 0.9330767 0.28425413
vn 0.31865194 0.88092065 0.34991387
vn 0.52847445 0.77482533 0.34693006
vn -0.5223035 0.7753304 0.35505173
vn -0.5852983 0.7550763 0.29544154
vn -0.21949895 0.92770976 0.3019517
vn 0.01579785 0.20860697 0.97787195
vn -0.99628544 -0.0016369196 0.08609663
vn -0.90195733 -0.41988426 0.100847274
vn -0.98882353 -0.08427741 0.12298512
vn -0.8194181 -0.5643996 0.10003535
vn -0.7881417 -0.6080695 0.09531061
vn -0.8543137 -0.50901264 0.105139494
vn -0.9422347 -0.31543857 0.11266021
vn -0.90161175 0.41629535 -0.117449634
vn -0.9072093 0.41519266 0.067722626
vn -0.79725665 0.6014878 0.050933253
vn 0.9999884 0.0026109964 -0.00404752
vn 0.997657 -0.052010573 0.044446234
vn 0.99790895 -0.0046222955 -0.06447031
vn 0.9839257 0.07815628 -0.16056705
vn 0.9563531 0.1277053 -0.2628308
vn 0.9090369 -0.223026 0.3520105
vn 0.8398077 -0.3012533 0.45162985
vn 0.91278374 -0.28378755 0.2937523
vn 0.9652929 -0.16590868 0.20170274
vn -0.9982323 0.058572814 -0.010073056
vn -0.9788182 0.1218195 -0.16454469
vn -0.99790895 -0.0046222955 -0.06447031
vn -0.997657 -0.052010573 0.044446234
vn -0.9551841 0.13497467 -0.2634486
vn -0.9090369 -0.223026 0.3520105
vn -0.9652929 -0.16590868 0.20170274
vn -0.91278374 -0.28378755 0.2937523
vn -0.8398077 -0.3012533 0.45162985
vn -2.2167063E-05 -0.9829593 0.1838235
vn 0.07421213 -0.97995394 0.18488584
vn 0.7052172 -0.7021777 0.09805741
vn 0.60262334 -0.68140376 0.41537213
vn 0.8445395 -0.43033543 0.31869167
vn -0.7715442 -0.6291149 0.09451972
vn -0.39053082 -0.9074826 0.15479311
vn -0.8507195 -0.41995662 0.3160898
vn -0.6106088 -0.674776 0.41452888
vn 0.49780458 -0.6152471 0.6112787
vn 0.32156762 -0.6938228 0.6443634
vn 0 -0.7428199 0.6694913
vn -0.32156762 -0.6938228 0.6443634
vn -0.49780458 -0.6152471 0.6112787
vn 0.98677766 -0.07137903 0.14551574
vn 0.99075025 -0.008234203 0.13544808
vn 0.9509968 -0.10939488 0.2892021
vn -0.69412565 -0.35193142 0.62796
vn -0.6315587 -0.38768035 0.67144436
vn -0.597597 -0.5276544 0.60370415
vn -0.7122727 -0.4479352 0.54039025
vn -0.98677766 -0.07137903 0.14551574
vn -0.9509968 -0.10939488 0.2892021
vn -0.99075025 -0.008234203 0.13544808
vn 0.69412565 -0.35193142 0.62796
vn 0.7122727 -0.4479352 0.54039025
vn 0.597597 -0.5276544 0.60370415
vn 0.6315587 -0.38768035 0.67144436
vn -0.8565656 -0.18890956 0.48021716
vn -0.781834 -0.2514586 0.5705297
vn -0.7892559 -0.27182198 0.550625
vn -0.7219795 -0.29090574 0.6277893
vn 0.7892559 -0.27182198 0.550625
vn 0.7219795 -0.29090574 0.6277893
vn 0.781834 -0.2514586 0.5705297
vn 0.8565656 -0.18890956 0.48021716
vn 0.87694013 0.46533114 -0.12017887
vn 0.9072093 0.41519266 0.067722626
vn 0.79725665 0.6014878 0.050933253
vn -0.62728596 0.76086944 0.16610238
vn -0.7170287 0.689655 0.10122171
vn 0.8682871 0.45009 0.20855825
vn 0.7607534 0.5220749 0.3856061
vn 0.78969616 0.528084 0.31226158
vn 0.70835674 0.67207146 0.215756
vn -0.64905506 0.7606651 -0.010775598
vn -0.6193496 0.7646798 0.17796324
vn 0.6273299 0.7568445 0.18342187
vn 0.64636993 0.7630012 -0.005922469
vn 0.5782857 0.7716595 0.26481554
vn 0.89491266 0.31472135 0.3163571
vn -0.7611392 0.51716864 0.39141244
vn -0.85878915 0.4349479 0.27074254
vn 0.66436726 0.7389033 -0.11241916
vn -0.6992782 0.706761 -0.10723311
vn 0.7131503 -0.45027107 0.53728265
vn 0.7759582 -0.3492067 0.5253033
vn 0.6407301 -0.6282338 0.44134706
vn -0.7759582 -0.3492067 0.5253033
vn -0.7131503 -0.45027107 0.53728265
vn -0.6502078 -0.6194029 0.43996575
vn 0.96826804 0.035702564 -0.24735053
vn 0.9806263 0.16902961 -0.099000156
vn 0.9404586 0.3330203 -0.0680819
vn -0.9772971 0.18591115 -0.10162388
vn -0.9553344 0.16187988 -0.24724698
vn -0.96203744 0.2654729 -0.063309535
vn -0.9563198 0.12202245 -0.2656369
vn -0.919363 -0.12106229 0.37432015
vn -0.8933542 -0.06921684 0.4439903
vn -0.902441 0.047493774 0.42818746
vn -0.9471076 0.0081862295 0.32081172
vn 0.93945307 -0.08097443 -0.33297315
vn 0.96299636 0.042422764 -0.2661548
vn 0.9024657 0.07886372 0.42348105
vn 0.9420899 0.09153306 0.3226272
vn -0.99693084 0.07240137 0.029781299
vn -0.9593631 0.113083564 0.25852388
vn -0.9346292 0.2908896 -0.20457634
vn -0.92159724 0.32893428 -0.20606019
vn -0.818328 0.38781196 -0.4241947
vn -0.76132035 0.5835038 -0.2826919
vn -0.7462464 0.47232723 -0.46906644
vn -0.36307263 0.5888492 -0.7221045
vn -0.6583296 0.5286413 -0.53585494
vn 0.0005140249 0.61511403 -0.78843796
vn 0.99682623 0.07384536 0.029737769
vn 0.97036505 0.13806555 -0.19831695
vn 0.92410994 0.3218777 -0.20595045
vn 0.81611514 0.56983703 -0.096134365
vn 0.8028014 0.4134167 -0.42964703
vn 0.73297584 0.48717925 -0.47476608
vn 0.9512055 0.16655008 0.2597484
vn -0.93923086 0.06874255 0.3363329
vn -0.9315585 0.2532133 0.26092485
vn -0.9014116 0.16172497 0.40162444
vn 0.36485004 0.5766877 -0.7309691
vn 0.6347417 0.55227834 -0.540455
vn -0.9353126 0.28597105 0.20835282
vn -0.8868341 0.24458967 0.39204744
vn -0.5343448 0.8414522 0.08021134
vn -0.5975414 0.80064464 -0.043731444
vn 0.75545275 0.61172676 0.23469453
vn 0.8560649 0.38798282 0.3414999
vn 0.96935517 0.13094196 0.20785747
vn 0.8850259 0.43859014 0.156102
vn -0.8169209 0.4555883 0.35366586
vn -0.84591776 0.38462633 0.36943972
vn -0.74169445 0.6117931 0.27495185
vn -0.6697063 0.70515174 0.23292607
vn 0.7122481 0.65559804 0.2507866
vn 0.8338123 0.42311248 0.35458836
vn -0.95331275 0.027801303 0.3007023
vn -0.7672239 0.6374233 0.07112719
vn -0.8211269 0.5312558 0.20860957
vn -0.79769266 0.57917297 0.16806288
vn 0.8900446 -0.33795285 0.30595487
vn 0.71456933 0.6961871 0.06865977
vn -0.8900446 -0.33795285 0.30595487
vn -0.7281548 0.6811649 0.076190375
vn -0.74072355 0.6563991 0.14306937
vn -0.8245487 0.2521453 -0.5064999
vn -0.9293445 0.3186786 -0.18644792
vn -0.5483592 0.34330755 0.7625235
vn -0.53263 -0.11338778 -0.83871835
vn -0.37148395 0.34809273 -0.8607155
vn 0.3644855 0.85630566 -0.36591113
vn -0.740789 -0.0896688 0.665726
vn -0.6950393 0.0870353 0.7136843
vn -0.6724306 -0.42853227 0.6034875
vn -0.12863421 -0.57008547 0.81145287
vn -0.05983946 -0.9870546 0.1488036
vn -0.9611929 -0.25191167 0.11246652
vn -0.113674104 -0.9212474 -0.37199646
vn -0.74671054 -0.116667256 -0.6548374
vn -0.65823996 0.16270258 -0.73501563
vn 0.39074633 0.07856126 -0.9171398
vn 0.29968676 0.071890354 -0.9513252
vn 0.908273 0.100256115 -0.40618825
vn 0.8822964 0.21541719 -0.41850746
vn -0.17590182 -0.027551511 -0.9840221
vn -0.08761684 0.49143702 -0.86649466
vn 0.21225032 0.7117758 -0.66957074
vn 0.6971108 0.64485836 -0.31335956
vn -0.625872 -0.34840322 0.6977818
vn -0.97007 -0.2120511 0.11831528
vn -0.9650457 -0.2523237 0.07084917
vn -0.62238187 -0.409683 0.6669338
vn -0.77627474 -0.025689166 -0.6298711
vn -0.7937597 0.06727524 -0.60449946
vn -0.9714299 -0.22979477 0.059315164
vn -0.9888745 -0.10286821 -0.10744942
vn -0.712627 -0.5464733 0.43992007
vn -0.65252376 -0.5219516 0.5493444
vn -0.7981338 0.18103878 -0.57463676
vn -0.65522426 0.24699408 -0.7139153
vn -0.6523588 -0.6459225 0.39649987
vn -0.98318094 -0.17277187 -0.059203785
vn -0.78755426 0.31156936 -0.5316792
vn 0.9249195 -0.07567821 0.37255442
vn 0.99360293 0.053656667 0.09936911
vn 0.7677414 -0.42397246 0.48043787
vn 0.6303239 -0.50020987 0.59370184
vn 0.64715177 -0.4459678 0.61831003
vn 0.9924627 0.043462805 0.114580646
vn -0.047815572 -0.53427106 0.8439598
vn 0.2056354 -0.6464066 0.7347602
vn -0.015479693 -0.82021797 0.5718416
vn -0.6766245 -0.29070735 0.67651206
vn -0.4926518 -0.6468735 0.5821073
vn -0.61553013 -0.7412179 0.26780346
vn -0.9844572 -0.16329041 0.06465498
vn -0.982133 -0.17134055 -0.077828
vn -0.93071634 -0.15605666 -0.33077693
vn -0.83313304 0.117428444 -0.5404627
vn -0.7065266 0.26151407 -0.65759456
vn -0.5595411 0.49519357 -0.66460294
vn -0.21666437 0.087826125 -0.9722876
vn -0.17025186 0.50285244 -0.84743947
vn -0.05637521 0.6050407 -0.7941962
vn 0.84528536 0.4048865 -0.34865397
vn 0.8395617 0.4065561 -0.36034465
vn 0.46078482 0.670849 -0.581067
vn 0.7869788 -0.613566 -0.064816214
vn 0.9583389 0.17862378 0.22289038
vn -0.6894544 -0.1443289 -0.7098041
vn -0.46367636 -0.8526437 -0.24083793
vn -0.21506198 0.48701918 -0.8464991
vn 0.24297713 0.8671695 -0.43471736
vn 0.7933058 0.5317606 -0.29647347
vn -0.56296515 -0.78553134 -0.25692555
vn -0.9838295 -0.1790743 0.0034588668
vn -0.7874739 -0.10448399 -0.60742736
vn 0.44508332 0.1618248 0.880746
vn -0.8585114 0.42922294 -0.28058133
vn -0.72173804 0.30506128 -0.6213146
vn 0.9971106 0.06760818 -0.03463403
vn 0.7123993 -0.50430083 0.4880245
vn -0.04367682 -0.89925295 0.43524304
vn 0.19057818 -0.9593358 -0.20821814
vn -0.6351586 -0.76124465 0.13069086
vn -0.8601508 -0.3569564 -0.36431134
vn -0.49551436 0.42805636 -0.7557998
vn 0.14002852 0.8549686 -0.49942034
vn 0.8124905 0.41089717 -0.4135488
vn 0.22560354 -0.9294096 -0.29206303
vn 0.18142308 -0.96466494 -0.19106871
vn -0.9953665 0.08334361 -0.047951087
vn 0.18640739 -0.97986674 0.07150816
vn 0.15147983 -0.064022034 0.9863848
vn 0.22127485 0.015336266 -0.97509086
vn -0.86852175 -0.010341414 -0.4955432
vn -0.40312564 -0.89941967 -0.1689201
vn -0.24387585 -0.8454996 -0.47503164
vn -0.6983593 -0.71489835 0.034851644
vn -0.84373844 -0.5189015 -0.13728316
vn -0.3212727 0.9469092 0.012115575
vn -0.8719617 0.4451461 0.20378356
vn 0.15481725 -0.2261253 0.96171665
vn 0.23212424 -0.12198571 0.96500665
vn 0.7023189 0.58193785 0.4099958
vn 0.7845418 -0.55878943 0.268791
vn -0.1430832 -0.8352898 0.5308655
vn -0.29583472 -0.9049321 0.30590805
vn -0.5931848 -0.29270175 0.7499716
vn 0.09944951 -0.39985755 0.91116613
vn 0.08572975 -0.14244507 0.9860831
vn -0.021512022 -0.23929207 -0.9707093
vn -0.081964545 0.2880772 -0.9540929
vn -0.13066807 0.77710557 -0.61565644
vn -0.111597516 0.9866041 0.11898911
vn -0.1135534 0.51885784 -0.84728515
vn 0.09973041 -0.43185812 0.8964108
vn 0.10002274 -0.39792478 0.9119492
vn -0.06958491 0.16378601 -0.98403865
vn -0.092426375 0.3360802 -0.9372873
vn 0.12745626 -0.71510583 0.687298
vn 0.11525453 -0.5484474 0.828204
vn -0.1099008 0.49071443 -0.8643617
vn -0.104889184 0.42081392 -0.90106267
vn 0.13253064 -0.8285791 0.54395986
vn -0.121446855 0.62117326 -0.7742057
vn 0.07233258 -0.856746 -0.51064104
vn -0.13338596 0.8972923 -0.42080235
vn 0.07885883 -0.8849717 -0.4589187
vn -0.051665287 0.75559604 0.6529972
vn 0.1236107 -0.9894946 0.074971534
vn 0.10857218 -0.9814174 -0.15821473
vn 0.13062078 -0.95878726 0.2523196
vn -0.6366144 0.73170215 -0.2435858
vn -0.83969396 0.4619278 -0.28554642
vn -0.1645933 0.95854723 0.23258598
vn -0.95599735 -0.117031395 -0.26902175
vn -0.69773096 -0.662012 -0.27369994
vn -0.06023015 0.9787645 0.19593997
vn -0.84598 0.1734713 -0.5042079
vn -0.30426654 -0.9137755 0.26913974
vn 0.089202166 -0.485415 0.86972135
vn -0.11756057 0.56448907 0.8170261
vn -0.23626275 0.071292736 0.9690703
vn 0.057981297 0.23817216 0.9694907
vn -0.012312969 0.6837228 0.7296379
vn -0.07534806 0.94963855 0.30415335
vn -0.38132107 0.5232395 0.762112
vn -0.8880739 0.36440292 0.2802413
vn -0.94357127 0.31927004 -0.08797678
vn -0.76799905 0.60506666 -0.2099329
vn -0.9887379 -0.12583978 0.08100446
vn -0.9805888 -0.15770347 0.1165129
vn -0.8124491 -0.5825854 -0.022819597
vn -0.65158343 -0.68289125 0.33030072
vn -0.51475066 -0.85487306 -0.06499103
vn -0.2016393 -0.89533657 0.39713228
vn 0.13652733 -0.98651254 -0.09029527
vn 0.15513858 -0.90735704 0.3906856
vn 0.7461278 -0.38942325 0.54003966
vn 0.98129624 -0.15971713 -0.10746226
vn -0.18522008 -0.1948999 0.9631758
vn -0.69444805 -0.038487986 0.7185128
vn -0.7612543 -0.32676405 0.5601046
vn -0.0154838 0.9340753 -0.35674015
vn 0.12837385 -0.44651204 -0.8855208
vn 0.59151804 -0.3927765 -0.70415413
vn 0.30127317 -0.13407515 -0.9440648
vn 0.030311571 -0.39890236 -0.9164923
vn -0.9538789 -0.287138 0.087560534
vn 0.121138215 -0.35996264 0.92506886
vn 0.010360845 -0.31187844 -0.9500655
vn -0.4931446 -0.46246493 -0.73684096
vn -0.21220225 0.19921304 -0.956705
vn -0.9591701 -0.13198367 0.25014594
vn -0.939126 -0.23183161 0.25356737
vn -0.81550115 0.36273277 -0.45097986
vn -0.83699745 0.11510083 -0.5349645
vn -0.9288665 -0.23458408 0.28666595
vn -0.7992517 0.35336465 -0.486138
vn -0.11127892 0.6352026 -0.764287
vn -0.11894558 0.78168434 -0.6122267
vn -0.11353804 0.4975455 -0.85997534
vn 0.09679704 -0.333689 0.9377004
vn 0.11925262 -0.5111132 0.85120034
vn 0.12917288 -0.5054796 0.8531147
vn -0.027834874 -0.35144028 -0.93579644
vn -0.7398825 -0.59332865 -0.31707245
vn -0.8626048 -0.3279572 0.38517147
vn 0.11269166 -0.6847541 0.7200087
vn -0.8171329 -0.47359452 0.3286367
vn 0.080585524 -0.09560406 0.9921521
vn -0.78013533 -0.558576 0.2817476
vn 0.1268678 -0.72794056 0.67380047
vn -0.63348347 -0.19389561 0.7490682
vn 0.120726615 -0.96902174 0.21545768
vn 0.11898769 -0.5608171 0.81934494
vn -0.4094949 -0.21088938 0.8876033
vn -0.8788756 -0.3625368 -0.3100721
vn -0.013145242 -0.45698646 -0.8893765
vn -0.8587503 -0.48533762 -0.1643027
vn -0.008516024 -0.4885548 -0.87249166
vn -0.037369087 -0.279839 -0.9593194
vn -0.983153 -0.14969127 -0.10489374
vn 0.021414025 -0.67479545 -0.7376941
vn -0.567672 -0.7964759 -0.2082657
vn -0.7485082 -0.66297144 0.014294225
vn 0.64495355 0.76339436 0.03555259
vn 0.6129569 0.4301144 0.6627862
vn 0.8392044 0.43648076 -0.32437712
vn 0.6936168 0.36280608 -0.62230814
vn 0.4914553 0.19011863 -0.849898
vn 0.26309413 0.31491643 -0.91192603
vn -0.3642293 0.7547139 -0.5456592
vn 0.8038964 0.5724598 -0.16137004
vn 0.7100901 0.39966255 0.5796912
vn 0.82432383 -0.21259314 0.524685
vn 0.9997806 0.020876132 0.0017032564
vn 0.4583229 -0.8791921 0.13023579
vn 0.40380687 -0.47966012 0.7790162
vn 0.6850829 0.09270911 -0.72254163
vn 0.38404262 -0.6092718 -0.69375724
vn 0.44539586 0.1895883 -0.87503076
vn -0.96269953 -0.17669293 -0.20491275
vn -0.47986564 -0.15164086 -0.8641377
vn -0.561536 -0.16063045 -0.81171125
vn -0.9466288 0.0032438633 -0.32230952
vn 0.19414563 -0.12698281 -0.9727193
vn -0.056361273 0.40145114 -0.91414464
vn -0.50904626 0.5278417 -0.6798934
vn -0.8852555 0.40943465 -0.22064885
vn 0.7635846 -0.18027873 0.62003076
vn 0.9996376 0.026851151 0.0019031226
vn 0.77422273 -0.24489027 0.58361626
vn 0.99875283 -0.016188413 -0.047230817
vn 0.6865391 0.15280677 -0.7108545
vn 0.6803716 0.25069496 -0.6886556
vn 0.99821216 0.007217991 -0.059332497
vn 0.81731737 -0.34659374 0.4602881
vn 0.86855376 -0.3562946 0.34448308
vn 0.9652889 0.13232863 -0.22518097
vn 0.65925056 0.36068928 -0.65976655
vn 0.4900921 0.38532388 -0.7818793
vn 0.82882 -0.46766588 0.30715805
vn 0.9820285 0.063763976 -0.17763492
vn 0.6229206 0.48138428 -0.6166353
vn -0.7933439 -0.23244089 0.5626515
vn -0.44118744 -0.50660944 0.7407432
vn -0.59771633 -0.5369978 0.59528863
vn -0.9448508 -0.21074897 0.2506827
vn -0.9318884 -0.16712056 0.32195452
vn -0.48838595 -0.42569023 0.7617526
vn 0.016092513 -0.54732496 0.83676547
vn 0.21826337 -0.43149903 0.8753112
vn 0.22175014 -0.6861879 0.6928009
vn 0.7565061 -0.40310767 0.5149784
vn 0.8118695 -0.002928919 0.5838316
vn 0.82429904 -0.5271632 0.20647046
vn 0.96480256 0.06630353 -0.2544796
vn 0.9863461 0.14835301 -0.071503155
vn 0.86247 0.012310105 -0.50595856
vn 0.48943356 0.32926697 -0.80748874
vn 0.66197586 0.33920273 -0.6683783
vn 0.28017405 0.49785858 -0.82075536
vn -0.14893419 0.38783526 -0.90961665
vn 0.020570282 0.042831223 -0.99887055
vn -0.281837 0.48408425 -0.8283902
vn -0.97144294 0.10760765 -0.21146913
vn -0.96374154 0.032961354 -0.26479378
vn -0.79696256 0.3979289 -0.45442632
vn -0.60050315 -0.77977467 0.17705226
vn -0.9131648 -0.012388542 0.40740222
vn 0.697284 -0.027875012 -0.7162528
vn 0.6240186 -0.7398261 -0.25151172
vn 0.040170275 0.40389124 -0.91392463
vn -0.50172716 0.7102262 -0.4938103
vn -0.9442268 0.28150046 -0.17086045
vn 0.69817525 -0.6337866 -0.33296528
vn 0.9915529 0.058703873 -0.1156578
vn -0.36313576 0.064406164 0.92950755
vn 0.7121389 0.076016925 -0.6979109
vn 0.693212 0.6160105 -0.37415
vn 0.5503014 0.4581838 -0.6980229
vn -0.96943074 -0.16919062 0.17770353
vn -0.4549209 -0.5693004 0.68479484
vn 0.44928128 -0.76172817 0.4668153
vn 0.020791085 -0.9964858 -0.08114004
vn 0.86442983 -0.5027497 -0.0019387008
vn 0.83966136 -0.20387413 -0.5033927
vn 0.22530495 0.4119257 -0.8829241
vn -0.45760098 0.6844941 -0.56751144
vn -0.9531158 0.14200874 -0.2672149
vn -0.02927611 -0.99077445 -0.13232131
vn 0.02196867 -0.997832 -0.062037304
vn 0.9134334 0.30042905 -0.27455756
vn 0.1310922 -0.9843749 0.117562525
vn -0.30159998 0.1342988 0.94392866
vn -0.33251047 -0.051420916 -0.9416967
vn 0.7814024 0.18813193 -0.594993
vn 0.5814007 -0.7809239 -0.22832237
vn 0.37881213 -0.77053845 -0.51261276
vn 0.8466679 -0.528916 -0.058320858
vn 0.9201362 -0.3065758 -0.24364035
vn 0.06327377 0.98476666 -0.1619602
vn 0.75030226 0.6597202 -0.04261213
vn 0.09051522 -0.09898449 0.9909637
vn 0.99188155 0.033392694 0.122702435
vn -0.7393151 0.46337652 0.4885646
vn -0.5501502 -0.67331225 0.4939487
vn 0.4493821 -0.6844434 0.57410187
vn 0.6732935 -0.6306122 0.3860106
vn 0.7774801 -0.025405774 0.6283941
vn 0.49335992 0.8055302 -0.32820275
vn 0.02824789 0.9732812 0.2278722
vn 0.71875024 0.5665732 -0.40298003
vn 0.8992618 0.11935765 -0.4208111
vn 0.82182133 -0.38502347 -0.41996026
vn 0.6604912 -0.703182 0.26322317
vn 0.8127585 0.2135272 -0.5420606
vn 0.16945761 0.6023039 0.7800731
vn 0.34165373 0.16376255 0.9254483
vn 0.050434694 0.2376134 0.9700496
vn 0.5382092 0.7843908 -0.30832112
vn 0.7602973 0.60375434 -0.23964289
vn 0.6071726 0.4676369 0.64238393
vn 0.97957873 0.19217376 -0.059116498
vn 0.9857165 0.13085452 0.106018856
vn 0.8762136 -0.4355306 0.20630763
vn 0.9371466 -0.34738624 -0.032848787
vn 0.5092208 -0.7888491 0.34410945
vn 0.7142048 -0.6948005 -0.08463899
vn -0.4919142 -0.6038869 0.627169
vn -0.8317013 -0.5533453 0.045627907
vn 0.25057396 -0.062930465 0.9660499
vn 0.70288247 0.36201105 0.6122942
vn 0.93795687 0.05806724 0.3418554
vn -0.1525252 0.88007104 -0.44967878
vn -0.34670025 -0.3542707 -0.8684994
vn -0.40710136 -0.76083624 -0.5053679
vn -0.42934567 -0.13593283 -0.89285195
vn 0.98024184 -0.1934647 -0.041198276
vn 0.5493726 -0.3804787 -0.74392587
vn 0.14106564 0.08885059 -0.9860051
vn 0.98529017 0.111668125 0.1293582
vn 0.7153365 0.32271123 -0.61979926
vn 0.6507782 0.53115743 -0.5425491
vn 0.9895265 0.028610306 0.14148745
vn 0.689305 0.4385706 -0.57664067
vn 0.97902155 -0.070997745 0.1909872
vn 0.7987329 -0.42401367 -0.42689362
vn 0.95846874 -0.12697434 0.25537276
vn 0.9372512 -0.2823805 0.20450288
vn 0.9130526 -0.37427917 0.16201848
vn 0.75818264 -0.042424116 0.65066063
vn 0.56452996 -0.10487998 0.81872225
vn 0.8842452 -0.17061985 -0.43474045
vn 0.9113616 -0.2926091 -0.28948227
vn 0.96803355 0.062699705 -0.24285747
vn 0.69070846 -0.6591493 -0.29739556
vn 0.8677899 -0.48675892 -0.100032106
vn -0.11690449 0.98868644 -0.09398094
vn 0.03586191 -0.044147186 -0.99838114
vn -0.15090916 0.9259499 -0.3461839
vn -0.7348333 0.62706506 -0.25847515
vn -0.9265616 0.33058283 -0.17943975
vn -0.9909974 -0.13351448 -0.009905233
vn -0.80708355 -0.56927705 0.1566519
vn -0.5327236 -0.80263823 0.26828614
vn 0.14025714 -0.9438388 0.29915932
vn 0.77817637 0.54199594 -0.31730416
vn 0.51006335 0.7716294 -0.38003084
vn 0.9790999 0.11635962 -0.16680463
vn 0.9370532 -0.3487318 0.017817995
vn 0.74761474 -0.64747393 0.14781654
vn -0.14224151 0.9102447 -0.38887268
vn -0.94849056 -0.015420922 0.31642985
vn -0.618225 -0.31469914 0.72025156
vn -0.746755 0.06975314 0.66143143
vn -0.94350016 -0.044323184 0.32839435
vn -0.9654131 -0.22582482 -0.1303101
vn -0.9714112 -0.18573476 -0.1478607
vn -0.72270554 -0.4631881 -0.5129849
vn -0.75759304 -0.2959073 -0.5818004
vn -0.38669428 -0.56715363 -0.7271893
vn -0.4390118 -0.34248126 -0.83064747
vn 0.21380469 -0.56446093 -0.79729
vn 0.20029522 -0.32340387 -0.9248199
vn 0.36484626 -0.3908639 0.8450518
vn 0.76418155 0.17629336 0.62044114
vn 0.76420844 0.1886351 0.6167676
vn 0.44803208 0.23274449 0.8631902
vn 0.97864383 0.10812639 0.1748284
vn 0.9800592 0.08047863 0.18167867
vn 0.9521573 -0.15868628 -0.2611803
vn 0.95415205 -0.062399335 -0.29274592
vn 0.742698 -0.3692398 -0.5586248
vn 0.7566459 -0.17937222 -0.6287388
vn -0.037832737 -0.6926601 0.7202713
vn -0.18937457 0.19756187 0.9618246
vn 0.74072355 0.6563991 0.14306937
vn 0.5483592 0.34330755 0.7625235
vn 0.9293445 0.3186786 -0.18644792
vn 0.8245487 0.2521453 -0.5064999
vn 0.53263 -0.11338778 -0.83871835
vn 0.37148395 0.34809273 -0.8607155
vn -0.3644855 0.85630566 -0.36591113
vn 0.740789 -0.0896688 0.665726
vn 0.6950393 0.0870353 0.7136843
vn 0.6724306 -0.42853227 0.6034875
vn 0.9611929 -0.25191167 0.11246652
vn 0.05983946 -0.9870546 0.1488036
vn 0.12863421 -0.57008547 0.81145287
vn 0.74671054 -0.116667256 -0.6548374
vn 0.113674104 -0.9212474 -0.37199646
vn 0.65823996 0.16270258 -0.73501563
vn -0.908273 0.100256115 -0.40618825
vn -0.29968676 0.071890354 -0.9513252
vn -0.39074633 0.07856126 -0.9171398
vn -0.8822964 0.21541719 -0.41850746
vn 0.17590182 -0.027551511 -0.9840221
vn 0.08761684 0.49143702 -0.86649466
vn -0.21225032 0.7117758 -0.66957074
vn -0.6971108 0.64485836 -0.31335956
vn 0.625872 -0.34840322 0.6977818
vn 0.97007 -0.2120511 0.11831528
vn 0.62238187 -0.409683 0.6669338
vn 0.9650457 -0.2523237 0.07084917
vn 0.77627474 -0.025689166 -0.6298711
vn 0.7937597 0.06727524 -0.60449946
vn 0.9714299 -0.22979477 0.059315164
vn 0.65252376 -0.5219516 0.5493444
vn 0.712627 -0.5464733 0.43992007
vn 0.9888745 -0.10286821 -0.10744942
vn 0.7981338 0.18103878 -0.57463676
vn 0.65522426 0.24699408 -0.7139153
vn 0.6523588 -0.6459225 0.39649987
vn 0.98318094 -0.17277187 -0.059203785
vn 0.78755426 0.31156936 -0.5316792
vn -0.9249195 -0.07567821 0.37255442
vn -0.6303239 -0.50020987 0.59370184
vn -0.7677414 -0.42397246 0.48043787
vn -0.99360293 0.053656667 0.09936911
vn -0.9924627 0.043462805 0.114580646
vn -0.64715177 -0.4459678 0.61831003
vn -0.2056354 -0.6464066 0.7347602
vn 0.047815572 -0.53427106 0.8439598
vn 0.015479693 -0.82021797 0.5718416
vn 0.4926518 -0.6468735 0.5821073
vn 0.6766245 -0.29070735 0.67651206
vn 0.61553013 -0.7412179 0.26780346
vn 0.982133 -0.17134055 -0.077828
vn 0.9844572 -0.16329041 0.06465498
vn 0.93071634 -0.15605666 -0.33077693
vn 0.7065266 0.26151407 -0.65759456
vn 0.83313304 0.117428444 -0.5404627
vn 0.5595411 0.49519357 -0.66460294
vn 0.17025186 0.50285244 -0.84743947
vn 0.21666437 0.087826125 -0.9722876
vn 0.05637521 0.6050407 -0.7941962
vn -0.8395617 0.4065561 -0.36034465
vn -0.84528536 0.4048865 -0.34865397
vn -0.46078482 0.670849 -0.581067
vn -0.7869788 -0.613566 -0.064816214
vn -0.9583389 0.17862378 0.22289038
vn 0.6894544 -0.1443289 -0.7098041
vn 0.46367636 -0.8526437 -0.24083793
vn 0.21506198 0.48701918 -0.8464991
vn -0.24297713 0.8671695 -0.43471736
vn -0.7933058 0.5317606 -0.29647347
vn 0.56296515 -0.78553134 -0.25692555
vn 0.9838295 -0.1790743 0.0034588668
vn -0.44508332 0.1618248 0.880746
vn 0.7874739 -0.10448399 -0.60742736
vn 0.8585114 0.42922294 -0.28058133
vn 0.72173804 0.30506128 -0.6213146
vn -0.9971106 0.06760818 -0.03463403
vn -0.7123993 -0.50430083 0.4880245
vn 0.04367682 -0.89925295 0.43524304
vn -0.19057818 -0.9593358 -0.20821814
vn 0.6351586 -0.76124465 0.13069086
vn 0.8601508 -0.3569564 -0.36431134
vn 0.49551436 0.42805636 -0.7557998
vn -0.14002852 0.8549686 -0.49942034
vn -0.8124905 0.41089717 -0.4135488
vn -0.22560354 -0.9294096 -0.29206303
vn -0.18142308 -0.96466494 -0.19106871
vn 0.9953665 0.08334361 -0.047951087
vn -0.18640739 -0.97986674 0.07150816
vn -0.15147983 -0.064022034 0.9863848
vn -0.22127485 0.015336266 -0.97509086
vn 0.86852175 -0.010341414 -0.4955432
vn 0.40312564 -0.89941967 -0.1689201
vn 0.24387585 -0.8454996 -0.47503164
vn 0.6983593 -0.71489835 0.034851644
vn 0.84373844 -0.5189015 -0.13728316
vn 0.3212727 0.9469092 0.012115575
vn 0.8719617 0.4451461 0.20378356
vn -0.15481725 -0.2261253 0.96171665
vn -0.23212424 -0.12198571 0.96500665
vn -0.7023189 0.58193785 0.4099958
vn -0.7845418 -0.55878943 0.268791
vn 0.1430832 -0.8352898 0.5308655
vn 0.29583472 -0.9049321 0.30590805
vn 0.5931848 -0.29270175 0.7499716
vn -0.09944951 -0.39985755 0.91116613
vn -0.08572975 -0.14244507 0.9860831
vn 0.081964545 0.2880772 -0.9540929
vn 0.021512022 -0.23929207 -0.9707093
vn 0.111597516 0.9866041 0.11898911
vn 0.13066807 0.77710557 -0.61565644
vn 0.1135534 0.51885784 -0.84728515
vn -0.09973041 -0.43185812 0.8964108
vn -0.10002274 -0.39792478 0.9119492
vn 0.06958491 0.16378601 -0.98403865
vn 0.092426375 0.3360802 -0.9372873
vn -0.11525453 -0.5484474 0.828204
vn -0.12745626 -0.71510583 0.687298
vn 0.1099008 0.49071443 -0.8643617
vn 0.104889184 0.42081392 -0.90106267
vn -0.13253064 -0.8285791 0.54395986
vn 0.121446855 0.62117326 -0.7742057
vn -0.07233258 -0.856746 -0.51064104
vn 0.13338596 0.8972923 -0.42080235
vn -0.07885883 -0.8849717 -0.4589187
vn 0.051665287 0.75559604 0.6529972
vn -0.1236107 -0.9894946 0.074971534
vn -0.10857218 -0.9814174 -0.15821473
vn -0.13062078 -0.95878726 0.2523196
vn 0.6366144 0.73170215 -0.2435858
vn 0.1645933 0.95854723 0.23258598
vn 0.83969396 0.4619278 -0.28554642
vn 0.95599735 -0.117031395 -0.26902175
vn 0.69773096 -0.662012 -0.27369994
vn 0.06023015 0.9787645 0.19593997
vn -0.089202166 -0.485415 0.86972135
vn 0.30426654 -0.9137755 0.26913974
vn 0.84598 0.1734713 -0.5042079
vn 0.11756057 0.56448907 0.8170261
vn 0.23626275 0.071292736 0.9690703
vn -0.057981297 0.23817216 0.9694907
vn 0.012312969 0.6837228 0.7296379
vn 0.07534806 0.94963855 0.30415335
vn 0.38132107 0.5232395 0.762112
vn 0.76799905 0.60506666 -0.2099329
vn 0.94357127 0.31927004 -0.08797678
vn 0.8880739 0.36440292 0.2802413
vn 0.9805888 -0.15770347 0.1165129
vn 0.9887379 -0.12583978 0.08100446
vn 0.65158343 -0.68289125 0.33030072
vn 0.8124491 -0.5825854 -0.022819597
vn 0.2016393 -0.89533657 0.39713228
vn 0.51475066 -0.85487306 -0.06499103
vn -0.15513858 -0.90735704 0.3906856
vn -0.13652733 -0.98651254 -0.09029527
vn -0.7461278 -0.38942325 0.54003966
vn -0.98129624 -0.15971713 -0.10746226
vn 0.18522008 -0.1948999 0.9631758
vn 0.69444805 -0.038487986 0.7185128
vn 0.7612543 -0.32676405 0.5601046
vn 0.0154838 0.9340753 -0.35674015
vn -0.12837385 -0.44651204 -0.8855208
vn -0.59151804 -0.3927765 -0.70415413
vn -0.30127317 -0.13407515 -0.9440648
vn -0.030311571 -0.39890236 -0.9164923
vn 0.9538789 -0.287138 0.087560534
vn 0.4931446 -0.46246493 -0.73684096
vn -0.010360845 -0.31187844 -0.9500655
vn -0.121138215 -0.35996264 0.92506886
vn 0.21220225 0.19921304 -0.956705
vn 0.9591701 -0.13198367 0.25014594
vn 0.83699745 0.11510083 -0.5349645
vn 0.81550115 0.36273277 -0.45097986
vn 0.939126 -0.23183161 0.25356737
vn 0.7992517 0.35336465 -0.486138
vn 0.9288665 -0.23458408 0.28666595
vn 0.11127892 0.6352026 -0.764287
vn 0.11894558 0.78168434 -0.6122267
vn 0.11353804 0.4975455 -0.85997534
vn -0.11925262 -0.5111132 0.85120034
vn -0.09679704 -0.333689 0.9377004
vn -0.12917288 -0.5054796 0.8531147
vn 0.7398825 -0.59332865 -0.31707245
vn 0.027834874 -0.35144028 -0.93579644
vn -0.11269166 -0.6847541 0.7200087
vn 0.8626048 -0.3279572 0.38517147
vn -0.080585524 -0.09560406 0.9921521
vn 0.8171329 -0.47359452 0.3286367
vn -0.1268678 -0.72794056 0.67380047
vn 0.78013533 -0.558576 0.2817476
vn 0.63348347 -0.19389561 0.7490682
vn 0.4094949 -0.21088938 0.8876033
vn -0.11898769 -0.5608171 0.81934494
vn -0.120726615 -0.96902174 0.21545768
vn 0.013145242 -0.45698646 -0.8893765
vn 0.8788756 -0.3625368 -0.3100721
vn 0.8587503 -0.48533762 -0.1643027
vn 0.983153 -0.14969127 -0.10489374
vn 0.037369087 -0.279839 -0.9593194
vn 0.008516024 -0.4885548 -0.87249166
vn 0.567672 -0.7964759 -0.2082657
vn -0.021414025 -0.67479545 -0.7376941
vn 0.7485082 -0.66297144 0.014294225
vn -0.64495355 0.76339436 0.03555259
vn -0.6936168 0.36280608 -0.62230814
vn -0.8392044 0.43648076 -0.32437712
vn -0.6129569 0.4301144 0.6627862
vn -0.4914553 0.19011863 -0.849898
vn -0.26309413 0.31491643 -0.91192603
vn 0.3642293 0.7547139 -0.5456592
vn -0.8038964 0.5724598 -0.16137004
vn -0.7100901 0.39966255 0.5796912
vn -0.82432383 -0.21259314 0.524685
vn -0.40380687 -0.47966012 0.7790162
vn -0.4583229 -0.8791921 0.13023579
vn -0.9997806 0.020876132 0.0017032564
vn -0.38404262 -0.6092718 -0.69375724
vn -0.6850829 0.09270911 -0.72254163
vn -0.44539586 0.1895883 -0.87503076
vn 0.561536 -0.16063045 -0.81171125
vn 0.47986564 -0.15164086 -0.8641377
vn 0.96269953 -0.17669293 -0.20491275
vn 0.9466288 0.0032438633 -0.32230952
vn -0.19414563 -0.12698281 -0.9727193
vn 0.056361273 0.40145114 -0.91414464
vn 0.50904626 0.5278417 -0.6798934
vn 0.8852555 0.40943465 -0.22064885
vn -0.7635846 -0.18027873 0.62003076
vn -0.9996376 0.026851151 0.0019031226
vn -0.99875283 -0.016188413 -0.047230817
vn -0.77422273 -0.24489027 0.58361626
vn -0.6865391 0.15280677 -0.7108545
vn -0.6803716 0.25069496 -0.6886556
vn -0.99821216 0.007217991 -0.059332497
vn -0.9652889 0.13232863 -0.22518097
vn -0.86855376 -0.3562946 0.34448308
vn -0.81731737 -0.34659374 0.4602881
vn -0.65925056 0.36068928 -0.65976655
vn -0.4900921 0.38532388 -0.7818793
vn -0.82882 -0.46766588 0.30715805
vn -0.9820285 0.063763976 -0.17763492
vn -0.6229206 0.48138428 -0.6166353
vn 0.7933439 -0.23244089 0.5626515
vn 0.9448508 -0.21074897 0.2506827
vn 0.59771633 -0.5369978 0.59528863
vn 0.44118744 -0.50660944 0.7407432
vn 0.48838595 -0.42569023 0.7617526
vn 0.9318884 -0.16712056 0.32195452
vn -0.21826337 -0.43149903 0.8753112
vn -0.016092513 -0.54732496 0.83676547
vn -0.22175014 -0.6861879 0.6928009
vn -0.8118695 -0.002928919 0.5838316
vn -0.7565061 -0.40310767 0.5149784
vn -0.82429904 -0.5271632 0.20647046
vn -0.9863461 0.14835301 -0.071503155
vn -0.96480256 0.06630353 -0.2544796
vn -0.86247 0.012310105 -0.50595856
vn -0.66197586 0.33920273 -0.6683783
vn -0.48943356 0.32926697 -0.80748874
vn -0.28017405 0.49785858 -0.82075536
vn -0.020570282 0.042831223 -0.99887055
vn 0.14893419 0.38783526 -0.90961665
vn 0.281837 0.48408425 -0.8283902
vn 0.96374154 0.032961354 -0.26479378
vn 0.97144294 0.10760765 -0.21146913
vn 0.79696256 0.3979289 -0.45442632
vn 0.60050315 -0.77977467 0.17705226
vn 0.9131648 -0.012388542 0.40740222
vn -0.697284 -0.027875012 -0.7162528
vn -0.6240186 -0.7398261 -0.25151172
vn -0.040170275 0.40389124 -0.91392463
vn 0.50172716 0.7102262 -0.4938103
vn 0.9442268 0.28150046 -0.17086045
vn -0.69817525 -0.6337866 -0.33296528
vn -0.9915529 0.058703873 -0.1156578
vn -0.7121389 0.076016925 -0.6979109
vn 0.36313576 0.064406164 0.92950755
vn -0.693212 0.6160105 -0.37415
vn -0.5503014 0.4581838 -0.6980229
vn 0.96943074 -0.16919062 0.17770353
vn 0.4549209 -0.5693004 0.68479484
vn -0.44928128 -0.76172817 0.4668153
vn -0.020791085 -0.9964858 -0.08114004
vn -0.86442983 -0.5027497 -0.0019387008
vn -0.83966136 -0.20387413 -0.5033927
vn -0.22530495 0.4119257 -0.8829241
vn 0.45760098 0.6844941 -0.56751144
vn 0.9531158 0.14200874 -0.2672149
vn 0.02927611 -0.99077445 -0.13232131
vn -0.02196867 -0.997832 -0.062037304
vn -0.9134334 0.30042905 -0.27455756
vn -0.1310922 -0.9843749 0.117562525
vn 0.30159998 0.1342988 0.94392866
vn 0.33251047 -0.051420916 -0.9416967
vn -0.7814024 0.18813193 -0.594993
vn -0.5814007 -0.7809239 -0.22832237
vn -0.37881213 -0.77053845 -0.51261276
vn -0.8466679 -0.528916 -0.058320858
vn -0.9201362 -0.3065758 -0.24364035
vn -0.06327377 0.98476666 -0.1619602
vn -0.75030226 0.6597202 -0.04261213
vn -0.09051522 -0.09898449 0.9909637
vn -0.99188155 0.033392694 0.122702435
vn 0.7393151 0.46337652 0.4885646
vn 0.5501502 -0.67331225 0.4939487
vn -0.4493821 -0.6844434 0.57410187
vn -0.6732935 -0.6306122 0.3860106
vn -0.7774801 -0.025405774 0.6283941
vn -0.49335992 0.8055302 -0.32820275
vn -0.71875024 0.5665732 -0.40298003
vn -0.02824789 0.9732812 0.2278722
vn -0.8992618 0.11935765 -0.4208111
vn -0.82182133 -0.38502347 -0.41996026
vn -0.8127585 0.2135272 -0.5420606
vn -0.6604912 -0.703182 0.26322317
vn -0.16945761 0.6023039 0.7800731
vn -0.34165373 0.16376255 0.9254483
vn -0.050434694 0.2376134 0.9700496
vn -0.6071726 0.4676369 0.64238393
vn -0.7602973 0.60375434 -0.23964289
vn -0.5382092 0.7843908 -0.30832112
vn -0.9857165 0.13085452 0.106018856
vn -0.97957873 0.19217376 -0.059116498
vn -0.9371466 -0.34738624 -0.032848787
vn -0.8762136 -0.4355306 0.20630763
vn -0.7142048 -0.6948005 -0.08463899
vn -0.5092208 -0.7888491 0.34410945
vn 0.4919142 -0.6038869 0.627169
vn 0.8317013 -0.5533453 0.045627907
vn -0.25057396 -0.062930465 0.9660499
vn -0.70288247 0.36201105 0.6122942
vn -0.93795687 0.05806724 0.3418554
vn 0.1525252 0.88007104 -0.44967878
vn 0.34670025 -0.3542707 -0.8684994
vn 0.40710136 -0.76083624 -0.5053679
vn 0.42934567 -0.13593283 -0.89285195
vn -0.98024184 -0.1934647 -0.041198276
vn -0.5493726 -0.3804787 -0.74392587
vn -0.14106564 0.08885059 -0.9860051
vn -0.98529017 0.111668125 0.1293582
vn -0.9895265 0.028610306 0.14148745
vn -0.6507782 0.53115743 -0.5425491
vn -0.7153365 0.32271123 -0.61979926
vn -0.97902155 -0.070997745 0.1909872
vn -0.689305 0.4385706 -0.57664067
vn -0.7987329 -0.42401367 -0.42689362
vn -0.95846874 -0.12697434 0.25537276
vn -0.9372512 -0.2823805 0.20450288
vn -0.9130526 -0.37427917 0.16201848
vn -0.75818264 -0.042424116 0.65066063
vn -0.56452996 -0.10487998 0.81872225
vn -0.8842452 -0.17061985 -0.43474045
vn -0.9113616 -0.2926091 -0.28948227
vn -0.96803355 0.062699705 -0.24285747
vn -0.69070846 -0.6591493 -0.29739556
vn -0.8677899 -0.48675892 -0.100032106
vn 0.11690449 0.98868644 -0.09398094
vn -0.03586191 -0.044147186 -0.99838114
vn 0.15090916 0.9259499 -0.3461839
vn 0.9265616 0.33058283 -0.17943975
vn 0.7348333 0.62706506 -0.25847515
vn 0.9909974 -0.13351448 -0.009905233
vn 0.80708355 -0.56927705 0.1566519
vn 0.5327236 -0.80263823 0.26828614
vn -0.14025714 -0.9438388 0.29915932
vn -0.51006335 0.7716294 -0.38003084
vn -0.77817637 0.54199594 -0.31730416
vn -0.9790999 0.11635962 -0.16680463
vn -0.9370532 -0.3487318 0.017817995
vn -0.74761474 -0.64747393 0.14781654
vn 0.14224151 0.9102447 -0.38887268
vn 0.94849056 -0.015420922 0.31642985
vn 0.618225 -0.31469914 0.72025156
vn 0.94350016 -0.044323184 0.32839435
vn 0.746755 0.06975314 0.66143143
vn 0.9654131 -0.22582482 -0.1303101
vn 0.9714112 -0.18573476 -0.1478607
vn 0.72270554 -0.4631881 -0.5129849
vn 0.75759304 -0.2959073 -0.5818004
vn 0.38669428 -0.56715363 -0.7271893
vn 0.4390118 -0.34248126 -0.83064747
vn -0.21380469 -0.56446093 -0.79729
vn -0.20029522 -0.32340387 -0.9248199
vn -0.36484626 -0.3908639 0.8450518
vn -0.76418155 0.17629336 0.62044114
vn -0.44803208 0.23274449 0.8631902
vn -0.76420844 0.1886351 0.6167676
vn -0.97864383 0.10812639 0.1748284
vn -0.9800592 0.08047863 0.18167867
vn -0.9521573 -0.15868628 -0.2611803
vn -0.95415205 -0.062399335 -0.29274592
vn -0.742698 -0.3692398 -0.5586248
vn -0.7566459 -0.17937222 -0.6287388
vn 0.037832737 -0.6926601 0.7202713
vn 0.18937457 0.19756187 0.9618246
vn 0.917885 0.0922605 0.38597292
vn 0.91933054 0.110001475 0.37779766
vn 0.92195636 0.032752525 0.3859064
vn 0.91790116 0.022255572 0.39618453
vn 0.91016054 0.20415209 0.36045763
vn 0.9256891 0.078307904 0.3700912
vn 0.9094705 -0.0915388 0.4055664
vn 0.88299257 -0.18268298 0.43237832
vn 0.872866 -0.2401766 0.42475903
vn 0.80272615 -0.40553528 0.4372321
vn 0.7417202 -0.5442322 0.39199802
vn 0.8767193 -0.25970078 0.4048688
vn 0.94382244 -0.19109376 0.2695967
vn 0.806174 -0.46485662 0.366049
vn 0.6973866 -0.6578527 0.28439713
vn 0.9014789 0.43244198 0.018159596
vn 0.9349852 0.2551043 0.24642329
vn 0.8982182 0.24021463 0.3681045
vn 0.88820386 0.36582604 0.27796614
vn 0.92872626 0.14492151 0.34127018
vn 0.89715296 0.13396768 0.4209148
vn 0.8583735 -0.09318397 0.50449145
vn 0.85613984 0.10351444 0.50627005
vn 0.8586278 0.27463296 0.43282223
vn 0.91930425 0.10338032 0.37972656
vn 0.9087614 0.06038398 0.41292438
vn 0.86866367 -0.23377734 0.43677408
vn 0.78820974 -0.01597126 0.6151994
vn 0.8116441 0.18550389 0.5539154
vn 0.733361 -0.40790722 0.5438689
vn 0.65420115 -0.5034417 0.56441766
vn 0.7415976 0.052852213 0.6687598
vn 0.75936645 0.32262054 0.56504744
vn 0.6992513 -0.6122449 0.36905792
vn 0.5843028 -0.77289766 0.24742568
vn 0.8767078 0.032522347 0.4799226
vn 0.90076697 0.10437799 0.4215734
vn 0.9089272 -0.022814514 0.41633013
vn 0.88668925 -0.12566267 0.4449619
vn 0.87832284 0.3266824 0.3490381
vn 0.92359954 0.09700458 0.37088272
vn 0.91319096 -0.09858059 0.39542904
vn 0.86031634 -0.24286167 0.44818974
vn 0.8160311 -0.35995024 0.4522489
vn 0.7810838 -0.4364307 0.4465829
vn 0.6848358 -0.5764328 0.44578597
vn 0.8766021 -0.27898517 0.39209178
vn 0.939583 -0.24118897 0.24292314
vn 0.7819892 -0.49977523 0.37244815
vn 0.63624424 -0.6715962 0.37967324
vn 0.9272557 0.040479705 0.37223414
vn 0.86347246 -0.15824181 0.47893095
vn 0.8281873 -0.15377218 0.53894335
vn 0.85286444 -0.017382808 0.52184296
vn 0.82504714 -0.19917063 0.52879894
vn 0.81905985 -0.24644485 0.51807904
vn 0.7629187 -0.3771055 0.5251157
vn 0.7793499 -0.21536966 0.58841276
vn 0.8059398 -0.053070843 0.58961385
vn 0.8411531 -0.07046477 0.5361867
vn 0.8512249 -0.21975099 0.47657704
vn 0.7770573 -0.4316337 0.45812044
vn 0.7338854 -0.27608752 0.6206351
vn 0.7695976 -0.099608004 0.63071215
vn 0.6660878 -0.52360517 0.53119177
vn 0.626865 -0.55385476 0.54798275
vn 0.72394156 -0.23829053 0.6473996
vn 0.7642007 0.021309147 0.64462644
vn 0.63752854 -0.63130903 0.4415952
vn 0.5657894 -0.71551603 0.4097794
vn 0.80108213 -0.5959288 0.056002483
vn 0.85437167 -0.5138677 0.07738912
vn 0.7132815 -0.70038843 -0.026183462
vn 0.7147309 -0.69936496 -0.0069586737
vn 0.86180186 -0.5039334 0.05786712
vn 0.6907072 -0.720313 -0.06381812
vn 0.4008636 -0.89687747 -0.18686675
vn 0.53262013 -0.8394911 -0.107566215
vn 0.59186405 -0.8034027 -0.06512317
vn 0.9273143 0.25730202 0.27181584
vn 0.9280482 0.23841558 0.2861547
vn 0.9434893 0.17242587 0.28301454
vn 0.93819344 0.17383282 0.29929125
vn 0.9536704 0.11796392 0.27676216
vn 0.9603728 0.11076947 0.25576204
vn 0.97464424 -0.09834017 0.20099217
vn 0.96967685 -0.07517651 0.23254104
vn 0.9570866 -0.1451921 0.25080764
vn 0.922791 -0.3635571 0.12760505
vn 0.8828673 -0.4614994 0.08696961
vn 0.92371 -0.3507563 0.15404515
vn 0.9639871 -0.2460874 0.10084573
vn 0.9771086 -0.17942429 0.11430554
vn 0.97360635 -0.19892372 0.11189299
vn 0.96444774 -0.2472015 0.09344521
vn 0.95075315 -0.29249868 0.102532774
vn 0.9569718 -0.27565435 0.090662286
vn 0.96895796 -0.19367176 0.15366098
vn 0.93057984 -0.3346933 0.14832923
vn 0.91969377 -0.3605003 0.15557298
vn 0.9627793 -0.22078632 0.15591471
vn 0.8550782 -0.5052317 0.11654276
vn 0.913492 -0.3816989 0.14084838
vn 0.993664 -0.07160399 0.08662953
vn 0.9703564 -0.20901597 0.1213292
vn 0.9820405 -0.12910631 0.13757882
vn 0.9936437 0.016387813 0.11137187
vn 0.9808811 -0.11012278 0.16045335
vn 0.9744402 0.14885482 0.1682512
vn 0.9292777 -0.33738565 0.15037906
vn 0.9662908 -0.12930845 0.22262412
vn 0.9746419 -0.007618938 0.22364059
vn 0.97076446 -0.17349559 0.16587852
vn 0.9814001 0.014905785 0.19139405
vn 0.9743912 -0.1608172 0.15716109
vn 0.9409636 -0.31845114 0.11478815
vn 0.97175604 -0.21810791 0.09010632
vn 0.8886062 -0.43533087 0.14445093
vn 0.86308527 -0.49207783 0.11376834
vn 0.87192875 -0.4798125 0.09757153
vn 0.8694395 -0.48686686 0.083878696
vn 0.75922817 -0.65049994 0.020553082
vn 0.82635504 -0.5588167 0.06972336
vn 0.8691354 -0.49050528 0.06331069
vn 0.73375666 -0.67932814 -0.010698445
vn 0.55039966 -0.82979685 -0.09218144
vn 0.6468829 -0.7619341 -0.03160735
vn 0.7863151 -0.6160192 0.047211055
vn 0.9188105 0.2958786 0.261234
vn 0.91814727 0.29108572 0.26883945
vn 0.95348036 0.10170665 0.2837797
vn 0.9469345 0.086513996 0.30956486
vn 0.9238139 0.2687884 0.27261832
vn 0.95130473 0.15441126 0.26678917
vn 0.95797855 -0.21652783 0.18812974
vn 0.93525654 -0.28842106 0.20520368
vn 0.8932083 -0.3904842 0.22293726
vn 0.9683784 -0.15548812 0.1951067
vn 0.94533527 -0.2836533 0.16087909
vn 0.9718103 -0.12178817 0.20187227
vn 0.96441156 -0.22662565 0.13620256
vn 0.9709792 -0.19570617 0.13747165
vn 0.97051316 -0.19844307 0.1368378
vn 0.9666819 -0.21925426 0.13211235
vn 0.96693265 -0.20905365 0.14607473
vn 0.9642805 -0.21802816 0.15042232
vn 0.9508391 -0.27143005 0.14909972
vn 0.96772856 -0.21133466 0.13725553
vn 0.971692 -0.1982322 0.12852469
vn 0.94032264 -0.3162163 0.12570034
vn 0.9353351 -0.3267194 0.13565648
vn 0.9168278 -0.37711108 0.13120236
vn 0.9855901 -0.11333929 0.12556398
vn 0.9774991 -0.15797408 0.1397845
vn 0.9804439 -0.13911931 0.13919602
vn 0.9856712 -0.10377152 0.13298029
vn 0.97666305 -0.14358477 0.15972698
vn 0.983349 -0.107675314 0.1463922
vn 0.9870014 -0.10203981 0.124161646
vn 0.98099244 -0.13664822 0.13777186
vn 0.9865042 -0.074715964 0.14569485
vn 0.97633874 0.039846484 0.2125438
vn 0.97750485 0.084982045 0.19303438
vn 0.9825374 0.097012006 0.1587732
vn 0.9701957 -0.19789886 0.13984375
vn 0.9807423 -0.14953941 0.12562865
vn 0.9567054 -0.24627367 0.15512584
vn 0.9614623 -0.21332635 0.17344175
vn 0.86365736 -0.47752628 0.16144538
vn 0.86877924 -0.4713046 0.1519691
vn 0.73343194 -0.67686164 0.06273717
vn 0.78580016 -0.6093148 0.106083006
vn 0.87112814 -0.47229886 0.13442308
vn 0.7114454 -0.7020963 0.030104931
vn 0.160965 -0.9620356 -0.22040357
vn 0.4058046 -0.90864265 -0.09844381
vn 0.5574132 -0.8300973 -0.015129344
vn 0.8798786 0.41350517 0.23415208
vn 0.8801584 0.40462705 0.24818972
vn 0.9127772 0.24888304 0.32387498
vn 0.90880334 0.24099997 0.34058106
vn 0.89536166 0.36205563 0.25931293
vn 0.9108644 0.27313432 0.3093924
vn 0.95306385 -0.17313571 0.2483814
vn 0.9401775 -0.21221608 0.26651558
vn 0.9052258 -0.32637215 0.27211666
vn 0.95888114 -0.14860748 0.24179074
vn 0.8940558 -0.41274133 0.1740943
vn 0.96848047 -0.08732089 0.23328233
vn 0.95385486 -0.27079016 0.12974453
vn 0.9713358 -0.19420056 0.13708715
vn 0.9724631 -0.1902292 0.13464172
vn 0.9621644 -0.24249662 0.12423793
vn 0.9706964 -0.18420097 0.15433268
vn 0.96882725 -0.19049826 0.15837999
vn 0.9585915 -0.23553461 0.16008034
vn 0.97864354 -0.15500489 0.13501953
vn 0.984859 -0.11911204 0.12595662
vn 0.94095856 -0.29632345 0.16367452
vn 0.935919 -0.3056594 0.17500842
vn 0.91639394 -0.3586364 0.1777699
vn 0.9893359 0.021017186 0.14412759
vn 0.9801728 -0.13032998 0.14924926
vn 0.9764064 -0.14505963 0.15996341
vn 0.9859681 -0.040692464 0.16189809
vn 0.96547836 -0.20099843 0.16568379
vn 0.9729266 -0.16866122 0.15800999
vn 0.9759537 -0.16315724 0.14454779
vn 0.9749136 -0.1432861 0.17033067
vn 0.98199236 0.0003602621 0.18892041
vn 0.97964716 0.016283551 0.20006572
vn 0.9807823 0.08482895 0.1756993
vn 0.9846659 0.10343742 0.140477
vn 0.98275137 -0.11952195 0.14111774
vn 0.9904163 0.034683183 0.13368858
vn 0.9540275 -0.2514078 0.16317388
vn 0.9547135 -0.22548445 0.19411041
vn 0.9188614 -0.32642847 0.22167136
vn 0.92861545 -0.298716 0.22009556
vn 0.8558397 -0.47556263 0.2034171
vn 0.88050514 -0.4131826 0.23235928
vn 0.93162364 -0.2962991 0.21043806
vn 0.8463668 -0.500887 0.18103981
vn 0.41197935 -0.90865153 -0.0680103
vn 0.6378966 -0.7667988 0.07146685
vn 0.7841601 -0.59622097 0.17208573
vn 0.89014494 0.3850188 0.2437263
vn 0.8929172 0.37222654 0.2532711
vn 0.9335443 0.08810035 0.3474671
vn 0.9291133 0.07575346 0.36195287
vn 0.91652817 0.30184236 0.26242584
vn 0.93376416 0.12273654 0.33618483
vn 0.8509457 -0.47421128 0.22586519
vn 0.819316 -0.5256729 0.228887
vn 0.73886174 -0.641014 0.20780858
vn 0.9466322 -0.11491314 0.3011353
vn 0.89667284 -0.36050668 0.25692946
vn 0.96550703 -0.058751408 0.25366214
vn 0.95795506 -0.23830117 0.15979569
vn 0.9660167 -0.2011098 0.162378
vn 0.9707052 -0.1775336 0.16190507
vn 0.97135246 -0.1752938 0.16045697
vn 0.9687459 -0.18346924 0.16694456
vn 0.9686099 -0.18433568 0.16677879
vn 0.9671694 -0.18999548 0.1687753
vn 0.98330736 -0.06955077 0.168135
vn 0.985598 0.005604687 0.16901207
vn 0.962105 -0.20194037 0.1832325
vn 0.9594263 -0.21130474 0.1866857
vn 0.9421845 -0.27864698 0.18612945
vn 0.96016824 0.2103354 0.1839457
vn 0.9809828 -0.018494505 0.19321153
vn 0.9716301 -0.091070086 0.2182686
vn 0.96128553 0.17411466 0.2135748
vn 0.95040196 -0.2518712 0.18247469
vn 0.94797176 -0.2601406 0.18351121
vn 0.9480315 -0.26096234 0.18202998
vn 0.96566784 -0.09632037 0.24126343
vn 0.9280186 0.284092 0.2409836
vn 0.9780965 -0.08747562 0.18887904
vn 0.9853147 0.019732358 0.16960408
vn 0.9885063 0.048868183 0.14306329
vn 0.9836868 0.028960818 0.17754318
vn 0.9684936 0.17786995 0.1743056
vn 0.9597038 -0.21943885 0.1755427
vn 0.94801974 -0.25582868 0.18923588
vn 0.7781931 -0.58747065 0.22202188
vn 0.79556155 -0.5649188 0.21897164
vn 0.70761883 -0.67512316 0.20852894
vn 0.7413385 -0.6297302 0.2320714
vn 0.7994116 -0.56448066 0.20567614
vn 0.6954662 -0.6930251 0.18984969
vn 0.46474305 -0.88187706 0.07941514
vn 0.59055907 -0.7911617 0.15906966
vn 0.7280614 -0.6445954 0.23328824
vn 0.9441796 0.18756019 0.27082476
vn 0.94469005 0.17362176 0.27823773
vn 0.9267797 -0.13967238 0.34867033
vn 0.9181779 -0.1518228 0.36592236
vn 0.95461804 0.08336121 0.28592885
vn 0.9365963 -0.10364797 0.33473057
vn 0.764545 -0.5919252 0.25513813
vn 0.7105475 -0.6560527 0.2543956
vn 0.62405396 -0.7420993 0.24463296
vn 0.88700247 -0.35129076 0.2997022
vn 0.83279616 -0.47532055 0.283762
vn 0.90893704 -0.3194857 0.26788506
vn 0.9475919 -0.2520877 0.19626866
vn 0.94631505 -0.25692528 0.19615614
vn 0.94354886 -0.2659589 0.19743711
vn 0.9455461 -0.2597517 0.19614181
vn 0.9347173 -0.29777297 0.19399692
vn 0.9295856 -0.3096981 0.19989422
vn 0.89850736 -0.39140895 0.19870481
vn 0.9230833 -0.33197036 0.1941981
vn 0.9338778 -0.30058303 0.19370615
vn 0.8879831 -0.41529924 0.19751598
vn 0.88016826 -0.4265435 0.20824128
vn 0.8445806 -0.4930893 0.20867808
vn 0.9752469 -0.03992334 0.21748479
vn 0.9438443 -0.2536189 0.21174371
vn 0.9519533 -0.18602917 0.24326535
vn 0.96899706 0.015490268 0.24658616
vn 0.8671444 -0.45715845 0.19765301
vn 0.89270484 -0.39871523 0.21001008
vn 0.89171094 -0.39339897 0.22380532
vn 0.94727427 -0.1580105 0.27875468
vn 0.95269257 0.10376545 0.28567386
vn 0.9259558 -0.30495298 0.2227321
vn 0.95782256 -0.19512089 0.21095914
vn 0.9676841 -0.16766606 0.18834971
vn 0.9181266 -0.34501323 0.19496004
vn 0.9554274 -0.21605048 0.20119809
vn 0.8541254 -0.4834768 0.19162464
vn 0.8554476 -0.47199848 0.21313588
vn 0.82897586 -0.4974991 0.25552616
vn 0.84430623 -0.4731825 0.2514862
vn 0.7530833 -0.61127967 0.24331607
vn 0.786315 -0.5563643 0.2686401
vn 0.8479465 -0.4733857 0.23852187
vn 0.7398054 -0.6354216 0.22119528
vn 0.463517 -0.8814401 0.09063831
vn 0.60502315 -0.7755337 0.1802622
vn 0.73297787 -0.6318907 0.25190789
vn 0.9560105 0.12045673 0.2674584
vn 0.95532084 0.10967353 0.27447012
vn 0.9155774 -0.19346194 0.35254854
vn 0.9054804 -0.20631637 0.37086222
vn 0.95838434 0.04056843 0.28258392
vn 0.92906636 -0.14969936 0.33826876
vn 0.7230719 -0.64235383 0.25406426
vn 0.6665299 -0.70021695 0.2558009
vn 0.5680732 -0.78545976 0.24565381
vn 0.8916976 -0.3249615 0.3150801
vn 0.8175874 -0.49636304 0.29184696
vn 0.9184041 -0.28004652 0.2794779
vn 0.96620184 -0.115476795 0.23047575
vn 0.95297325 -0.20081235 0.22697228
vn 0.95025474 -0.20441012 0.23501572
vn 0.9627708 -0.12397303 0.24021465
vn 0.9331233 -0.286807 0.2168472
vn 0.92816156 -0.29641002 0.22507167
vn 0.89977556 -0.37109858 0.22954252
vn 0.9336365 -0.2639998 0.2421301
vn 0.9560191 -0.15487437 0.24908103
vn 0.9049204 -0.36366138 0.22106443
vn 0.8988849 -0.37314752 0.22971033
vn 0.8679608 -0.43893987 0.23232707
vn 0.9450973 -0.1953407 0.26197907
vn 0.8805072 -0.40485048 0.24658313
vn 0.8960476 -0.3545003 0.26726058
vn 0.94641757 -0.14479299 0.2886672
vn 0.83884203 -0.49573976 0.22491358
vn 0.86967105 -0.43957883 0.22459452
vn 0.8749376 -0.4312623 0.22022045
vn 0.8958653 -0.33783934 0.28859988
vn 0.9435813 -0.027723935 0.3299785
vn 0.92830336 -0.29044074 0.23215747
vn 0.95740503 -0.19489706 0.21305102
vn 0.9672817 -0.17164218 0.18682905
vn 0.8926962 -0.38068092 0.241196
vn 0.9411901 -0.22467023 0.25235787
vn 0.84240174 -0.4892639 0.22578785
vn 0.87106746 -0.43192732 0.23383814
vn 0.8310344 -0.47437137 0.29043692
vn 0.8436896 -0.4580956 0.27988604
vn 0.73897445 -0.6140466 0.27724275
vn 0.77264374 -0.55763 0.303431
vn 0.8478515 -0.46255457 0.2592124
vn 0.72422355 -0.64226425 0.25099167
vn 0.31974396 -0.94498247 0.069078855
vn 0.54665166 -0.81220096 0.2037194
vn 0.69647956 -0.65963167 0.282493
vn 0.93619674 0.19739616 0.29080987
vn 0.93648905 0.18913181 0.2953259
vn 0.92243767 -0.069239736 0.37988767
vn 0.91259825 -0.07706812 0.4015283
vn 0.9443218 0.12521805 0.30426434
vn 0.9319416 -0.043284867 0.36001557
vn 0.7684985 -0.55449855 0.31928268
vn 0.7272557 -0.5984513 0.3360881
vn 0.62628746 -0.70207745 0.33889717
vn 0.8949872 -0.28155282 0.34601435
vn 0.8241315 -0.45867145 0.33230674
vn 0.9233905 -0.22112691 0.31377193
vn 0.9612076 -0.1628022 0.22265524
vn 0.96923345 -0.11282302 0.21876355
vn 0.9678042 -0.12446733 0.21877588
vn 0.96079314 -0.17070381 0.21848747
vn 0.9670451 -0.13123953 0.21817401
vn 0.96393454 -0.13941433 0.22670202
vn 0.94665474 -0.22059558 0.23490924
vn 0.9545379 -0.2007612 0.2203458
vn 0.94770616 -0.234419 0.21656582
vn 0.93342733 -0.27260134 0.23324218
vn 0.92689794 -0.2789159 0.2511297
vn 0.90318036 -0.33999148 0.26205167
vn 0.9768074 -0.02034729 0.21315074
vn 0.958365 -0.17370583 0.22663361
vn 0.96445227 -0.10635437 0.2419103
vn 0.9728218 0.034816626 0.22892271
vn 0.9246252 -0.2974654 0.2378709
vn 0.943067 -0.23358268 0.23677777
vn 0.9449469 -0.2252001 0.23740323
vn 0.9616157 -0.08062711 0.26228714
vn 0.96245307 0.1042928 0.25061336
vn 0.95782787 -0.12163059 0.2603302
vn 0.9702864 -0.0358246 0.23929228
vn 0.9765493 -0.022014154 0.21416529
vn 0.94417167 -0.24378136 0.22160903
vn 0.9612216 -0.17333552 0.21449444
vn 0.91656125 -0.3219328 0.2372229
vn 0.9172846 -0.29572013 0.26671803
vn 0.91050476 -0.23846288 0.33781135
vn 0.9192519 -0.22638182 0.32206702
vn 0.8163137 -0.47991365 0.3214263
vn 0.8459644 -0.4003316 0.35224834
vn 0.92536783 -0.23524086 0.2972476
vn 0.7991876 -0.5304566 0.28269237
vn 0.15180492 -0.98825246 0.017674515
vn 0.48259374 -0.85203767 0.20281792
vn 0.6255819 -0.72515714 0.28774023
vn 0.9288227 0.23211409 0.28881043
vn 0.9281892 0.2277757 0.29424992
vn 0.91988325 -0.009636761 0.39207396
vn 0.90781564 -0.013476119 0.41915292
vn 0.9337138 0.18781275 0.30480304
vn 0.93050265 0.017867938 0.36584914
vn 0.7476422 -0.56748176 0.34495738
vn 0.71790785 -0.5867107 0.37467173
vn 0.6014063 -0.6988946 0.38711342
vn 0.91668355 -0.15874228 0.3667318
vn 0.788248 -0.5084964 0.34654942
vn 0.9411536 -0.05210739 0.33393818
vn 0.9745488 0.035871126 0.22128691
vn 0.97395325 0.035911947 0.22388697
vn 0.97346723 0.029619617 0.22690143
vn 0.9745441 0.0264552 0.22262962
vn 0.97195137 0.010142361 0.23496306
vn 0.9698005 0.006036421 0.24382484
vn 0.96464264 -0.06041809 0.25654292
vn 0.97145003 -0.036918394 0.23435423
vn 0.9732558 -0.032367565 0.22743222
vn 0.96205556 -0.07390671 0.26265362
vn 0.95704365 -0.07641547 0.279693
vn 0.94660604 -0.12860696 0.29563028
vn 0.97233707 -0.008915372 0.23341204
vn 0.96248275 -0.11647967 0.24507025
vn 0.9652971 -0.0652911 0.25286067
vn 0.9675496 0.043547217 0.24890023
vn 0.9545608 -0.14109196 0.2625008
vn 0.9631383 -0.09458186 0.25183114
vn 0.9659511 -0.09201568 0.2418091
vn 0.96317005 -0.050253924 0.2641552
vn 0.9527718 0.1258779 0.27637047
vn 0.960101 0.00086727936 0.27965212
vn 0.9657931 0.050931294 0.2542632
vn 0.97231543 0.05201249 0.22781004
vn 0.9622705 -0.12590377 0.24121295
vn 0.9704729 -0.07005051 0.23081447
vn 0.9521484 -0.15181652 0.26526442
vn 0.948359 -0.11103098 0.29713184
vn 0.7851811 -0.47423154 0.3982399
vn 0.800472 -0.46238825 0.3813682
vn 0.6432991 -0.67457676 0.36209452
vn 0.6865129 -0.61036474 0.39516446
vn 0.80610025 -0.4744304 0.3537205
vn 0.6175926 -0.71788 0.3212907
vn -0.16672654 -0.98543316 -0.033523038
vn 0.24031353 -0.9466683 0.21463571
vn 0.43813494 -0.83846825 0.32405058
vn 0.93587804 0.07175616 0.34493962
vn 0.9332935 0.06638664 0.35292503
vn 0.88280976 -0.16183208 0.44097313
vn 0.86911446 -0.16409507 0.46659714
vn 0.9297615 0.013216048 0.367925
vn 0.89831054 -0.14151339 0.41594723
vn 0.60512304 -0.6935439 0.3909257
vn 0.5561222 -0.7197628 0.41553536
vn 0.4095882 -0.81037575 0.41896138
vn 0.8336246 -0.35941902 0.41939
vn 0.6625137 -0.6358468 0.39594764
vn 0.874903 -0.2706014 0.40164608
vn 0.91915935 -0.32196173 0.22690697
vn 0.95429975 -0.19125682 0.2296364
vn 0.9524187 -0.20359214 0.22682352
vn 0.9221952 -0.32091588 0.21579857
vn 0.951552 -0.16047071 0.26229367
vn 0.94856644 -0.16437852 0.2705577
vn 0.9322811 -0.22854836 0.28038844
vn 0.93573695 -0.27218407 0.22430377
vn 0.8970103 -0.3910084 0.20611855
vn 0.90712565 -0.27560058 0.31806812
vn 0.899873 -0.27397957 0.33935785
vn 0.87672156 -0.32226333 0.3570793
vn 0.9716251 -0.109862514 0.20946339
vn 0.9377343 -0.25953677 0.23085716
vn 0.94811743 -0.19395833 0.25189984
vn 0.9715469 -0.05442476 0.2305093
vn 0.88368523 -0.36853498 0.28858683
vn 0.90101033 -0.32011554 0.2927566
vn 0.90193707 -0.3087921 0.30192205
vn 0.9478834 -0.15555128 0.2780662
vn 0.9653811 0.03687747 0.25822368
vn 0.9052208 -0.23934941 0.3511227
vn 0.926248 -0.18226263 0.3299166
vn 0.93420684 -0.18138331 0.3071769
vn 0.9224574 -0.3148713 0.22344662
vn 0.9346833 -0.2902423 0.20524749
vn 0.892684 -0.34814522 0.2861997
vn 0.871988 -0.3299283 0.361641
vn 0.75509894 -0.47078195 0.45627838
vn 0.81521195 -0.38687703 0.43099383
vn 0.66888154 -0.6118787 0.42213973
vn 0.67593616 -0.5874434 0.44499493
vn 0.8304991 -0.38563824 0.4019383
vn 0.6461256 -0.6594594 0.38423303
vn -0.084152974 -0.99327344 0.079536974
vn 0.28499517 -0.9110481 0.29794142
vn 0.47911903 -0.7833785 0.39593324
vn 0.93528056 0.06860173 0.34719464
vn 0.93049777 0.02893204 0.36515325
vn 0.8661823 -0.20268305 0.45677984
vn 0.85729665 -0.17809364 0.48303738
vn 0.886121 -0.1888938 0.42321238
vn 0.8358398 -0.31993985 0.44610566
vn 0.5120496 -0.74655616 0.4248048
vn 0.46406808 -0.7579883 0.4583608
vn 0.2803221 -0.839172 0.46605775
vn 0.7371102 -0.5033855 0.45085654
vn 0.6353817 -0.6373222 0.43601665
vn 0.76364595 -0.4531094 0.45993128
vn 0.9755005 -0.032780536 0.2175411
vn 0.9683024 -0.09741469 0.2300016
vn 0.96674263 -0.09321751 0.2381579
vn 0.9732983 -0.035183977 0.2268315
vn 0.9518665 -0.1481657 0.2683227
vn 0.94763094 -0.14811914 0.2829422
vn 0.9279121 -0.21445538 0.3049393
vn 0.9598812 -0.12992777 0.24848917
vn 0.9706255 -0.049812615 0.23538223
vn 0.91169477 -0.2281334 0.34171304
vn 0.89988154 -0.236319 0.3665604
vn 0.8468897 -0.3440756 0.40545025
vn 0.96854603 -0.029879702 0.24703397
vn 0.9447605 -0.1927989 0.26505876
vn 0.9489909 -0.13471717 0.28507477
vn 0.9627398 0.02295809 0.26945305
vn 0.89559156 -0.29736495 0.33089256
vn 0.9151537 -0.2320937 0.32958493
vn 0.91652286 -0.22056139 0.33367422
vn 0.9457978 -0.098806694 0.30936033
vn 0.9440676 0.13666297 0.30009937
vn 0.8765356 -0.26050857 0.4047476
vn 0.92391485 -0.12321153 0.36221585
vn 0.93605834 -0.10819093 0.3347978
vn 0.9462585 -0.19795313 0.25575265
vn 0.9674784 -0.08016977 0.2399132
vn 0.8921528 -0.3138014 0.32494935
vn 0.8095057 -0.40507126 0.42499155
vn 0.7388636 -0.4482615 0.50313246
vn 0.75140774 -0.4467716 0.4855734
vn 0.69882673 -0.5201072 0.49104962
vn 0.71828413 -0.48708886 0.49680212
vn 0.75961685 -0.45935816 0.46040452
vn 0.6942597 -0.5382236 0.47782722
vn 0.54717743 -0.70341027 0.45366386
vn 0.6415173 -0.5897599 0.49054953
vn 0.7269484 -0.47778118 0.49322528
vn 0.9300571 0.13385957 0.34216288
vn 0.9279279 0.13012446 0.34930998
vn 0.89489037 -0.07373938 0.44015196
vn 0.87942296 -0.070832066 0.47074208
vn 0.9246286 0.0877052 0.37063426
vn 0.9109432 -0.06214469 0.40782404
vn 0.569812 -0.64357877 0.5109997
vn 0.52987236 -0.6445821 0.55113447
vn 0.3387767 -0.73715436 0.58466554
vn 0.84839505 -0.26502362 0.45824483
vn 0.74337226 -0.45680144 0.48860016
vn 0.85923225 -0.21137759 0.46587494
vn 0.97179973 0.053322744 0.22969985
vn 0.9687164 -0.019214932 0.24742551
vn 0.9657083 -0.004835474 0.25958437
vn 0.9691255 0.055837978 0.24016215
vn 0.9456571 -0.1405225 0.29323393
vn 0.93840176 -0.120557494 0.3238333
vn 0.9213596 -0.15027238 0.35848948
vn 0.95957637 -0.034200333 0.27936277
vn 0.96664315 0.041533362 0.252737
vn 0.861297 -0.32445395 0.39102054
vn 0.8475009 -0.31045595 0.43053377
vn 0.8196205 -0.3334831 0.4658447
vn 0.9626805 0.0194082 0.2699436
vn 0.9474502 -0.0919183 0.3064132
vn 0.9458496 -0.024236698 0.32369912
vn 0.955458 0.070530616 0.28657544
vn 0.902104 -0.1986673 0.38306612
vn 0.9116537 -0.14617963 0.3840821
vn 0.9079752 -0.1254373 0.39980805
vn 0.9364301 0.028438404 0.34969977
vn 0.9399876 0.15334919 0.3048071
vn 0.90237397 -0.088799305 0.42170596
vn 0.92082644 -0.036005057 0.38830695
vn 0.9315666 -0.03928965 0.36144164
vn 0.94969636 -0.099928 0.2968017
vn 0.96421313 -0.0042911163 0.2650936
vn 0.89960164 -0.2141645 0.3805923
vn 0.8495226 -0.25230026 0.4633098
vn 0.8259374 -0.2556313 0.50247395
vn 0.8390749 -0.24575694 0.48534197
vn 0.7928612 -0.33822855 0.5069246
vn 0.8037079 -0.30488786 0.5109765
vn 0.8470589 -0.25593576 0.46581984
vn 0.7904145 -0.3634678 0.49308825
vn 0.60272336 -0.6227973 0.49884677
vn 0.7066681 -0.47145054 0.52759326
vn 0.7641908 -0.37338826 0.5259217
vn 0.9278902 0.042057846 0.3704739
vn 0.92483264 0.039718762 0.37829491
vn 0.8377302 -0.18081887 0.5152792
vn 0.8147167 -0.1780483 0.5518474
vn 0.91682875 0.0076501044 0.39920732
vn 0.86497825 -0.16260979 0.4747322
vn 0.20709461 -0.8199752 0.5336221
vn 0.20198934 -0.786894 0.5830935
vn -0.048886273 -0.8211282 0.5686463
vn 0.8474077 -0.216211 0.48492578
vn 0.6167442 -0.55632675 0.5568906
vn 0.8718462 -0.14703801 0.46718735
vn 0.9576636 0.12034721 0.26152825
vn 0.95672494 0.041388895 0.28803536
vn 0.9500265 0.06981661 0.30426192
vn 0.9498648 0.14481051 0.27710414
vn 0.9399247 -0.07030663 0.33406356
vn 0.9301976 -0.049383264 0.3637221
vn 0.91069394 -0.069314525 0.40722474
vn 0.93926954 0.07199286 0.33554387
vn 0.94109684 0.16249938 0.29653108
vn 0.89437586 -0.17424397 0.41198403
vn 0.88190585 -0.16541271 0.44145292
vn 0.85620064 -0.19594851 0.4780425
vn 0.920772 0.01652771 0.38975093
vn 0.87024206 -0.17200284 0.46162087
vn 0.8614644 -0.13304904 0.49007863
vn 0.90344846 0.06589757 0.42360166
vn 0.81113744 -0.29697928 0.50384456
vn 0.8281948 -0.26709238 0.49270183
vn 0.8310905 -0.26421043 0.4893684
vn 0.8479964 -0.083392166 0.52340025
vn 0.86970603 0.23644625 0.43324885
vn 0.86902773 -0.16733527 0.4656068
vn 0.8992851 -0.12523852 0.41904852
vn 0.9162838 -0.13147266 0.37833714
vn 0.91135865 -0.0656959 0.40633658
vn 0.9344186 0.0677465 0.34967446
vn 0.8537785 -0.21295355 0.47509268
vn 0.8414716 -0.21883485 0.49400085
vn 0.7985225 -0.23639695 0.55360484
vn 0.8127818 -0.22956942 0.53542846
vn 0.7412326 -0.30163452 0.59965897
vn 0.75286573 -0.26800096 0.6011395
vn 0.8211242 -0.24199036 0.5169098
vn 0.73882556 -0.33037573 0.5873574
vn 0.533525 -0.56279933 0.6313541
vn 0.6387017 -0.42010695 0.6446474
vn 0.6975527 -0.3321195 0.6349149
vn 0.91999817 0.022071179 0.39130065
vn 0.9157966 0.021728521 0.40105417
vn 0.8037269 -0.13672458 0.57907635
vn 0.7813647 -0.12922996 0.61054796
vn 0.9044225 -0.0059020277 0.42659706
vn 0.83192915 -0.12515806 0.5405824
vn 0.17211387 -0.70980567 0.68304664
vn 0.16319785 -0.67181665 0.72251564
vn -0.08658659 -0.7049562 0.7039457
vn 0.80674434 -0.18135917 0.562381
vn 0.56046814 -0.47455126 0.6787316
vn 0.84915936 -0.14136244 0.5088664
vn 0.90073955 -0.041638874 0.4323592
vn 0.8958885 -0.069531575 0.43880415
vn 0.89369816 -0.06502786 0.44393125
vn 0.89865696 -0.037670217 0.43703154
vn 0.89018273 -0.12256531 0.43880793
vn 0.88534844 -0.11801869 0.44969955
vn 0.8655991 -0.14933008 0.47795263
vn 0.88177127 -0.08501959 0.46395162
vn 0.89175755 -0.047300074 0.45003468
vn 0.87140816 -0.18063556 0.45609057
vn 0.8631795 -0.1750652 0.4735751
vn 0.840439 -0.20324251 0.50234926
vn 0.78605914 -0.23995553 0.5696774
vn 0.74713224 -0.30708975 0.58948225
vn 0.74426544 -0.30751765 0.5928759
vn 0.7689718 -0.2497712 0.5884698
vn 0.75262725 -0.3357451 0.5664163
vn 0.78040427 -0.32202086 0.5359774
vn 0.7931969 -0.34045157 0.50490725
vn 0.74388456 -0.3100104 0.5920552
vn 0.7761138 -0.21498978 0.59281254
vn 0.8545515 -0.18677312 0.484621
vn 0.88783693 -0.15770546 0.43228996
vn 0.9055386 -0.17252128 0.3876032
vn 0.81725293 -0.20920353 0.5369651
vn 0.84601885 -0.14729024 0.51240385
vn 0.79527026 -0.27000806 0.5428083
vn 0.82566416 -0.22606741 0.516887
vn 0.54331344 0.5417045 -0.6413788
vn 0.48403576 0.5665741 -0.6668607
vn 0.45477885 0.56155866 -0.6912511
vn 0.5198973 0.5486098 -0.65477794
vn -0.30585358 0.42266318 -0.85311747
vn 0.795481 0.49129185 -0.35474256
vn 0.93017465 0.36705643 -0.006687174
vn 0.4029719 0.5504228 -0.7311966
vn 0.5189017 0.55532545 -0.6498882
vn -0.051377766 0.49831733 -0.86547107
vn 0.22853713 0.51936555 -0.8234259
vn 0.21408243 0.53835887 -0.8150696
vn -0.042386014 0.4927496 -0.86913824
vn 0.77656895 0.45395935 -0.43687707
vn 0.6888116 0.51155555 -0.5136629
vn 0.711457 0.52328134 -0.46904752
vn 0.21339038 0.55683225 -0.8027468
vn 0.005721098 0.4992442 -0.86644244
vn 0.27594224 0.5754351 -0.76988983
vn 0.36149094 0.57230604 -0.73606396
vn 0.3190134 0.54484475 -0.7754835
vn 0.17887458 0.57683337 -0.7970365
vn 0.17224999 0.5766026 -0.798661
vn 0.16881053 0.5677935 -0.80567586
vn 0.16991913 0.57014304 -0.80378133
vn 0.13214141 0.5699061 -0.8110152
vn 0.16898356 0.5651177 -0.8075187
vn 0.23957187 0.54232913 -0.80528533
vn 0.20685099 0.5474582 -0.8108651
vn 0.2048262 0.5578535 -0.80426717
vn 0.36363804 0.54332227 -0.7566824
vn 0.35733837 0.55887645 -0.748309
vn 0.40452278 0.53238827 -0.7435886
vn 0.2716699 0.57890713 -0.76880556
vn 0.32300246 0.5820432 -0.7462541
vn 0.3138129 0.57439727 -0.7560352
vn 0.3017762 0.57184154 -0.7628423
vn 0.33915344 0.58643895 -0.7355707
vn 0.3186468 0.57944316 -0.7501399
vn 0.2780497 0.5668401 -0.77548736
vn 0.2771853 0.551802 -0.786564
vn 0.2947682 0.5436793 -0.7858273
vn 0.14429376 0.5255935 -0.83840966
vn 0.18518282 0.51480204 -0.83707
vn 0.13719696 0.5489775 -0.82450026
vn 0.1632299 0.5712867 -0.8043553
vn 0.23190124 0.56903225 -0.7889386
vn 0.29030713 0.5422263 -0.78848743
vn 0.33230978 0.5251603 -0.7834391
vn 0.5004157 0.5118747 -0.698261
vn 0.6840245 0.47136924 -0.5567059
vn 0.6998126 0.4765349 -0.5321436
vn 0.4750674 0.525508 -0.7057991
vn 0.80166477 0.42528206 -0.4200819
vn 0.81793046 0.42396542 -0.38889983
vn 0.83865744 0.4210237 -0.34553263
vn 0.7001511 0.48794824 -0.5212437
vn 0.46885002 0.5413266 -0.6979579
vn -0.14124195 0.47554407 -0.8682791
vn 0.030361138 0.45942646 -0.88769674
vn 0.021243136 0.46664178 -0.8841913
vn -0.1264613 0.46742418 -0.87494123
vn 0.5441262 0.46606344 -0.69764715
vn 0.4447452 0.4898622 -0.74982446
vn 0.40455884 0.5030599 -0.76371646
vn 0.004129218 0.47159705 -0.8818045
vn -0.06329141 0.47328904 -0.8786306
vn 0.558778 0.49336883 -0.6665991
vn 0.35715276 0.50835127 -0.78359485
vn 0.26648065 0.5144682 -0.81505245
vn 0.469894 0.5573356 -0.68452656
vn 0.41603756 0.57117695 -0.70758015
vn 0.3329602 0.5659799 -0.7541911
vn 0.3411417 0.5598343 -0.7551211
vn 0.2893176 0.57100683 -0.768275
vn 0.27247193 0.56530803 -0.7785794
vn 0.2939764 0.5533178 -0.77936983
vn 0.28513318 0.5528735 -0.78296226
vn 0.28357288 0.5513805 -0.7845801
vn 0.31824675 0.5404963 -0.7788342
vn 0.31235823 0.54779863 -0.7761115
vn 0.36167246 0.5350137 -0.76351386
vn 0.028961785 0.51748896 -0.85519964
vn 0.01897801 0.49370664 -0.8694214
vn 0.16132152 0.5192964 -0.83922976
vn 0.15573928 0.5371373 -0.8289926
vn -0.06685069 0.43929863 -0.8958503
vn 0.1476853 0.49604252 -0.8556465
vn 0.26970184 0.5367169 -0.7994973
vn 0.27128962 0.5401777 -0.7966241
vn 0.28077802 0.54352343 -0.7910411
vn 0.15113035 0.5382377 -0.82913196
vn 0.21424599 0.53021944 -0.82034504
vn 0.13677323 0.5559954 -0.819855
vn 0.10261665 0.54050833 -0.8350572
vn 0.18248612 0.55047524 -0.81466305
vn 0.2950536 0.5492542 -0.7818333
vn 0.33344766 0.5319164 -0.7783814
vn 0.6471181 0.4308193 -0.6289936
vn 0.7244312 0.40740255 -0.5560779
vn 0.74015003 0.40742168 -0.5349631
vn 0.61735857 0.45072702 -0.6447585
vn 0.74153554 0.4005518 -0.5382224
vn 0.7893751 0.38216937 -0.4804513
vn 0.804641 0.38014588 -0.45611617
vn 0.74165976 0.4150356 -0.5269594
vn 0.6126072 0.4690162 -0.63618886
vn 0.017045902 0.47184938 -0.8815144
vn 0.26647505 0.45634782 -0.8489627
vn 0.2520072 0.47096208 -0.8453917
vn 0.030181292 0.46721685 -0.8836275
vn 0.7632463 0.3538799 -0.54057753
vn 0.67137206 0.40914953 -0.61794513
vn 0.60947406 0.44249913 -0.6578266
vn 0.23232865 0.4837006 -0.84383476
vn 0.11230134 0.46988764 -0.87555355
vn 0.593318 0.44953054 -0.6677545
vn 0.48655236 0.46810502 -0.7376615
vn 0.44515532 0.46421036 -0.765732
vn 0.17164454 0.5498694 -0.8174238
vn 0.1803478 0.5462618 -0.81796867
vn 0.20649077 0.54018533 -0.81581944
vn 0.20322385 0.5459026 -0.81282866
vn 0.22561374 0.54838294 -0.80521715
vn 0.25802478 0.54014504 -0.8010409
vn 0.32735166 0.5078688 -0.7968125
vn 0.27182177 0.51570296 -0.8125044
vn 0.26613995 0.5281979 -0.8063352
vn 0.42049128 0.48719794 -0.76539224
vn 0.41186473 0.50683 -0.75729173
vn 0.4778294 0.46824208 -0.7432553
vn 0.22916165 0.54177254 -0.80868256
vn 0.19350585 0.5203077 -0.8317664
vn 0.25492454 0.5134616 -0.8193721
vn 0.29718977 0.53446233 -0.7912195
vn 0.14803122 0.48726633 -0.8606151
vn 0.23404078 0.48729473 -0.84128994
vn 0.33597112 0.4815455 -0.8094673
vn 0.34216014 0.49514362 -0.7985983
vn 0.38587028 0.5011213 -0.7745848
vn 0.25606775 0.48562598 -0.835821
vn 0.33465356 0.47416708 -0.81435406
vn 0.24006197 0.5019536 -0.83091086
vn 0.26525268 0.55119187 -0.79109323
vn 0.31530273 0.54205436 -0.7789488
vn 0.3995605 0.504029 -0.7657063
vn 0.46395764 0.4646069 -0.7542438
vn 0.5674722 0.42228296 -0.70686096
vn 0.68549126 0.40307167 -0.6063291
vn 0.7040885 0.4069794 -0.58191675
vn 0.53519076 0.44226134 -0.71970534
vn 0.7603051 0.3772368 -0.5287991
vn 0.79939646 0.36620277 -0.47629914
vn 0.8211944 0.36546597 -0.4382629
vn 0.70625144 0.4190514 -0.5706179
vn 0.5308707 0.46092752 -0.7111414
vn 0.063651614 0.4753721 -0.87747926
vn 0.29025304 0.44241375 -0.84854186
vn 0.27680165 0.45821208 -0.8446434
vn 0.07477852 0.46990833 -0.8795421
vn 0.8223373 0.29731536 -0.4851442
vn 0.72329605 0.37005642 -0.5830103
vn 0.6626388 0.41051334 -0.62640935
vn 0.25225633 0.47247222 -0.84447426
vn 0.14325303 0.46654132 -0.87282175
vn 0.62360305 0.42620376 -0.6553393
vn 0.46779615 0.45504454 -0.75769466
vn 0.40856326 0.44852492 -0.7949223
vn 0.3297251 0.5351867 -0.7777253
vn 0.33257872 0.5410355 -0.7724455
vn 0.30364552 0.52847934 -0.7927856
vn 0.29977018 0.5265712 -0.7955254
vn 0.33625314 0.5455679 -0.7676519
vn 0.32336032 0.52870196 -0.7848008
vn 0.34527588 0.48192763 -0.8053138
vn 0.30038324 0.49153408 -0.8174131
vn 0.29541713 0.49747923 -0.8156244
vn 0.3809579 0.45886013 -0.8026945
vn 0.37276733 0.47399324 -0.7977311
vn 0.43821815 0.43997565 -0.78382796
vn -0.008120154 0.54286236 -0.8397824
vn -0.05722551 0.48564276 -0.87228227
vn 0.18857382 0.48222616 -0.8555103
vn 0.23509663 0.5210004 -0.8205414
vn -0.18783449 0.37580347 -0.9074635
vn 0.17152964 0.4285325 -0.887095
vn 0.36446542 0.44358364 -0.8187787
vn 0.36643675 0.46022528 -0.8086512
vn 0.41144547 0.4633787 -0.7848521
vn 0.2794435 0.47004235 -0.8372404
vn 0.35368174 0.45164144 -0.8191027
vn 0.26415488 0.4859792 -0.8330945
vn 0.1909932 0.55861145 -0.80713993
vn 0.30397075 0.528575 -0.7925972
vn 0.41785002 0.46714237 -0.7792171
vn 0.45113933 0.43407297 -0.7797781
vn 0.5198704 0.4157212 -0.74626446
vn 0.58321786 0.39542544 -0.7095743
vn 0.60192215 0.39659792 -0.6931088
vn 0.49847952 0.43200824 -0.7515897
vn 0.59753495 0.38981587 -0.7007108
vn 0.6565199 0.37579033 -0.6540361
vn 0.6843191 0.37459898 -0.6256061
vn 0.60680294 0.40428373 -0.6843572
vn 0.496256 0.44895014 -0.74308395
vn -0.0330481 0.47321168 -0.88032866
vn 0.09330205 0.4316645 -0.89719594
vn 0.089672275 0.4445979 -0.8912304
vn -0.022879995 0.46551532 -0.88474405
vn 0.6107154 0.32196155 -0.7234414
vn 0.5017005 0.38585952 -0.7742151
vn 0.49005902 0.4122348 -0.76805246
vn 0.09314926 0.45667294 -0.88474464
vn 0.03601087 0.46119285 -0.8865689
vn 0.463316 0.4236383 -0.7783758
vn 0.3447252 0.4431549 -0.8275133
vn 0.3222082 0.4465959 -0.83470595
vn -0.14958401 0.54365045 -0.82587457
vn -0.14624847 0.5126595 -0.84604466
vn 0.019557092 0.50888246 -0.8606138
vn 0.026649645 0.5306289 -0.8471852
vn -0.18320015 0.47995517 -0.85795146
vn 0.03807381 0.4845439 -0.87393796
vn 0.22457397 0.46742633 -0.85503167
vn 0.17701581 0.4885157 -0.85441077
vn 0.17242298 0.5101308 -0.8426368
vn 0.3333098 0.46622768 -0.8194732
vn 0.32618627 0.4868477 -0.81029737
vn 0.38256058 0.44489238 -0.80976427
vn 0.14810883 0.45747307 -0.87680227
vn 0.17934008 0.426986 -0.88629574
vn 0.28758568 0.42168114 -0.8599299
vn 0.2892086 0.4432004 -0.8484879
vn 0.14664909 0.39302263 -0.9077595
vn 0.28325015 0.3997918 -0.871743
vn 0.35252613 0.44527346 -0.8230777
vn 0.35734063 0.44277176 -0.8223508
vn 0.39368778 0.435974 -0.8092815
vn 0.19251072 0.47999442 -0.8558884
vn 0.26205513 0.45889193 -0.8489672
vn 0.1766242 0.5030387 -0.8460236
vn -0.01683451 0.4751985 -0.8797176
vn 0.17530897 0.46677545 -0.86682606
vn 0.34672087 0.4458795 -0.8252128
vn 0.37250918 0.44139037 -0.81634027
vn 0.9447731 0.14056724 0.29604843
vn 0.96779424 -0.123038895 0.21962631
vn 0.96511745 -0.110848084 0.23719403
vn 0.95405334 0.05769273 0.29403028
vn 0.9425611 -0.3000761 0.14674118
vn 0.95183086 -0.24370271 0.18608323
vn 0.95815915 -0.003175349 0.2862184
vn 0.9624552 -0.090326115 0.2559711
vn 0.9623171 -0.07629182 0.26100832
vn 0.95334387 0.059281148 0.29600877
vn 0.96007985 -0.15873678 0.23032428
vn 0.938125 -0.17389494 0.29946953
vn 0.89765465 0.19061041 0.39734593
vn 0.9120899 -0.3827968 0.14682859
vn 0.85616827 -0.48748583 0.17127009
vn 0.7669 -0.5982148 0.23238648
vn 0.90602577 -0.16303739 0.39055872
vn 0.7412286 0.39122993 0.5454533
vn 0.96482325 -0.10895927 0.23925726
vn 0.9633988 -0.14077817 0.22813194
vn 0.9622902 -0.010086278 0.27183777
vn 0.9491275 0.059233043 0.30927083
vn 0.9544436 -0.1244748 0.2711891
vn 0.9492719 -0.12807676 0.28719187
vn 0.9454955 0.03262689 0.32399654
vn 0.9038808 -0.38906947 0.17783289
vn 0.90407145 -0.36942104 0.21490222
vn 0.82446295 -0.5350922 0.1842204
vn 0.9385726 -0.17151375 0.29944044
vn 0.9424347 -0.008254225 0.33428824
vn 0.93385816 -0.11441473 0.33884835
vn 0.88602966 -0.36672485 0.28366226
vn 0.8695385 -0.36277482 0.33510783
vn 0.91328824 -0.08218075 0.39893728
vn 0.77298343 -0.5998975 0.20644529
vn 0.78846556 -0.55333304 0.2685974
vn 0.7346792 -0.60010254 0.31642276
vn 0.85077244 -0.34840593 0.3934457
vn 0.84137446 0.13214415 0.5240487
vn 0.91483873 -0.2872038 0.2838734
vn 0.94000196 -0.11076854 0.32268664
vn 0.7628552 -0.6232253 0.17216912
vn 0.9327995 -0.08238101 0.35085377
vn 0.91488814 -0.2566124 0.31165653
vn 0.9126511 -0.24912821 0.32404178
vn 0.92730886 -0.084730364 0.3645806
vn 0.86531836 -0.43546805 0.24817678
vn 0.8663747 -0.42079166 0.26894113
vn 0.811112 -0.53326106 0.24027053
vn 0.90975183 -0.23391312 0.34298143
vn 0.91947067 -0.0061473562 0.39311054
vn 0.9080831 0.017717468 0.41841516
vn 0.89451027 -0.25966474 0.36390334
vn 0.8779919 -0.2520248 0.40695664
vn 0.8921238 -0.0019372927 0.4517868
vn 0.76702696 -0.5918534 0.24774843
vn 0.7902757 -0.52136356 0.32193843
vn 0.721886 -0.5906528 0.36056888
vn 0.8600511 -0.2369342 0.45185652
vn 0.8503156 0.102867745 0.51612175
vn 0.9045821 -0.24134554 0.35140228
vn 0.9140214 0.02001649 0.4051719
vn 0.76229584 -0.6090115 0.21911187
vn 0.92003965 -0.072489485 0.38506138
vn 0.8851044 -0.30374578 0.35260278
vn 0.88832283 -0.27048182 0.37110928
vn 0.91297585 -0.06753298 0.40238586
vn 0.80573815 -0.5162186 0.2903522
vn 0.81015927 -0.4952228 0.3136819
vn 0.74247175 -0.5997104 0.29846796
vn 0.89907545 -0.15680023 0.40875062
vn 0.9028547 0.04650998 0.42742276
vn 0.856182 0.27687266 0.4362269
vn 0.8893024 -0.032669187 0.45615128
vn 0.8618952 -0.042392988 0.50531125
vn 0.8124604 0.36085892 0.457918
vn 0.6249615 -0.7088251 0.32709342
vn 0.6735868 -0.60729057 0.4212825
vn 0.54277843 -0.7129205 0.44399995
vn 0.8332628 -0.02019661 0.55250806
vn 0.7162396 0.5215458 0.463671
vn 0.89978546 -0.042654667 0.43424273
vn 0.8891238 0.13831897 0.43626446
vn 0.65807664 -0.6943376 0.29125658
vn 0.8236351 0.42981163 0.36998263
vn 0.90813327 -0.04477804 0.41627976
vn 0.8957449 -0.03057874 0.44351554
vn 0.81885105 0.40545467 0.40631208
vn 0.73085064 -0.6050474 0.3158718
vn 0.75220096 -0.54429287 0.37140137
vn 0.6204993 -0.70445704 0.34455895
vn 0.8730791 -0.10393368 0.47637236
vn 0.80659354 0.39981577 0.43537825
vn 0.8536333 -0.1379761 0.5022677
vn 0.76916915 -0.43751648 0.4657877
vn 0.7612475 -0.38179752 0.52414966
vn 0.8336813 -0.11336618 0.54048455
vn 0.4883347 -0.81253934 0.3182909
vn 0.5322618 -0.7361228 0.41811556
vn 0.35921043 -0.81283873 0.45854235
vn 0.73871225 -0.3456847 0.5786245
vn 0.80687106 0.005457863 0.5907024
vn 0.81883633 -0.3308512 0.4690891
vn 0.8687175 0.074365616 0.48969343
vn 0.51764286 -0.7983965 0.30758563
vn 0.88569343 0.0059948135 0.46423182
vn 0.8358163 -0.297671 0.4613058
vn 0.8248047 -0.28764307 0.486784
vn 0.8673054 -0.0034781662 0.49776423
vn 0.70324075 -0.59669584 0.38653138
vn 0.7052582 -0.5627613 0.43117347
vn 0.6093091 -0.6709426 0.42258552
vn 0.79249775 -0.32864526 0.5137505
vn 0.8497993 0.009576771 0.52701944
vn 0.82147205 -0.12733096 0.55585116
vn 0.69741213 -0.5053579 0.5081631
vn 0.6938632 -0.44784924 0.5639015
vn 0.79737455 -0.070664726 0.5993332
vn 0.493658 -0.7734231 0.39764124
vn 0.5259989 -0.7100645 0.46811715
vn 0.43989387 -0.7490029 0.49546754
vn 0.6710199 -0.4176683 0.6126055
vn 0.74986196 0.1280215 0.6490898
vn 0.73065144 -0.46047723 0.50409245
vn 0.8307848 -0.12801443 0.5416723
vn 0.5192463 -0.7590932 0.39263317
vn 0.917293 0.03246494 0.3968873
vn 0.89241797 -0.16573524 0.41966894
vn 0.8861347 -0.16827562 0.431797
vn 0.90773207 0.0050297896 0.41952023
vn 0.8471482 -0.3311602 0.41553923
vn 0.8462017 -0.31221837 0.43181285
vn 0.79915005 -0.41148713 0.43822083
vn 0.85865045 -0.25087827 0.44696698
vn 0.89353085 -0.07770586 0.44222662
vn 0.88351065 -0.10560634 0.45635098
vn 0.83280945 -0.30498734 0.4619645
vn 0.83992213 -0.21419922 0.4986477
vn 0.87800574 -0.023808561 0.4780576
vn 0.6612965 -0.6180999 0.4250169
vn 0.7107292 -0.5033054 0.4914751
vn 0.61862224 -0.5498086 0.56126374
vn 0.827913 -0.17001906 0.53446573
vn 0.8595599 0.07906323 0.504882
vn 0.8243782 -0.345392 0.44844735
vn 0.87230074 -0.1880918 0.45134568
vn 0.70601654 -0.57027394 0.41991463
vn 0.9038155 0.096090555 0.4169942
vn 0.89815784 -0.0019626415 0.43966883
vn 0.89346963 0.0006191612 0.44912323
vn 0.8968497 0.09188772 0.43268612
vn 0.887525 -0.10239372 0.44923806
vn 0.8828749 -0.0876995 0.4613466
vn 0.8643663 -0.15034534 0.47986165
vn 0.88351893 -0.035365026 0.46705845
vn 0.8904342 0.07229504 0.44933325
vn 0.87030965 -0.09011493 0.48419046
vn 0.84208196 -0.21295342 0.49552876
vn 0.8446728 -0.17038924 0.50744
vn 0.8666239 -0.062423173 0.49504185
vn 0.7896174 -0.35761338 0.49861503
vn 0.80932635 -0.28456894 0.5138204
vn 0.7919007 -0.29356927 0.53545344
vn 0.8398124 -0.15578121 0.5200455
vn 0.8611495 -0.014003386 0.50815886
vn 0.8594667 -0.1589172 0.4858625
vn 0.87939715 -0.047881078 0.47367504
vn 0.81818074 -0.29699713 0.49231386
vn 0.8825476 -0.19283196 0.42886534
vn 0.8881582 -0.17554156 0.4246883
vn 0.88702905 -0.181295 0.42463106
vn 0.88275576 -0.19500656 0.4274514
vn 0.8932286 -0.15692796 0.42132685
vn 0.8913017 -0.16689014 0.42157915
vn 0.8761627 -0.2167432 0.43053603
vn 0.8754375 -0.21884613 0.43094727
vn 0.8742581 -0.22223625 0.43160608
vn 0.92203796 -0.009434191 0.3869845
vn 0.8920772 -0.15027641 0.42616338
vn 0.89106804 -0.09912524 0.442913
vn 0.915743 0.02478692 0.40099922
vn 0.79330844 -0.3854124 0.47129506
vn 0.8207557 -0.2892534 0.49263838
vn 0.7792294 -0.29780906 0.5514629
vn 0.88339245 -0.07012098 0.46335825
vn 0.90641874 0.086358845 0.4134576
vn 0.87651974 -0.21550882 0.43042898
vn 0.898694 -0.14303811 0.41459528
vn 0.82355976 -0.34224162 0.45234936
vn 0.8448022 -0.16756049 0.508166
vn 0.8509027 -0.15545464 0.5017953
vn 0.84998107 -0.15947227 0.50209635
vn 0.84552956 -0.16893686 0.50649786
vn 0.856636 -0.14168428 0.49608505
vn 0.8545441 -0.14949743 0.49739814
vn 0.83918387 -0.18373564 0.51187074
vn 0.83984953 -0.18239824 0.5112569
vn 0.8398074 -0.18248305 0.51129586
vn 0.92425287 0.08737103 0.3716489
vn 0.87442803 -0.08798156 0.47711098
vn 0.8821978 -0.01271659 0.47070724
vn 0.92074287 0.13698266 0.36533314
vn 0.57881844 -0.502294 0.64239395
vn 0.6858025 -0.34063935 0.6431483
vn 0.585839 -0.35932866 0.72641283
vn 0.87751263 0.030738184 0.47856742
vn 0.913741 0.20621444 0.3500757
vn 0.8473968 -0.16642322 0.50420433
vn 0.88576424 -0.07507224 0.45802394
vn 0.70215875 -0.39147133 0.5947464
vn 0.9451596 0.15044624 0.28989524
vn 0.9622035 0.036106706 0.26992726
vn 0.9209914 -0.3509849 0.16906929
vn 0.9092119 -0.3802987 0.16943043
vn 0.9551413 -0.2157976 0.20282143
vn 0.9291544 -0.3308003 0.1650555
vn 0.71986425 -0.6940941 -0.0053625614
vn 0.6713107 -0.7409096 -0.019870944
vn 0.607355 -0.7933292 -0.04181698
vn 0.892826 -0.4338875 0.12084432
vn 0.7978202 -0.60169303 0.038057834
vn 0.8790526 -0.46237785 0.11607463
vn 0.77513283 -0.6304919 0.04060853
vn 0.7744495 -0.63215643 0.024619391
vn 0.7245916 -0.6890351 -0.014054491
vn 0.8987039 -0.4319308 0.07594178
vn 0.45287737 -0.8895543 0.059960164
vn 0.5577723 -0.82606626 0.08065123
vn 0.99080867 -0.100253895 0.090814926
vn 0.60410327 -0.79023576 0.1028919
vn 0.8596329 0.5044583 0.0809515
vn 0.3869172 -0.92025554 -0.058522202
vn 0.6924248 -0.72146016 0.0065712435
vn 0.6957083 -0.7182979 -0.00617627
vn 0.40662587 -0.9117195 -0.05850605
vn 0.7133922 -0.70057803 -0.01618582
vn 0.4109185 -0.9095715 -0.061851967
vn 0.2612053 -0.9618095 0.081818566
vn 0.3659989 -0.92916965 0.051851735
vn 0.34274408 -0.9381209 0.04955462
vn 0.5595453 -0.82466495 0.08268499
vn 0.6004414 -0.79966414 0.0027056746
vn 0.7220064 -0.6909153 0.03664402
vn 0.70580274 -0.708032 0.023091486
vn 0.4210105 -0.90590155 -0.045744967
vn 0.7321689 -0.68100834 0.012503113
vn 0.69008255 -0.72307974 -0.03068786
vn 0.8791319 -0.4631093 0.112502664
vn 0.8075774 -0.58802193 0.045265824
vn 0.74260217 -0.6697073 -0.0058486527
vn 0.6310318 -0.7724469 -0.07158723
vn 0.96570635 -0.013878363 0.25926554
vn 0.95025176 -0.24179348 0.19636062
vn 0.9310467 0.20154715 0.30418864
vn 0.9642855 -0.04792193 0.26049373
vn 0.9555159 -0.20846441 0.20864302
vn 0.92426103 -0.349158 0.15437064
vn 0.40015775 -0.91214466 0.088689856
vn 0.7704164 -0.63273114 0.07816547
vn 0.9316782 -0.35534984 0.07551311
vn 0.9348982 0.34865233 0.06638474
vn 0.928568 0.36921456 0.03797449
vn 0.51631284 0.85587937 0.029859733
vn 0.92008126 0.38749227 0.057447903
vn 0.45621312 0.889111 0.03675922
vn 0.8951813 -0.43489572 0.09755074
vn 0.7982337 -0.5975869 0.07558356
vn 0.88784915 0.4163811 0.19583313
vn 0.97062314 -0.10890268 0.2145481
vn 0.42293516 0.8891237 0.1748856
vn 0.8085916 0.50868714 0.29566368
vn 0.31839 0.93375534 0.16348937
vn 0.66590184 0.6865797 0.2918614
vn 0.9753564 -0.18048126 0.12691116
vn 0.97564214 -0.17796327 0.12826346
vn 0.87967175 -0.46476713 0.10084192
vn 0.9622858 -0.23347838 0.13962057
vn 0.9771098 -0.15005977 0.1507931
vn 0.97680485 -0.13678582 0.16474809
vn 0.8460699 -0.52318716 0.10218121
vn 0.38955694 -0.9209663 -0.008148469
vn 0.42863604 -0.90347725 0.00020851384
vn 0.44059655 -0.8976771 0.007101643
vn 0.5025336 -0.8645031 0.0097169895
vn 0.37837738 -0.9255979 -0.009951607
vn 0.8856059 0.4480673 0.122220926
vn 0.86234754 -0.5008879 0.07394597
vn 0.34100646 0.93537396 0.09375608
vn 0.41377792 0.90563625 0.09279463
vn 0.98925817 -0.067446455 0.12968925
vn 0.9723296 0.20165196 -0.11794744
vn 0.96689004 0.09430795 -0.23712802
vn 0.9736757 -0.026283812 -0.22641723
vn 0.906308 0.40825698 -0.1092341
vn 0.9517041 0.2847734 -0.114731915
vn 0.9998426 0.0024306239 0.017576933
vn 0.978434 -0.10032635 -0.1805589
vn 0.96347785 -0.119875714 -0.23945817
vn 0.9066968 0.42114922 -0.023113811
vn 0.91862476 0.3872694 0.07842805
vn 0.98578477 0.16624172 0.024332864
vn 0.92376804 0.33868003 0.17874113
vn 0.93036956 0.159783 0.3299725
vn 0.96166635 0.12200364 0.24558693
vn 0.92894435 -0.1729587 0.32733417
vn 0.9522179 -0.2518119 0.17283475
vn 0.9315923 -0.08071445 0.3544305
vn 0.9753401 -0.12105646 0.18454538
vn 0.91485924 -0.2656026 0.3041181
vn 0.91442114 -0.3076126 0.26307508
vn 0.97051895 -0.24023466 -0.019500826
vn 0.9802355 -0.149673 -0.12936892
vn 0.97020704 -0.20144854 0.13459846
vn 0.947099 0.31937137 0.031709705
vn 0.9415436 0.08076082 0.3270679
vn 0.9561593 0.21988128 0.19342087
vn 0.97655916 0.13723126 0.16583066
vn 0.97379947 0.052677188 0.22122331
vn 0.95813614 0.26987898 0.09560602
vn 0.97414297 0.19374761 0.11622109
vn 0.9594257 -0.00026325104 0.28196138
vn 0.97071975 -0.031067166 0.23819725
vn 0.97495824 -0.022567568 0.22124003
vn 0.9825402 0.17853332 0.052351065
vn 0.9771215 0.17811081 0.116233386
vn 0.99576044 0.047380917 0.07884311
vn 0.9765295 0.15147938 0.15311475
vn 0.9152958 0.107321255 0.38822135
vn 0.9317407 0.065444544 0.35717824
vn 0.7982769 -0.14889213 0.5835967
vn 0.8389731 -0.24735932 0.48470354
vn 0.81421536 -0.0655035 0.5768558
vn 0.8846152 -0.16945629 0.43444282
vn 0.7673541 -0.26430127 0.58421963
vn 0.7627121 -0.35524538 0.5404359
vn 0.8973934 -0.22025633 0.3823248
vn 0.95042723 -0.08219855 0.29988584
vn 0.8400566 -0.2795692 0.46491504
vn 0.9349769 0.22897841 0.2709006
vn 0.7538789 -0.27772376 0.5954293
vn 0.951547 0.10124738 0.29035702
vn 0.97341573 -0.0009162865 0.2290437
vn 0.9181094 -0.1881615 0.34881282
vn 0.9411519 0.32321575 0.09881651
vn 0.97098714 0.18212745 0.15496302
vn 0.9330022 -0.095021434 0.34709927
vn 0.9376895 -0.1795936 0.29746366
vn 0.93181133 -0.21196063 0.29461887
vn 0.94884664 0.29929593 0.1005584
vn 0.9471194 0.25224638 0.1983344
vn 0.9717474 0.11747853 0.20470916
vn 0.93552715 0.23313875 0.26539636
vn 0.8811306 0.05627968 0.46951202
vn 0.9029174 0.009795511 0.42970255
vn 0.79347014 -0.23453607 0.561603
vn 0.81353354 -0.30671605 0.49405307
vn 0.8055944 -0.16501516 0.5690235
vn 0.83766943 -0.23993592 0.4906533
vn 0.767845 -0.31144074 0.5598381
vn 0.7651037 -0.34595984 0.5430728
vn 0.8700108 -0.2816482 0.40466723
vn 0.9371972 -0.15197586 0.31395015
vn 0.8507584 -0.2308871 0.4721243
vn 0.9005965 0.38397267 0.2036933
vn -0.9570588 0.09358253 -0.2743735
vn -0.91790956 0.026005702 -0.39593652
vn -0.95055795 0.18300682 -0.25089452
vn -0.9533969 0.2441409 -0.17728366
vn -0.8942826 -0.0246074 -0.44682565
vn -0.95172316 0.1053666 -0.288307
vn -0.93291104 0.2236123 -0.2822667
vn -0.9279222 0.29873198 -0.22297902
vn -0.8765201 0.47142717 -0.09730873
vn -0.8919025 -0.061987057 -0.4479593
vn -0.94823164 0.040349185 -0.31500584
vn -0.8988744 -0.075601295 -0.43163556
vn -0.92795616 0.02274575 -0.37199467
vn -0.85825676 0.20241426 -0.47161832
vn -0.93007636 0.15716921 -0.3320479
vn -0.59554154 0.34441286 -0.72574794
vn -0.87004733 0.18986262 -0.4549393
vn -0.87534374 -0.026058601 -0.48279843
vn -0.7557808 -0.023273123 -0.65441096
vn -0.9438158 0.117987804 -0.30869162
vn -0.9306858 0.041318037 -0.36347863
vn -0.86129546 -0.07080441 -0.50314695
vn -0.8360072 -0.16064346 -0.5246768
vn -0.80091333 -0.18047345 -0.57093537
vn -0.8420722 -0.12801875 -0.5239519
vn -0.89993346 -0.100269146 -0.42434174
vn -0.8121061 -0.11665798 -0.5717295
vn -0.92359304 -0.07093842 -0.37675413
vn -0.9133265 0.07180529 -0.40084746
vn -0.8009835 -0.3752162 -0.46651718
vn -0.8606176 -0.09540295 -0.50023556
vn -0.8233358 0.089810476 -0.5604036
vn -0.85194856 0.07925294 -0.51759315
vn -0.8116553 -0.064530775 -0.5805614
vn -0.8370565 0.0074937325 -0.54706514
vn -0.94137615 0.3294809 -0.07247963
vn -0.9563016 0.23288451 -0.17678222
vn -0.93245137 0.3561976 -0.060479186
vn -0.912474 0.4077612 -0.033496786
vn -0.97336113 0.06292094 -0.22047462
vn -0.96860963 0.2320706 -0.08909869
vn -0.90327793 0.41612375 -0.104546614
vn -0.9059648 0.42205688 -0.033102054
vn -0.8991225 0.4372798 -0.019110473
vn -0.9529129 -0.10600785 -0.2841114
vn -0.9658791 0.1272309 -0.22558796
vn -0.8674824 -0.16824853 -0.46815246
vn -0.87353563 0.12592213 -0.47019055
vn -0.5267602 0.5062937 -0.68278134
vn -0.85332435 0.40495902 -0.3283988
vn -0.3474354 0.5322972 -0.7719769
vn -0.7137568 0.41148022 -0.5667762
vn -0.818806 0.11956372 -0.5614813
vn -0.66902876 0.15182483 -0.7275643
vn -0.87811595 0.30756977 -0.36648765
vn -0.9151114 -9.25859E-05 -0.40320104
vn -0.90083045 -0.14380762 -0.40966317
vn -0.88004273 -0.03124751 -0.47386542
vn -0.84162486 -0.011098751 -0.5399486
vn -0.93986195 0.047348905 -0.33825675
vn -0.9614396 0.12158996 -0.24667738
vn -0.92575705 -0.09644999 -0.36561078
vn -0.9488921 0.23185535 -0.21411864
vn -0.958515 -0.062366508 -0.27813563
vn -0.8694137 0.49368575 0.019854967
vn -0.9897459 0.04441814 -0.13575724
vn -0.90026796 -0.31025034 -0.30538887
vn -0.8935714 -0.27754694 -0.35284254
vn -0.8891195 -0.25638664 -0.3791205
vn -0.8199118 -0.33939496 -0.46103773
vn -0.8516103 0.39234945 -0.34759426
vn -0.90147954 0.2615894 -0.344827
vn -0.9333921 0.2548999 -0.25259706
vn -0.8846115 0.35369068 -0.30391687
vn -0.93897307 -0.12030949 -0.32226565
vn -0.9728763 -0.111592665 -0.20262975
vn -0.97479504 -0.15134272 -0.16392083
vn -0.95915693 0.11971332 -0.25629428
vn -0.90705097 0.035990637 -0.41947976
vn -0.86243975 -0.4207148 -0.28141907
vn -0.89531785 -0.39667976 -0.20261082
vn -0.81992096 -0.47768047 -0.31551704
vn -0.8527227 -0.43248641 -0.2929497
vn -0.8577086 -0.24797535 -0.45038232
vn -0.9200966 -0.3336467 -0.20518824
vn -0.8620982 0.10357441 -0.4960434
vn -0.83143395 0.096154526 -0.54724026
vn -0.83130115 0.109085165 -0.5450127
vn -0.8425495 0.1882921 -0.504635
vn -0.8424916 -0.014179512 -0.5385228
vn -0.8398579 -0.103084266 -0.53292817
vn -0.84290105 -0.14507551 -0.5181418
vn -0.8341486 0.1316712 -0.5355921
vn -0.833359 0.25598118 -0.48988405
vn -0.8611726 0.18019238 -0.47530243
vn -0.8373353 0.32077676 -0.44268718
vn -0.8779557 -0.14620763 -0.45586962
vn -0.88385296 -0.1287512 -0.44969663
vn -0.84017974 -0.2969002 -0.45381525
vn -0.97617596 0.14922026 -0.15752386
vn -0.8688897 -0.33937037 -0.36035877
vn -0.81272745 -0.44658554 -0.37421307
vn -0.810919 -0.38091367 -0.4442017
vn -0.8239997 -0.40944135 -0.39164045
vn -0.8007626 -0.47550625 -0.36424315
vn -0.83629465 0.18220165 -0.51712066
vn -0.8347837 0.12096331 -0.5371257
vn -0.85122216 0.14986356 -0.502953
vn -0.83589447 0.20574379 -0.5088712
vn -0.8688898 -0.03082163 -0.49404508
vn -0.90769583 -0.008216088 -0.4195483
vn -0.91954225 -0.012438964 -0.39279425
vn -0.8593415 0.14322926 -0.49093542
vn -0.8348802 0.2154675 -0.5065065
vn -0.89768875 -0.208424 -0.38821945
vn -0.9353701 -0.18816262 -0.29946214
vn -0.9118238 -0.2760808 -0.30390254
vn -0.92442703 -0.2518329 -0.2863824
vn -0.91559297 -0.16746256 -0.3655759
vn -0.9425066 -0.16228892 -0.29213625
vn -0.44460118 0.5813455 -0.68144494
vn -0.7425067 0.46913445 -0.47811785
vn -0.80672246 0.23931499 -0.5403029
vn -0.6888104 0.23525439 -0.68570805
vn -0.823103 0.47587052 -0.3099173
vn -0.87912464 0.22217011 -0.42163998
vn -0.8518893 0.028354935 -0.5229537
vn -0.81283695 0.0843186 -0.5763562
vn -0.7569597 0.07558401 -0.6490756
vn -0.81491417 0.070200555 -0.57531446
vn -0.8190111 0.11105212 -0.5629283
vn -0.8293403 -0.046937063 -0.5567689
vn -0.8202881 0.55251193 -0.14784437
vn -0.9094998 0.29736385 -0.29049057
vn -0.61381555 0.7767842 0.14084326
vn -0.87316304 0.47923458 -0.08899742
vn -0.9576078 0.12721309 -0.258465
vn -0.8955321 -0.005710923 -0.44496033
vn -0.85834354 -0.17099214 -0.48374376
vn -0.9241749 -0.16447797 -0.34474307
vn -0.74137527 0.6570323 -0.13664272
vn -0.7660713 0.6000461 -0.2303897
vn -0.72449774 0.6548607 -0.21508266
vn -0.64253443 0.75391287 -0.13698523
vn -0.9172532 0.163646 -0.3631343
vn -0.9213129 0.1705765 -0.34940827
vn -0.94003105 0.18717578 -0.28514358
vn -0.69952184 0.67514825 -0.23418792
vn -0.6003144 0.7654567 -0.23172994
vn -0.7332102 0.61888134 -0.28175998
vn -0.6497151 0.6487245 -0.39626607
vn -0.95897585 0.22002818 -0.17875376
vn -0.9528756 0.2720059 -0.13431625
vn -0.78738153 0.5431122 -0.29164958
vn -0.73839194 0.41462412 -0.5318498
vn -0.87718207 -0.38499668 -0.28693062
vn -0.93810207 -0.28927165 -0.19049002
vn -0.78675497 -0.52432585 -0.32572848
vn -0.8575705 -0.39765942 -0.32625112
vn -0.8029092 -0.003943402 -0.5960883
vn -0.97182214 -0.119350486 -0.20326634
vn -0.8605618 -0.34350294 -0.37608397
vn -0.84962696 -0.38485357 -0.3605853
vn -0.8163148 -0.467321 -0.33947188
vn -0.7739945 -0.5317375 -0.34378442
vn -0.78063285 0.45842716 -0.42480218
vn -0.83879036 0.37337688 -0.3962581
vn -0.8631125 0.29070446 -0.41295
vn -0.82936394 0.34759513 -0.43741643
vn -0.90643275 0.15657885 -0.39225334
vn -0.91250503 0.07628898 -0.40188876
vn -0.9097509 0.028161887 -0.41419837
vn -0.87385327 0.22258133 -0.43224767
vn -0.8508085 0.27373928 -0.44854394
vn -0.8664302 0.21149068 -0.4522945
vn -0.8516988 0.27645612 -0.44517544
vn -0.9018691 0.022079408 -0.43144473
vn -0.8939532 0.038770676 -0.44648018
vn -0.85468507 0.22723752 -0.46677253
vn -0.84033495 0.32116407 -0.43668166
vn -0.90243655 -0.18044291 -0.39121434
vn -0.9027881 -0.17038096 -0.39489737
vn -0.8862731 -0.24744132 -0.39152622
vn -0.8897361 -0.22835244 -0.39525285
vn -0.8878919 -0.19644226 -0.41600293
vn -0.90242344 -0.15190424 -0.40318367
vn -0.91270655 -0.12553719 -0.3888537
vn -0.90565735 -0.16470739 -0.39071247
vn -0.89148 -0.23612441 -0.38666344
vn -0.8864928 -0.25006142 -0.38935828
vn -0.9213259 0.3854959 -0.050511856
vn -0.8929803 0.4225529 -0.15503328
vn -0.8302194 0.5451995 -0.1161606
vn -0.76976675 0.63788986 -0.023571678
vn -0.94624513 0.10728753 -0.30513862
vn -0.94665724 0.14956887 -0.28542814
vn -0.9531473 0.17729054 -0.24510878
vn -0.78978074 0.5984975 -0.13433951
vn -0.7026985 0.7011106 -0.1210733
vn -0.8181277 0.53701544 -0.20562458
vn -0.74597186 0.59214586 -0.30477744
vn -0.963199 0.18720078 -0.19288209
vn -0.96661115 0.19390678 -0.16752031
vn -0.8623405 0.44623294 -0.23925926
vn -0.810948 0.36994353 -0.45332673
vn -0.9054741 -0.2750871 -0.32317746
vn -0.9411451 -0.21862282 -0.2577788
vn -0.8494183 -0.39670303 -0.34801614
vn -0.8847825 -0.32939357 -0.32963586
vn -0.88809067 -0.12017824 -0.44368026
vn -0.962359 -0.12651236 -0.24054055
vn -0.9110393 -0.20072827 -0.36016047
vn -0.8948659 -0.25905028 -0.36346665
vn -0.9353629 -0.19725123 -0.29357827
vn -0.86299485 -0.36076558 -0.3536779
vn 0.88051844 0.3752955 0.28955236
vn 0.8561101 0.41101405 0.3132778
vn 0.8942576 0.34457567 0.2856062
vn 0.90616107 0.34120175 0.24990697
vn 0.79087865 0.45032966 0.414384
vn 0.8461883 0.36945686 0.38401425
vn 0.91262066 0.06314238 0.40390167
vn 0.9543727 0.064425044 0.29158562
vn 0.9592023 0.11900566 0.25645393
vn 0.71329963 0.5097868 0.48095852
vn 0.77850765 0.42436612 0.46242756
vn 0.6212796 0.60753053 0.49489227
vn 0.7347788 0.49244693 0.46647194
vn 0.82846206 0.27782664 0.48627454
vn 0.85739416 0.1426301 0.49450174
vn 0.8847949 -0.15227272 0.44039866
vn 0.87810665 -0.28548202 0.38396448
vn 0.90793353 0.049980156 0.41612345
vn 0.9816557 0.13564184 0.13398993
vn 0.9303787 -0.22423993 0.29002067
vn 0.8547961 -0.4051626 0.32429445
vn 0.91392386 -0.25331625 0.3171341
vn 0.9382407 -0.12554757 0.32240072
vn 0.85939044 -0.32881013 0.39157626
vn 0.68234545 0.2891924 0.6713959
vn 0.99040437 0.10775221 -0.08653695
vn 0.99199855 0.044389393 0.11818836
vn 0.9810845 0.025439395 0.19190091
vn 0.9902576 0.048950445 0.13035999
vn 0.95827913 0.10090026 0.26743272
vn 0.9484593 0.07759168 0.30725303
vn 0.91904867 -0.08938753 0.38387424
vn 0.9500586 -0.1509485 0.27313596
vn 0.96171904 -0.15092221 0.22873332
vn 0.91406465 0.1741404 0.3662799
vn 0.90835744 0.14079054 0.39378262
vn 0.90927017 0.14138216 0.3914573
vn 0.8947836 0.14432596 0.42253083
vn 0.8740958 0.042608157 0.48388126
vn 0.8809772 -0.009666695 0.47305998
vn 0.83610195 -0.20230053 0.50990975
vn 0.8386053 -0.31761882 0.44256014
vn 0.8722084 -0.08418959 0.48183462
vn 0.95376533 -0.053776946 0.29570204
vn 0.8576971 -0.27680176 0.43328565
vn 0.80183715 -0.4239135 0.4211348
vn 0.8632971 -0.3826829 0.329047
vn 0.86907923 -0.4045614 0.28466
vn 0.8116681 -0.46640533 0.35165468
vn 0.8391134 -0.43159726 0.33107778
vn 0.90514356 0.4123254 0.10345459
vn 0.8907341 0.42799115 0.15302415
vn 0.92075676 0.35989934 0.15059711
vn 0.92523456 0.36422738 0.10620487
vn 0.83016217 0.49986467 0.24691316
vn 0.8801719 0.40934813 0.24027394
vn 0.9196037 0.13104841 0.37034497
vn 0.9593069 0.08832733 0.268195
vn 0.9686907 0.11908369 0.21784711
vn 0.7614511 0.59167236 0.26479432
vn 0.8198721 0.49851263 0.28159365
vn 0.6813497 0.69913965 0.21671726
vn 0.7814106 0.5730602 0.24698082
vn 0.85547334 0.38706562 0.3440139
vn 0.87459624 0.24867062 0.41622627
vn 0.87614214 -0.02981755 0.48112983
vn 0.8611695 -0.18400203 0.47384626
vn 0.91127676 0.1559547 0.38112038
vn 0.9766406 0.12333025 0.17596263
vn 0.9040106 -0.142066 0.40321475
vn 0.83019143 -0.30525875 0.4664754
vn 0.895778 -0.21093561 0.3912645
vn 0.9255926 -0.14473009 0.34975934
vn 0.8484031 -0.2670554 0.45704877
vn 0.38770586 0.85457265 0.34552822
vn 0.9246694 -0.2506756 0.28661516
vn 0.9122104 -0.23111217 0.33831844
vn 0.89506686 -0.26863056 0.35593957
vn 0.9081396 -0.2929971 0.2990572
vn 0.89866644 -0.27746907 0.33971983
vn 0.8857075 -0.27829185 0.37158567
vn 0.83092874 -0.3798657 0.4065212
vn 0.8160653 -0.42112815 0.3958389
vn 0.82068884 -0.4732691 0.32013464
vn 0.7076668 -0.5948694 0.38123235
vn 0.659149 -0.6872668 0.3052653
vn 0.7859785 -0.49346665 0.37246275
vn 0.8750644 -0.44332936 0.19422004
vn 0.7065624 -0.65013766 0.27944696
vn 0.59347147 -0.7715548 0.22911741
vn 0.95408016 0.27889276 -0.109315366
vn 0.9967005 -0.05212967 -0.062213622
vn 0.98371404 -0.093482725 0.15351774
vn 0.9750856 0.14143014 0.17089622
vn 0.9580042 -0.28515297 -0.030262375
vn 0.9448242 -0.2910091 0.15040234
vn 0.86405104 -0.44663158 0.23224139
vn 0.92335093 -0.2380865 0.3012273
vn 0.9386159 0.03761711 0.34290683
vn 0.9383979 -0.31341165 0.14554237
vn 0.9196322 -0.33334664 0.20774175
vn 0.8310325 -0.5070579 0.22864224
vn 0.853499 -0.30892366 0.4196494
vn 0.8836888 -0.017466273 0.4677489
vn 0.7351861 -0.6178477 0.2788649
vn 0.6946619 -0.57542986 0.43165416
vn 0.809448 -0.1488398 0.5680146
vn 0.7762937 0.24743532 0.5797792
vn 0.66372305 -0.7160755 0.21611938
vn 0.57693607 -0.7831722 0.23191823
vn 0.85405 0.4716823 0.21934998
vn 0.87676525 0.39315012 0.276976
vn 0.8502994 0.36567214 0.37851655
vn 0.8750237 0.38145083 0.29804152
vn 0.9470844 0.06523088 0.31428656
vn 0.8694456 0.22918466 0.43765134
vn 0.8129492 0.049134985 0.580258
vn 0.8369646 0.054372195 0.5445493
vn 0.9008989 -0.00650517 0.43398026
vn 0.7963713 -0.27395666 0.5392036
vn 0.8151693 -0.3615652 0.4525148
vn 0.83088565 -0.15510978 0.53438747
vn 0.9624378 -0.11300848 0.24686538
vn 0.8423413 -0.34669808 0.41262764
vn 0.8096852 -0.44582793 0.3816377
vn 0.939587 0.34172586 -0.019992948
vn 0.9542221 0.2979047 0.02670234
vn 0.964546 0.24499509 0.09812414
vn 0.95023054 0.30535856 0.061790146
vn 0.9517102 0.2938601 0.08884756
vn 0.96703815 0.20816188 0.14664882
vn 0.95555896 -0.07296044 0.28562886
vn 0.96201086 0.035016153 0.27075627
vn 0.9605068 0.1805647 0.2117147
vn 0.8993132 0.4036009 0.16835107
vn 0.9377034 0.2746617 0.21277538
vn 0.9453484 -0.085350424 0.31469312
vn 0.8723483 -0.14898668 0.4656301
vn 0.90183014 0.07023201 0.42634475
vn 0.8491653 -0.3205014 0.41975844
vn 0.76616627 -0.35190445 0.537729
vn 0.7787454 -0.11908275 0.61593413
vn 0.6960545 0.42275423 0.5803335
vn 0.8442142 -0.38455585 0.37338883
vn 0.79539233 -0.45393237 0.4016173
vn 0.86241895 0.19079715 0.4688603
vn 0.850167 0.23680936 0.47025254
vn 0.8650718 0.17466913 0.47025687
vn 0.8974693 0.09749212 0.43016768
vn 0.8389725 0.2762471 0.46884188
vn 0.8554824 0.21536237 0.47092342
vn 0.8674639 0.11390171 0.48428592
vn 0.86044145 -0.00100068 0.50954837
vn 0.889031 -0.12412329 0.44070095
vn 0.8500714 -0.20284903 0.48603594
vn 0.81521165 -0.387715 0.43024063
vn 0.9071709 -0.0028955983 0.42075238
vn 0.9872286 0.08745219 0.1331611
vn 0.9019599 -0.2665914 0.33970192
vn 0.7949297 -0.50710356 0.33306575
vn 0.89268816 0.4166853 -0.17170079
vn 0.9959295 0.07912201 -0.043175682
vn 0.9854202 0.063956656 0.1576594
vn 0.94245005 0.30768636 0.13083191
vn 0.98785436 -0.09022677 0.12650271
vn 0.9703366 -0.09685103 0.22151019
vn 0.93125284 -0.22756076 0.28457743
vn 0.9495532 -0.026483815 0.3124857
vn 0.91249424 0.2610317 0.31498682
vn 0.92599136 0.037946362 0.37563288
vn 0.9419965 -0.037979465 0.3334669
vn 0.9164851 -0.23708907 0.3222482
vn 0.89722484 -0.022303386 0.4410104
vn 0.8514941 0.27786136 0.44469193
vn 0.86275935 -0.36361548 0.35132617
vn 0.81840885 -0.2821189 0.5006155
vn 0.80716527 0.17577161 0.56354994
vn 0.66482586 0.54370856 0.51223785
vn 0.8243648 -0.46580258 0.32163745
vn 0.76722527 -0.543837 0.34000975
vn 0.9527824 -0.05586051 0.29847172
vn 0.94062424 -0.13121077 0.31306508
vn 0.90385085 -0.18392661 0.3862961
vn 0.9347648 -0.1574529 0.31847042
vn 0.8697129 -0.4730749 0.14071111
vn 0.868338 -0.33348182 0.36712262
vn 0.7375314 -0.5139326 0.43808755
vn 0.76958555 -0.4904962 0.40884176
vn 0.8100574 -0.51428574 0.281633
vn 0.59619415 -0.7499513 0.28657556
vn 0.5870133 -0.7909809 0.17252426
vn 0.6686737 -0.6692628 0.32397962
vn 0.821124 -0.5672604 0.06301615
vn 0.60856164 -0.7817887 0.13586448
vn 0.54049426 -0.8382314 0.072347246
vn 0.94205356 -0.12251013 0.31229213
vn 0.94682425 -0.103500485 0.3046497
vn 0.9420823 -0.17774802 0.2844057
vn 0.9437962 -0.14915758 0.29495886
vn 0.95506793 -0.092105314 0.28171238
vn 0.9472953 -0.20637338 0.24503388
vn 0.83631575 -0.5067755 0.20917596
vn 0.86445683 -0.414234 0.28482375
vn 0.9084562 -0.26909384 0.31983715
vn 0.9606622 -0.07597234 0.26712605
vn 0.95022976 -0.20404018 0.2354379
vn 0.8265522 -0.53595906 0.17192806
vn 0.70948565 -0.62540257 0.32481027
vn 0.81576514 -0.40007234 0.4176953
vn 0.63039535 -0.75288695 0.18911098
vn 0.5313763 -0.8086889 0.2523124
vn 0.62907094 -0.6473754 0.4303195
vn 0.7370295 -0.07240039 0.6719715
vn 0.6066123 -0.7884063 0.10216147
vn 0.5217988 -0.84798926 0.09295314
vn 0.91135013 0.19113849 0.3645641
vn 0.9127305 0.23695351 0.33283037
vn 0.9352251 0.16212384 0.31475365
vn 0.9497051 0.084646255 0.3014883
vn 0.8849795 0.33545268 0.3229284
vn 0.92602944 0.22741543 0.30125016
vn 0.949104 0.11627796 0.29271314
vn 0.9417452 -0.01630017 0.33593193
vn 0.9452537 -0.14150906 0.29405898
vn 0.93101776 -0.2083469 0.29966235
vn 0.87385976 -0.40060288 0.27547497
vn 0.9767348 -0.002894377 0.21443106
vn 0.9926481 0.08745457 -0.08367438
vn 0.95410454 -0.26659256 0.13642922
vn 0.83961177 -0.5202337 0.15623368
vn 0.8633587 0.4214468 -0.27747864
vn 0.98809963 0.06450533 -0.13963586
vn 0.9961143 0.043614555 0.07651193
vn 0.95438015 0.29399002 0.05223371
vn 0.9933529 -0.09757816 0.061061576
vn 0.9833275 -0.11165732 0.1435257
vn 0.94706327 -0.25222778 0.19862609
vn 0.9698326 -0.0543536 0.23763503
vn 0.9395584 0.23581912 0.24823244
vn 0.94874024 0.04955725 0.31214738
vn 0.96971846 -0.04335554 0.24034639
vn 0.94338876 -0.25530297 0.21174994
vn 0.9278446 -0.06000681 0.36810815
vn 0.8899685 0.24514575 0.3845252
vn 0.87886864 -0.40159678 0.25750723
vn 0.8536271 -0.3524822 0.38350627
vn 0.85951483 0.124896996 0.4956158
vn 0.7219991 0.50794643 0.46979538
vn 0.84674805 -0.49283746 0.20032208
vn 0.78843945 -0.5854988 0.18855861
vn 0.753922 -0.121853 0.6455645
vn 0.704874 0.3726826 0.6035399
vn 0.7870712 0.3659687 0.49657407
vn 0.85741025 0.23055404 0.46010053
vn 0.640714 0.50720215 0.57639533
vn 0.7168419 0.43092278 0.54812706
vn 0.8561355 -0.04415985 0.5148611
vn 0.9249262 0.053265512 0.37639648
vn 0.9446544 0.059080824 0.32270342
vn 0.64779925 0.5212198 0.5555952
vn 0.68411577 0.4216163 0.5951683
vn 0.6878074 0.46647897 0.55616397
vn 0.6805901 0.3948767 0.6171463
vn 0.727945 -0.015535187 0.6854595
vn 0.75759625 -0.1010366 0.64485615
vn 0.6412523 -0.6224082 0.44878003
vn 0.72425085 -0.60733473 0.32650453
vn 0.7123183 -0.4322583 0.5529515
vn 0.88819295 -0.15534274 0.43241403
vn 0.64691055 -0.6900024 0.32465902
vn 0.57675093 -0.7804485 0.241368
vn 0.8802478 -0.3932616 0.26553556
vn 0.93390894 -0.22476156 0.2780221
vn 0.7381825 -0.60123813 0.30593997
vn 0.8032825 -0.22767994 0.5503627
vn 0.5738428 -0.7868497 0.22709465
vn 0.8304052 -0.45853636 0.3164991
vn 0.91496265 -0.33925775 0.21851218
vn 0.88495904 -0.44269443 0.14446163
vn 0.8593349 -0.3134627 0.40408498
vn 0.87054807 -0.35094613 0.34493887
vn 0.7466897 -0.61953217 0.24214551
vn 0.88665545 -0.4432928 0.13165697
vn 0.9451473 -0.30592483 0.11448416
vn 0.8289018 -0.36328578 0.42537656
vn 0.7737937 -0.45881665 0.43672714
vn 0.7740546 -0.5165324 0.36610624
vn 0.7127462 -0.5387489 0.44915742
vn 0.56067336 -0.73209995 0.38687855
vn 0.59450513 -0.72548145 0.34675682
vn 0.38211763 -0.9057068 0.18352467
vn 0.49022022 -0.86637205 0.09530814
vn 0.42304954 -0.8708019 0.25046587
vn 0.5312721 -0.8204347 0.21127449
vn 0.35546497 -0.92783207 0.113014735
vn 0.3919816 -0.9195657 0.027375843
vn 0.7045487 -0.70744604 0.05595702
vn 0.9108943 -0.36661285 0.1893848
vn 0.5641522 -0.82517457 0.028622057
vn 0.031335685 -0.7997764 -0.5994796
vn 0.9212264 0.028241137 0.38800043
vn 0.9101589 0.22119217 0.35026398
vn 0.94716567 0.10698737 0.3023754
vn 0.9563485 0.0075508277 0.29213104
vn 0.917696 0.2744834 0.28721586
vn 0.9293994 0.16403931 0.33061743
vn 0.88167036 -0.29436356 0.36879197
vn 0.91707546 -0.3134184 0.24645792
vn 0.9206602 -0.32226565 0.22029446
vn 0.9622668 0.13980775 0.23344472
vn 0.9107652 0.1101535 0.39796105
vn 0.973118 -0.16664545 0.15896735
vn 0.8838517 0.009100547 0.46767873
vn 0.7193069 -0.22834876 0.65609026
vn 0.78512764 -0.2581242 0.56298
vn 0.5777959 -0.6525908 0.49018073
vn 0.63190293 -0.71942407 0.2883188
vn 0.6011813 -0.5464651 0.5830582
vn 0.7932046 -0.536459 0.28816342
vn 0.55928576 -0.7513687 0.35020646
vn 0.5370051 -0.8177337 0.20721272
vn 0.68920064 -0.703834 0.17210509
vn 0.7396972 -0.65183026 0.16722836
vn 0.57811594 -0.8023008 0.14864488
vn 0.6850846 -0.6959596 0.21517263
vn 0.9212264 0.028242536 0.38800037
vn 0.9101589 0.2211921 0.35026407
vn 0.9471656 0.106987365 0.30237567
vn 0.95634836 0.0075510023 0.29213145
vn 0.91769594 0.27448347 0.28721598
vn 0.9293994 0.16403946 0.33061746
vn 0.8816703 -0.29436356 0.36879212
vn 0.9170754 -0.31341845 0.24645802
vn 0.92065996 -0.32226625 0.2202946
vn 0.96226686 0.13980766 0.23344454
vn 0.910765 0.11015367 0.3979614
vn 0.973118 -0.16664496 0.15896787
vn 0.8838513 0.00910092 0.4676795
vn 0.7193067 -0.22834851 0.65609056
vn 0.78512746 -0.25812414 0.5629803
vn 0.57779557 -0.65259075 0.4901812
vn 0.63190335 -0.71942365 0.28831893
vn 0.6011815 -0.54646397 0.5830591
vn 0.79321045 -0.5364535 0.28815764
vn 0.55928624 -0.75136864 0.35020578
vn 0.537006 -0.81773293 0.2072134
vn 0.6892006 -0.70383406 0.17210507
vn 0.73969704 -0.6518305 0.16722827
vn 0.5781161 -0.8023008 0.14864452
vn 0.6850853 -0.69595873 0.21517342
vn 0.94820005 -0.08328688 0.30656153
vn 0.9380438 0.17951955 0.29638934
vn 0.97007656 0.031240748 0.24078101
vn 0.97317076 -0.08687969 0.21305062
vn 0.9382431 0.23742796 0.25165033
vn 0.9534921 0.08636955 0.28877872
vn 0.8819658 -0.40109903 0.24749927
vn 0.90003383 -0.41625515 0.12911518
vn 0.89534307 -0.43419752 0.0991628
vn 0.9742738 0.076222055 0.21208681
vn 0.9325759 0.010815717 0.36081198
vn 0.9579649 -0.2613294 0.11836489
vn 0.90514165 -0.11141799 0.4102494
vn 0.77232516 -0.3758999 0.5120675
vn 0.8188748 -0.38468075 0.4259869
vn 0.61753464 -0.72557867 0.3036225
vn 0.63339394 -0.76297855 0.12913497
vn 0.64667743 -0.6526562 0.39477617
vn 0.7552629 -0.6352837 0.16122219
vn 0.57713574 -0.79378814 0.19187172
vn 0.55167687 -0.8308673 0.07288436
vn 0.6686435 -0.74287605 0.032420937
vn 0.7166211 -0.6966939 0.03273902
vn 0.59043735 -0.8066147 0.027504334
vn 0.70663583 -0.69943154 0.10705775
vn 0.8716937 0.111191116 0.47727004
vn 0.79522246 0.3628935 0.48572582
vn 0.873675 0.2348679 0.42606235
vn 0.91207093 0.12539704 0.39038727
vn 0.7878235 0.4242291 0.4465018
vn 0.8354743 0.27794147 0.47405827
vn 0.90150756 -0.20332448 0.3820253
vn 0.9425136 -0.19882569 0.26858225
vn 0.94776183 -0.21350117 0.23699097
vn 0.8707545 0.28273633 0.40230188
vn 0.8231943 0.19122343 0.53458834
vn 0.95899886 -0.034387182 0.28131607
vn 0.8206836 0.060815282 0.5681372
vn 0.74627954 -0.23848395 0.6214437
vn 0.8072772 -0.22497284 0.5456104
vn 0.7252948 -0.5865272 0.36046252
vn 0.7794207 -0.596995 0.19000115
vn 0.7186823 -0.5206305 0.4609118
vn 0.8565983 -0.4486144 0.25492048
vn 0.7234364 -0.64805126 0.23805308
vn 0.72887874 -0.67510563 0.11387799
vn 0.8239292 -0.55710185 0.10381803
vn 0.8574469 -0.50109065 0.11701714
vn 0.76702476 -0.6367479 0.0788995
vn 0.8361872 -0.5153834 0.18753898
vn -0.18645714 0.9244218 0.33268324
vn -0.22983368 0.9267918 0.29704124
vn -0.060708474 0.9258081 0.373087
vn -0.007551581 0.91962457 0.39272588
vn -0.23562393 0.92914623 0.2849011
vn -0.09127747 0.92246073 0.37514612
vn 0.59004426 0.5553591 0.5860239
vn 0.6483133 0.55360454 0.5226968
vn 0.6844005 0.52436125 0.5065977
vn -0.20422752 0.93354124 0.29460454
vn -0.092220016 0.9110298 0.40189567
vn -0.10075037 0.94605386 0.30794707
vn -0.06922046 0.9000659 0.43022075
vn 0.4480066 0.5372471 0.7146017
vn 0.50595486 0.5351317 0.6764937
vn 0.83165747 -0.16086401 0.53147775
vn 0.8954245 -0.16579689 0.41319045
vn 0.79231954 -0.1061516 0.60080075
vn 0.8714938 -0.17884642 0.45663172
vn 0.84615386 -0.31165063 0.43231648
vn 0.88987833 -0.31329244 0.33160886
vn 0.92732817 -0.15842226 0.3390646
vn 0.9333782 -0.15332952 0.32449222
vn 0.9136053 -0.29693794 0.27776474
vn 0.920116 -0.2686598 0.284971
vn 0.8716943 0.11118635 0.47726992
vn 0.7952227 0.36289388 0.48572513
vn 0.87367475 0.23486863 0.42606235
vn 0.91207117 0.12539634 0.3903869
vn 0.7878255 0.42422578 0.4465013
vn 0.83547485 0.2779403 0.474058
vn 0.9015076 -0.20332362 0.3820255
vn 0.9425138 -0.19882415 0.26858258
vn 0.94776195 -0.21350077 0.23699105
vn 0.87075424 0.28273523 0.40230316
vn 0.8231942 0.19122267 0.5345888
vn 0.9589982 -0.0343868 0.28131825
vn 0.8206825 0.060815763 0.5681388
vn 0.74627936 -0.23848356 0.62144405
vn 0.8072769 -0.22497389 0.5456104
vn 0.7252946 -0.5865275 0.36046258
vn 0.7794203 -0.59699506 0.19000222
vn 0.7186837 -0.5206295 0.46091065
vn 0.85659856 -0.44861412 0.25492013
vn 0.72343737 -0.6480501 0.23805335
vn 0.72887886 -0.67510563 0.11387734
vn 0.8239289 -0.55710244 0.103817135
vn 0.85744756 -0.50108945 0.117017224
vn 0.76702297 -0.63675034 0.0788973
vn 0.83619034 -0.51537377 0.18755165
vn -0.18645059 0.92442095 0.3326892
vn -0.22983278 0.92679167 0.29704225
vn -0.060708337 0.9258082 0.3730867
vn -0.007550185 0.91962457 0.39272588
vn -0.235624 0.9291458 0.28490248
vn -0.091276735 0.92246044 0.375147
vn 0.59004515 0.55535865 0.5860235
vn 0.6483129 0.5536049 0.52269685
vn 0.6844 0.524362 0.5065975
vn -0.20423019 0.93354005 0.29460657
vn -0.09222169 0.9110302 0.40189448
vn -0.10076783 0.9460516 0.30794838
vn -0.069220155 0.9000666 0.43021932
vn 0.44800445 0.5372463 0.71460366
vn 0.5059533 0.5351327 0.67649406
vn 0.8316577 -0.16086392 0.53147745
vn 0.8954245 -0.1657969 0.41319045
vn 0.79232 -0.10614948 0.6008006
vn 0.8714934 -0.1788481 0.45663178
vn 0.8461538 -0.3116504 0.43231678
vn 0.88987833 -0.31329232 0.33160895
vn 0.9273282 -0.15842225 0.33906457
vn 0.9333781 -0.15332939 0.32449248
vn 0.9136054 -0.2969378 0.2777646
vn 0.92011595 -0.2686599 0.284971
vn 0.8716936 0.11119406 0.4772694
vn 0.79522276 0.3628943 0.48572472
vn 0.8736749 0.23486859 0.4260621
vn 0.9120709 0.1253982 0.390387
vn 0.7878242 0.42422763 0.4465019
vn 0.8354745 0.27794102 0.47405818
vn 0.90150744 -0.20332374 0.38202587
vn 0.9425137 -0.19882543 0.2685822
vn 0.9477618 -0.2135018 0.23699072
vn 0.87075424 0.2827364 0.4023023
vn 0.8231942 0.19122301 0.53458875
vn 0.958999 -0.034389086 0.28131536
vn 0.82068294 0.0608151 0.56813824
vn 0.7462796 -0.2384847 0.62144333
vn 0.8072769 -0.22497356 0.54561055
vn 0.7252934 -0.58652836 0.36046356
vn 0.7794201 -0.59699565 0.19000131
vn 0.7186812 -0.52063173 0.46091202
vn 0.8565973 -0.44861582 0.25492147
vn 0.72343516 -0.6480525 0.23805353
vn 0.7288775 -0.67510724 0.113876596
vn 0.82392853 -0.5571031 0.10381643
vn 0.8574467 -0.5010911 0.11701675
vn 0.76702315 -0.63675004 0.07889769
vn 0.836189 -0.5153776 0.1875473
vn 0.70665735 0.102169715 -0.7001405
vn 0.6680747 0.15569216 -0.7276236
vn 0.6975253 0.10935535 -0.70816654
vn 0.71104693 0.058260694 -0.7007267
vn 0.61605865 0.25975725 -0.7436383
vn 0.6878645 0.22666089 -0.68954134
vn 0.8800656 0.067776285 -0.46999034
vn 0.80924475 -0.01990294 -0.58713436
vn 0.7749919 -0.047165606 -0.6302086
vn 0.66987747 0.29889214 -0.6796526
vn 0.74188024 0.28562483 -0.60665655
vn 0.73050714 0.28521466 -0.6204933
vn 0.7890939 0.27750775 -0.54801476
vn 0.9426153 0.15274176 -0.29689452
vn 0.92804706 0.14073125 -0.34485272
vn 0.99543107 -0.072564766 -0.06205928
vn 0.975023 -0.11542513 -0.18975574
vn 0.9979776 -0.04602457 -0.043846
vn 0.99239326 -0.121500835 0.01982853
vn 0.988928 -0.14742695 0.016932134
vn 0.98112166 -0.1693336 -0.09341541
vn 0.91371423 -0.12685676 -0.38604876
vn 0.8731675 -0.122285366 -0.4718313
vn 0.94371325 -0.15020157 -0.29469448
vn 0.91217244 -0.13549136 -0.38676032
vn -0.04565946 -0.2928189 0.9550771
vn 0.22025615 -0.37108055 0.90210116
vn 0.19560388 -0.4736103 0.85873884
vn 0.049014747 -0.48585823 0.8726622
vn 0.55120397 -0.544121 0.6325397
vn 0.5320234 -0.61728406 0.57957876
vn 0.2588445 -0.52827716 0.8086549
vn 0.35243556 -0.58809733 0.7279634
vn 0.5086505 -0.68432033 0.52247524
vn 0.28769 -0.6633974 0.690752
vn 0.14109021 -0.65313756 0.7439791
vn 0.5902548 -0.7048967 0.39334458
vn 0.5843798 -0.7149788 0.3838041
vn 0.5655485 -0.75887734 0.32289338
vn 0.56980455 -0.75369704 0.32751107
vn 0.5740229 -0.74846685 0.33210707
vn 0.5783907 -0.72486824 0.3742062
vn 0.8378948 0.06407321 -0.54205805
vn 0.7988706 0.12497673 -0.5883762
vn 0.81363076 0.07114137 -0.5770129
vn 0.8280379 0.015258856 -0.5604644
vn 0.73986673 0.23557673 -0.6301594
vn 0.7986289 0.19161503 -0.5705046
vn 0.9400437 0.012692112 -0.3408178
vn 0.8839671 -0.07184123 -0.4619967
vn 0.8556014 -0.099011526 -0.5080778
vn 0.7733051 0.271251 -0.57308125
vn 0.8343436 0.24763505 -0.4924912
vn 0.81846255 0.25541043 -0.51466936
vn 0.8676756 0.23853764 -0.43616378
vn 0.97964066 0.09518982 -0.17675708
vn 0.9719457 0.08290969 -0.2201079
vn 0.9892148 -0.13633047 0.05355487
vn 0.981846 -0.17749692 -0.066883184
vn 0.9914779 -0.110244855 0.06940957
vn 0.97420347 -0.18534964 0.12873676
vn 0.9693364 -0.21057194 0.12667455
vn 0.97253436 -0.23147291 0.024437021
vn 0.9473713 -0.18573047 -0.26075235
vn 0.9199233 -0.17922698 -0.34873882
vn 0.96290106 -0.210196 -0.16923113
vn 0.94572616 -0.19354928 -0.26103783
vn 0.59425473 0.20046693 -0.77889305
vn 0.54943216 0.25838903 -0.7945813
vn 0.5801348 0.20545724 -0.7881821
vn 0.598966 0.14647453 -0.78726417
vn 0.48609424 0.3733361 -0.7901472
vn 0.5613591 0.33695456 -0.75586873
vn 0.78406084 0.17910938 -0.59427977
vn 0.70664 0.066878185 -0.7044056
vn 0.6711094 0.02530426 -0.7409264
vn 0.52435935 0.4289089 -0.73558444
vn 0.60706496 0.4096007 -0.68095475
vn 0.57766014 0.42558748 -0.69655156
vn 0.6516323 0.40942344 -0.6385513
vn 0.8617569 0.27368143 -0.42716917
vn 0.8419661 0.26152402 -0.4719092
vn 0.975588 0.042821787 -0.21539348
vn 0.9353913 -0.0057945508 -0.35356688
vn 0.98001754 0.06489162 -0.1880285
vn 0.99291927 -0.013615383 -0.11800807
vn 0.9904882 -0.03556299 -0.13292286
vn 0.9633918 -0.06231317 -0.2607554
vn 0.84250444 -0.04375693 -0.53690934
vn 0.7904676 -0.055047788 -0.6100251
vn 0.88808936 -0.06739193 -0.45470393
vn 0.8419844 -0.067895874 -0.5352125
vn 0.986227 -0.15214224 0.0648776
vn 0.9926478 -0.120973766 0.003955958
vn 0.9858628 -0.16691928 0.0145772565
vn 0.97897 -0.19887738 0.045448348
vn 0.9948572 -0.057779696 -0.083190314
vn 0.99532807 -0.093718134 -0.023215784
vn 0.96442854 -0.19682764 0.17645527
vn 0.95896757 -0.2591917 0.1148948
vn 0.9558727 -0.2806948 0.086705424
vn 0.99667305 -0.027531538 -0.076713115
vn 0.99886215 -0.047563724 -0.003479256
vn 0.99861234 -0.02880488 -0.04408737
vn 0.99883 -0.042498246 0.023075383
vn 0.966418 -0.11836316 0.22809285
vn 0.9660895 -0.13696449 0.21888767
vn 0.8766203 -0.24525832 0.41398695
vn 0.88196796 -0.28391346 0.376199
vn 0.88753444 -0.22374019 0.40276906
vn 0.8553611 -0.26850933 0.4430125
vn 0.83841556 -0.28635672 0.46374473
vn 0.8448334 -0.3065765 0.43848306
vn 0.9134632 -0.3040471 0.27044472
vn 0.9275353 -0.30669972 0.21357326
vn 0.8916436 -0.30335087 0.3360803
vn 0.91313326 -0.2971369 0.27910084
vn 0.9949545 -0.009252721 -0.0998993
vn 0.97489786 0.056221694 -0.2154374
vn 0.9756765 -0.0284661 -0.21735932
vn 0.9845414 -0.09239769 -0.14879811
vn 0.9070729 0.18301508 -0.37910983
vn 0.94529456 0.11119569 -0.30668184
vn 0.99584657 -0.07879872 -0.045611445
vn 0.9751148 -0.19282608 -0.10940394
vn 0.96271 -0.23620197 -0.13190159
vn 0.8793191 0.25200787 -0.40409154
vn 0.9312725 0.20114768 -0.3037616
vn 0.8879071 0.2598554 -0.37960008
vn 0.9354634 0.21588461 -0.27982503
vn 0.99846315 0.04764098 0.028314782
vn 0.9997218 0.020151518 0.012257204
vn 0.9418416 -0.1660665 0.29215798
vn 0.9482956 -0.2270584 0.22176561
vn 0.946222 -0.13871081 0.29227242
vn 0.91475254 -0.19997755 0.3510509
vn 0.9063635 -0.22249863 0.3591652
vn 0.917718 -0.2603733 0.29999903
vn 0.9576059 -0.2763817 0.08126539
vn 0.95634806 -0.29199508 0.01171712
vn 0.94605404 -0.28116074 0.16102898
vn 0.95390797 -0.28634158 0.089822225
vn 0.8567538 0.11683788 -0.5023164
vn 0.78137076 0.18609978 -0.59567326
vn 0.82230383 0.10331664 -0.559591
vn 0.8637711 0.03871182 -0.50239515
vn 0.6067941 0.32119235 -0.72707385
vn 0.7189849 0.258975 -0.64497495
vn 0.930386 0.09777134 -0.35330245
vn 0.9234582 -0.045665402 -0.38097188
vn 0.9153988 -0.092186145 -0.3918504
vn 0.51781064 0.40933862 -0.75120836
vn 0.6524265 0.38066223 -0.6553136
vn 0.52132636 0.4323717 -0.73571295
vn 0.6483726 0.41281155 -0.6396871
vn 0.90362954 0.28820202 -0.31684896
vn 0.914 0.24194002 -0.32568252
vn 0.99745935 0.06878014 -0.018550424
vn 0.99740267 -0.029231263 -0.06582911
vn 0.99372476 0.10945968 -0.023015628
vn 0.9982655 0.045667406 0.037154514
vn 0.998749 0.013164219 0.048239816
vn 0.9983321 -0.05735792 0.006570357
vn 0.98025733 -0.11171176 -0.1631443
vn 0.9683556 -0.13690126 -0.20867546
vn 0.9893215 -0.112663284 -0.0924661
vn 0.9817959 -0.12992814 -0.1385478
vn 0.3693303 0.4934025 -0.78749543
vn 0.37668625 0.49555025 -0.78264767
vn 0.46811724 0.45918164 -0.7549957
vn 0.4538336 0.45564535 -0.7657822
vn 0.4083909 0.4913888 -0.76925546
vn 0.507707 0.46494037 -0.72530276
vn 0.7892828 0.29278377 -0.53973174
vn 0.7274384 0.2935941 -0.62019026
vn 0.6939686 0.30168647 -0.6537529
vn 0.50688875 0.45681858 -0.73101336
vn 0.5930345 0.43988556 -0.67439663
vn 0.5776599 0.42558745 -0.6965518
vn 0.6501033 0.4106335 -0.63933235
vn 0.8582484 0.27911815 -0.4307003
vn 0.8382969 0.2897177 -0.46186787
vn 0.9771505 0.06144512 -0.20347331
vn 0.9589879 0.057710215 -0.2775099
vn 0.9784997 0.07422592 -0.19242865
vn 0.99263877 -0.0034600752 -0.12106328
vn 0.99242425 -0.020296419 -0.12116991
vn 0.98293793 -0.016807443 -0.18316811
vn 0.9132524 0.09667506 -0.3957575
vn 0.8838424 0.12635396 -0.45039684
vn 0.9532773 0.039316572 -0.2995273
vn 0.9324804 0.07486757 -0.35337672
vn 0.27489907 0.49972615 -0.82140386
vn 0.20491755 0.519194 -0.8297267
vn 0.29312506 0.46517247 -0.83527976
vn 0.33229816 0.4385257 -0.8350288
vn 0.108892106 0.5390208 -0.835224
vn 0.23720883 0.5174824 -0.8221581
vn 0.5745472 0.4090596 -0.7089187
vn 0.54520124 0.3342172 -0.7688007
vn 0.52870727 0.30912328 -0.7905134
vn 0.1535402 0.5413255 -0.82667536
vn 0.2777134 0.5436418 -0.79204094
vn 0.22244646 0.5381605 -0.8129581
vn 0.33327338 0.5418204 -0.7715954
vn 0.6303936 0.4764462 -0.6128645
vn 0.608597 0.4675084 -0.64112836
vn 0.8341241 0.323692 -0.44660997
vn 0.8073334 0.2755002 -0.52183557
vn 0.8362313 0.34256843 -0.4282103
vn 0.8780344 0.2924248 -0.37887114
vn 0.878626 0.2749465 -0.3904111
vn 0.8548321 0.24214804 -0.4589405
vn 0.7486554 0.23842415 -0.6186025
vn 0.7157494 0.23101991 -0.6590392
vn 0.7999863 0.22559506 -0.5559935
vn 0.77062887 0.22466572 -0.59636945
vn 0.36855167 0.3816434 -0.8476544
vn 0.34398577 0.40536094 -0.8469689
vn 0.41455662 0.3671714 -0.8326632
vn 0.42303944 0.33764163 -0.84085417
vn 0.32040387 0.45044345 -0.8333319
vn 0.41440254 0.43041515 -0.80188113
vn 0.7026495 0.30384925 -0.64339674
vn 0.6419412 0.23976605 -0.72830194
vn 0.6113774 0.21515927 -0.7615275
vn 0.3852301 0.46484733 -0.7971918
vn 0.47442976 0.45755482 -0.7520372
vn 0.44707477 0.45552686 -0.7698178
vn 0.52465546 0.4497902 -0.72279006
vn 0.77305835 0.3477323 -0.53053087
vn 0.7525926 0.34540182 -0.5606264
vn 0.94422495 0.15179333 -0.2922294
vn 0.9126766 0.12725142 -0.38836658
vn 0.94782513 0.16344793 -0.2737011
vn 0.9789571 0.089779615 -0.18325545
vn 0.97754276 0.07907468 -0.19533917
vn 0.95511913 0.0705098 -0.28770784
vn 0.8430725 0.11220609 -0.52596444
vn 0.80284435 0.1102342 -0.58590907
vn 0.8989764 0.07975709 -0.4306742
vn 0.8656155 0.08692557 -0.4931063
vn -0.08799311 0.387002 -0.9178707
vn -0.09130573 0.41035625 -0.90734285
vn 0.0076884786 0.40828523 -0.912822
vn -0.0062867035 0.37969276 -0.92509127
vn -0.08510692 0.4634415 -0.8820311
vn 0.036503308 0.48168725 -0.8755826
vn 0.39876223 0.45849782 -0.7942093
vn 0.30495697 0.38468114 -0.8712185
vn 0.24742211 0.3610361 -0.8991303
vn 0.013559278 0.51259065 -0.85852605
vn 0.12629452 0.5401653 -0.8320283
vn 0.10255977 0.5279822 -0.84303993
vn 0.20035149 0.5513843 -0.80983615
vn 0.49977112 0.5305425 -0.6846557
vn 0.4674305 0.51984245 -0.71503323
vn 0.73439974 0.4062687 -0.5436936
vn 0.68394023 0.37942693 -0.62310594
vn 0.73905396 0.42017972 -0.5265437
vn 0.7939039 0.3712233 -0.48157027
vn 0.79349977 0.36102426 -0.489918
vn 0.7471668 0.36025715 -0.5585307
vn 0.56393945 0.37204817 -0.7372601
vn 0.48887166 0.3766851 -0.7868372
vn 0.6313357 0.3893957 -0.6706611
vn 0.560716 0.4080959 -0.720455
vn 0.15687387 0.36497438 -0.917706
vn 0.1281698 0.38323912 -0.9147132
vn 0.20653585 0.36152107 -0.90920043
vn 0.21987276 0.3336469 -0.9166983
vn 0.0976851 0.42377055 -0.9004866
vn 0.19724296 0.4260964 -0.88291395
vn 0.525055 0.37563798 -0.7636841
vn 0.4681041 0.29286686 -0.8337311
vn 0.43913466 0.25957045 -0.86010695
vn 0.16236554 0.4542675 -0.8759443
vn 0.2564899 0.46935862 -0.8449352
vn 0.22798109 0.46019697 -0.85804623
vn 0.3108001 0.4746544 -0.8234722
vn 0.5995879 0.44333127 -0.666297
vn 0.5760861 0.43407866 -0.6926041
vn 0.84006923 0.30938807 -0.44560376
vn 0.8013443 0.26994342 -0.53383327
vn 0.8436621 0.32324448 -0.4286575
vn 0.9020665 0.2663049 -0.33964348
vn 0.9012859 0.2544289 -0.35064188
vn 0.8685156 0.23275201 -0.4376153
vn 0.7180042 0.22816418 -0.65757966
vn 0.6711437 0.21244518 -0.7102346
vn 0.7922802 0.21684426 -0.570325
vn 0.7497705 0.21117637 -0.6270954
vn 0.23088497 0.6088781 -0.75892
vn 0.13346128 0.5776808 -0.8052782
vn 0.18491706 0.5382782 -0.82223004
vn 0.25274643 0.55119294 -0.79517645
vn 0.030237993 0.48711646 -0.8728134
vn 0.10869459 0.50081223 -0.85870403
vn 0.388922 0.49953467 -0.7740832
vn 0.39253902 0.47725964 -0.7862165
vn 0.39845902 0.46820673 -0.78867793
vn 0.15167908 0.4265415 -0.891659
vn 0.2026669 0.47038606 -0.8588731
vn 0.27493334 0.41306293 -0.8682112
vn 0.3016593 0.45700064 -0.8367509
vn 0.46504137 0.501114 -0.72980905
vn 0.42876545 0.50727564 -0.7475504
vn 0.6654922 0.45266363 -0.5934777
vn 0.6557782 0.4413156 -0.61253196
vn 0.6608771 0.4591694 -0.593637
vn 0.72498524 0.42388675 -0.5428779
vn 0.7354607 0.4162761 -0.53461367
vn 0.7303804 0.41260266 -0.5443377
vn 0.617765 0.4360763 -0.6543728
vn 0.59378237 0.43543255 -0.6766247
vn 0.6903934 0.4230966 -0.58681023
vn 0.66535795 0.42927086 -0.61075795
vn 0.86574036 -0.30564547 0.39632627
vn 0.9089414 -0.2612424 0.3249276
vn 0.8823464 -0.32882395 0.33665955
vn 0.85137725 -0.3700431 0.37178603
vn 0.9559124 -0.19663829 0.21809378
vn 0.92128134 -0.24807893 0.29949555
vn 0.7459235 -0.3869512 0.5420949
vn 0.75291723 -0.47999468 0.4502452
vn 0.7484537 -0.5101009 0.42380917
vn 0.9497009 -0.19861716 0.2421145
vn 0.9095495 -0.21824521 0.35367897
vn 0.9293277 -0.21798302 0.2980494
vn 0.8846304 -0.22629939 0.40769795
vn 0.6576935 -0.27737212 0.7003599
vn 0.6948145 -0.29967737 0.65377843
vn 0.39225772 -0.3598746 0.8465366
vn 0.4899164 -0.47348934 0.73197657
vn 0.3536223 -0.3197547 0.8790382
vn 0.25965717 -0.3315376 0.90700656
vn 0.29420927 -0.3714678 0.88059783
vn 0.3997048 -0.48507565 0.77777743
vn 0.5628419 -0.5710349 0.597602
vn 0.58095205 -0.59917414 0.5508948
vn 0.48709747 -0.5848692 0.6485862
vn 0.5073232 -0.61553925 0.6031042
vn 0.20176998 -0.14642756 0.96842545
vn 0.32017797 -0.30062962 0.89839184
vn 0.2343827 -0.5054403 0.83041847
vn 0.1295381 -0.427623 0.8946276
vn 0.43257666 -0.5364848 0.7246113
vn 0.3740834 -0.61004436 0.69850373
vn 0.31220698 -0.67762125 0.66585004
vn 0.13772227 -0.68021995 0.7199538
vn 0.045682188 -0.6704459 0.7405507
vn 0.4324013 -0.64327276 0.63184595
vn 0.42388374 -0.65206426 0.62859744
vn 0.42999795 -0.6622363 0.61363256
vn 0.43345237 -0.65863866 0.6150725
vn 0.43689513 -0.65502334 0.61649585
vn 0.41529873 -0.6607507 0.6252484
vn -0.054200556 -0.32593352 0.9438377
vn 0.1839778 -0.37833264 0.9072026
vn 0.22536412 -0.5131691 0.8281718
vn 0.057029944 -0.4991642 0.8646286
vn 0.5039236 -0.45441034 0.73455584
vn 0.46401316 -0.5122875 0.722671
vn 0.3374091 -0.605893 0.72045034
vn 0.28353053 -0.66646 0.6895227
vn 0.25663623 -0.68366057 0.6831882
vn 0.5773656 -0.5064966 0.6403985
vn 0.5377842 -0.50553405 0.67470247
vn 0.566428 -0.51963353 0.63964075
vn 0.5360263 -0.5027873 0.67814505
vn 0.3842711 -0.5033655 0.77392435
vn 0.37432346 -0.5324007 0.7592308
vn 0.17566837 -0.58131427 0.79449
vn 0.21253633 -0.6404243 0.73802775
vn 0.18898253 -0.5542092 0.81064034
vn 0.11939041 -0.59187734 0.79713684
vn 0.105527215 -0.60755765 0.7872342
vn 0.17475076 -0.6407316 0.747613
vn 0.32406098 -0.67464006 0.6632083
vn 0.38489306 -0.67620283 0.6281776
vn 0.34178922 -0.6495001 0.6792126
vn 0.42423183 -0.64018565 0.64046055
vn 0.14201485 -0.27896246 0.949743
vn 0.37925118 -0.3417607 0.8598652
vn 0.4097549 -0.43024743 0.8043557
vn 0.25032964 -0.414996 0.87470764
vn 0.6242316 -0.41391283 0.6625791
vn 0.5900862 -0.42173254 0.688433
vn 0.4550724 -0.46180204 0.76134616
vn 0.41217697 -0.5459571 0.7294114
vn 0.37966877 -0.5705343 0.72824603
vn 0.6044432 -0.45987323 0.6505114
vn 0.58713496 -0.41074032 0.6975421
vn 0.551225 -0.47302362 0.6873133
vn 0.54810905 -0.41020027 0.72891164
vn 0.43876246 -0.33578995 0.8335062
vn 0.4517715 -0.36843368 0.8125018
vn 0.26181567 -0.4067285 0.8752282
vn 0.29548827 -0.49930614 0.8144815
vn 0.27402395 -0.3664299 0.8891794
vn 0.21769696 -0.40958777 0.8859153
vn 0.19400164 -0.4406855 0.8764472
vn 0.24098346 -0.5083015 0.8267748
vn 0.37638542 -0.5672205 0.73252636
vn 0.41204762 -0.58420116 0.6992323
vn 0.36357826 -0.55452245 0.74854237
vn 0.41559693 -0.56526107 0.71257216
vn 0.07044055 -0.34043807 0.9376247
vn 0.22530775 -0.3622393 0.9044441
vn 0.31524846 -0.43171206 0.8451291
vn 0.21460016 -0.42527974 0.8792519
vn 0.4579139 -0.36782223 0.8093341
vn 0.47181073 -0.43038952 0.76951903
vn 0.48394117 -0.5152428 0.70733714
vn 0.491382 -0.49127692 0.7191597
vn 0.4992137 -0.4804762 0.7210605
vn 0.6096844 -0.35867184 0.7068518
vn 0.588401 -0.423518 0.6887792
vn 0.6767199 -0.35659245 0.6441211
vn 0.64342904 -0.41927817 0.6404724
vn 0.520943 -0.53498715 0.66513693
vn 0.5026792 -0.5318905 0.6814735
vn 0.38377243 -0.57697105 0.72098756
vn 0.48365504 -0.5241736 0.7009421
vn 0.3558871 -0.58975244 0.7249389
vn 0.28035265 -0.59155345 0.75595427
vn 0.327871 -0.57732964 0.7477908
vn 0.48267946 -0.5083566 0.7131579
vn 0.62497705 -0.4369775 0.64688045
vn 0.6922657 -0.38920882 0.607688
vn 0.6691519 -0.3882843 0.6336174
vn 0.7462589 -0.32423356 0.5813521
vn 0.1557229 0.026283605 0.987451
vn 0.891239 0.09138295 0.44423217
vn 0.95460147 0.004561346 0.29785106
vn 0.93210655 -0.12867372 0.3385564
vn 0.8823708 -0.12332959 0.4541052
vn 0.7812146 -0.27974448 0.5580742
vn 0.72506934 -0.4229943 0.5434614
vn 0.5821948 -0.5782513 0.57155454
vn 0.4786191 -0.54774916 0.6862176
vn 0.6754306 -0.453322 0.58162934
vn 0.4807101 -0.6384295 0.6011036
vn 0.98050386 -0.13019659 0.14717698
vn 0.9599658 -0.15730973 0.2317742
vn 0.97222275 -0.17767656 0.15236135
vn 0.952592 -0.18255088 0.24340016
vn 0.9246764 -0.18583752 0.33232206
vn 0.83049196 -0.28409705 0.47913674
vn 0.7478176 -0.3069714 0.5886743
vn 0.2763704 -0.42253464 0.8631824
vn 0.36223117 -0.57361734 0.734678
vn 0.47014782 -0.39289594 0.79031247
vn 0.43013832 -0.33866507 0.8368315
vn 0.23154809 -0.36622047 0.9012591
vn 0.022689061 -0.3775346 0.9257175
vn 0.07055917 -0.433692 0.89829427
vn 0.2182547 -0.5816618 0.7836035
vn 0.43156388 -0.686506 0.5852027
vn 0.46311924 -0.7104982 0.5298234
vn 0.38350913 -0.6844237 0.62006855
vn 0.45052218 -0.7012232 0.5525539
vn 0.7534738 -0.03561894 0.6565124
vn 0.8801303 -0.063552044 0.4704591
vn 0.8792325 -0.16636235 0.4464009
vn 0.80556077 -0.1604997 0.570361
vn 0.9664447 -0.1406953 0.21491745
vn 0.93844193 -0.20031615 0.28142524
vn 0.7480224 -0.39311793 0.53471565
vn 0.79084855 -0.3569286 0.49715245
vn 0.80585396 -0.34055322 0.48437887
vn 0.95797825 -0.22212544 0.18148805
vn 0.9297659 -0.2581682 0.26245868
vn 0.9481759 -0.25150704 0.19418216
vn 0.9178699 -0.28463805 0.2765791
vn 0.87948173 -0.31526273 0.35654068
vn 0.78127015 -0.38228256 0.4934339
vn 0.68932235 -0.42969677 0.5832627
vn 0.21375722 -0.53265446 0.8188938
vn 0.41694248 -0.496658 0.7612423
vn 0.40257174 -0.5162258 0.7559411
vn 0.3524209 -0.5196481 0.7783093
vn 0.15647186 -0.53688496 0.8290181
vn -0.045933936 -0.5319675 0.84551793
vn 0.016328307 -0.5278319 0.8491919
vn 0.288755 -0.48517656 0.8253631
vn 0.6666735 -0.40364167 0.6265938
vn 0.76751304 -0.3436051 0.54116476
vn 0.63310117 -0.36261654 0.6838802
vn 0.7602256 -0.28725368 0.58270264
vn 0.8808048 -0.30224323 0.36446112
vn 0.89218384 -0.29929498 0.33827573
vn 0.8371526 -0.35163173 0.41896382
vn 0.822457 -0.3617636 0.43896648
vn 0.9001077 -0.30348256 0.31257728
vn 0.85211945 -0.335851 0.4013683
vn 0.56663257 -0.46532503 0.68000007
vn 0.58623743 -0.5005374 0.6370149
vn 0.5912985 -0.5107606 0.6240911
vn 0.88667524 -0.31417355 0.33926693
vn 0.84016913 -0.3323404 0.42856234
vn 0.875312 -0.3172505 0.3649398
vn 0.826733 -0.3339799 0.45273605
vn 0.511671 -0.41555637 0.7520011
vn 0.5316461 -0.42768955 0.73105
vn 0.04937184 -0.47000828 0.8812801
vn 0.13048305 -0.5262863 0.84023625
vn 0.03469272 -0.44961196 0.89255
vn -0.12491158 -0.45286375 0.8827862
vn -0.11814429 -0.46892267 0.8753019
vn -0.023885477 -0.5201556 0.8537374
vn 0.25159392 -0.5703223 0.78194183
vn 0.30638048 -0.57960886 0.7551057
vn 0.13703921 -0.56357396 0.8146193
vn 0.20949751 -0.5730843 0.79226583
vn 0.7551751 0.55293995 0.35209092
vn 0.929942 0.287837 0.22881798
vn 0.85439646 0.33777672 -0.39485896
vn 0.8403286 0.19258794 -0.50671273
vn 0.8886362 0.10444746 -0.44656074
vn 0.9695862 0.11789055 -0.21448636
vn 0.9894864 -0.06131972 -0.13098305
vn 0.9920137 -0.12303043 -0.027791172
vn 0.9672987 0.24294509 -0.07287583
vn 0.98812467 -0.14404188 0.053493302
vn 0.8121391 -0.0072862376 -0.5834184
vn 0.86010766 -7.1504895E-05 -0.5101125
vn 0.82409686 -0.055443514 -0.563729
vn 0.8717945 -0.029872948 -0.48896003
vn 0.9120651 -0.0040478865 -0.41002548
vn 0.9698928 -0.015064447 -0.24306592
vn 0.9943127 -0.010063757 -0.106023476
vn 0.90090656 -0.02223157 0.43344328
vn 0.9528092 -0.12095287 0.2784332
vn 0.97188133 -0.026135601 0.23401637
vn 0.954099 0.005419358 0.2994424
vn 0.86774546 0.005556671 0.49697778
vn 0.7410616 0.0054357257 0.67141503
vn 0.7895083 -0.017329333 0.6134952
vn 0.90019864 -0.10461617 0.42272675
vn 0.96797866 -0.22034483 0.120272435
vn 0.9667749 -0.25007918 0.052978337
vn 0.96337324 -0.19696464 0.18198071
vn 0.97114295 -0.22507325 0.07888866
vn 0.8078844 0.5651089 0.16725661
vn 0.9405623 0.33431575 0.05979584
vn 0.7742756 0.30722174 -0.55327404
vn 0.7825374 0.18056577 -0.595845
vn 0.83435667 0.14105673 -0.5328715
vn 0.91653866 0.17902718 -0.35763967
vn 0.8790047 0.10070653 -0.4660568
vn 0.9888428 -0.009304706 -0.14867198
vn 0.92812943 0.29026297 -0.23307319
vn 0.9959658 -0.06527628 -0.06157282
vn 0.99655527 -0.082916155 0.0015812544
vn 0.80227906 -0.0024892366 -0.59694403
vn 0.84832144 0.014346106 -0.52928716
vn 0.82423365 -0.05564113 -0.5635095
vn 0.87025034 -0.029184163 -0.49174443
vn 0.90933317 -0.0024946625 -0.41606125
vn 0.88842136 0.031072076 -0.45797598
vn 0.9569205 -0.15746826 0.24394032
vn 0.9404697 -0.059166044 0.33468807
vn 0.8127916 -0.13250373 0.5672853
vn 0.8599118 -0.21771152 0.46168533
vn 0.9262331 -0.027232641 0.37596616
vn 0.8093259 -0.09329501 0.5799031
vn 0.64416516 -0.15379497 0.74926525
vn 0.6235945 -0.19578023 0.7568355
vn 0.7093513 -0.2651518 0.65308136
vn 0.9390122 -0.24352661 0.2427978
vn 0.96768737 -0.22377954 0.11620637
vn 0.9891515 -0.13088681 0.06669357
vn 0.8987396 -0.2518262 0.35895792
vn 0.96228737 -0.20721933 0.17624752
vn 0.41804057 -0.5726477 0.7052069
vn 0.49502638 -0.56258625 0.66215223
vn 0.42768252 -0.64388627 0.63442737
vn 0.37195206 -0.66450673 0.6481377
vn 0.59155494 -0.5851664 0.5546558
vn 0.5079897 -0.624876 0.59285444
vn 0.4195021 -0.65826935 0.62505955
vn 0.21177511 -0.7870684 0.5793743
vn 0.082515016 -0.7984376 0.5963964
vn 0.11726845 -0.82589144 0.55149925
vn 0.5887222 -0.629391 0.5072209
vn 0.5302492 -0.6277238 0.569911
vn 0.56515324 -0.6391786 0.5215866
vn 0.52701443 -0.62741405 0.57324284
vn 0.26095137 -0.63308126 0.7287746
vn 0.32657862 -0.63507307 0.70002043
vn -0.31565118 -0.6688969 0.6730091
vn -0.15469688 -0.6042734 0.7816153
vn -0.35716513 -0.5907731 0.72347784
vn -0.50730914 -0.6119156 0.60679215
vn 0.16779894 -0.64709944 0.7437109
vn -0.17880444 -0.6342257 0.75218797
vn -0.36922053 -0.62897134 0.6841573
vn -0.5445601 -0.55069923 0.63260156
vn -0.6759666 -0.528094 0.5139901
vn -0.39064544 -0.7615465 0.517149
vn -0.29047972 -0.8223117 0.48931077
vn -0.025687624 -0.81762296 0.5751807
vn -0.56610227 -0.6779437 0.46895686
vn -0.47710055 -0.746182 0.4643139
vn 0.09054167 0.21125352 0.97322875
vn 0.18920173 -0.02580692 0.98159903
vn 0.25983498 -0.4165209 0.87120384
vn 0.16368744 -0.5176292 0.83980143
vn 0.06299913 -0.2784754 0.958375
vn 0.050177418 -0.43044338 0.9012218
vn 0.0652158 -0.60728776 0.7918008
vn -0.06446666 -0.5025674 0.8621311
vn -0.13995633 -0.4448396 0.88460726
vn 0.25002974 -0.5973779 0.7619874
vn 0.20627078 -0.6334596 0.7457756
vn 0.2622264 -0.6327437 0.7286101
vn 0.23372012 -0.65600663 0.7176561
vn 0.20486939 -0.6783027 0.70564437
vn 0.16179594 -0.66733587 0.72696966
vn -0.3047354 -0.09057403 0.9481206
vn 0.71800375 0.045349993 0.6945602
vn 0.8856472 -0.017794171 0.4640177
vn 0.8584082 -0.16084328 0.48709828
vn 0.73930186 -0.14800668 0.65690696
vn 0.60542935 -0.2710144 0.74833584
vn 0.6227929 -0.4628664 0.6307803
vn 0.5038131 -0.5180871 0.69120055
vn 0.26862094 -0.47893262 0.83574295
vn 0.51952755 -0.4230642 0.7423664
vn 0.40629622 -0.5497954 0.7298277
vn 0.968112 -0.15093456 0.19994488
vn 0.9222365 -0.22649159 0.31333908
vn 0.9533502 -0.22165608 0.20491962
vn 0.9008336 -0.28539538 0.3271824
vn 0.82870686 -0.34292194 0.4423228
vn 0.71879464 -0.41219229 0.55984974
vn 0.85736597 -0.29730314 0.42015997
vn 0.48002034 -0.5302115 0.6988964
vn 0.12573361 -0.5916853 0.7963037
vn 0.29024386 -0.59184355 0.7519838
vn 0.2657186 -0.5803265 0.7698148
vn 0.20304646 -0.5824811 0.7870756
vn 0.06621115 -0.5930992 0.80240226
vn -0.0718869 -0.59240603 0.8024259
vn -0.016735394 -0.59096205 0.8065257
vn 0.19471416 -0.58615667 0.786452
vn 0.47455537 -0.578734 0.66322255
vn 0.5536565 -0.56395876 0.61271113
vn 0.4653215 -0.55250317 0.6915317
vn 0.57643384 -0.5253795 0.6258598
vn -0.47440895 -0.11165437 0.87319493
vn -0.27294895 -0.3379908 0.90070033
vn 0.4375263 -0.17734925 0.881543
vn 0.67140114 -0.26165786 0.69336545
vn 0.61116654 -0.38898623 0.68932223
vn 0.28445727 -0.42561144 0.85903376
vn 0.3129532 -0.61419076 0.72445154
vn 0.16696647 -0.62269866 0.76444006
vn 0.09502309 -0.3692831 0.9244461
vn 0.06289166 -0.62482846 0.77822495
vn 0.8196202 -0.38431507 0.4248819
vn 0.7254483 -0.45819685 0.5135955
vn 0.7954237 -0.4463137 0.4100063
vn 0.6967642 -0.50770235 0.506713
vn 0.27716112 -0.6500611 0.7075326
vn 0.31754375 -0.6323096 0.7066474
vn -0.13923636 -0.66133523 0.7370542
vn -0.0274676 -0.6729095 0.73921466
vn -0.17751667 -0.6583681 0.7314638
vn -0.29280573 -0.6395885 0.7107682
vn -0.25989226 -0.6421173 0.7212083
vn -0.12029383 -0.6571166 0.74412847
vn 0.1110425 -0.6831029 0.721831
vn 0.17602657 -0.68436134 0.70757633
vn 0.08490462 -0.66815984 0.7391574
vn 0.18150976 -0.6672072 0.72241867
vn -0.032339178 -0.3768637 0.925704
vn 0.13810895 -0.41919515 0.8973301
vn 0.12528497 -0.5126079 0.84943324
vn -0.0063008554 -0.49629024 0.8681338
vn 0.38904345 -0.45994028 0.7981855
vn 0.33500746 -0.49695304 0.8005046
vn 0.1580156 -0.562822 0.8113338
vn 0.036247697 -0.6310468 0.77489746
vn -0.02925141 -0.64058626 0.76732886
vn 0.45643088 -0.4617437 0.76056796
vn 0.4081383 -0.45243117 0.79292446
vn 0.44234446 -0.4558952 0.77232826
vn 0.4026316 -0.4340216 0.8059237
vn 0.22936511 -0.4246097 0.87584144
vn 0.22158733 -0.4639909 0.857678
vn 0.010826624 -0.49931023 0.86635566
vn -0.028383238 -0.59854215 0.8005883
vn 0.024285842 -0.45628098 0.88950425
vn -0.04424983 -0.47978574 0.87626916
vn -0.05849479 -0.5189793 0.85278296
vn -0.09075636 -0.60970855 0.7874127
vn -0.085492104 -0.66677386 0.7403403
vn -0.1169187 -0.67996013 0.72386754
vn -0.13201094 -0.67362463 0.7271884
vn -0.1554063 -0.6869927 0.709852
vn -0.917885 0.0922605 0.38597292
vn -0.91790116 0.022255572 0.39618453
vn -0.92195636 0.032752525 0.3859064
vn -0.91933054 0.110001475 0.37779766
vn -0.9256891 0.078307904 0.3700912
vn -0.91016054 0.20415209 0.36045763
vn -0.88299257 -0.18268298 0.43237832
vn -0.9094705 -0.0915388 0.4055664
vn -0.872866 -0.2401766 0.42475903
vn -0.7417202 -0.5442322 0.39199802
vn -0.80272615 -0.40553528 0.4372321
vn -0.8767193 -0.25970078 0.4048688
vn -0.806174 -0.46485662 0.366049
vn -0.94382244 -0.19109376 0.2695967
vn -0.6973866 -0.6578527 0.28439713
vn -0.9014789 0.43244198 0.018159596
vn -0.88820386 0.36582604 0.27796614
vn -0.8982182 0.24021463 0.3681045
vn -0.9349852 0.2551043 0.24642329
vn -0.89715296 0.13396768 0.4209148
vn -0.92872626 0.14492151 0.34127018
vn -0.85613984 0.10351444 0.50627005
vn -0.8583735 -0.09318397 0.50449145
vn -0.8586278 0.27463296 0.43282223
vn -0.9087614 0.06038398 0.41292438
vn -0.91930425 0.10338032 0.37972656
vn -0.86866367 -0.23377734 0.43677408
vn -0.8116441 0.18550389 0.5539154
vn -0.78820974 -0.01597126 0.6151994
vn -0.733361 -0.40790722 0.5438689
vn -0.7415976 0.052852213 0.6687598
vn -0.65420115 -0.5034417 0.56441766
vn -0.75936645 0.32262054 0.56504744
vn -0.6992513 -0.6122449 0.36905792
vn -0.5843028 -0.77289766 0.24742568
vn -0.8767078 0.032522347 0.4799226
vn -0.88668925 -0.12566267 0.4449619
vn -0.9089272 -0.022814514 0.41633013
vn -0.90076697 0.10437799 0.4215734
vn -0.92359954 0.09700458 0.37088272
vn -0.87832284 0.3266824 0.3490381
vn -0.86031634 -0.24286167 0.44818974
vn -0.91319096 -0.09858059 0.39542904
vn -0.8160311 -0.35995024 0.4522489
vn -0.6848358 -0.5764328 0.44578597
vn -0.7810838 -0.4364307 0.4465829
vn -0.8766021 -0.27898517 0.39209178
vn -0.7819892 -0.49977523 0.37244815
vn -0.939583 -0.24118897 0.24292314
vn -0.63624424 -0.6715962 0.37967324
vn -0.9272557 0.040479705 0.37223414
vn -0.85286444 -0.017382808 0.52184296
vn -0.8281873 -0.15377218 0.53894335
vn -0.86347246 -0.15824181 0.47893095
vn -0.81905985 -0.24644485 0.51807904
vn -0.82504714 -0.19917063 0.52879894
vn -0.7793499 -0.21536966 0.58841276
vn -0.7629187 -0.3771055 0.5251157
vn -0.8059398 -0.053070843 0.58961385
vn -0.8512249 -0.21975099 0.47657704
vn -0.8411531 -0.07046477 0.5361867
vn -0.7770573 -0.4316337 0.45812044
vn -0.7695976 -0.099608004 0.63071215
vn -0.7338854 -0.27608752 0.6206351
vn -0.6660878 -0.52360517 0.53119177
vn -0.72394156 -0.23829053 0.6473996
vn -0.626865 -0.55385476 0.54798275
vn -0.7642007 0.021309147 0.64462644
vn -0.63752854 -0.63130903 0.4415952
vn -0.5657894 -0.71551603 0.4097794
vn -0.80108213 -0.5959288 0.056002483
vn -0.7147309 -0.69936496 -0.0069586737
vn -0.7132815 -0.70038843 -0.026183462
vn -0.85437167 -0.5138677 0.07738912
vn -0.6907072 -0.720313 -0.06381812
vn -0.86180186 -0.5039334 0.05786712
vn -0.53262013 -0.8394911 -0.107566215
vn -0.4008636 -0.89687747 -0.18686675
vn -0.59186405 -0.8034027 -0.06512317
vn -0.9273143 0.25730202 0.27181584
vn -0.93819344 0.17383282 0.29929125
vn -0.9434893 0.17242587 0.28301454
vn -0.9280482 0.23841558 0.2861547
vn -0.9603728 0.11076947 0.25576204
vn -0.9536704 0.11796392 0.27676216
vn -0.96967685 -0.07517651 0.23254104
vn -0.97464424 -0.09834017 0.20099217
vn -0.9570866 -0.1451921 0.25080764
vn -0.8828673 -0.4614994 0.08696961
vn -0.922791 -0.3635571 0.12760505
vn -0.92371 -0.3507563 0.15404515
vn -0.9639871 -0.2460874 0.10084573
vn -0.96444774 -0.2472015 0.09344521
vn -0.97360635 -0.19892372 0.11189299
vn -0.9771086 -0.17942429 0.11430554
vn -0.9569718 -0.27565435 0.090662286
vn -0.95075315 -0.29249868 0.102532774
vn -0.96895796 -0.19367176 0.15366098
vn -0.9627793 -0.22078632 0.15591471
vn -0.91969377 -0.3605003 0.15557298
vn -0.93057984 -0.3346933 0.14832923
vn -0.8550782 -0.5052317 0.11654276
vn -0.913492 -0.3816989 0.14084838
vn -0.993664 -0.07160399 0.08662953
vn -0.9936437 0.016387813 0.11137187
vn -0.9820405 -0.12910631 0.13757882
vn -0.9703564 -0.20901597 0.1213292
vn -0.9744402 0.14885482 0.1682512
vn -0.9808811 -0.11012278 0.16045335
vn -0.9292777 -0.33738565 0.15037906
vn -0.97076446 -0.17349559 0.16587852
vn -0.9746419 -0.007618938 0.22364059
vn -0.9662908 -0.12930845 0.22262412
vn -0.9814001 0.014905785 0.19139405
vn -0.9743912 -0.1608172 0.15716109
vn -0.97175604 -0.21810791 0.09010632
vn -0.9409636 -0.31845114 0.11478815
vn -0.86308527 -0.49207783 0.11376834
vn -0.8886062 -0.43533087 0.14445093
vn -0.87192875 -0.4798125 0.09757153
vn -0.82635504 -0.5588167 0.06972336
vn -0.75922817 -0.65049994 0.020553082
vn -0.8694395 -0.48686686 0.083878696
vn -0.73375666 -0.67932814 -0.010698445
vn -0.8691354 -0.49050528 0.06331069
vn -0.6468829 -0.7619341 -0.03160735
vn -0.55039966 -0.82979685 -0.09218144
vn -0.7863151 -0.6160192 0.047211055
vn -0.9188105 0.2958786 0.261234
vn -0.9469345 0.086513996 0.30956486
vn -0.95348036 0.10170665 0.2837797
vn -0.91814727 0.29108572 0.26883945
vn -0.95130473 0.15441126 0.26678917
vn -0.9238139 0.2687884 0.27261832
vn -0.93525654 -0.28842106 0.20520368
vn -0.95797855 -0.21652783 0.18812974
vn -0.8932083 -0.3904842 0.22293726
vn -0.94533527 -0.2836533 0.16087909
vn -0.9683784 -0.15548812 0.1951067
vn -0.9718103 -0.12178817 0.20187227
vn -0.96441156 -0.22662565 0.13620256
vn -0.9666819 -0.21925426 0.13211235
vn -0.97051316 -0.19844307 0.1368378
vn -0.9709792 -0.19570617 0.13747165
vn -0.9642805 -0.21802816 0.15042232
vn -0.96693265 -0.20905365 0.14607473
vn -0.96772856 -0.21133466 0.13725553
vn -0.9508391 -0.27143005 0.14909972
vn -0.971692 -0.1982322 0.12852469
vn -0.9353351 -0.3267194 0.13565648
vn -0.94032264 -0.3162163 0.12570034
vn -0.9168278 -0.37711108 0.13120236
vn -0.9855901 -0.11333929 0.12556398
vn -0.9856712 -0.10377152 0.13298029
vn -0.9804439 -0.13911931 0.13919602
vn -0.9774991 -0.15797408 0.1397845
vn -0.983349 -0.107675314 0.1463922
vn -0.97666305 -0.14358477 0.15972698
vn -0.98099244 -0.13664822 0.13777186
vn -0.9870014 -0.10203981 0.124161646
vn -0.9865042 -0.074715964 0.14569485
vn -0.97750485 0.084982045 0.19303438
vn -0.97633874 0.039846484 0.2125438
vn -0.9825374 0.097012006 0.1587732
vn -0.9807423 -0.14953941 0.12562865
vn -0.9701957 -0.19789886 0.13984375
vn -0.9567054 -0.24627367 0.15512584
vn -0.9614623 -0.21332635 0.17344175
vn -0.86365736 -0.47752628 0.16144538
vn -0.78580016 -0.6093148 0.106083006
vn -0.73343194 -0.67686164 0.06273717
vn -0.86877924 -0.4713046 0.1519691
vn -0.7114454 -0.7020963 0.030104931
vn -0.87112814 -0.47229886 0.13442308
vn -0.4058046 -0.90864265 -0.09844381
vn -0.160965 -0.9620356 -0.22040357
vn -0.5574132 -0.8300973 -0.015129344
vn -0.8798786 0.41350517 0.23415208
vn -0.90880334 0.24099997 0.34058106
vn -0.9127772 0.24888304 0.32387498
vn -0.8801584 0.40462705 0.24818972
vn -0.9108644 0.27313432 0.3093924
vn -0.89536166 0.36205563 0.25931293
vn -0.9401775 -0.21221608 0.26651558
vn -0.95306385 -0.17313571 0.2483814
vn -0.9052258 -0.32637215 0.27211666
vn -0.8940558 -0.41274133 0.1740943
vn -0.95888114 -0.14860748 0.24179074
vn -0.96848047 -0.08732089 0.23328233
vn -0.95385486 -0.27079016 0.12974453
vn -0.9621644 -0.24249662 0.12423793
vn -0.9724631 -0.1902292 0.13464172
vn -0.9713358 -0.19420056 0.13708715
vn -0.96882725 -0.19049826 0.15837999
vn -0.9706964 -0.18420097 0.15433268
vn -0.97864354 -0.15500489 0.13501953
vn -0.9585915 -0.23553461 0.16008034
vn -0.984859 -0.11911204 0.12595662
vn -0.935919 -0.3056594 0.17500842
vn -0.94095856 -0.29632345 0.16367452
vn -0.91639394 -0.3586364 0.1777699
vn -0.9893359 0.021017186 0.14412759
vn -0.9859681 -0.040692464 0.16189809
vn -0.9764064 -0.14505963 0.15996341
vn -0.9801728 -0.13032998 0.14924926
vn -0.9729266 -0.16866122 0.15800999
vn -0.96547836 -0.20099843 0.16568379
vn -0.9749136 -0.1432861 0.17033067
vn -0.9759537 -0.16315724 0.14454779
vn -0.98199236 0.0003602621 0.18892041
vn -0.9807823 0.08482895 0.1756993
vn -0.97964716 0.016283551 0.20006572
vn -0.9846659 0.10343742 0.140477
vn -0.9904163 0.034683183 0.13368858
vn -0.98275137 -0.11952195 0.14111774
vn -0.9540275 -0.2514078 0.16317388
vn -0.9547135 -0.22548445 0.19411041
vn -0.9188614 -0.32642847 0.22167136
vn -0.88050514 -0.4131826 0.23235928
vn -0.8558397 -0.47556263 0.2034171
vn -0.92861545 -0.298716 0.22009556
vn -0.8463668 -0.500887 0.18103981
vn -0.93162364 -0.2962991 0.21043806
vn -0.6378966 -0.7667988 0.07146685
vn -0.41197935 -0.90865153 -0.0680103
vn -0.7841601 -0.59622097 0.17208573
vn -0.89014494 0.3850188 0.2437263
vn -0.9291133 0.07575346 0.36195287
vn -0.9335443 0.08810035 0.3474671
vn -0.8929172 0.37222654 0.2532711
vn -0.93376416 0.12273654 0.33618483
vn -0.91652817 0.30184236 0.26242584
vn -0.819316 -0.5256729 0.228887
vn -0.8509457 -0.47421128 0.22586519
vn -0.73886174 -0.641014 0.20780858
vn -0.89667284 -0.36050668 0.25692946
vn -0.9466322 -0.11491314 0.3011353
vn -0.96550703 -0.058751408 0.25366214
vn -0.95795506 -0.23830117 0.15979569
vn -0.97135246 -0.1752938 0.16045697
vn -0.9707052 -0.1775336 0.16190507
vn -0.9660167 -0.2011098 0.162378
vn -0.9686099 -0.18433568 0.16677879
vn -0.9687459 -0.18346924 0.16694456
vn -0.98330736 -0.06955077 0.168135
vn -0.9671694 -0.18999548 0.1687753
vn -0.985598 0.005604687 0.16901207
vn -0.9594263 -0.21130474 0.1866857
vn -0.962105 -0.20194037 0.1832325
vn -0.9421845 -0.27864698 0.18612945
vn -0.96016824 0.2103354 0.1839457
vn -0.96128553 0.17411466 0.2135748
vn -0.9716301 -0.091070086 0.2182686
vn -0.9809828 -0.018494505 0.19321153
vn -0.94797176 -0.2601406 0.18351121
vn -0.95040196 -0.2518712 0.18247469
vn -0.96566784 -0.09632037 0.24126343
vn -0.9480315 -0.26096234 0.18202998
vn -0.9280186 0.284092 0.2409836
vn -0.9853147 0.019732358 0.16960408
vn -0.9780965 -0.08747562 0.18887904
vn -0.9885063 0.048868183 0.14306329
vn -0.9684936 0.17786995 0.1743056
vn -0.9836868 0.028960818 0.17754318
vn -0.9597038 -0.21943885 0.1755427
vn -0.94801974 -0.25582868 0.18923588
vn -0.7781931 -0.58747065 0.22202188
vn -0.7413385 -0.6297302 0.2320714
vn -0.70761883 -0.67512316 0.20852894
vn -0.79556155 -0.5649188 0.21897164
vn -0.6954662 -0.6930251 0.18984969
vn -0.7994116 -0.56448066 0.20567614
vn -0.59055907 -0.7911617 0.15906966
vn -0.46474305 -0.88187706 0.07941514
vn -0.7280614 -0.6445954 0.23328824
vn -0.9441796 0.18756019 0.27082476
vn -0.9181779 -0.1518228 0.36592236
vn -0.9267797 -0.13967238 0.34867033
vn -0.94469005 0.17362176 0.27823773
vn -0.9365963 -0.10364797 0.33473057
vn -0.95461804 0.08336121 0.28592885
vn -0.7105475 -0.6560527 0.2543956
vn -0.764545 -0.5919252 0.25513813
vn -0.62405396 -0.7420993 0.24463296
vn -0.83279616 -0.47532055 0.283762
vn -0.88700247 -0.35129076 0.2997022
vn -0.90893704 -0.3194857 0.26788506
vn -0.9475919 -0.2520877 0.19626866
vn -0.9455461 -0.2597517 0.19614181
vn -0.94354886 -0.2659589 0.19743711
vn -0.94631505 -0.25692528 0.19615614
vn -0.9295856 -0.3096981 0.19989422
vn -0.9347173 -0.29777297 0.19399692
vn -0.9230833 -0.33197036 0.1941981
vn -0.89850736 -0.39140895 0.19870481
vn -0.9338778 -0.30058303 0.19370615
vn -0.88016826 -0.4265435 0.20824128
vn -0.8879831 -0.41529924 0.19751598
vn -0.8445806 -0.4930893 0.20867808
vn -0.9752469 -0.03992334 0.21748479
vn -0.96899706 0.015490268 0.24658616
vn -0.9519533 -0.18602917 0.24326535
vn -0.9438443 -0.2536189 0.21174371
vn -0.89270484 -0.39871523 0.21001008
vn -0.8671444 -0.45715845 0.19765301
vn -0.94727427 -0.1580105 0.27875468
vn -0.89171094 -0.39339897 0.22380532
vn -0.95269257 0.10376545 0.28567386
vn -0.95782256 -0.19512089 0.21095914
vn -0.9259558 -0.30495298 0.2227321
vn -0.9676841 -0.16766606 0.18834971
vn -0.9554274 -0.21605048 0.20119809
vn -0.9181266 -0.34501323 0.19496004
vn -0.8541254 -0.4834768 0.19162464
vn -0.8554476 -0.47199848 0.21313588
vn -0.82897586 -0.4974991 0.25552616
vn -0.786315 -0.5563643 0.2686401
vn -0.7530833 -0.61127967 0.24331607
vn -0.84430623 -0.4731825 0.2514862
vn -0.7398054 -0.6354216 0.22119528
vn -0.8479465 -0.4733857 0.23852187
vn -0.60502315 -0.7755337 0.1802622
vn -0.463517 -0.8814401 0.09063831
vn -0.73297787 -0.6318907 0.25190789
vn -0.9560105 0.12045673 0.2674584
vn -0.9054804 -0.20631637 0.37086222
vn -0.9155774 -0.19346194 0.35254854
vn -0.95532084 0.10967353 0.27447012
vn -0.92906636 -0.14969936 0.33826876
vn -0.95838434 0.04056843 0.28258392
vn -0.6665299 -0.70021695 0.2558009
vn -0.7230719 -0.64235383 0.25406426
vn -0.5680732 -0.78545976 0.24565381
vn -0.8175874 -0.49636304 0.29184696
vn -0.8916976 -0.3249615 0.3150801
vn -0.9184041 -0.28004652 0.2794779
vn -0.96620184 -0.115476795 0.23047575
vn -0.9627708 -0.12397303 0.24021465
vn -0.95025474 -0.20441012 0.23501572
vn -0.95297325 -0.20081235 0.22697228
vn -0.92816156 -0.29641002 0.22507167
vn -0.9331233 -0.286807 0.2168472
vn -0.9336365 -0.2639998 0.2421301
vn -0.89977556 -0.37109858 0.22954252
vn -0.9560191 -0.15487437 0.24908103
vn -0.8988849 -0.37314752 0.22971033
vn -0.9049204 -0.36366138 0.22106443
vn -0.8679608 -0.43893987 0.23232707
vn -0.9450973 -0.1953407 0.26197907
vn -0.94641757 -0.14479299 0.2886672
vn -0.8960476 -0.3545003 0.26726058
vn -0.8805072 -0.40485048 0.24658313
vn -0.86967105 -0.43957883 0.22459452
vn -0.83884203 -0.49573976 0.22491358
vn -0.8958653 -0.33783934 0.28859988
vn -0.8749376 -0.4312623 0.22022045
vn -0.9435813 -0.027723935 0.3299785
vn -0.95740503 -0.19489706 0.21305102
vn -0.92830336 -0.29044074 0.23215747
vn -0.9672817 -0.17164218 0.18682905
vn -0.9411901 -0.22467023 0.25235787
vn -0.8926962 -0.38068092 0.241196
vn -0.84240174 -0.4892639 0.22578785
vn -0.87106746 -0.43192732 0.23383814
vn -0.8310344 -0.47437137 0.29043692
vn -0.77264374 -0.55763 0.303431
vn -0.73897445 -0.6140466 0.27724275
vn -0.8436896 -0.4580956 0.27988604
vn -0.72422355 -0.64226425 0.25099167
vn -0.8478515 -0.46255457 0.2592124
vn -0.54665166 -0.81220096 0.2037194
vn -0.31974396 -0.94498247 0.069078855
vn -0.69647956 -0.65963167 0.282493
vn -0.93619674 0.19739616 0.29080987
vn -0.91259825 -0.07706812 0.4015283
vn -0.92243767 -0.069239736 0.37988767
vn -0.93648905 0.18913181 0.2953259
vn -0.9319416 -0.043284867 0.36001557
vn -0.9443218 0.12521805 0.30426434
vn -0.7272557 -0.5984513 0.3360881
vn -0.7684985 -0.55449855 0.31928268
vn -0.62628746 -0.70207745 0.33889717
vn -0.8241315 -0.45867145 0.33230674
vn -0.8949872 -0.28155282 0.34601435
vn -0.9233905 -0.22112691 0.31377193
vn -0.9612076 -0.1628022 0.22265524
vn -0.96079314 -0.17070381 0.21848747
vn -0.9678042 -0.12446733 0.21877588
vn -0.96923345 -0.11282302 0.21876355
vn -0.96393454 -0.13941433 0.22670202
vn -0.9670451 -0.13123953 0.21817401
vn -0.9545379 -0.2007612 0.2203458
vn -0.94665474 -0.22059558 0.23490924
vn -0.94770616 -0.234419 0.21656582
vn -0.92689794 -0.2789159 0.2511297
vn -0.93342733 -0.27260134 0.23324218
vn -0.90318036 -0.33999148 0.26205167
vn -0.9768074 -0.02034729 0.21315074
vn -0.9728218 0.034816626 0.22892271
vn -0.96445227 -0.10635437 0.2419103
vn -0.958365 -0.17370583 0.22663361
vn -0.943067 -0.23358268 0.23677777
vn -0.9246252 -0.2974654 0.2378709
vn -0.9616157 -0.08062711 0.26228714
vn -0.9449469 -0.2252001 0.23740323
vn -0.96245307 0.1042928 0.25061336
vn -0.9702864 -0.0358246 0.23929228
vn -0.95782787 -0.12163059 0.2603302
vn -0.9765493 -0.022014154 0.21416529
vn -0.9612216 -0.17333552 0.21449444
vn -0.94417167 -0.24378136 0.22160903
vn -0.91656125 -0.3219328 0.2372229
vn -0.9172846 -0.29572013 0.26671803
vn -0.91050476 -0.23846288 0.33781135
vn -0.8459644 -0.4003316 0.35224834
vn -0.8163137 -0.47991365 0.3214263
vn -0.9192519 -0.22638182 0.32206702
vn -0.7991876 -0.5304566 0.28269237
vn -0.92536783 -0.23524086 0.2972476
vn -0.48259374 -0.85203767 0.20281792
vn -0.15180492 -0.98825246 0.017674515
vn -0.6255819 -0.72515714 0.28774023
vn -0.9288227 0.23211409 0.28881043
vn -0.90781564 -0.013476119 0.41915292
vn -0.91988325 -0.009636761 0.39207396
vn -0.9281892 0.2277757 0.29424992
vn -0.93050265 0.017867938 0.36584914
vn -0.9337138 0.18781275 0.30480304
vn -0.71790785 -0.5867107 0.37467173
vn -0.7476422 -0.56748176 0.34495738
vn -0.6014063 -0.6988946 0.38711342
vn -0.788248 -0.5084964 0.34654942
vn -0.91668355 -0.15874228 0.3667318
vn -0.9411536 -0.05210739 0.33393818
vn -0.9745488 0.035871126 0.22128691
vn -0.9745441 0.0264552 0.22262962
vn -0.97346723 0.029619617 0.22690143
vn -0.97395325 0.035911947 0.22388697
vn -0.9698005 0.006036421 0.24382484
vn -0.97195137 0.010142361 0.23496306
vn -0.97145003 -0.036918394 0.23435423
vn -0.96464264 -0.06041809 0.25654292
vn -0.9732558 -0.032367565 0.22743222
vn -0.95704365 -0.07641547 0.279693
vn -0.96205556 -0.07390671 0.26265362
vn -0.94660604 -0.12860696 0.29563028
vn -0.97233707 -0.008915372 0.23341204
vn -0.9675496 0.043547217 0.24890023
vn -0.9652971 -0.0652911 0.25286067
vn -0.96248275 -0.11647967 0.24507025
vn -0.9631383 -0.09458186 0.25183114
vn -0.9545608 -0.14109196 0.2625008
vn -0.96317005 -0.050253924 0.2641552
vn -0.9659511 -0.09201568 0.2418091
vn -0.9527718 0.1258779 0.27637047
vn -0.9657931 0.050931294 0.2542632
vn -0.960101 0.00086727936 0.27965212
vn -0.97231543 0.05201249 0.22781004
vn -0.9704729 -0.07005051 0.23081447
vn -0.9622705 -0.12590377 0.24121295
vn -0.9521484 -0.15181652 0.26526442
vn -0.948359 -0.11103098 0.29713184
vn -0.7851811 -0.47423154 0.3982399
vn -0.6865129 -0.61036474 0.39516446
vn -0.6432991 -0.67457676 0.36209452
vn -0.800472 -0.46238825 0.3813682
vn -0.6175926 -0.71788 0.3212907
vn -0.80610025 -0.4744304 0.3537205
vn -0.24031353 -0.9466683 0.21463571
vn 0.16672654 -0.98543316 -0.033523038
vn -0.43813494 -0.83846825 0.32405058
vn -0.93587804 0.07175616 0.34493962
vn -0.86911446 -0.16409507 0.46659714
vn -0.88280976 -0.16183208 0.44097313
vn -0.9332935 0.06638664 0.35292503
vn -0.89831054 -0.14151339 0.41594723
vn -0.9297615 0.013216048 0.367925
vn -0.5561222 -0.7197628 0.41553536
vn -0.60512304 -0.6935439 0.3909257
vn -0.4095882 -0.81037575 0.41896138
vn -0.6625137 -0.6358468 0.39594764
vn -0.8336246 -0.35941902 0.41939
vn -0.874903 -0.2706014 0.40164608
vn -0.91915935 -0.32196173 0.22690697
vn -0.9221952 -0.32091588 0.21579857
vn -0.9524187 -0.20359214 0.22682352
vn -0.95429975 -0.19125682 0.2296364
vn -0.94856644 -0.16437852 0.2705577
vn -0.951552 -0.16047071 0.26229367
vn -0.93573695 -0.27218407 0.22430377
vn -0.9322811 -0.22854836 0.28038844
vn -0.8970103 -0.3910084 0.20611855
vn -0.899873 -0.27397957 0.33935785
vn -0.90712565 -0.27560058 0.31806812
vn -0.87672156 -0.32226333 0.3570793
vn -0.9716251 -0.109862514 0.20946339
vn -0.9715469 -0.05442476 0.2305093
vn -0.94811743 -0.19395833 0.25189984
vn -0.9377343 -0.25953677 0.23085716
vn -0.90101033 -0.32011554 0.2927566
vn -0.88368523 -0.36853498 0.28858683
vn -0.9478834 -0.15555128 0.2780662
vn -0.90193707 -0.3087921 0.30192205
vn -0.9653811 0.03687747 0.25822368
vn -0.926248 -0.18226263 0.3299166
vn -0.9052208 -0.23934941 0.3511227
vn -0.93420684 -0.18138331 0.3071769
vn -0.9346833 -0.2902423 0.20524749
vn -0.9224574 -0.3148713 0.22344662
vn -0.892684 -0.34814522 0.2861997
vn -0.871988 -0.3299283 0.361641
vn -0.75509894 -0.47078195 0.45627838
vn -0.67593616 -0.5874434 0.44499493
vn -0.66888154 -0.6118787 0.42213973
vn -0.81521195 -0.38687703 0.43099383
vn -0.6461256 -0.6594594 0.38423303
vn -0.8304991 -0.38563824 0.4019383
vn -0.28499517 -0.9110481 0.29794142
vn 0.084152974 -0.99327344 0.079536974
vn -0.47911903 -0.7833785 0.39593324
vn -0.93528056 0.06860173 0.34719464
vn -0.85729665 -0.17809364 0.48303738
vn -0.8661823 -0.20268305 0.45677984
vn -0.93049777 0.02893204 0.36515325
vn -0.8358398 -0.31993985 0.44610566
vn -0.886121 -0.1888938 0.42321238
vn -0.46406808 -0.7579883 0.4583608
vn -0.5120496 -0.74655616 0.4248048
vn -0.2803221 -0.839172 0.46605775
vn -0.6353817 -0.6373222 0.43601665
vn -0.7371102 -0.5033855 0.45085654
vn -0.76364595 -0.4531094 0.45993128
vn -0.9755005 -0.032780536 0.2175411
vn -0.9732983 -0.035183977 0.2268315
vn -0.96674263 -0.09321751 0.2381579
vn -0.9683024 -0.09741469 0.2300016
vn -0.94763094 -0.14811914 0.2829422
vn -0.9518665 -0.1481657 0.2683227
vn -0.9598812 -0.12992777 0.24848917
vn -0.9279121 -0.21445538 0.3049393
vn -0.9706255 -0.049812615 0.23538223
vn -0.89988154 -0.236319 0.3665604
vn -0.91169477 -0.2281334 0.34171304
vn -0.8468897 -0.3440756 0.40545025
vn -0.96854603 -0.029879702 0.24703397
vn -0.9627398 0.02295809 0.26945305
vn -0.9489909 -0.13471717 0.28507477
vn -0.9447605 -0.1927989 0.26505876
vn -0.9151537 -0.2320937 0.32958493
vn -0.89559156 -0.29736495 0.33089256
vn -0.9457978 -0.098806694 0.30936033
vn -0.91652286 -0.22056139 0.33367422
vn -0.9440676 0.13666297 0.30009937
vn -0.92391485 -0.12321153 0.36221585
vn -0.8765356 -0.26050857 0.4047476
vn -0.93605834 -0.10819093 0.3347978
vn -0.9674784 -0.08016977 0.2399132
vn -0.9462585 -0.19795313 0.25575265
vn -0.8921528 -0.3138014 0.32494935
vn -0.8095057 -0.40507126 0.42499155
vn -0.7388636 -0.4482615 0.50313246
vn -0.71828413 -0.48708886 0.49680212
vn -0.69882673 -0.5201072 0.49104962
vn -0.75140774 -0.4467716 0.4855734
vn -0.6942597 -0.5382236 0.47782722
vn -0.75961685 -0.45935816 0.46040452
vn -0.6415173 -0.5897599 0.49054953
vn -0.54717743 -0.70341027 0.45366386
vn -0.7269484 -0.47778118 0.49322528
vn -0.9300571 0.13385957 0.34216288
vn -0.87942296 -0.070832066 0.47074208
vn -0.89489037 -0.07373938 0.44015196
vn -0.9279279 0.13012446 0.34930998
vn -0.9109432 -0.06214469 0.40782404
vn -0.9246286 0.0877052 0.37063426
vn -0.52987236 -0.6445821 0.55113447
vn -0.569812 -0.64357877 0.5109997
vn -0.3387767 -0.73715436 0.58466554
vn -0.74337226 -0.45680144 0.48860016
vn -0.84839505 -0.26502362 0.45824483
vn -0.85923225 -0.21137759 0.46587494
vn -0.97179973 0.053322744 0.22969985
vn -0.9691255 0.055837978 0.24016215
vn -0.9657083 -0.004835474 0.25958437
vn -0.9687164 -0.019214932 0.24742551
vn -0.93840176 -0.120557494 0.3238333
vn -0.9456571 -0.1405225 0.29323393
vn -0.95957637 -0.034200333 0.27936277
vn -0.9213596 -0.15027238 0.35848948
vn -0.96664315 0.041533362 0.252737
vn -0.8475009 -0.31045595 0.43053377
vn -0.861297 -0.32445395 0.39102054
vn -0.8196205 -0.3334831 0.4658447
vn -0.9626805 0.0194082 0.2699436
vn -0.955458 0.070530616 0.28657544
vn -0.9458496 -0.024236698 0.32369912
vn -0.9474502 -0.0919183 0.3064132
vn -0.9116537 -0.14617963 0.3840821
vn -0.902104 -0.1986673 0.38306612
vn -0.9364301 0.028438404 0.34969977
vn -0.9079752 -0.1254373 0.39980805
vn -0.9399876 0.15334919 0.3048071
vn -0.92082644 -0.036005057 0.38830695
vn -0.90237397 -0.088799305 0.42170596
vn -0.9315666 -0.03928965 0.36144164
vn -0.96421313 -0.0042911163 0.2650936
vn -0.94969636 -0.099928 0.2968017
vn -0.89960164 -0.2141645 0.3805923
vn -0.8495226 -0.25230026 0.4633098
vn -0.8259374 -0.2556313 0.50247395
vn -0.8037079 -0.30488786 0.5109765
vn -0.7928612 -0.33822855 0.5069246
vn -0.8390749 -0.24575694 0.48534197
vn -0.7904145 -0.3634678 0.49308825
vn -0.8470589 -0.25593576 0.46581984
vn -0.7066681 -0.47145054 0.52759326
vn -0.60272336 -0.6227973 0.49884677
vn -0.7641908 -0.37338826 0.5259217
vn -0.9278902 0.042057846 0.3704739
vn -0.8147167 -0.1780483 0.5518474
vn -0.8377302 -0.18081887 0.5152792
vn -0.92483264 0.039718762 0.37829491
vn -0.86497825 -0.16260979 0.4747322
vn -0.91682875 0.0076501044 0.39920732
vn -0.20198934 -0.786894 0.5830935
vn -0.20709461 -0.8199752 0.5336221
vn 0.048886273 -0.8211282 0.5686463
vn -0.6167442 -0.55632675 0.5568906
vn -0.8474077 -0.216211 0.48492578
vn -0.8718462 -0.14703801 0.46718735
vn -0.9576636 0.12034721 0.26152825
vn -0.9498648 0.14481051 0.27710414
vn -0.9500265 0.06981661 0.30426192
vn -0.95672494 0.041388895 0.28803536
vn -0.9301976 -0.049383264 0.3637221
vn -0.9399247 -0.07030663 0.33406356
vn -0.93926954 0.07199286 0.33554387
vn -0.91069394 -0.069314525 0.40722474
vn -0.94109684 0.16249938 0.29653108
vn -0.88190585 -0.16541271 0.44145292
vn -0.89437586 -0.17424397 0.41198403
vn -0.85620064 -0.19594851 0.4780425
vn -0.920772 0.01652771 0.38975093
vn -0.90344846 0.06589757 0.42360166
vn -0.8614644 -0.13304904 0.49007863
vn -0.87024206 -0.17200284 0.46162087
vn -0.8281948 -0.26709238 0.49270183
vn -0.81113744 -0.29697928 0.50384456
vn -0.8479964 -0.083392166 0.52340025
vn -0.8310905 -0.26421043 0.4893684
vn -0.86970603 0.23644625 0.43324885
vn -0.8992851 -0.12523852 0.41904852
vn -0.86902773 -0.16733527 0.4656068
vn -0.9162838 -0.13147266 0.37833714
vn -0.9344186 0.0677465 0.34967446
vn -0.91135865 -0.0656959 0.40633658
vn -0.8537785 -0.21295355 0.47509268
vn -0.8414716 -0.21883485 0.49400085
vn -0.7985225 -0.23639695 0.55360484
vn -0.75286573 -0.26800096 0.6011395
vn -0.7412326 -0.30163452 0.59965897
vn -0.8127818 -0.22956942 0.53542846
vn -0.73882556 -0.33037573 0.5873574
vn -0.8211242 -0.24199036 0.5169098
vn -0.6387017 -0.42010695 0.6446474
vn -0.533525 -0.56279933 0.6313541
vn -0.6975527 -0.3321195 0.6349149
vn -0.91999817 0.022071179 0.39130065
vn -0.7813647 -0.12922996 0.61054796
vn -0.8037269 -0.13672458 0.57907635
vn -0.9157966 0.021728521 0.40105417
vn -0.83192915 -0.12515806 0.5405824
vn -0.9044225 -0.0059020277 0.42659706
vn -0.16319785 -0.67181665 0.72251564
vn -0.17211387 -0.70980567 0.68304664
vn 0.08658659 -0.7049562 0.7039457
vn -0.56046814 -0.47455126 0.6787316
vn -0.80674434 -0.18135917 0.562381
vn -0.84915936 -0.14136244 0.5088664
vn -0.90073955 -0.041638874 0.4323592
vn -0.89865696 -0.037670217 0.43703154
vn -0.89369816 -0.06502786 0.44393125
vn -0.8958885 -0.069531575 0.43880415
vn -0.88534844 -0.11801869 0.44969955
vn -0.89018273 -0.12256531 0.43880793
vn -0.88177127 -0.08501959 0.46395162
vn -0.8655991 -0.14933008 0.47795263
vn -0.89175755 -0.047300074 0.45003468
vn -0.8631795 -0.1750652 0.4735751
vn -0.87140816 -0.18063556 0.45609057
vn -0.840439 -0.20324251 0.50234926
vn -0.78605914 -0.23995553 0.5696774
vn -0.7689718 -0.2497712 0.5884698
vn -0.74426544 -0.30751765 0.5928759
vn -0.74713224 -0.30708975 0.58948225
vn -0.78040427 -0.32202086 0.5359774
vn -0.75262725 -0.3357451 0.5664163
vn -0.74388456 -0.3100104 0.5920552
vn -0.7931969 -0.34045157 0.50490725
vn -0.7761138 -0.21498978 0.59281254
vn -0.88783693 -0.15770546 0.43228996
vn -0.8545515 -0.18677312 0.484621
vn -0.9055386 -0.17252128 0.3876032
vn -0.84601885 -0.14729024 0.51240385
vn -0.81725293 -0.20920353 0.5369651
vn -0.79527026 -0.27000806 0.5428083
vn -0.82566416 -0.22606741 0.516887
vn -0.54331344 0.5417045 -0.6413788
vn -0.5198973 0.5486098 -0.65477794
vn -0.45477885 0.56155866 -0.6912511
vn -0.48403576 0.5665741 -0.6668607
vn -0.795481 0.49129185 -0.35474256
vn 0.30585358 0.42266318 -0.85311747
vn -0.4029719 0.5504228 -0.7311966
vn -0.93017465 0.36705643 -0.006687174
vn -0.5189017 0.55532545 -0.6498882
vn 0.051377766 0.49831733 -0.86547107
vn 0.042386014 0.4927496 -0.86913824
vn -0.21408243 0.53835887 -0.8150696
vn -0.22853713 0.51936555 -0.8234259
vn -0.6888116 0.51155555 -0.5136629
vn -0.77656895 0.45395935 -0.43687707
vn -0.21339038 0.55683225 -0.8027468
vn -0.711457 0.52328134 -0.46904752
vn -0.005721098 0.4992442 -0.86644244
vn -0.36149094 0.57230604 -0.73606396
vn -0.27594224 0.5754351 -0.76988983
vn -0.3190134 0.54484475 -0.7754835
vn -0.17887458 0.57683337 -0.7970365
vn -0.16991913 0.57014304 -0.80378133
vn -0.16881053 0.5677935 -0.80567586
vn -0.17224999 0.5766026 -0.798661
vn -0.16898356 0.5651177 -0.8075187
vn -0.13214141 0.5699061 -0.8110152
vn -0.20685099 0.5474582 -0.8108651
vn -0.23957187 0.54232913 -0.80528533
vn -0.2048262 0.5578535 -0.80426717
vn -0.35733837 0.55887645 -0.748309
vn -0.36363804 0.54332227 -0.7566824
vn -0.40452278 0.53238827 -0.7435886
vn -0.2716699 0.57890713 -0.76880556
vn -0.3017762 0.57184154 -0.7628423
vn -0.3138129 0.57439727 -0.7560352
vn -0.32300246 0.5820432 -0.7462541
vn -0.3186468 0.57944316 -0.7501399
vn -0.33915344 0.58643895 -0.7355707
vn -0.2771853 0.551802 -0.786564
vn -0.2780497 0.5668401 -0.77548736
vn -0.2947682 0.5436793 -0.7858273
vn -0.18518282 0.51480204 -0.83707
vn -0.14429376 0.5255935 -0.83840966
vn -0.13719696 0.5489775 -0.82450026
vn -0.23190124 0.56903225 -0.7889386
vn -0.1632299 0.5712867 -0.8043553
vn -0.29030713 0.5422263 -0.78848743
vn -0.33230978 0.5251603 -0.7834391
vn -0.5004157 0.5118747 -0.698261
vn -0.4750674 0.525508 -0.7057991
vn -0.6998126 0.4765349 -0.5321436
vn -0.6840245 0.47136924 -0.5567059
vn -0.81793046 0.42396542 -0.38889983
vn -0.80166477 0.42528206 -0.4200819
vn -0.7001511 0.48794824 -0.5212437
vn -0.83865744 0.4210237 -0.34553263
vn -0.46885002 0.5413266 -0.6979579
vn 0.14124195 0.47554407 -0.8682791
vn 0.1264613 0.46742418 -0.87494123
vn -0.021243136 0.46664178 -0.8841913
vn -0.030361138 0.45942646 -0.88769674
vn -0.4447452 0.4898622 -0.74982446
vn -0.5441262 0.46606344 -0.69764715
vn -0.004129218 0.47159705 -0.8818045
vn -0.40455884 0.5030599 -0.76371646
vn 0.06329141 0.47328904 -0.8786306
vn -0.35715276 0.50835127 -0.78359485
vn -0.558778 0.49336883 -0.6665991
vn -0.26648065 0.5144682 -0.81505245
vn -0.469894 0.5573356 -0.68452656
vn -0.3411417 0.5598343 -0.7551211
vn -0.3329602 0.5659799 -0.7541911
vn -0.41603756 0.57117695 -0.70758015
vn -0.27247193 0.56530803 -0.7785794
vn -0.2893176 0.57100683 -0.768275
vn -0.28513318 0.5528735 -0.78296226
vn -0.2939764 0.5533178 -0.77936983
vn -0.28357288 0.5513805 -0.7845801
vn -0.31235823 0.54779863 -0.7761115
vn -0.31824675 0.5404963 -0.7788342
vn -0.36167246 0.5350137 -0.76351386
vn -0.028961785 0.51748896 -0.85519964
vn -0.15573928 0.5371373 -0.8289926
vn -0.16132152 0.5192964 -0.83922976
vn -0.01897801 0.49370664 -0.8694214
vn -0.1476853 0.49604252 -0.8556465
vn 0.06685069 0.43929863 -0.8958503
vn -0.27128962 0.5401777 -0.7966241
vn -0.26970184 0.5367169 -0.7994973
vn -0.28077802 0.54352343 -0.7910411
vn -0.21424599 0.53021944 -0.82034504
vn -0.15113035 0.5382377 -0.82913196
vn -0.13677323 0.5559954 -0.819855
vn -0.18248612 0.55047524 -0.81466305
vn -0.10261665 0.54050833 -0.8350572
vn -0.2950536 0.5492542 -0.7818333
vn -0.33344766 0.5319164 -0.7783814
vn -0.6471181 0.4308193 -0.6289936
vn -0.61735857 0.45072702 -0.6447585
vn -0.74015003 0.40742168 -0.5349631
vn -0.7244312 0.40740255 -0.5560779
vn -0.7893751 0.38216937 -0.4804513
vn -0.74153554 0.4005518 -0.5382224
vn -0.74165976 0.4150356 -0.5269594
vn -0.804641 0.38014588 -0.45611617
vn -0.6126072 0.4690162 -0.63618886
vn -0.017045902 0.47184938 -0.8815144
vn -0.030181292 0.46721685 -0.8836275
vn -0.2520072 0.47096208 -0.8453917
vn -0.26647505 0.45634782 -0.8489627
vn -0.67137206 0.40914953 -0.61794513
vn -0.7632463 0.3538799 -0.54057753
vn -0.23232865 0.4837006 -0.84383476
vn -0.60947406 0.44249913 -0.6578266
vn -0.11230134 0.46988764 -0.87555355
vn -0.48655236 0.46810502 -0.7376615
vn -0.593318 0.44953054 -0.6677545
vn -0.44515532 0.46421036 -0.765732
vn -0.17164454 0.5498694 -0.8174238
vn -0.20322385 0.5459026 -0.81282866
vn -0.20649077 0.54018533 -0.81581944
vn -0.1803478 0.5462618 -0.81796867
vn -0.25802478 0.54014504 -0.8010409
vn -0.22561374 0.54838294 -0.80521715
vn -0.27182177 0.51570296 -0.8125044
vn -0.32735166 0.5078688 -0.7968125
vn -0.26613995 0.5281979 -0.8063352
vn -0.41186473 0.50683 -0.75729173
vn -0.42049128 0.48719794 -0.76539224
vn -0.4778294 0.46824208 -0.7432553
vn -0.22916165 0.54177254 -0.80868256
vn -0.29718977 0.53446233 -0.7912195
vn -0.25492454 0.5134616 -0.8193721
vn -0.19350585 0.5203077 -0.8317664
vn -0.23404078 0.48729473 -0.84128994
vn -0.14803122 0.48726633 -0.8606151
vn -0.34216014 0.49514362 -0.7985983
vn -0.33597112 0.4815455 -0.8094673
vn -0.38587028 0.5011213 -0.7745848
vn -0.33465356 0.47416708 -0.81435406
vn -0.25606775 0.48562598 -0.835821
vn -0.24006197 0.5019536 -0.83091086
vn -0.31530273 0.54205436 -0.7789488
vn -0.26525268 0.55119187 -0.79109323
vn -0.3995605 0.504029 -0.7657063
vn -0.46395764 0.4646069 -0.7542438
vn -0.5674722 0.42228296 -0.70686096
vn -0.53519076 0.44226134 -0.71970534
vn -0.7040885 0.4069794 -0.58191675
vn -0.68549126 0.40307167 -0.6063291
vn -0.79939646 0.36620277 -0.47629914
vn -0.7603051 0.3772368 -0.5287991
vn -0.70625144 0.4190514 -0.5706179
vn -0.8211944 0.36546597 -0.4382629
vn -0.5308707 0.46092752 -0.7111414
vn -0.063651614 0.4753721 -0.87747926
vn -0.07477852 0.46990833 -0.8795421
vn -0.27680165 0.45821208 -0.8446434
vn -0.29025304 0.44241375 -0.84854186
vn -0.72329605 0.37005642 -0.5830103
vn -0.8223373 0.29731536 -0.4851442
vn -0.25225633 0.47247222 -0.84447426
vn -0.6626388 0.41051334 -0.62640935
vn -0.14325303 0.46654132 -0.87282175
vn -0.46779615 0.45504454 -0.75769466
vn -0.62360305 0.42620376 -0.6553393
vn -0.40856326 0.44852492 -0.7949223
vn -0.3297251 0.5351867 -0.7777253
vn -0.29977018 0.5265712 -0.7955254
vn -0.30364552 0.52847934 -0.7927856
vn -0.33257872 0.5410355 -0.7724455
vn -0.32336032 0.52870196 -0.7848008
vn -0.33625314 0.5455679 -0.7676519
vn -0.30038324 0.49153408 -0.8174131
vn -0.34527588 0.48192763 -0.8053138
vn -0.29541713 0.49747923 -0.8156244
vn -0.37276733 0.47399324 -0.7977311
vn -0.3809579 0.45886013 -0.8026945
vn -0.43821815 0.43997565 -0.78382796
vn 0.008120154 0.54286236 -0.8397824
vn -0.23509663 0.5210004 -0.8205414
vn -0.18857382 0.48222616 -0.8555103
vn 0.05722551 0.48564276 -0.87228227
vn -0.17152964 0.4285325 -0.887095
vn 0.18783449 0.37580347 -0.9074635
vn -0.36643675 0.46022528 -0.8086512
vn -0.36446542 0.44358364 -0.8187787
vn -0.41144547 0.4633787 -0.7848521
vn -0.35368174 0.45164144 -0.8191027
vn -0.2794435 0.47004235 -0.8372404
vn -0.26415488 0.4859792 -0.8330945
vn -0.30397075 0.528575 -0.7925972
vn -0.1909932 0.55861145 -0.80713993
vn -0.41785002 0.46714237 -0.7792171
vn -0.45113933 0.43407297 -0.7797781
vn -0.5198704 0.4157212 -0.74626446
vn -0.49847952 0.43200824 -0.7515897
vn -0.60192215 0.39659792 -0.6931088
vn -0.58321786 0.39542544 -0.7095743
vn -0.6565199 0.37579033 -0.6540361
vn -0.59753495 0.38981587 -0.7007108
vn -0.60680294 0.40428373 -0.6843572
vn -0.6843191 0.37459898 -0.6256061
vn -0.496256 0.44895014 -0.74308395
vn 0.0330481 0.47321168 -0.88032866
vn 0.022879995 0.46551532 -0.88474405
vn -0.089672275 0.4445979 -0.8912304
vn -0.09330205 0.4316645 -0.89719594
vn -0.5017005 0.38585952 -0.7742151
vn -0.6107154 0.32196155 -0.7234414
vn -0.09314926 0.45667294 -0.88474464
vn -0.49005902 0.4122348 -0.76805246
vn -0.03601087 0.46119285 -0.8865689
vn -0.3447252 0.4431549 -0.8275133
vn -0.463316 0.4236383 -0.7783758
vn -0.3222082 0.4465959 -0.83470595
vn 0.14958401 0.54365045 -0.82587457
vn -0.026649645 0.5306289 -0.8471852
vn -0.019557092 0.50888246 -0.8606138
vn 0.14624847 0.5126595 -0.84604466
vn -0.03807381 0.4845439 -0.87393796
vn 0.18320015 0.47995517 -0.85795146
vn -0.17701581 0.4885157 -0.85441077
vn -0.22457397 0.46742633 -0.85503167
vn -0.17242298 0.5101308 -0.8426368
vn -0.32618627 0.4868477 -0.81029737
vn -0.3333098 0.46622768 -0.8194732
vn -0.38256058 0.44489238 -0.80976427
vn -0.14810883 0.45747307 -0.87680227
vn -0.2892086 0.4432004 -0.8484879
vn -0.28758568 0.42168114 -0.8599299
vn -0.17934008 0.426986 -0.88629574
vn -0.28325015 0.3997918 -0.871743
vn -0.14664909 0.39302263 -0.9077595
vn -0.35734063 0.44277176 -0.8223508
vn -0.35252613 0.44527346 -0.8230777
vn -0.39368778 0.435974 -0.8092815
vn -0.26205513 0.45889193 -0.8489672
vn -0.19251072 0.47999442 -0.8558884
vn -0.1766242 0.5030387 -0.8460236
vn -0.17530897 0.46677545 -0.86682606
vn 0.01683451 0.4751985 -0.8797176
vn -0.34672087 0.4458795 -0.8252128
vn -0.37250918 0.44139037 -0.81634027
vn -0.9447731 0.14056724 0.29604843
vn -0.95405334 0.05769273 0.29403028
vn -0.96511745 -0.110848084 0.23719403
vn -0.96779424 -0.123038895 0.21962631
vn -0.95183086 -0.24370271 0.18608323
vn -0.9425611 -0.3000761 0.14674118
vn -0.9624552 -0.090326115 0.2559711
vn -0.95815915 -0.003175349 0.2862184
vn -0.9623171 -0.07629182 0.26100832
vn -0.95334387 0.059281148 0.29600877
vn -0.89765465 0.19061041 0.39734593
vn -0.938125 -0.17389494 0.29946953
vn -0.96007985 -0.15873678 0.23032428
vn -0.85616827 -0.48748583 0.17127009
vn -0.9120899 -0.3827968 0.14682859
vn -0.90602577 -0.16303739 0.39055872
vn -0.7669 -0.5982148 0.23238648
vn -0.7412286 0.39122993 0.5454533
vn -0.9633988 -0.14077817 0.22813194
vn -0.96482325 -0.10895927 0.23925726
vn -0.9622902 -0.010086278 0.27183777
vn -0.9491275 0.059233043 0.30927083
vn -0.9454955 0.03262689 0.32399654
vn -0.9492719 -0.12807676 0.28719187
vn -0.9544436 -0.1244748 0.2711891
vn -0.90407145 -0.36942104 0.21490222
vn -0.9038808 -0.38906947 0.17783289
vn -0.9385726 -0.17151375 0.29944044
vn -0.82446295 -0.5350922 0.1842204
vn -0.9424347 -0.008254225 0.33428824
vn -0.93385816 -0.11441473 0.33884835
vn -0.91328824 -0.08218075 0.39893728
vn -0.8695385 -0.36277482 0.33510783
vn -0.88602966 -0.36672485 0.28366226
vn -0.78846556 -0.55333304 0.2685974
vn -0.77298343 -0.5998975 0.20644529
vn -0.85077244 -0.34840593 0.3934457
vn -0.7346792 -0.60010254 0.31642276
vn -0.84137446 0.13214415 0.5240487
vn -0.94000196 -0.11076854 0.32268664
vn -0.91483873 -0.2872038 0.2838734
vn -0.7628552 -0.6232253 0.17216912
vn -0.9327995 -0.08238101 0.35085377
vn -0.92730886 -0.084730364 0.3645806
vn -0.9126511 -0.24912821 0.32404178
vn -0.91488814 -0.2566124 0.31165653
vn -0.8663747 -0.42079166 0.26894113
vn -0.86531836 -0.43546805 0.24817678
vn -0.90975183 -0.23391312 0.34298143
vn -0.811112 -0.53326106 0.24027053
vn -0.91947067 -0.0061473562 0.39311054
vn -0.9080831 0.017717468 0.41841516
vn -0.8921238 -0.0019372927 0.4517868
vn -0.8779919 -0.2520248 0.40695664
vn -0.89451027 -0.25966474 0.36390334
vn -0.7902757 -0.52136356 0.32193843
vn -0.76702696 -0.5918534 0.24774843
vn -0.8600511 -0.2369342 0.45185652
vn -0.721886 -0.5906528 0.36056888
vn -0.8503156 0.102867745 0.51612175
vn -0.9140214 0.02001649 0.4051719
vn -0.9045821 -0.24134554 0.35140228
vn -0.76229584 -0.6090115 0.21911187
vn -0.92003965 -0.072489485 0.38506138
vn -0.91297585 -0.06753298 0.40238586
vn -0.88832283 -0.27048182 0.37110928
vn -0.8851044 -0.30374578 0.35260278
vn -0.81015927 -0.4952228 0.3136819
vn -0.80573815 -0.5162186 0.2903522
vn -0.89907545 -0.15680023 0.40875062
vn -0.74247175 -0.5997104 0.29846796
vn -0.9028547 0.04650998 0.42742276
vn -0.856182 0.27687266 0.4362269
vn -0.8124604 0.36085892 0.457918
vn -0.8618952 -0.042392988 0.50531125
vn -0.8893024 -0.032669187 0.45615128
vn -0.6735868 -0.60729057 0.4212825
vn -0.6249615 -0.7088251 0.32709342
vn -0.8332628 -0.02019661 0.55250806
vn -0.54277843 -0.7129205 0.44399995
vn -0.7162396 0.5215458 0.463671
vn -0.8891238 0.13831897 0.43626446
vn -0.89978546 -0.042654667 0.43424273
vn -0.65807664 -0.6943376 0.29125658
vn -0.8236351 0.42981163 0.36998263
vn -0.81885105 0.40545467 0.40631208
vn -0.8957449 -0.03057874 0.44351554
vn -0.90813327 -0.04477804 0.41627976
vn -0.75220096 -0.54429287 0.37140137
vn -0.73085064 -0.6050474 0.3158718
vn -0.8730791 -0.10393368 0.47637236
vn -0.6204993 -0.70445704 0.34455895
vn -0.80659354 0.39981577 0.43537825
vn -0.8536333 -0.1379761 0.5022677
vn -0.8336813 -0.11336618 0.54048455
vn -0.7612475 -0.38179752 0.52414966
vn -0.76916915 -0.43751648 0.4657877
vn -0.5322618 -0.7361228 0.41811556
vn -0.4883347 -0.81253934 0.3182909
vn -0.73871225 -0.3456847 0.5786245
vn -0.35921043 -0.81283873 0.45854235
vn -0.80687106 0.005457863 0.5907024
vn -0.8687175 0.074365616 0.48969343
vn -0.81883633 -0.3308512 0.4690891
vn -0.51764286 -0.7983965 0.30758563
vn -0.88569343 0.0059948135 0.46423182
vn -0.8673054 -0.0034781662 0.49776423
vn -0.8248047 -0.28764307 0.486784
vn -0.8358163 -0.297671 0.4613058
vn -0.7052582 -0.5627613 0.43117347
vn -0.70324075 -0.59669584 0.38653138
vn -0.79249775 -0.32864526 0.5137505
vn -0.6093091 -0.6709426 0.42258552
vn -0.8497993 0.009576771 0.52701944
vn -0.82147205 -0.12733096 0.55585116
vn -0.79737455 -0.070664726 0.5993332
vn -0.6938632 -0.44784924 0.5639015
vn -0.69741213 -0.5053579 0.5081631
vn -0.5259989 -0.7100645 0.46811715
vn -0.493658 -0.7734231 0.39764124
vn -0.6710199 -0.4176683 0.6126055
vn -0.43989387 -0.7490029 0.49546754
vn -0.74986196 0.1280215 0.6490898
vn -0.8307848 -0.12801443 0.5416723
vn -0.73065144 -0.46047723 0.50409245
vn -0.5192463 -0.7590932 0.39263317
vn -0.917293 0.03246494 0.3968873
vn -0.90773207 0.0050297896 0.41952023
vn -0.8861347 -0.16827562 0.431797
vn -0.89241797 -0.16573524 0.41966894
vn -0.8462017 -0.31221837 0.43181285
vn -0.8471482 -0.3311602 0.41553923
vn -0.85865045 -0.25087827 0.44696698
vn -0.79915005 -0.41148713 0.43822083
vn -0.89353085 -0.07770586 0.44222662
vn -0.88351065 -0.10560634 0.45635098
vn -0.87800574 -0.023808561 0.4780576
vn -0.83992213 -0.21419922 0.4986477
vn -0.83280945 -0.30498734 0.4619645
vn -0.7107292 -0.5033054 0.4914751
vn -0.6612965 -0.6180999 0.4250169
vn -0.827913 -0.17001906 0.53446573
vn -0.61862224 -0.5498086 0.56126374
vn -0.8595599 0.07906323 0.504882
vn -0.87230074 -0.1880918 0.45134568
vn -0.8243782 -0.345392 0.44844735
vn -0.70601654 -0.57027394 0.41991463
vn -0.9038155 0.096090555 0.4169942
vn -0.8968497 0.09188772 0.43268612
vn -0.89346963 0.0006191612 0.44912323
vn -0.89815784 -0.0019626415 0.43966883
vn -0.8828749 -0.0876995 0.4613466
vn -0.887525 -0.10239372 0.44923806
vn -0.88351893 -0.035365026 0.46705845
vn -0.8643663 -0.15034534 0.47986165
vn -0.8904342 0.07229504 0.44933325
vn -0.87030965 -0.09011493 0.48419046
vn -0.8666239 -0.062423173 0.49504185
vn -0.8446728 -0.17038924 0.50744
vn -0.84208196 -0.21295342 0.49552876
vn -0.80932635 -0.28456894 0.5138204
vn -0.7896174 -0.35761338 0.49861503
vn -0.8398124 -0.15578121 0.5200455
vn -0.7919007 -0.29356927 0.53545344
vn -0.8611495 -0.014003386 0.50815886
vn -0.87939715 -0.047881078 0.47367504
vn -0.8594667 -0.1589172 0.4858625
vn -0.81818074 -0.29699713 0.49231386
vn -0.8825476 -0.19283196 0.42886534
vn -0.88275576 -0.19500656 0.4274514
vn -0.88702905 -0.181295 0.42463106
vn -0.8881582 -0.17554156 0.4246883
vn -0.8913017 -0.16689014 0.42157915
vn -0.8932286 -0.15692796 0.42132685
vn -0.8754375 -0.21884613 0.43094727
vn -0.8761627 -0.2167432 0.43053603
vn -0.8742581 -0.22223625 0.43160608
vn -0.92203796 -0.009434191 0.3869845
vn -0.915743 0.02478692 0.40099922
vn -0.89106804 -0.09912524 0.442913
vn -0.8920772 -0.15027641 0.42616338
vn -0.8207557 -0.2892534 0.49263838
vn -0.79330844 -0.3854124 0.47129506
vn -0.88339245 -0.07012098 0.46335825
vn -0.7792294 -0.29780906 0.5514629
vn -0.90641874 0.086358845 0.4134576
vn -0.898694 -0.14303811 0.41459528
vn -0.87651974 -0.21550882 0.43042898
vn -0.82355976 -0.34224162 0.45234936
vn -0.8448022 -0.16756049 0.508166
vn -0.84552956 -0.16893686 0.50649786
vn -0.84998107 -0.15947227 0.50209635
vn -0.8509027 -0.15545464 0.5017953
vn -0.8545441 -0.14949743 0.49739814
vn -0.856636 -0.14168428 0.49608505
vn -0.83984953 -0.18239824 0.5112569
vn -0.83918387 -0.18373564 0.51187074
vn -0.8398074 -0.18248305 0.51129586
vn -0.92425287 0.08737103 0.3716489
vn -0.92074287 0.13698266 0.36533314
vn -0.8821978 -0.01271659 0.47070724
vn -0.87442803 -0.08798156 0.47711098
vn -0.6858025 -0.34063935 0.6431483
vn -0.57881844 -0.502294 0.64239395
vn -0.87751263 0.030738184 0.47856742
vn -0.585839 -0.35932866 0.72641283
vn -0.913741 0.20621444 0.3500757
vn -0.88576424 -0.07507224 0.45802394
vn -0.8473968 -0.16642322 0.50420433
vn -0.70215875 -0.39147133 0.5947464
vn -0.9451596 0.15044624 0.28989524
vn -0.9092119 -0.3802987 0.16943043
vn -0.9209914 -0.3509849 0.16906929
vn -0.9622035 0.036106706 0.26992726
vn -0.9291544 -0.3308003 0.1650555
vn -0.9551413 -0.2157976 0.20282143
vn -0.6713107 -0.7409096 -0.019870944
vn -0.71986425 -0.6940941 -0.0053625614
vn -0.607355 -0.7933292 -0.04181698
vn -0.7978202 -0.60169303 0.038057834
vn -0.892826 -0.4338875 0.12084432
vn -0.8790526 -0.46237785 0.11607463
vn -0.7744495 -0.63215643 0.024619391
vn -0.77513283 -0.6304919 0.04060853
vn -0.7245916 -0.6890351 -0.014054491
vn -0.8987039 -0.4319308 0.07594178
vn -0.99080867 -0.100253895 0.090814926
vn -0.5577723 -0.82606626 0.08065123
vn -0.45287737 -0.8895543 0.059960164
vn -0.8596329 0.5044583 0.0809515
vn -0.60410327 -0.79023576 0.1028919
vn -0.3869172 -0.92025554 -0.058522202
vn -0.40662587 -0.9117195 -0.05850605
vn -0.6957083 -0.7182979 -0.00617627
vn -0.6924248 -0.72146016 0.0065712435
vn -0.7133922 -0.70057803 -0.01618582
vn -0.4109185 -0.9095715 -0.061851967
vn -0.2612053 -0.9618095 0.081818566
vn -0.5595453 -0.82466495 0.08268499
vn -0.34274408 -0.9381209 0.04955462
vn -0.3659989 -0.92916965 0.051851735
vn -0.6004414 -0.79966414 0.0027056746
vn -0.4210105 -0.90590155 -0.045744967
vn -0.70580274 -0.708032 0.023091486
vn -0.7220064 -0.6909153 0.03664402
vn -0.69008255 -0.72307974 -0.03068786
vn -0.7321689 -0.68100834 0.012503113
vn -0.8075774 -0.58802193 0.045265824
vn -0.8791319 -0.4631093 0.112502664
vn -0.6310318 -0.7724469 -0.07158723
vn -0.74260217 -0.6697073 -0.0058486527
vn -0.95025176 -0.24179348 0.19636062
vn -0.96570635 -0.013878363 0.25926554
vn -0.9642855 -0.04792193 0.26049373
vn -0.9310467 0.20154715 0.30418864
vn -0.92426103 -0.349158 0.15437064
vn -0.9555159 -0.20846441 0.20864302
vn -0.7704164 -0.63273114 0.07816547
vn -0.40015775 -0.91214466 0.088689856
vn -0.9348982 0.34865233 0.06638474
vn -0.9316782 -0.35534984 0.07551311
vn -0.51631284 0.85587937 0.029859733
vn -0.928568 0.36921456 0.03797449
vn -0.45621312 0.889111 0.03675922
vn -0.92008126 0.38749227 0.057447903
vn -0.7982337 -0.5975869 0.07558356
vn -0.8951813 -0.43489572 0.09755074
vn -0.97062314 -0.10890268 0.2145481
vn -0.88784915 0.4163811 0.19583313
vn -0.8085916 0.50868714 0.29566368
vn -0.42293516 0.8891237 0.1748856
vn -0.66590184 0.6865797 0.2918614
vn -0.31839 0.93375534 0.16348937
vn -0.9753564 -0.18048126 0.12691116
vn -0.97564214 -0.17796327 0.12826346
vn -0.87967175 -0.46476713 0.10084192
vn -0.9622858 -0.23347838 0.13962057
vn -0.9771098 -0.15005977 0.1507931
vn -0.97680485 -0.13678582 0.16474809
vn -0.8460699 -0.52318716 0.10218121
vn -0.38955694 -0.9209663 -0.008148469
vn -0.42863604 -0.90347725 0.00020851384
vn -0.44059655 -0.8976771 0.007101643
vn -0.5025336 -0.8645031 0.0097169895
vn -0.37837738 -0.9255979 -0.009951607
vn -0.8856059 0.4480673 0.122220926
vn -0.86234754 -0.5008879 0.07394597
vn -0.34100646 0.93537396 0.09375608
vn -0.41377792 0.90563625 0.09279463
vn -0.98925817 -0.067446455 0.12968925
vn -0.9736757 -0.026283812 -0.22641723
vn -0.96689004 0.09430795 -0.23712802
vn -0.9723296 0.20165196 -0.11794744
vn -0.9517041 0.2847734 -0.114731915
vn -0.906308 0.40825698 -0.1092341
vn -0.978434 -0.10032635 -0.1805589
vn -0.9998426 0.0024306239 0.017576933
vn -0.96347785 -0.119875714 -0.23945817
vn -0.91862476 0.3872694 0.07842805
vn -0.9066968 0.42114922 -0.023113811
vn -0.92376804 0.33868003 0.17874113
vn -0.98578477 0.16624172 0.024332864
vn -0.96166635 0.12200364 0.24558693
vn -0.93036956 0.159783 0.3299725
vn -0.9522179 -0.2518119 0.17283475
vn -0.92894435 -0.1729587 0.32733417
vn -0.9315923 -0.08071445 0.3544305
vn -0.91485924 -0.2656026 0.3041181
vn -0.9753401 -0.12105646 0.18454538
vn -0.91442114 -0.3076126 0.26307508
vn -0.9802355 -0.149673 -0.12936892
vn -0.97051895 -0.24023466 -0.019500826
vn -0.97020704 -0.20144854 0.13459846
vn -0.947099 0.31937137 0.031709705
vn -0.9415436 0.08076082 0.3270679
vn -0.97379947 0.052677188 0.22122331
vn -0.97655916 0.13723126 0.16583066
vn -0.9561593 0.21988128 0.19342087
vn -0.97414297 0.19374761 0.11622109
vn -0.95813614 0.26987898 0.09560602
vn -0.97071975 -0.031067166 0.23819725
vn -0.9594257 -0.00026325104 0.28196138
vn -0.97495824 -0.022567568 0.22124003
vn -0.9771215 0.17811081 0.116233386
vn -0.9825402 0.17853332 0.052351065
vn -0.9765295 0.15147938 0.15311475
vn -0.99576044 0.047380917 0.07884311
vn -0.9317407 0.065444544 0.35717824
vn -0.9152958 0.107321255 0.38822135
vn -0.8389731 -0.24735932 0.48470354
vn -0.7982769 -0.14889213 0.5835967
vn -0.81421536 -0.0655035 0.5768558
vn -0.7673541 -0.26430127 0.58421963
vn -0.8846152 -0.16945629 0.43444282
vn -0.7627121 -0.35524538 0.5404359
vn -0.95042723 -0.08219855 0.29988584
vn -0.8973934 -0.22025633 0.3823248
vn -0.8400566 -0.2795692 0.46491504
vn -0.9349769 0.22897841 0.2709006
vn -0.7538789 -0.27772376 0.5954293
vn -0.9181094 -0.1881615 0.34881282
vn -0.97341573 -0.0009162865 0.2290437
vn -0.951547 0.10124738 0.29035702
vn -0.97098714 0.18212745 0.15496302
vn -0.9411519 0.32321575 0.09881651
vn -0.9376895 -0.1795936 0.29746366
vn -0.9330022 -0.095021434 0.34709927
vn -0.93181133 -0.21196063 0.29461887
vn -0.9471194 0.25224638 0.1983344
vn -0.94884664 0.29929593 0.1005584
vn -0.93552715 0.23313875 0.26539636
vn -0.9717474 0.11747853 0.20470916
vn -0.9029174 0.009795511 0.42970255
vn -0.8811306 0.05627968 0.46951202
vn -0.81353354 -0.30671605 0.49405307
vn -0.79347014 -0.23453607 0.561603
vn -0.8055944 -0.16501516 0.5690235
vn -0.767845 -0.31144074 0.5598381
vn -0.83766943 -0.23993592 0.4906533
vn -0.7651037 -0.34595984 0.5430728
vn -0.9371972 -0.15197586 0.31395015
vn -0.8700108 -0.2816482 0.40466723
vn -0.8507584 -0.2308871 0.4721243
vn -0.9005965 0.38397267 0.2036933
vn 0.9570588 0.09358253 -0.2743735
vn 0.9533969 0.2441409 -0.17728366
vn 0.95055795 0.18300682 -0.25089452
vn 0.91790956 0.026005702 -0.39593652
vn 0.95172316 0.1053666 -0.288307
vn 0.8942826 -0.0246074 -0.44682565
vn 0.9279222 0.29873198 -0.22297902
vn 0.93291104 0.2236123 -0.2822667
vn 0.8765201 0.47142717 -0.09730873
vn 0.94823164 0.040349185 -0.31500584
vn 0.8919025 -0.061987057 -0.4479593
vn 0.92795616 0.02274575 -0.37199467
vn 0.8988744 -0.075601295 -0.43163556
vn 0.93007636 0.15716921 -0.3320479
vn 0.85825676 0.20241426 -0.47161832
vn 0.59554154 0.34441286 -0.72574794
vn 0.7557808 -0.023273123 -0.65441096
vn 0.87534374 -0.026058601 -0.48279843
vn 0.87004733 0.18986262 -0.4549393
vn 0.9306858 0.041318037 -0.36347863
vn 0.9438158 0.117987804 -0.30869162
vn 0.8360072 -0.16064346 -0.5246768
vn 0.86129546 -0.07080441 -0.50314695
vn 0.80091333 -0.18047345 -0.57093537
vn 0.89993346 -0.100269146 -0.42434174
vn 0.8420722 -0.12801875 -0.5239519
vn 0.8121061 -0.11665798 -0.5717295
vn 0.9133265 0.07180529 -0.40084746
vn 0.92359304 -0.07093842 -0.37675413
vn 0.8606176 -0.09540295 -0.50023556
vn 0.8009835 -0.3752162 -0.46651718
vn 0.85194856 0.07925294 -0.51759315
vn 0.8233358 0.089810476 -0.5604036
vn 0.8116553 -0.064530775 -0.5805614
vn 0.8370565 0.0074937325 -0.54706514
vn 0.94137615 0.3294809 -0.07247963
vn 0.912474 0.4077612 -0.033496786
vn 0.93245137 0.3561976 -0.060479186
vn 0.9563016 0.23288451 -0.17678222
vn 0.96860963 0.2320706 -0.08909869
vn 0.97336113 0.06292094 -0.22047462
vn 0.9059648 0.42205688 -0.033102054
vn 0.90327793 0.41612375 -0.104546614
vn 0.8991225 0.4372798 -0.019110473
vn 0.9658791 0.1272309 -0.22558796
vn 0.9529129 -0.10600785 -0.2841114
vn 0.87353563 0.12592213 -0.47019055
vn 0.8674824 -0.16824853 -0.46815246
vn 0.85332435 0.40495902 -0.3283988
vn 0.5267602 0.5062937 -0.68278134
vn 0.3474354 0.5322972 -0.7719769
vn 0.66902876 0.15182483 -0.7275643
vn 0.818806 0.11956372 -0.5614813
vn 0.7137568 0.41148022 -0.5667762
vn 0.9151114 -9.25859E-05 -0.40320104
vn 0.87811595 0.30756977 -0.36648765
vn 0.88004273 -0.03124751 -0.47386542
vn 0.90083045 -0.14380762 -0.40966317
vn 0.84162486 -0.011098751 -0.5399486
vn 0.9614396 0.12158996 -0.24667738
vn 0.93986195 0.047348905 -0.33825675
vn 0.92575705 -0.09644999 -0.36561078
vn 0.958515 -0.062366508 -0.27813563
vn 0.9488921 0.23185535 -0.21411864
vn 0.9897459 0.04441814 -0.13575724
vn 0.8694137 0.49368575 0.019854967
vn 0.8935714 -0.27754694 -0.35284254
vn 0.90026796 -0.31025034 -0.30538887
vn 0.8891195 -0.25638664 -0.3791205
vn 0.8199118 -0.33939496 -0.46103773
vn 0.8516103 0.39234945 -0.34759426
vn 0.8846115 0.35369068 -0.30391687
vn 0.9333921 0.2548999 -0.25259706
vn 0.90147954 0.2615894 -0.344827
vn 0.9728763 -0.111592665 -0.20262975
vn 0.93897307 -0.12030949 -0.32226565
vn 0.95915693 0.11971332 -0.25629428
vn 0.97479504 -0.15134272 -0.16392083
vn 0.90705097 0.035990637 -0.41947976
vn 0.89531785 -0.39667976 -0.20261082
vn 0.86243975 -0.4207148 -0.28141907
vn 0.8527227 -0.43248641 -0.2929497
vn 0.81992096 -0.47768047 -0.31551704
vn 0.9200966 -0.3336467 -0.20518824
vn 0.8577086 -0.24797535 -0.45038232
vn 0.8620982 0.10357441 -0.4960434
vn 0.8425495 0.1882921 -0.504635
vn 0.83130115 0.109085165 -0.5450127
vn 0.83143395 0.096154526 -0.54724026
vn 0.8398579 -0.103084266 -0.53292817
vn 0.8424916 -0.014179512 -0.5385228
vn 0.8341486 0.1316712 -0.5355921
vn 0.84290105 -0.14507551 -0.5181418
vn 0.833359 0.25598118 -0.48988405
vn 0.8373353 0.32077676 -0.44268718
vn 0.8611726 0.18019238 -0.47530243
vn 0.8779557 -0.14620763 -0.45586962
vn 0.84017974 -0.2969002 -0.45381525
vn 0.88385296 -0.1287512 -0.44969663
vn 0.8688897 -0.33937037 -0.36035877
vn 0.97617596 0.14922026 -0.15752386
vn 0.810919 -0.38091367 -0.4442017
vn 0.81272745 -0.44658554 -0.37421307
vn 0.8239997 -0.40944135 -0.39164045
vn 0.8007626 -0.47550625 -0.36424315
vn 0.83629465 0.18220165 -0.51712066
vn 0.83589447 0.20574379 -0.5088712
vn 0.85122216 0.14986356 -0.502953
vn 0.8347837 0.12096331 -0.5371257
vn 0.90769583 -0.008216088 -0.4195483
vn 0.8688898 -0.03082163 -0.49404508
vn 0.8593415 0.14322926 -0.49093542
vn 0.91954225 -0.012438964 -0.39279425
vn 0.8348802 0.2154675 -0.5065065
vn 0.9353701 -0.18816262 -0.29946214
vn 0.89768875 -0.208424 -0.38821945
vn 0.92442703 -0.2518329 -0.2863824
vn 0.9118238 -0.2760808 -0.30390254
vn 0.9425066 -0.16228892 -0.29213625
vn 0.91559297 -0.16746256 -0.3655759
vn 0.44460118 0.5813455 -0.68144494
vn 0.6888104 0.23525439 -0.68570805
vn 0.80672246 0.23931499 -0.5403029
vn 0.7425067 0.46913445 -0.47811785
vn 0.87912464 0.22217011 -0.42163998
vn 0.823103 0.47587052 -0.3099173
vn 0.81283695 0.0843186 -0.5763562
vn 0.8518893 0.028354935 -0.5229537
vn 0.7569597 0.07558401 -0.6490756
vn 0.8190111 0.11105212 -0.5629283
vn 0.81491417 0.070200555 -0.57531446
vn 0.8293403 -0.046937063 -0.5567689
vn 0.9094998 0.29736385 -0.29049057
vn 0.8202881 0.55251193 -0.14784437
vn 0.87316304 0.47923458 -0.08899742
vn 0.61381555 0.7767842 0.14084326
vn 0.8955321 -0.005710923 -0.44496033
vn 0.9576078 0.12721309 -0.258465
vn 0.85834354 -0.17099214 -0.48374376
vn 0.9241749 -0.16447797 -0.34474307
vn 0.74137527 0.6570323 -0.13664272
vn 0.64253443 0.75391287 -0.13698523
vn 0.72449774 0.6548607 -0.21508266
vn 0.7660713 0.6000461 -0.2303897
vn 0.9213129 0.1705765 -0.34940827
vn 0.9172532 0.163646 -0.3631343
vn 0.69952184 0.67514825 -0.23418792
vn 0.94003105 0.18717578 -0.28514358
vn 0.6003144 0.7654567 -0.23172994
vn 0.6497151 0.6487245 -0.39626607
vn 0.7332102 0.61888134 -0.28175998
vn 0.95897585 0.22002818 -0.17875376
vn 0.78738153 0.5431122 -0.29164958
vn 0.9528756 0.2720059 -0.13431625
vn 0.73839194 0.41462412 -0.5318498
vn 0.93810207 -0.28927165 -0.19049002
vn 0.87718207 -0.38499668 -0.28693062
vn 0.8575705 -0.39765942 -0.32625112
vn 0.78675497 -0.52432585 -0.32572848
vn 0.97182214 -0.119350486 -0.20326634
vn 0.8029092 -0.003943402 -0.5960883
vn 0.84962696 -0.38485357 -0.3605853
vn 0.8605618 -0.34350294 -0.37608397
vn 0.7739945 -0.5317375 -0.34378442
vn 0.8163148 -0.467321 -0.33947188
vn 0.78063285 0.45842716 -0.42480218
vn 0.82936394 0.34759513 -0.43741643
vn 0.8631125 0.29070446 -0.41295
vn 0.83879036 0.37337688 -0.3962581
vn 0.91250503 0.07628898 -0.40188876
vn 0.90643275 0.15657885 -0.39225334
vn 0.87385327 0.22258133 -0.43224767
vn 0.9097509 0.028161887 -0.41419837
vn 0.8508085 0.27373928 -0.44854394
vn 0.8516988 0.27645612 -0.44517544
vn 0.8664302 0.21149068 -0.4522945
vn 0.9018691 0.022079408 -0.43144473
vn 0.85468507 0.22723752 -0.46677253
vn 0.8939532 0.038770676 -0.44648018
vn 0.84033495 0.32116407 -0.43668166
vn 0.9027881 -0.17038096 -0.39489737
vn 0.90243655 -0.18044291 -0.39121434
vn 0.8897361 -0.22835244 -0.39525285
vn 0.8862731 -0.24744132 -0.39152622
vn 0.90242344 -0.15190424 -0.40318367
vn 0.8878919 -0.19644226 -0.41600293
vn 0.90565735 -0.16470739 -0.39071247
vn 0.91270655 -0.12553719 -0.3888537
vn 0.8864928 -0.25006142 -0.38935828
vn 0.89148 -0.23612441 -0.38666344
vn 0.9213259 0.3854959 -0.050511856
vn 0.76976675 0.63788986 -0.023571678
vn 0.8302194 0.5451995 -0.1161606
vn 0.8929803 0.4225529 -0.15503328
vn 0.94665724 0.14956887 -0.28542814
vn 0.94624513 0.10728753 -0.30513862
vn 0.78978074 0.5984975 -0.13433951
vn 0.9531473 0.17729054 -0.24510878
vn 0.7026985 0.7011106 -0.1210733
vn 0.74597186 0.59214586 -0.30477744
vn 0.8181277 0.53701544 -0.20562458
vn 0.963199 0.18720078 -0.19288209
vn 0.8623405 0.44623294 -0.23925926
vn 0.96661115 0.19390678 -0.16752031
vn 0.810948 0.36994353 -0.45332673
vn 0.9411451 -0.21862282 -0.2577788
vn 0.9054741 -0.2750871 -0.32317746
vn 0.8847825 -0.32939357 -0.32963586
vn 0.8494183 -0.39670303 -0.34801614
vn 0.962359 -0.12651236 -0.24054055
vn 0.88809067 -0.12017824 -0.44368026
vn 0.8948659 -0.25905028 -0.36346665
vn 0.9110393 -0.20072827 -0.36016047
vn 0.86299485 -0.36076558 -0.3536779
vn 0.9353629 -0.19725123 -0.29357827
vn -0.88051844 0.3752955 0.28955236
vn -0.90616107 0.34120175 0.24990697
vn -0.8942576 0.34457567 0.2856062
vn -0.8561101 0.41101405 0.3132778
vn -0.8461883 0.36945686 0.38401425
vn -0.79087865 0.45032966 0.414384
vn -0.9543727 0.064425044 0.29158562
vn -0.91262066 0.06314238 0.40390167
vn -0.9592023 0.11900566 0.25645393
vn -0.77850765 0.42436612 0.46242756
vn -0.71329963 0.5097868 0.48095852
vn -0.7347788 0.49244693 0.46647194
vn -0.6212796 0.60753053 0.49489227
vn -0.85739416 0.1426301 0.49450174
vn -0.82846206 0.27782664 0.48627454
vn -0.87810665 -0.28548202 0.38396448
vn -0.8847949 -0.15227272 0.44039866
vn -0.90793353 0.049980156 0.41612345
vn -0.9303787 -0.22423993 0.29002067
vn -0.9816557 0.13564184 0.13398993
vn -0.8547961 -0.4051626 0.32429445
vn -0.9382407 -0.12554757 0.32240072
vn -0.91392386 -0.25331625 0.3171341
vn -0.85939044 -0.32881013 0.39157626
vn -0.68234545 0.2891924 0.6713959
vn -0.99040437 0.10775221 -0.08653695
vn -0.9902576 0.048950445 0.13035999
vn -0.9810845 0.025439395 0.19190091
vn -0.99199855 0.044389393 0.11818836
vn -0.9484593 0.07759168 0.30725303
vn -0.95827913 0.10090026 0.26743272
vn -0.9500586 -0.1509485 0.27313596
vn -0.91904867 -0.08938753 0.38387424
vn -0.96171904 -0.15092221 0.22873332
vn -0.90835744 0.14079054 0.39378262
vn -0.91406465 0.1741404 0.3662799
vn -0.8947836 0.14432596 0.42253083
vn -0.90927017 0.14138216 0.3914573
vn -0.8809772 -0.009666695 0.47305998
vn -0.8740958 0.042608157 0.48388126
vn -0.8386053 -0.31761882 0.44256014
vn -0.83610195 -0.20230053 0.50990975
vn -0.8722084 -0.08418959 0.48183462
vn -0.8576971 -0.27680176 0.43328565
vn -0.95376533 -0.053776946 0.29570204
vn -0.80183715 -0.4239135 0.4211348
vn -0.86907923 -0.4045614 0.28466
vn -0.8632971 -0.3826829 0.329047
vn -0.8116681 -0.46640533 0.35165468
vn -0.8391134 -0.43159726 0.33107778
vn -0.90514356 0.4123254 0.10345459
vn -0.92523456 0.36422738 0.10620487
vn -0.92075676 0.35989934 0.15059711
vn -0.8907341 0.42799115 0.15302415
vn -0.8801719 0.40934813 0.24027394
vn -0.83016217 0.49986467 0.24691316
vn -0.9593069 0.08832733 0.268195
vn -0.9196037 0.13104841 0.37034497
vn -0.9686907 0.11908369 0.21784711
vn -0.8198721 0.49851263 0.28159365
vn -0.7614511 0.59167236 0.26479432
vn -0.7814106 0.5730602 0.24698082
vn -0.6813497 0.69913965 0.21671726
vn -0.87459624 0.24867062 0.41622627
vn -0.85547334 0.38706562 0.3440139
vn -0.8611695 -0.18400203 0.47384626
vn -0.87614214 -0.02981755 0.48112983
vn -0.91127676 0.1559547 0.38112038
vn -0.9040106 -0.142066 0.40321475
vn -0.9766406 0.12333025 0.17596263
vn -0.83019143 -0.30525875 0.4664754
vn -0.9255926 -0.14473009 0.34975934
vn -0.895778 -0.21093561 0.3912645
vn -0.8484031 -0.2670554 0.45704877
vn -0.38770586 0.85457265 0.34552822
vn -0.9246694 -0.2506756 0.28661516
vn -0.9081396 -0.2929971 0.2990572
vn -0.89506686 -0.26863056 0.35593957
vn -0.9122104 -0.23111217 0.33831844
vn -0.8857075 -0.27829185 0.37158567
vn -0.89866644 -0.27746907 0.33971983
vn -0.8160653 -0.42112815 0.3958389
vn -0.83092874 -0.3798657 0.4065212
vn -0.82068884 -0.4732691 0.32013464
vn -0.659149 -0.6872668 0.3052653
vn -0.7076668 -0.5948694 0.38123235
vn -0.7859785 -0.49346665 0.37246275
vn -0.7065624 -0.65013766 0.27944696
vn -0.8750644 -0.44332936 0.19422004
vn -0.59347147 -0.7715548 0.22911741
vn -0.95408016 0.27889276 -0.109315366
vn -0.9750856 0.14143014 0.17089622
vn -0.98371404 -0.093482725 0.15351774
vn -0.9967005 -0.05212967 -0.062213622
vn -0.9448242 -0.2910091 0.15040234
vn -0.9580042 -0.28515297 -0.030262375
vn -0.92335093 -0.2380865 0.3012273
vn -0.86405104 -0.44663158 0.23224139
vn -0.9386159 0.03761711 0.34290683
vn -0.9196322 -0.33334664 0.20774175
vn -0.9383979 -0.31341165 0.14554237
vn -0.8310325 -0.5070579 0.22864224
vn -0.8836888 -0.017466273 0.4677489
vn -0.853499 -0.30892366 0.4196494
vn -0.7351861 -0.6178477 0.2788649
vn -0.809448 -0.1488398 0.5680146
vn -0.6946619 -0.57542986 0.43165416
vn -0.7762937 0.24743532 0.5797792
vn -0.66372305 -0.7160755 0.21611938
vn -0.57693607 -0.7831722 0.23191823
vn -0.85405 0.4716823 0.21934998
vn -0.8750237 0.38145083 0.29804152
vn -0.8502994 0.36567214 0.37851655
vn -0.87676525 0.39315012 0.276976
vn -0.8694456 0.22918466 0.43765134
vn -0.9470844 0.06523088 0.31428656
vn -0.8369646 0.054372195 0.5445493
vn -0.8129492 0.049134985 0.580258
vn -0.9008989 -0.00650517 0.43398026
vn -0.8151693 -0.3615652 0.4525148
vn -0.7963713 -0.27395666 0.5392036
vn -0.83088565 -0.15510978 0.53438747
vn -0.8423413 -0.34669808 0.41262764
vn -0.9624378 -0.11300848 0.24686538
vn -0.8096852 -0.44582793 0.3816377
vn -0.939587 0.34172586 -0.019992948
vn -0.95023054 0.30535856 0.061790146
vn -0.964546 0.24499509 0.09812414
vn -0.9542221 0.2979047 0.02670234
vn -0.96703815 0.20816188 0.14664882
vn -0.9517102 0.2938601 0.08884756
vn -0.96201086 0.035016153 0.27075627
vn -0.95555896 -0.07296044 0.28562886
vn -0.9605068 0.1805647 0.2117147
vn -0.9377034 0.2746617 0.21277538
vn -0.8993132 0.4036009 0.16835107
vn -0.9453484 -0.085350424 0.31469312
vn -0.90183014 0.07023201 0.42634475
vn -0.8723483 -0.14898668 0.4656301
vn -0.8491653 -0.3205014 0.41975844
vn -0.7787454 -0.11908275 0.61593413
vn -0.76616627 -0.35190445 0.537729
vn -0.6960545 0.42275423 0.5803335
vn -0.8442142 -0.38455585 0.37338883
vn -0.79539233 -0.45393237 0.4016173
vn -0.86241895 0.19079715 0.4688603
vn -0.8974693 0.09749212 0.43016768
vn -0.8650718 0.17466913 0.47025687
vn -0.850167 0.23680936 0.47025254
vn -0.8554824 0.21536237 0.47092342
vn -0.8389725 0.2762471 0.46884188
vn -0.86044145 -0.00100068 0.50954837
vn -0.8674639 0.11390171 0.48428592
vn -0.889031 -0.12412329 0.44070095
vn -0.81521165 -0.387715 0.43024063
vn -0.8500714 -0.20284903 0.48603594
vn -0.9071709 -0.0028955983 0.42075238
vn -0.9019599 -0.2665914 0.33970192
vn -0.9872286 0.08745219 0.1331611
vn -0.7949297 -0.50710356 0.33306575
vn -0.89268816 0.4166853 -0.17170079
vn -0.94245005 0.30768636 0.13083191
vn -0.9854202 0.063956656 0.1576594
vn -0.9959295 0.07912201 -0.043175682
vn -0.9703366 -0.09685103 0.22151019
vn -0.98785436 -0.09022677 0.12650271
vn -0.9495532 -0.026483815 0.3124857
vn -0.93125284 -0.22756076 0.28457743
vn -0.91249424 0.2610317 0.31498682
vn -0.9419965 -0.037979465 0.3334669
vn -0.92599136 0.037946362 0.37563288
vn -0.9164851 -0.23708907 0.3222482
vn -0.8514941 0.27786136 0.44469193
vn -0.89722484 -0.022303386 0.4410104
vn -0.86275935 -0.36361548 0.35132617
vn -0.80716527 0.17577161 0.56354994
vn -0.81840885 -0.2821189 0.5006155
vn -0.66482586 0.54370856 0.51223785
vn -0.8243648 -0.46580258 0.32163745
vn -0.76722527 -0.543837 0.34000975
vn -0.9527824 -0.05586051 0.29847172
vn -0.9347648 -0.1574529 0.31847042
vn -0.90385085 -0.18392661 0.3862961
vn -0.94062424 -0.13121077 0.31306508
vn -0.868338 -0.33348182 0.36712262
vn -0.8697129 -0.4730749 0.14071111
vn -0.76958555 -0.4904962 0.40884176
vn -0.7375314 -0.5139326 0.43808755
vn -0.8100574 -0.51428574 0.281633
vn -0.5870133 -0.7909809 0.17252426
vn -0.59619415 -0.7499513 0.28657556
vn -0.6686737 -0.6692628 0.32397962
vn -0.60856164 -0.7817887 0.13586448
vn -0.821124 -0.5672604 0.06301615
vn -0.54049426 -0.8382314 0.072347246
vn -0.94205356 -0.12251013 0.31229213
vn -0.9437962 -0.14915758 0.29495886
vn -0.9420823 -0.17774802 0.2844057
vn -0.94682425 -0.103500485 0.3046497
vn -0.9472953 -0.20637338 0.24503388
vn -0.95506793 -0.092105314 0.28171238
vn -0.86445683 -0.414234 0.28482375
vn -0.83631575 -0.5067755 0.20917596
vn -0.9084562 -0.26909384 0.31983715
vn -0.95022976 -0.20404018 0.2354379
vn -0.9606622 -0.07597234 0.26712605
vn -0.8265522 -0.53595906 0.17192806
vn -0.81576514 -0.40007234 0.4176953
vn -0.70948565 -0.62540257 0.32481027
vn -0.63039535 -0.75288695 0.18911098
vn -0.62907094 -0.6473754 0.4303195
vn -0.5313763 -0.8086889 0.2523124
vn -0.7370295 -0.07240039 0.6719715
vn -0.6066123 -0.7884063 0.10216147
vn -0.5217988 -0.84798926 0.09295314
vn -0.91135013 0.19113849 0.3645641
vn -0.9497051 0.084646255 0.3014883
vn -0.9352251 0.16212384 0.31475365
vn -0.9127305 0.23695351 0.33283037
vn -0.92602944 0.22741543 0.30125016
vn -0.8849795 0.33545268 0.3229284
vn -0.9417452 -0.01630017 0.33593193
vn -0.949104 0.11627796 0.29271314
vn -0.9452537 -0.14150906 0.29405898
vn -0.87385976 -0.40060288 0.27547497
vn -0.93101776 -0.2083469 0.29966235
vn -0.9767348 -0.002894377 0.21443106
vn -0.95410454 -0.26659256 0.13642922
vn -0.9926481 0.08745457 -0.08367438
vn -0.83961177 -0.5202337 0.15623368
vn -0.8633587 0.4214468 -0.27747864
vn -0.95438015 0.29399002 0.05223371
vn -0.9961143 0.043614555 0.07651193
vn -0.98809963 0.06450533 -0.13963586
vn -0.9833275 -0.11165732 0.1435257
vn -0.9933529 -0.09757816 0.061061576
vn -0.9698326 -0.0543536 0.23763503
vn -0.94706327 -0.25222778 0.19862609
vn -0.9395584 0.23581912 0.24823244
vn -0.96971846 -0.04335554 0.24034639
vn -0.94874024 0.04955725 0.31214738
vn -0.94338876 -0.25530297 0.21174994
vn -0.8899685 0.24514575 0.3845252
vn -0.9278446 -0.06000681 0.36810815
vn -0.87886864 -0.40159678 0.25750723
vn -0.85951483 0.124896996 0.4956158
vn -0.8536271 -0.3524822 0.38350627
vn -0.7219991 0.50794643 0.46979538
vn -0.84674805 -0.49283746 0.20032208
vn -0.78843945 -0.5854988 0.18855861
vn -0.753922 -0.121853 0.6455645
vn -0.85741025 0.23055404 0.46010053
vn -0.7870712 0.3659687 0.49657407
vn -0.704874 0.3726826 0.6035399
vn -0.7168419 0.43092278 0.54812706
vn -0.640714 0.50720215 0.57639533
vn -0.9249262 0.053265512 0.37639648
vn -0.8561355 -0.04415985 0.5148611
vn -0.9446544 0.059080824 0.32270342
vn -0.68411577 0.4216163 0.5951683
vn -0.64779925 0.5212198 0.5555952
vn -0.6805901 0.3948767 0.6171463
vn -0.6878074 0.46647897 0.55616397
vn -0.75759625 -0.1010366 0.64485615
vn -0.727945 -0.015535187 0.6854595
vn -0.72425085 -0.60733473 0.32650453
vn -0.6412523 -0.6224082 0.44878003
vn -0.7123183 -0.4322583 0.5529515
vn -0.64691055 -0.6900024 0.32465902
vn -0.88819295 -0.15534274 0.43241403
vn -0.57675093 -0.7804485 0.241368
vn -0.93390894 -0.22476156 0.2780221
vn -0.8802478 -0.3932616 0.26553556
vn -0.7381825 -0.60123813 0.30593997
vn -0.8032825 -0.22767994 0.5503627
vn -0.5738428 -0.7868497 0.22709465
vn -0.88495904 -0.44269443 0.14446163
vn -0.91496265 -0.33925775 0.21851218
vn -0.8304052 -0.45853636 0.3164991
vn -0.87054807 -0.35094613 0.34493887
vn -0.8593349 -0.3134627 0.40408498
vn -0.88665545 -0.4432928 0.13165697
vn -0.7466897 -0.61953217 0.24214551
vn -0.9451473 -0.30592483 0.11448416
vn -0.7737937 -0.45881665 0.43672714
vn -0.8289018 -0.36328578 0.42537656
vn -0.7127462 -0.5387489 0.44915742
vn -0.7740546 -0.5165324 0.36610624
vn -0.59450513 -0.72548145 0.34675682
vn -0.56067336 -0.73209995 0.38687855
vn -0.49022022 -0.86637205 0.09530814
vn -0.38211763 -0.9057068 0.18352467
vn -0.42304954 -0.8708019 0.25046587
vn -0.35546497 -0.92783207 0.113014735
vn -0.5312721 -0.8204347 0.21127449
vn -0.3919816 -0.9195657 0.027375843
vn -0.9108943 -0.36661285 0.1893848
vn -0.7045487 -0.70744604 0.05595702
vn -0.5641522 -0.82517457 0.028622057
vn -0.031335685 -0.7997764 -0.5994796
vn -0.9212264 0.028241137 0.38800043
vn -0.9563485 0.0075508277 0.29213104
vn -0.94716567 0.10698737 0.3023754
vn -0.9101589 0.22119217 0.35026398
vn -0.9293994 0.16403931 0.33061743
vn -0.917696 0.2744834 0.28721586
vn -0.91707546 -0.3134184 0.24645792
vn -0.88167036 -0.29436356 0.36879197
vn -0.9206602 -0.32226565 0.22029446
vn -0.9107652 0.1101535 0.39796105
vn -0.9622668 0.13980775 0.23344472
vn -0.8838517 0.009100547 0.46767873
vn -0.973118 -0.16664545 0.15896735
vn -0.78512764 -0.2581242 0.56298
vn -0.7193069 -0.22834876 0.65609026
vn -0.63190293 -0.71942407 0.2883188
vn -0.5777959 -0.6525908 0.49018073
vn -0.6011813 -0.5464651 0.5830582
vn -0.55928576 -0.7513687 0.35020646
vn -0.7932046 -0.536459 0.28816342
vn -0.5370051 -0.8177337 0.20721272
vn -0.7396972 -0.65183026 0.16722836
vn -0.68920064 -0.703834 0.17210509
vn -0.57811594 -0.8023008 0.14864488
vn -0.6850846 -0.6959596 0.21517263
vn -0.9212264 0.028242536 0.38800037
vn -0.95634836 0.0075510023 0.29213145
vn -0.9471656 0.106987365 0.30237567
vn -0.9101589 0.2211921 0.35026407
vn -0.9293994 0.16403946 0.33061746
vn -0.91769594 0.27448347 0.28721598
vn -0.9170754 -0.31341845 0.24645802
vn -0.8816703 -0.29436356 0.36879212
vn -0.92065996 -0.32226625 0.2202946
vn -0.910765 0.11015367 0.3979614
vn -0.96226686 0.13980766 0.23344454
vn -0.8838513 0.00910092 0.4676795
vn -0.973118 -0.16664496 0.15896787
vn -0.78512746 -0.25812414 0.5629803
vn -0.7193067 -0.22834851 0.65609056
vn -0.63190335 -0.71942365 0.28831893
vn -0.57779557 -0.65259075 0.4901812
vn -0.6011815 -0.54646397 0.5830591
vn -0.55928624 -0.75136864 0.35020578
vn -0.79321045 -0.5364535 0.28815764
vn -0.537006 -0.81773293 0.2072134
vn -0.73969704 -0.6518305 0.16722827
vn -0.6892006 -0.70383406 0.17210507
vn -0.5781161 -0.8023008 0.14864452
vn -0.6850853 -0.69595873 0.21517342
vn -0.94820005 -0.08328688 0.30656153
vn -0.97317076 -0.08687969 0.21305062
vn -0.97007656 0.031240748 0.24078101
vn -0.9380438 0.17951955 0.29638934
vn -0.9534921 0.08636955 0.28877872
vn -0.9382431 0.23742796 0.25165033
vn -0.90003383 -0.41625515 0.12911518
vn -0.8819658 -0.40109903 0.24749927
vn -0.89534307 -0.43419752 0.0991628
vn -0.9325759 0.010815717 0.36081198
vn -0.9742738 0.076222055 0.21208681
vn -0.90514165 -0.11141799 0.4102494
vn -0.9579649 -0.2613294 0.11836489
vn -0.8188748 -0.38468075 0.4259869
vn -0.77232516 -0.3758999 0.5120675
vn -0.63339394 -0.76297855 0.12913497
vn -0.61753464 -0.72557867 0.3036225
vn -0.64667743 -0.6526562 0.39477617
vn -0.57713574 -0.79378814 0.19187172
vn -0.7552629 -0.6352837 0.16122219
vn -0.55167687 -0.8308673 0.07288436
vn -0.7166211 -0.6966939 0.03273902
vn -0.6686435 -0.74287605 0.032420937
vn -0.59043735 -0.8066147 0.027504334
vn -0.70663583 -0.69943154 0.10705775
vn -0.8716937 0.111191116 0.47727004
vn -0.91207093 0.12539704 0.39038727
vn -0.873675 0.2348679 0.42606235
vn -0.79522246 0.3628935 0.48572582
vn -0.8354743 0.27794147 0.47405827
vn -0.7878235 0.4242291 0.4465018
vn -0.9425136 -0.19882569 0.26858225
vn -0.90150756 -0.20332448 0.3820253
vn -0.94776183 -0.21350117 0.23699097
vn -0.8231943 0.19122343 0.53458834
vn -0.8707545 0.28273633 0.40230188
vn -0.8206836 0.060815282 0.5681372
vn -0.95899886 -0.034387182 0.28131607
vn -0.8072772 -0.22497284 0.5456104
vn -0.74627954 -0.23848395 0.6214437
vn -0.7794207 -0.596995 0.19000115
vn -0.7252948 -0.5865272 0.36046252
vn -0.7186823 -0.5206305 0.4609118
vn -0.7234364 -0.64805126 0.23805308
vn -0.8565983 -0.4486144 0.25492048
vn -0.72887874 -0.67510563 0.11387799
vn -0.8574469 -0.50109065 0.11701714
vn -0.8239292 -0.55710185 0.10381803
vn -0.76702476 -0.6367479 0.0788995
vn -0.8361872 -0.5153834 0.18753898
vn 0.18645714 0.9244218 0.33268324
vn 0.007551581 0.91962457 0.39272588
vn 0.060708474 0.9258081 0.373087
vn 0.22983368 0.9267918 0.29704124
vn 0.09127747 0.92246073 0.37514612
vn 0.23562393 0.92914623 0.2849011
vn -0.6483133 0.55360454 0.5226968
vn -0.59004426 0.5553591 0.5860239
vn -0.6844005 0.52436125 0.5065977
vn 0.092220016 0.9110298 0.40189567
vn 0.20422752 0.93354124 0.29460454
vn 0.06922046 0.9000659 0.43022075
vn 0.10075037 0.94605386 0.30794707
vn -0.50595486 0.5351317 0.6764937
vn -0.4480066 0.5372471 0.7146017
vn -0.8954245 -0.16579689 0.41319045
vn -0.83165747 -0.16086401 0.53147775
vn -0.79231954 -0.1061516 0.60080075
vn -0.84615386 -0.31165063 0.43231648
vn -0.8714938 -0.17884642 0.45663172
vn -0.88987833 -0.31329244 0.33160886
vn -0.9333782 -0.15332952 0.32449222
vn -0.92732817 -0.15842226 0.3390646
vn -0.9136053 -0.29693794 0.27776474
vn -0.920116 -0.2686598 0.284971
vn -0.8716943 0.11118635 0.47726992
vn -0.91207117 0.12539634 0.3903869
vn -0.87367475 0.23486863 0.42606235
vn -0.7952227 0.36289388 0.48572513
vn -0.83547485 0.2779403 0.474058
vn -0.7878255 0.42422578 0.4465013
vn -0.9425138 -0.19882415 0.26858258
vn -0.9015076 -0.20332362 0.3820255
vn -0.94776195 -0.21350077 0.23699105
vn -0.8231942 0.19122267 0.5345888
vn -0.87075424 0.28273523 0.40230316
vn -0.8206825 0.060815763 0.5681388
vn -0.9589982 -0.0343868 0.28131825
vn -0.8072769 -0.22497389 0.5456104
vn -0.74627936 -0.23848356 0.62144405
vn -0.7794203 -0.59699506 0.19000222
vn -0.7252946 -0.5865275 0.36046258
vn -0.7186837 -0.5206295 0.46091065
vn -0.72343737 -0.6480501 0.23805335
vn -0.85659856 -0.44861412 0.25492013
vn -0.72887886 -0.67510563 0.11387734
vn -0.85744756 -0.50108945 0.117017224
vn -0.8239289 -0.55710244 0.103817135
vn -0.76702297 -0.63675034 0.0788973
vn -0.83619034 -0.51537377 0.18755165
vn 0.18645059 0.92442095 0.3326892
vn 0.007550185 0.91962457 0.39272588
vn 0.060708337 0.9258082 0.3730867
vn 0.22983278 0.92679167 0.29704225
vn 0.091276735 0.92246044 0.375147
vn 0.235624 0.9291458 0.28490248
vn -0.6483129 0.5536049 0.52269685
vn -0.59004515 0.55535865 0.5860235
vn -0.6844 0.524362 0.5065975
vn 0.09222169 0.9110302 0.40189448
vn 0.20423019 0.93354005 0.29460657
vn 0.069220155 0.9000666 0.43021932
vn 0.10076783 0.9460516 0.30794838
vn -0.5059533 0.5351327 0.67649406
vn -0.44800445 0.5372463 0.71460366
vn -0.8954245 -0.1657969 0.41319045
vn -0.8316577 -0.16086392 0.53147745
vn -0.79232 -0.10614948 0.6008006
vn -0.8461538 -0.3116504 0.43231678
vn -0.8714934 -0.1788481 0.45663178
vn -0.88987833 -0.31329232 0.33160895
vn -0.9333781 -0.15332939 0.32449248
vn -0.9273282 -0.15842225 0.33906457
vn -0.9136054 -0.2969378 0.2777646
vn -0.92011595 -0.2686599 0.284971
vn -0.8716936 0.11119406 0.4772694
vn -0.9120709 0.1253982 0.390387
vn -0.8736749 0.23486859 0.4260621
vn -0.79522276 0.3628943 0.48572472
vn -0.8354745 0.27794102 0.47405818
vn -0.7878242 0.42422763 0.4465019
vn -0.9425137 -0.19882543 0.2685822
vn -0.90150744 -0.20332374 0.38202587
vn -0.9477618 -0.2135018 0.23699072
vn -0.8231942 0.19122301 0.53458875
vn -0.87075424 0.2827364 0.4023023
vn -0.82068294 0.0608151 0.56813824
vn -0.958999 -0.034389086 0.28131536
vn -0.8072769 -0.22497356 0.54561055
vn -0.7462796 -0.2384847 0.62144333
vn -0.7794201 -0.59699565 0.19000131
vn -0.7252934 -0.58652836 0.36046356
vn -0.7186812 -0.52063173 0.46091202
vn -0.72343516 -0.6480525 0.23805353
vn -0.8565973 -0.44861582 0.25492147
vn -0.7288775 -0.67510724 0.113876596
vn -0.8574467 -0.5010911 0.11701675
vn -0.82392853 -0.5571031 0.10381643
vn -0.76702315 -0.63675004 0.07889769
vn -0.836189 -0.5153776 0.1875473
vn -0.70665735 0.102169715 -0.7001405
vn -0.71104693 0.058260694 -0.7007267
vn -0.6975253 0.10935535 -0.70816654
vn -0.6680747 0.15569216 -0.7276236
vn -0.6878645 0.22666089 -0.68954134
vn -0.61605865 0.25975725 -0.7436383
vn -0.80924475 -0.01990294 -0.58713436
vn -0.8800656 0.067776285 -0.46999034
vn -0.7749919 -0.047165606 -0.6302086
vn -0.74188024 0.28562483 -0.60665655
vn -0.66987747 0.29889214 -0.6796526
vn -0.7890939 0.27750775 -0.54801476
vn -0.73050714 0.28521466 -0.6204933
vn -0.92804706 0.14073125 -0.34485272
vn -0.9426153 0.15274176 -0.29689452
vn -0.975023 -0.11542513 -0.18975574
vn -0.99543107 -0.072564766 -0.06205928
vn -0.9979776 -0.04602457 -0.043846
vn -0.988928 -0.14742695 0.016932134
vn -0.99239326 -0.121500835 0.01982853
vn -0.98112166 -0.1693336 -0.09341541
vn -0.8731675 -0.122285366 -0.4718313
vn -0.91371423 -0.12685676 -0.38604876
vn -0.94371325 -0.15020157 -0.29469448
vn -0.91217244 -0.13549136 -0.38676032
vn 0.04565946 -0.2928189 0.9550771
vn -0.049014747 -0.48585823 0.8726622
vn -0.19560388 -0.4736103 0.85873884
vn -0.22025615 -0.37108055 0.90210116
vn -0.2588445 -0.52827716 0.8086549
vn -0.5320234 -0.61728406 0.57957876
vn -0.55120397 -0.544121 0.6325397
vn -0.35243556 -0.58809733 0.7279634
vn -0.28769 -0.6633974 0.690752
vn -0.5086505 -0.68432033 0.52247524
vn -0.14109021 -0.65313756 0.7439791
vn -0.5843798 -0.7149788 0.3838041
vn -0.5902548 -0.7048967 0.39334458
vn -0.56980455 -0.75369704 0.32751107
vn -0.5655485 -0.75887734 0.32289338
vn -0.5783907 -0.72486824 0.3742062
vn -0.5740229 -0.74846685 0.33210707
vn -0.8378948 0.06407321 -0.54205805
vn -0.8280379 0.015258856 -0.5604644
vn -0.81363076 0.07114137 -0.5770129
vn -0.7988706 0.12497673 -0.5883762
vn -0.7986289 0.19161503 -0.5705046
vn -0.73986673 0.23557673 -0.6301594
vn -0.8839671 -0.07184123 -0.4619967
vn -0.9400437 0.012692112 -0.3408178
vn -0.8556014 -0.099011526 -0.5080778
vn -0.8343436 0.24763505 -0.4924912
vn -0.7733051 0.271251 -0.57308125
vn -0.8676756 0.23853764 -0.43616378
vn -0.81846255 0.25541043 -0.51466936
vn -0.9719457 0.08290969 -0.2201079
vn -0.97964066 0.09518982 -0.17675708
vn -0.981846 -0.17749692 -0.066883184
vn -0.9892148 -0.13633047 0.05355487
vn -0.9914779 -0.110244855 0.06940957
vn -0.9693364 -0.21057194 0.12667455
vn -0.97420347 -0.18534964 0.12873676
vn -0.97253436 -0.23147291 0.024437021
vn -0.9199233 -0.17922698 -0.34873882
vn -0.9473713 -0.18573047 -0.26075235
vn -0.96290106 -0.210196 -0.16923113
vn -0.94572616 -0.19354928 -0.26103783
vn -0.59425473 0.20046693 -0.77889305
vn -0.598966 0.14647453 -0.78726417
vn -0.5801348 0.20545724 -0.7881821
vn -0.54943216 0.25838903 -0.7945813
vn -0.5613591 0.33695456 -0.75586873
vn -0.48609424 0.3733361 -0.7901472
vn -0.70664 0.066878185 -0.7044056
vn -0.78406084 0.17910938 -0.59427977
vn -0.6711094 0.02530426 -0.7409264
vn -0.60706496 0.4096007 -0.68095475
vn -0.52435935 0.4289089 -0.73558444
vn -0.6516323 0.40942344 -0.6385513
vn -0.57766014 0.42558748 -0.69655156
vn -0.8419661 0.26152402 -0.4719092
vn -0.8617569 0.27368143 -0.42716917
vn -0.9353913 -0.0057945508 -0.35356688
vn -0.975588 0.042821787 -0.21539348
vn -0.98001754 0.06489162 -0.1880285
vn -0.9904882 -0.03556299 -0.13292286
vn -0.99291927 -0.013615383 -0.11800807
vn -0.9633918 -0.06231317 -0.2607554
vn -0.7904676 -0.055047788 -0.6100251
vn -0.84250444 -0.04375693 -0.53690934
vn -0.88808936 -0.06739193 -0.45470393
vn -0.8419844 -0.067895874 -0.5352125
vn -0.986227 -0.15214224 0.0648776
vn -0.97897 -0.19887738 0.045448348
vn -0.9858628 -0.16691928 0.0145772565
vn -0.9926478 -0.120973766 0.003955958
vn -0.99532807 -0.093718134 -0.023215784
vn -0.9948572 -0.057779696 -0.083190314
vn -0.95896757 -0.2591917 0.1148948
vn -0.96442854 -0.19682764 0.17645527
vn -0.9558727 -0.2806948 0.086705424
vn -0.99886215 -0.047563724 -0.003479256
vn -0.99667305 -0.027531538 -0.076713115
vn -0.99883 -0.042498246 0.023075383
vn -0.99861234 -0.02880488 -0.04408737
vn -0.9660895 -0.13696449 0.21888767
vn -0.966418 -0.11836316 0.22809285
vn -0.88196796 -0.28391346 0.376199
vn -0.8766203 -0.24525832 0.41398695
vn -0.88753444 -0.22374019 0.40276906
vn -0.83841556 -0.28635672 0.46374473
vn -0.8553611 -0.26850933 0.4430125
vn -0.8448334 -0.3065765 0.43848306
vn -0.9275353 -0.30669972 0.21357326
vn -0.9134632 -0.3040471 0.27044472
vn -0.8916436 -0.30335087 0.3360803
vn -0.91313326 -0.2971369 0.27910084
vn -0.9949545 -0.009252721 -0.0998993
vn -0.9845414 -0.09239769 -0.14879811
vn -0.9756765 -0.0284661 -0.21735932
vn -0.97489786 0.056221694 -0.2154374
vn -0.94529456 0.11119569 -0.30668184
vn -0.9070729 0.18301508 -0.37910983
vn -0.9751148 -0.19282608 -0.10940394
vn -0.99584657 -0.07879872 -0.045611445
vn -0.96271 -0.23620197 -0.13190159
vn -0.9312725 0.20114768 -0.3037616
vn -0.8793191 0.25200787 -0.40409154
vn -0.9354634 0.21588461 -0.27982503
vn -0.8879071 0.2598554 -0.37960008
vn -0.9997218 0.020151518 0.012257204
vn -0.99846315 0.04764098 0.028314782
vn -0.9482956 -0.2270584 0.22176561
vn -0.9418416 -0.1660665 0.29215798
vn -0.946222 -0.13871081 0.29227242
vn -0.9063635 -0.22249863 0.3591652
vn -0.91475254 -0.19997755 0.3510509
vn -0.917718 -0.2603733 0.29999903
vn -0.95634806 -0.29199508 0.01171712
vn -0.9576059 -0.2763817 0.08126539
vn -0.94605404 -0.28116074 0.16102898
vn -0.95390797 -0.28634158 0.089822225
vn -0.8567538 0.11683788 -0.5023164
vn -0.8637711 0.03871182 -0.50239515
vn -0.82230383 0.10331664 -0.559591
vn -0.78137076 0.18609978 -0.59567326
vn -0.7189849 0.258975 -0.64497495
vn -0.6067941 0.32119235 -0.72707385
vn -0.9234582 -0.045665402 -0.38097188
vn -0.930386 0.09777134 -0.35330245
vn -0.9153988 -0.092186145 -0.3918504
vn -0.6524265 0.38066223 -0.6553136
vn -0.51781064 0.40933862 -0.75120836
vn -0.6483726 0.41281155 -0.6396871
vn -0.52132636 0.4323717 -0.73571295
vn -0.914 0.24194002 -0.32568252
vn -0.90362954 0.28820202 -0.31684896
vn -0.99740267 -0.029231263 -0.06582911
vn -0.99745935 0.06878014 -0.018550424
vn -0.99372476 0.10945968 -0.023015628
vn -0.998749 0.013164219 0.048239816
vn -0.9982655 0.045667406 0.037154514
vn -0.9983321 -0.05735792 0.006570357
vn -0.9683556 -0.13690126 -0.20867546
vn -0.98025733 -0.11171176 -0.1631443
vn -0.9893215 -0.112663284 -0.0924661
vn -0.9817959 -0.12992814 -0.1385478
vn -0.3693303 0.4934025 -0.78749543
vn -0.4538336 0.45564535 -0.7657822
vn -0.46811724 0.45918164 -0.7549957
vn -0.37668625 0.49555025 -0.78264767
vn -0.507707 0.46494037 -0.72530276
vn -0.4083909 0.4913888 -0.76925546
vn -0.7274384 0.2935941 -0.62019026
vn -0.7892828 0.29278377 -0.53973174
vn -0.6939686 0.30168647 -0.6537529
vn -0.5930345 0.43988556 -0.67439663
vn -0.50688875 0.45681858 -0.73101336
vn -0.6501033 0.4106335 -0.63933235
vn -0.5776599 0.42558745 -0.6965518
vn -0.8382969 0.2897177 -0.46186787
vn -0.8582484 0.27911815 -0.4307003
vn -0.9589879 0.057710215 -0.2775099
vn -0.9771505 0.06144512 -0.20347331
vn -0.9784997 0.07422592 -0.19242865
vn -0.99242425 -0.020296419 -0.12116991
vn -0.99263877 -0.0034600752 -0.12106328
vn -0.98293793 -0.016807443 -0.18316811
vn -0.8838424 0.12635396 -0.45039684
vn -0.9132524 0.09667506 -0.3957575
vn -0.9532773 0.039316572 -0.2995273
vn -0.9324804 0.07486757 -0.35337672
vn -0.27489907 0.49972615 -0.82140386
vn -0.33229816 0.4385257 -0.8350288
vn -0.29312506 0.46517247 -0.83527976
vn -0.20491755 0.519194 -0.8297267
vn -0.23720883 0.5174824 -0.8221581
vn -0.108892106 0.5390208 -0.835224
vn -0.54520124 0.3342172 -0.7688007
vn -0.5745472 0.4090596 -0.7089187
vn -0.52870727 0.30912328 -0.7905134
vn -0.2777134 0.5436418 -0.79204094
vn -0.1535402 0.5413255 -0.82667536
vn -0.33327338 0.5418204 -0.7715954
vn -0.22244646 0.5381605 -0.8129581
vn -0.608597 0.4675084 -0.64112836
vn -0.6303936 0.4764462 -0.6128645
vn -0.8073334 0.2755002 -0.52183557
vn -0.8341241 0.323692 -0.44660997
vn -0.8362313 0.34256843 -0.4282103
vn -0.878626 0.2749465 -0.3904111
vn -0.8780344 0.2924248 -0.37887114
vn -0.8548321 0.24214804 -0.4589405
vn -0.7157494 0.23101991 -0.6590392
vn -0.7486554 0.23842415 -0.6186025
vn -0.7999863 0.22559506 -0.5559935
vn -0.77062887 0.22466572 -0.59636945
vn -0.36855167 0.3816434 -0.8476544
vn -0.42303944 0.33764163 -0.84085417
vn -0.41455662 0.3671714 -0.8326632
vn -0.34398577 0.40536094 -0.8469689
vn -0.41440254 0.43041515 -0.80188113
vn -0.32040387 0.45044345 -0.8333319
vn -0.6419412 0.23976605 -0.72830194
vn -0.7026495 0.30384925 -0.64339674
vn -0.6113774 0.21515927 -0.7615275
vn -0.47442976 0.45755482 -0.7520372
vn -0.3852301 0.46484733 -0.7971918
vn -0.52465546 0.4497902 -0.72279006
vn -0.44707477 0.45552686 -0.7698178
vn -0.7525926 0.34540182 -0.5606264
vn -0.77305835 0.3477323 -0.53053087
vn -0.9126766 0.12725142 -0.38836658
vn -0.94422495 0.15179333 -0.2922294
vn -0.94782513 0.16344793 -0.2737011
vn -0.97754276 0.07907468 -0.19533917
vn -0.9789571 0.089779615 -0.18325545
vn -0.95511913 0.0705098 -0.28770784
vn -0.80284435 0.1102342 -0.58590907
vn -0.8430725 0.11220609 -0.52596444
vn -0.8989764 0.07975709 -0.4306742
vn -0.8656155 0.08692557 -0.4931063
vn 0.08799311 0.387002 -0.9178707
vn 0.0062867035 0.37969276 -0.92509127
vn -0.0076884786 0.40828523 -0.912822
vn 0.09130573 0.41035625 -0.90734285
vn -0.036503308 0.48168725 -0.8755826
vn 0.08510692 0.4634415 -0.8820311
vn -0.30495697 0.38468114 -0.8712185
vn -0.39876223 0.45849782 -0.7942093
vn -0.24742211 0.3610361 -0.8991303
vn -0.12629452 0.5401653 -0.8320283
vn -0.013559278 0.51259065 -0.85852605
vn -0.20035149 0.5513843 -0.80983615
vn -0.10255977 0.5279822 -0.84303993
vn -0.4674305 0.51984245 -0.71503323
vn -0.49977112 0.5305425 -0.6846557
vn -0.68394023 0.37942693 -0.62310594
vn -0.73439974 0.4062687 -0.5436936
vn -0.73905396 0.42017972 -0.5265437
vn -0.79349977 0.36102426 -0.489918
vn -0.7939039 0.3712233 -0.48157027
vn -0.7471668 0.36025715 -0.5585307
vn -0.48887166 0.3766851 -0.7868372
vn -0.56393945 0.37204817 -0.7372601
vn -0.6313357 0.3893957 -0.6706611
vn -0.560716 0.4080959 -0.720455
vn -0.15687387 0.36497438 -0.917706
vn -0.21987276 0.3336469 -0.9166983
vn -0.20653585 0.36152107 -0.90920043
vn -0.1281698 0.38323912 -0.9147132
vn -0.19724296 0.4260964 -0.88291395
vn -0.0976851 0.42377055 -0.9004866
vn -0.4681041 0.29286686 -0.8337311
vn -0.525055 0.37563798 -0.7636841
vn -0.43913466 0.25957045 -0.86010695
vn -0.2564899 0.46935862 -0.8449352
vn -0.16236554 0.4542675 -0.8759443
vn -0.3108001 0.4746544 -0.8234722
vn -0.22798109 0.46019697 -0.85804623
vn -0.5760861 0.43407866 -0.6926041
vn -0.5995879 0.44333127 -0.666297
vn -0.8013443 0.26994342 -0.53383327
vn -0.84006923 0.30938807 -0.44560376
vn -0.8436621 0.32324448 -0.4286575
vn -0.9012859 0.2544289 -0.35064188
vn -0.9020665 0.2663049 -0.33964348
vn -0.8685156 0.23275201 -0.4376153
vn -0.6711437 0.21244518 -0.7102346
vn -0.7180042 0.22816418 -0.65757966
vn -0.7922802 0.21684426 -0.570325
vn -0.7497705 0.21117637 -0.6270954
vn -0.23088497 0.6088781 -0.75892
vn -0.25274643 0.55119294 -0.79517645
vn -0.18491706 0.5382782 -0.82223004
vn -0.13346128 0.5776808 -0.8052782
vn -0.10869459 0.50081223 -0.85870403
vn -0.030237993 0.48711646 -0.8728134
vn -0.39253902 0.47725964 -0.7862165
vn -0.388922 0.49953467 -0.7740832
vn -0.39845902 0.46820673 -0.78867793
vn -0.2026669 0.47038606 -0.8588731
vn -0.15167908 0.4265415 -0.891659
vn -0.3016593 0.45700064 -0.8367509
vn -0.27493334 0.41306293 -0.8682112
vn -0.42876545 0.50727564 -0.7475504
vn -0.46504137 0.501114 -0.72980905
vn -0.6557782 0.4413156 -0.61253196
vn -0.6654922 0.45266363 -0.5934777
vn -0.6608771 0.4591694 -0.593637
vn -0.7354607 0.4162761 -0.53461367
vn -0.72498524 0.42388675 -0.5428779
vn -0.7303804 0.41260266 -0.5443377
vn -0.59378237 0.43543255 -0.6766247
vn -0.617765 0.4360763 -0.6543728
vn -0.6903934 0.4230966 -0.58681023
vn -0.66535795 0.42927086 -0.61075795
vn -0.86574036 -0.30564547 0.39632627
vn -0.85137725 -0.3700431 0.37178603
vn -0.8823464 -0.32882395 0.33665955
vn -0.9089414 -0.2612424 0.3249276
vn -0.92128134 -0.24807893 0.29949555
vn -0.9559124 -0.19663829 0.21809378
vn -0.75291723 -0.47999468 0.4502452
vn -0.7459235 -0.3869512 0.5420949
vn -0.7484537 -0.5101009 0.42380917
vn -0.9095495 -0.21824521 0.35367897
vn -0.9497009 -0.19861716 0.2421145
vn -0.8846304 -0.22629939 0.40769795
vn -0.9293277 -0.21798302 0.2980494
vn -0.6948145 -0.29967737 0.65377843
vn -0.6576935 -0.27737212 0.7003599
vn -0.4899164 -0.47348934 0.73197657
vn -0.39225772 -0.3598746 0.8465366
vn -0.3536223 -0.3197547 0.8790382
vn -0.29420927 -0.3714678 0.88059783
vn -0.25965717 -0.3315376 0.90700656
vn -0.3997048 -0.48507565 0.77777743
vn -0.58095205 -0.59917414 0.5508948
vn -0.5628419 -0.5710349 0.597602
vn -0.48709747 -0.5848692 0.6485862
vn -0.5073232 -0.61553925 0.6031042
vn -0.20176998 -0.14642756 0.96842545
vn -0.1295381 -0.427623 0.8946276
vn -0.2343827 -0.5054403 0.83041847
vn -0.32017797 -0.30062962 0.89839184
vn -0.3740834 -0.61004436 0.69850373
vn -0.43257666 -0.5364848 0.7246113
vn -0.13772227 -0.68021995 0.7199538
vn -0.31220698 -0.67762125 0.66585004
vn -0.045682188 -0.6704459 0.7405507
vn -0.42388374 -0.65206426 0.62859744
vn -0.4324013 -0.64327276 0.63184595
vn -0.43345237 -0.65863866 0.6150725
vn -0.42999795 -0.6622363 0.61363256
vn -0.41529873 -0.6607507 0.6252484
vn -0.43689513 -0.65502334 0.61649585
vn 0.054200556 -0.32593352 0.9438377
vn -0.057029944 -0.4991642 0.8646286
vn -0.22536412 -0.5131691 0.8281718
vn -0.1839778 -0.37833264 0.9072026
vn -0.46401316 -0.5122875 0.722671
vn -0.5039236 -0.45441034 0.73455584
vn -0.28353053 -0.66646 0.6895227
vn -0.3374091 -0.605893 0.72045034
vn -0.25663623 -0.68366057 0.6831882
vn -0.5377842 -0.50553405 0.67470247
vn -0.5773656 -0.5064966 0.6403985
vn -0.5360263 -0.5027873 0.67814505
vn -0.566428 -0.51963353 0.63964075
vn -0.37432346 -0.5324007 0.7592308
vn -0.3842711 -0.5033655 0.77392435
vn -0.21253633 -0.6404243 0.73802775
vn -0.17566837 -0.58131427 0.79449
vn -0.18898253 -0.5542092 0.81064034
vn -0.105527215 -0.60755765 0.7872342
vn -0.11939041 -0.59187734 0.79713684
vn -0.17475076 -0.6407316 0.747613
vn -0.38489306 -0.67620283 0.6281776
vn -0.32406098 -0.67464006 0.6632083
vn -0.34178922 -0.6495001 0.6792126
vn -0.42423183 -0.64018565 0.64046055
vn -0.14201485 -0.27896246 0.949743
vn -0.25032964 -0.414996 0.87470764
vn -0.4097549 -0.43024743 0.8043557
vn -0.37925118 -0.3417607 0.8598652
vn -0.5900862 -0.42173254 0.688433
vn -0.6242316 -0.41391283 0.6625791
vn -0.41217697 -0.5459571 0.7294114
vn -0.4550724 -0.46180204 0.76134616
vn -0.37966877 -0.5705343 0.72824603
vn -0.58713496 -0.41074032 0.6975421
vn -0.6044432 -0.45987323 0.6505114
vn -0.54810905 -0.41020027 0.72891164
vn -0.551225 -0.47302362 0.6873133
vn -0.4517715 -0.36843368 0.8125018
vn -0.43876246 -0.33578995 0.8335062
vn -0.29548827 -0.49930614 0.8144815
vn -0.26181567 -0.4067285 0.8752282
vn -0.27402395 -0.3664299 0.8891794
vn -0.19400164 -0.4406855 0.8764472
vn -0.21769696 -0.40958777 0.8859153
vn -0.24098346 -0.5083015 0.8267748
vn -0.41204762 -0.58420116 0.6992323
vn -0.37638542 -0.5672205 0.73252636
vn -0.36357826 -0.55452245 0.74854237
vn -0.41559693 -0.56526107 0.71257216
vn -0.07044055 -0.34043807 0.9376247
vn -0.21460016 -0.42527974 0.8792519
vn -0.31524846 -0.43171206 0.8451291
vn -0.22530775 -0.3622393 0.9044441
vn -0.47181073 -0.43038952 0.76951903
vn -0.4579139 -0.36782223 0.8093341
vn -0.491382 -0.49127692 0.7191597
vn -0.48394117 -0.5152428 0.70733714
vn -0.4992137 -0.4804762 0.7210605
vn -0.588401 -0.423518 0.6887792
vn -0.6096844 -0.35867184 0.7068518
vn -0.64342904 -0.41927817 0.6404724
vn -0.6767199 -0.35659245 0.6441211
vn -0.5026792 -0.5318905 0.6814735
vn -0.520943 -0.53498715 0.66513693
vn -0.48365504 -0.5241736 0.7009421
vn -0.38377243 -0.57697105 0.72098756
vn -0.3558871 -0.58975244 0.7249389
vn -0.327871 -0.57732964 0.7477908
vn -0.28035265 -0.59155345 0.75595427
vn -0.48267946 -0.5083566 0.7131579
vn -0.6922657 -0.38920882 0.607688
vn -0.62497705 -0.4369775 0.64688045
vn -0.6691519 -0.3882843 0.6336174
vn -0.7462589 -0.32423356 0.5813521
vn -0.1557229 0.026283605 0.987451
vn -0.891239 0.09138295 0.44423217
vn -0.8823708 -0.12332959 0.4541052
vn -0.93210655 -0.12867372 0.3385564
vn -0.95460147 0.004561346 0.29785106
vn -0.7812146 -0.27974448 0.5580742
vn -0.5821948 -0.5782513 0.57155454
vn -0.72506934 -0.4229943 0.5434614
vn -0.4786191 -0.54774916 0.6862176
vn -0.4807101 -0.6384295 0.6011036
vn -0.6754306 -0.453322 0.58162934
vn -0.9599658 -0.15730973 0.2317742
vn -0.98050386 -0.13019659 0.14717698
vn -0.952592 -0.18255088 0.24340016
vn -0.97222275 -0.17767656 0.15236135
vn -0.83049196 -0.28409705 0.47913674
vn -0.9246764 -0.18583752 0.33232206
vn -0.36223117 -0.57361734 0.734678
vn -0.2763704 -0.42253464 0.8631824
vn -0.7478176 -0.3069714 0.5886743
vn -0.47014782 -0.39289594 0.79031247
vn -0.23154809 -0.36622047 0.9012591
vn -0.43013832 -0.33866507 0.8368315
vn -0.07055917 -0.433692 0.89829427
vn -0.022689061 -0.3775346 0.9257175
vn -0.2182547 -0.5816618 0.7836035
vn -0.46311924 -0.7104982 0.5298234
vn -0.43156388 -0.686506 0.5852027
vn -0.38350913 -0.6844237 0.62006855
vn -0.45052218 -0.7012232 0.5525539
vn -0.7534738 -0.03561894 0.6565124
vn -0.80556077 -0.1604997 0.570361
vn -0.8792325 -0.16636235 0.4464009
vn -0.8801303 -0.063552044 0.4704591
vn -0.93844193 -0.20031615 0.28142524
vn -0.9664447 -0.1406953 0.21491745
vn -0.79084855 -0.3569286 0.49715245
vn -0.7480224 -0.39311793 0.53471565
vn -0.80585396 -0.34055322 0.48437887
vn -0.9297659 -0.2581682 0.26245868
vn -0.95797825 -0.22212544 0.18148805
vn -0.9178699 -0.28463805 0.2765791
vn -0.9481759 -0.25150704 0.19418216
vn -0.78127015 -0.38228256 0.4934339
vn -0.87948173 -0.31526273 0.35654068
vn -0.41694248 -0.496658 0.7612423
vn -0.21375722 -0.53265446 0.8188938
vn -0.68932235 -0.42969677 0.5832627
vn -0.40257174 -0.5162258 0.7559411
vn -0.15647186 -0.53688496 0.8290181
vn -0.3524209 -0.5196481 0.7783093
vn -0.016328307 -0.5278319 0.8491919
vn 0.045933936 -0.5319675 0.84551793
vn -0.288755 -0.48517656 0.8253631
vn -0.76751304 -0.3436051 0.54116476
vn -0.6666735 -0.40364167 0.6265938
vn -0.63310117 -0.36261654 0.6838802
vn -0.7602256 -0.28725368 0.58270264
vn -0.8808048 -0.30224323 0.36446112
vn -0.822457 -0.3617636 0.43896648
vn -0.8371526 -0.35163173 0.41896382
vn -0.89218384 -0.29929498 0.33827573
vn -0.85211945 -0.335851 0.4013683
vn -0.9001077 -0.30348256 0.31257728
vn -0.58623743 -0.5005374 0.6370149
vn -0.56663257 -0.46532503 0.68000007
vn -0.5912985 -0.5107606 0.6240911
vn -0.84016913 -0.3323404 0.42856234
vn -0.88667524 -0.31417355 0.33926693
vn -0.826733 -0.3339799 0.45273605
vn -0.875312 -0.3172505 0.3649398
vn -0.5316461 -0.42768955 0.73105
vn -0.511671 -0.41555637 0.7520011
vn -0.13048305 -0.5262863 0.84023625
vn -0.04937184 -0.47000828 0.8812801
vn -0.03469272 -0.44961196 0.89255
vn 0.11814429 -0.46892267 0.8753019
vn 0.12491158 -0.45286375 0.8827862
vn 0.023885477 -0.5201556 0.8537374
vn -0.30638048 -0.57960886 0.7551057
vn -0.25159392 -0.5703223 0.78194183
vn -0.13703921 -0.56357396 0.8146193
vn -0.20949751 -0.5730843 0.79226583
vn -0.7551751 0.55293995 0.35209092
vn -0.929942 0.287837 0.22881798
vn -0.85439646 0.33777672 -0.39485896
vn -0.9695862 0.11789055 -0.21448636
vn -0.8886362 0.10444746 -0.44656074
vn -0.8403286 0.19258794 -0.50671273
vn -0.9920137 -0.12303043 -0.027791172
vn -0.9894864 -0.06131972 -0.13098305
vn -0.98812467 -0.14404188 0.053493302
vn -0.9672987 0.24294509 -0.07287583
vn -0.86010766 -7.1504895E-05 -0.5101125
vn -0.8121391 -0.0072862376 -0.5834184
vn -0.8717945 -0.029872948 -0.48896003
vn -0.82409686 -0.055443514 -0.563729
vn -0.9698928 -0.015064447 -0.24306592
vn -0.9120651 -0.0040478865 -0.41002548
vn -0.9528092 -0.12095287 0.2784332
vn -0.90090656 -0.02223157 0.43344328
vn -0.9943127 -0.010063757 -0.106023476
vn -0.97188133 -0.026135601 0.23401637
vn -0.86774546 0.005556671 0.49697778
vn -0.954099 0.005419358 0.2994424
vn -0.7895083 -0.017329333 0.6134952
vn -0.7410616 0.0054357257 0.67141503
vn -0.90019864 -0.10461617 0.42272675
vn -0.9667749 -0.25007918 0.052978337
vn -0.96797866 -0.22034483 0.120272435
vn -0.96337324 -0.19696464 0.18198071
vn -0.97114295 -0.22507325 0.07888866
vn -0.8078844 0.5651089 0.16725661
vn -0.9405623 0.33431575 0.05979584
vn -0.7742756 0.30722174 -0.55327404
vn -0.91653866 0.17902718 -0.35763967
vn -0.83435667 0.14105673 -0.5328715
vn -0.7825374 0.18056577 -0.595845
vn -0.9888428 -0.009304706 -0.14867198
vn -0.8790047 0.10070653 -0.4660568
vn -0.99655527 -0.082916155 0.0015812544
vn -0.9959658 -0.06527628 -0.06157282
vn -0.92812943 0.29026297 -0.23307319
vn -0.84832144 0.014346106 -0.52928716
vn -0.80227906 -0.0024892366 -0.59694403
vn -0.87025034 -0.029184163 -0.49174443
vn -0.82423365 -0.05564113 -0.5635095
vn -0.88842136 0.031072076 -0.45797598
vn -0.90933317 -0.0024946625 -0.41606125
vn -0.9569205 -0.15746826 0.24394032
vn -0.8599118 -0.21771152 0.46168533
vn -0.8127916 -0.13250373 0.5672853
vn -0.9404697 -0.059166044 0.33468807
vn -0.8093259 -0.09329501 0.5799031
vn -0.9262331 -0.027232641 0.37596616
vn -0.6235945 -0.19578023 0.7568355
vn -0.64416516 -0.15379497 0.74926525
vn -0.7093513 -0.2651518 0.65308136
vn -0.96768737 -0.22377954 0.11620637
vn -0.9390122 -0.24352661 0.2427978
vn -0.9891515 -0.13088681 0.06669357
vn -0.8987396 -0.2518262 0.35895792
vn -0.96228737 -0.20721933 0.17624752
vn -0.41804057 -0.5726477 0.7052069
vn -0.37195206 -0.66450673 0.6481377
vn -0.42768252 -0.64388627 0.63442737
vn -0.49502638 -0.56258625 0.66215223
vn -0.5079897 -0.624876 0.59285444
vn -0.59155494 -0.5851664 0.5546558
vn -0.21177511 -0.7870684 0.5793743
vn -0.4195021 -0.65826935 0.62505955
vn -0.11726845 -0.82589144 0.55149925
vn -0.082515016 -0.7984376 0.5963964
vn -0.5302492 -0.6277238 0.569911
vn -0.5887222 -0.629391 0.5072209
vn -0.52701443 -0.62741405 0.57324284
vn -0.56515324 -0.6391786 0.5215866
vn -0.32657862 -0.63507307 0.70002043
vn -0.26095137 -0.63308126 0.7287746
vn 0.31565118 -0.6688969 0.6730091
vn 0.50730914 -0.6119156 0.60679215
vn 0.35716513 -0.5907731 0.72347784
vn 0.15469688 -0.6042734 0.7816153
vn -0.16779894 -0.64709944 0.7437109
vn 0.17880444 -0.6342257 0.75218797
vn 0.5445601 -0.55069923 0.63260156
vn 0.36922053 -0.62897134 0.6841573
vn 0.6759666 -0.528094 0.5139901
vn 0.29047972 -0.8223117 0.48931077
vn 0.39064544 -0.7615465 0.517149
vn 0.025687624 -0.81762296 0.5751807
vn 0.56610227 -0.6779437 0.46895686
vn 0.47710055 -0.746182 0.4643139
vn -0.09054167 0.21125352 0.97322875
vn -0.18920173 -0.02580692 0.98159903
vn -0.06299913 -0.2784754 0.958375
vn -0.16368744 -0.5176292 0.83980143
vn -0.25983498 -0.4165209 0.87120384
vn -0.050177418 -0.43044338 0.9012218
vn 0.06446666 -0.5025674 0.8621311
vn -0.0652158 -0.60728776 0.7918008
vn 0.13995633 -0.4448396 0.88460726
vn -0.20627078 -0.6334596 0.7457756
vn -0.25002974 -0.5973779 0.7619874
vn -0.23372012 -0.65600663 0.7176561
vn -0.2622264 -0.6327437 0.7286101
vn -0.16179594 -0.66733587 0.72696966
vn -0.20486939 -0.6783027 0.70564437
vn 0.3047354 -0.09057403 0.9481206
vn -0.71800375 0.045349993 0.6945602
vn -0.73930186 -0.14800668 0.65690696
vn -0.8584082 -0.16084328 0.48709828
vn -0.8856472 -0.017794171 0.4640177
vn -0.60542935 -0.2710144 0.74833584
vn -0.5038131 -0.5180871 0.69120055
vn -0.6227929 -0.4628664 0.6307803
vn -0.26862094 -0.47893262 0.83574295
vn -0.40629622 -0.5497954 0.7298277
vn -0.51952755 -0.4230642 0.7423664
vn -0.9222365 -0.22649159 0.31333908
vn -0.968112 -0.15093456 0.19994488
vn -0.9008336 -0.28539538 0.3271824
vn -0.9533502 -0.22165608 0.20491962
vn -0.71879464 -0.41219229 0.55984974
vn -0.82870686 -0.34292194 0.4423228
vn -0.85736597 -0.29730314 0.42015997
vn -0.29024386 -0.59184355 0.7519838
vn -0.12573361 -0.5916853 0.7963037
vn -0.48002034 -0.5302115 0.6988964
vn -0.2657186 -0.5803265 0.7698148
vn -0.06621115 -0.5930992 0.80240226
vn -0.20304646 -0.5824811 0.7870756
vn 0.016735394 -0.59096205 0.8065257
vn 0.0718869 -0.59240603 0.8024259
vn -0.19471416 -0.58615667 0.786452
vn -0.5536565 -0.56395876 0.61271113
vn -0.47455537 -0.578734 0.66322255
vn -0.4653215 -0.55250317 0.6915317
vn -0.57643384 -0.5253795 0.6258598
vn 0.47440895 -0.11165437 0.87319493
vn 0.27294895 -0.3379908 0.90070033
vn -0.4375263 -0.17734925 0.881543
vn -0.28445727 -0.42561144 0.85903376
vn -0.61116654 -0.38898623 0.68932223
vn -0.67140114 -0.26165786 0.69336545
vn -0.16696647 -0.62269866 0.76444006
vn -0.3129532 -0.61419076 0.72445154
vn -0.06289166 -0.62482846 0.77822495
vn -0.09502309 -0.3692831 0.9244461
vn -0.7254483 -0.45819685 0.5135955
vn -0.8196202 -0.38431507 0.4248819
vn -0.6967642 -0.50770235 0.506713
vn -0.7954237 -0.4463137 0.4100063
vn -0.31754375 -0.6323096 0.7066474
vn -0.27716112 -0.6500611 0.7075326
vn 0.0274676 -0.6729095 0.73921466
vn 0.13923636 -0.66133523 0.7370542
vn 0.17751667 -0.6583681 0.7314638
vn 0.25989226 -0.6421173 0.7212083
vn 0.29280573 -0.6395885 0.7107682
vn 0.12029383 -0.6571166 0.74412847
vn -0.17602657 -0.68436134 0.70757633
vn -0.1110425 -0.6831029 0.721831
vn -0.08490462 -0.66815984 0.7391574
vn -0.18150976 -0.6672072 0.72241867
vn 0.032339178 -0.3768637 0.925704
vn 0.0063008554 -0.49629024 0.8681338
vn -0.12528497 -0.5126079 0.84943324
vn -0.13810895 -0.41919515 0.8973301
vn -0.33500746 -0.49695304 0.8005046
vn -0.38904345 -0.45994028 0.7981855
vn -0.036247697 -0.6310468 0.77489746
vn -0.1580156 -0.562822 0.8113338
vn 0.02925141 -0.64058626 0.76732886
vn -0.4081383 -0.45243117 0.79292446
vn -0.45643088 -0.4617437 0.76056796
vn -0.4026316 -0.4340216 0.8059237
vn -0.44234446 -0.4558952 0.77232826
vn -0.22158733 -0.4639909 0.857678
vn -0.22936511 -0.4246097 0.87584144
vn 0.028383238 -0.59854215 0.8005883
vn -0.010826624 -0.49931023 0.86635566
vn -0.024285842 -0.45628098 0.88950425
vn 0.05849479 -0.5189793 0.85278296
vn 0.04424983 -0.47978574 0.87626916
vn 0.09075636 -0.60970855 0.7874127
vn 0.1169187 -0.67996013 0.72386754
vn 0.085492104 -0.66677386 0.7403403
vn 0.13201094 -0.67362463 0.7271884
vn 0.1554063 -0.6869927 0.709852
# 7343 vertex normals

vt 0 0 0
vt 0.76663566 0.74149966 0
vt 0.7830218 0.7008038 0
vt 0.7352042 0.7068716 0
vt 0.7317842 0.76103556 0
vt 0.7808199 0.6515533 0
vt 0.7640277 0.6099754 0
vt 0.72716117 0.5984616 0
vt 0.7349034 0.6526871 0
vt 0.69171464 0.53176934 0
vt 0.68994933 0.5934082 0
vt 0.63374746 0.5723448 0
vt 0.6616447 0.54195845 0
vt 0.6137989 0.6156035 0
vt 0.6520468 0.6012757 0
vt 0.6885823 0.76161516 0
vt 0.6888092 0.65425545 0
vt 0.68870926 0.7098912 0
vt 0.64545107 0.657319 0
vt 0.60233325 0.70069003 0
vt 0.6472709 0.75303656 0
vt 0.76663566 0.74149966 0
vt 0.7830218 0.7008038 0
vt 0.7352042 0.7068716 0
vt 0.7317842 0.76103556 0
vt 0.7388716 0.57375914 0
vt 0.7640277 0.6099754 0
vt 0.71569824 0.5442157 0
vt 0.72716117 0.5984616 0
vt 0.7349034 0.6526871 0
vt 0.69171464 0.53176934 0
vt 0.68994933 0.5934082 0
vt 0.63374746 0.5723448 0
vt 0.6616447 0.54195845 0
vt 0.6137989 0.6156035 0
vt 0.6520468 0.6012757 0
vt 0.6885823 0.76161516 0
vt 0.68870926 0.7098912 0
vt 0.6045647 0.66195107 0
vt 0.64545107 0.657319 0
vt 0.60233325 0.70069003 0
vt 0.6472709 0.75303656 0
vt 0.61582196 0.73147243 0
vt 0.76663566 0.74149966 0
vt 0.7352042 0.7068716 0
vt 0.7317842 0.76103556 0
vt 0.7808199 0.6515533 0
vt 0.7640277 0.6099754 0
vt 0.71569824 0.5442157 0
vt 0.72716117 0.5984616 0
vt 0.7349034 0.6526871 0
vt 0.68994933 0.5934082 0
vt 0.63374746 0.5723448 0
vt 0.6616447 0.54195845 0
vt 0.6137989 0.6156035 0
vt 0.6520468 0.6012757 0
vt 0.6885823 0.76161516 0
vt 0.6888092 0.65425545 0
vt 0.68870926 0.7098912 0
vt 0.6045647 0.66195107 0
vt 0.64545107 0.657319 0
vt 0.60233325 0.70069003 0
vt 0.6472709 0.75303656 0
vt 0.61582196 0.73147243 0
vt 0.6852398 0.54203534 0
vt 0.6520468 0.6012757 0
vt 0.6786369 0.7509136 0
vt 0.6857893 0.65353405 0
vt 0.6873865 0.7129394 0
vt 0.6045647 0.66195107 0
vt 0.60233325 0.70069003 0
vt 0.64485985 0.70681465 0
vt 0.6472709 0.75303656 0
vt 0.61582196 0.73147243 0
vt 0.7830218 0.7008038 0
vt 0.7352042 0.7068716 0
vt 0.7317842 0.76103556 0
vt 0.7808199 0.6515533 0
vt 0.7388716 0.57375914 0
vt 0.7640277 0.6099754 0
vt 0.71569824 0.5442157 0
vt 0.72716117 0.5984616 0
vt 0.7349034 0.6526871 0
vt 0.68994933 0.5934082 0
vt 0.6137989 0.6156035 0
vt 0.6520468 0.6012757 0
vt 0.6885823 0.76161516 0
vt 0.6888092 0.65425545 0
vt 0.68870926 0.7098912 0
vt 0.64545107 0.657319 0
vt 0.60233325 0.70069003 0
vt 0.64485985 0.70681465 0
vt 0.6472709 0.75303656 0
vt 0.61582196 0.73147243 0
vt 0.76663566 0.74149966 0
vt 0.7352042 0.7068716 0
vt 0.7317842 0.76103556 0
vt 0.7808199 0.6515533 0
vt 0.7388716 0.57375914 0
vt 0.71569824 0.5442157 0
vt 0.68994933 0.5934082 0
vt 0.63374746 0.5723448 0
vt 0.6616447 0.54195845 0
vt 0.6520468 0.6012757 0
vt 0.6885823 0.76161516 0
vt 0.68870926 0.7098912 0
vt 0.6045647 0.66195107 0
vt 0.64545107 0.657319 0
vt 0.64485985 0.70681465 0
vt 0.6472709 0.75303656 0
vt 0.7830218 0.7008038 0
vt 0.7352042 0.7068716 0
vt 0.7317842 0.76103556 0
vt 0.7808199 0.6515533 0
vt 0.7640277 0.6099754 0
vt 0.71569824 0.5442157 0
vt 0.72716117 0.5984616 0
vt 0.7349034 0.6526871 0
vt 0.69171464 0.53176934 0
vt 0.68994933 0.5934082 0
vt 0.63374746 0.5723448 0
vt 0.6616447 0.54195845 0
vt 0.6137989 0.6156035 0
vt 0.6520468 0.6012757 0
vt 0.6885823 0.76161516 0
vt 0.6888092 0.65425545 0
vt 0.68870926 0.7098912 0
vt 0.6045647 0.66195107 0
vt 0.64545107 0.657319 0
vt 0.60233325 0.70069003 0
vt 0.64485985 0.70681465 0
vt 0.6472709 0.75303656 0
vt 0.61582196 0.73147243 0
vt 0.76663566 0.74149966 0
vt 0.7830218 0.7008038 0
vt 0.7317842 0.76103556 0
vt 0.7388716 0.57375914 0
vt 0.7640277 0.6099754 0
vt 0.71569824 0.5442157 0
vt 0.7349034 0.6526871 0
vt 0.69171464 0.53176934 0
vt 0.68994933 0.5934082 0
vt 0.6616447 0.54195845 0
vt 0.6885823 0.76161516 0
vt 0.68870926 0.7098912 0
vt 0.6045647 0.66195107 0
vt 0.60233325 0.70069003 0
vt 0.64485985 0.70681465 0
vt 0.6472709 0.75303656 0
vt 0.61582196 0.73147243 0
vt 0.76663566 0.74149966 0
vt 0.7830218 0.7008038 0
vt 0.7352042 0.7068716 0
vt 0.7317842 0.76103556 0
vt 0.7640277 0.6099754 0
vt 0.71569824 0.5442157 0
vt 0.72716117 0.5984616 0
vt 0.7349034 0.6526871 0
vt 0.69171464 0.53176934 0
vt 0.68994933 0.5934082 0
vt 0.63374746 0.5723448 0
vt 0.6616447 0.54195845 0
vt 0.6520468 0.6012757 0
vt 0.6885823 0.76161516 0
vt 0.6888092 0.65425545 0
vt 0.68870926 0.7098912 0
vt 0.6045647 0.66195107 0
vt 0.64545107 0.657319 0
vt 0.60233325 0.70069003 0
vt 0.64485985 0.70681465 0
vt 0.6472709 0.75303656 0
vt 0.61582196 0.73147243 0
vt 0.76663566 0.74149966 0
vt 0.7830218 0.7008038 0
vt 0.7317842 0.76103556 0
vt 0.7808199 0.6515533 0
vt 0.7388716 0.57375914 0
vt 0.7640277 0.6099754 0
vt 0.72716117 0.5984616 0
vt 0.7349034 0.6526871 0
vt 0.69171464 0.53176934 0
vt 0.63374746 0.5723448 0
vt 0.6616447 0.54195845 0
vt 0.6137989 0.6156035 0
vt 0.6520468 0.6012757 0
vt 0.6888092 0.65425545 0
vt 0.76663566 0.74149966 0
vt 0.68870926 0.7098912 0
vt 0.6045647 0.66195107 0
vt 0.64545107 0.657319 0
vt 0.60233325 0.70069003 0
vt 0.7388716 0.57375914 0
vt 0.61582196 0.73147243 0
vt 0.76663566 0.74149966 0
vt 0.7830218 0.7008038 0
vt 0.7352042 0.7068716 0
vt 0.7317842 0.76103556 0
vt 0.7808199 0.6515533 0
vt 0.7388716 0.57375914 0
vt 0.7640277 0.6099754 0
vt 0.71569824 0.5442157 0
vt 0.72716117 0.5984616 0
vt 0.7349034 0.6526871 0
vt 0.69171464 0.53176934 0
vt 0.68994933 0.5934082 0
vt 0.63374746 0.5723448 0
vt 0.6616447 0.54195845 0
vt 0.6137989 0.6156035 0
vt 0.6888092 0.65425545 0
vt 0.68870926 0.7098912 0
vt 0.6045647 0.66195107 0
vt 0.64485985 0.70681465 0
vt 0.61582196 0.73147243 0
vt 0.76663566 0.74149966 0
vt 0.7830218 0.7008038 0
vt 0.7352042 0.7068716 0
vt 0.7808199 0.6515533 0
vt 0.72716117 0.5984616 0
vt 0.7349034 0.6526871 0
vt 0.69171464 0.53176934 0
vt 0.63374746 0.5723448 0
vt 0.6616447 0.54195845 0
vt 0.6520468 0.6012757 0
vt 0.6885823 0.76161516 0
vt 0.6888092 0.65425545 0
vt 0.6045647 0.66195107 0
vt 0.64545107 0.657319 0
vt 0.64545107 0.657319 0
vt 0.60233325 0.70069003 0
vt 0.64485985 0.70681465 0
vt 0.6472709 0.75303656 0
vt 0.61582196 0.73147243 0
vt 0.76663566 0.74149966 0
vt 0.7830218 0.7008038 0
vt 0.7352042 0.7068716 0
vt 0.7317842 0.76103556 0
vt 0.7808199 0.6515533 0
vt 0.7640277 0.6099754 0
vt 0.72716117 0.5984616 0
vt 0.7349034 0.6526871 0
vt 0.69171464 0.53176934 0
vt 0.68994933 0.5934082 0
vt 0.63374746 0.5723448 0
vt 0.6616447 0.54195845 0
vt 0.6137989 0.6156035 0
vt 0.6520468 0.6012757 0
vt 0.6885823 0.76161516 0
vt 0.6888092 0.65425545 0
vt 0.68870926 0.7098912 0
vt 0.6045647 0.66195107 0
vt 0.64545107 0.657319 0
vt 0.60233325 0.70069003 0
vt 0.64485985 0.70681465 0
vt 0.6472709 0.75303656 0
vt 0.6852398 0.54203534 0
vt 0.6902946 0.5869478 0
vt 0.63374746 0.5723448 0
vt 0.6616447 0.54195845 0
vt 0.6520468 0.6012757 0
vt 0.6857893 0.65353405 0
vt 0.6873865 0.7129394 0
vt 0.64545107 0.657319 0
vt 0.64485985 0.70681465 0
vt 0.6472709 0.75303656 0
vt 0.61582196 0.73147243 0
vt 0.76663566 0.74149966 0
vt 0.7830218 0.7008038 0
vt 0.7352042 0.7068716 0
vt 0.7388716 0.57375914 0
vt 0.71569824 0.5442157 0
vt 0.72716117 0.5984616 0
vt 0.7349034 0.6526871 0
vt 0.68994933 0.5934082 0
vt 0.63374746 0.5723448 0
vt 0.6616447 0.54195845 0
vt 0.6137989 0.6156035 0
vt 0.6520468 0.6012757 0
vt 0.6885823 0.76161516 0
vt 0.6888092 0.65425545 0
vt 0.68870926 0.7098912 0
vt 0.6045647 0.66195107 0
vt 0.64545107 0.657319 0
vt 0.64485985 0.70681465 0
vt 0.76663566 0.74149966 0
vt 0.7352042 0.7068716 0
vt 0.7317842 0.76103556 0
vt 0.7388716 0.57375914 0
vt 0.71569824 0.5442157 0
vt 0.72716117 0.5984616 0
vt 0.7349034 0.6526871 0
vt 0.69171464 0.53176934 0
vt 0.68994933 0.5934082 0
vt 0.63374746 0.5723448 0
vt 0.6616447 0.54195845 0
vt 0.6137989 0.6156035 0
vt 0.6520468 0.6012757 0
vt 0.6885823 0.76161516 0
vt 0.6888092 0.65425545 0
vt 0.68870926 0.7098912 0
vt 0.6045647 0.66195107 0
vt 0.64545107 0.657319 0
vt 0.60233325 0.70069003 0
vt 0.64485985 0.70681465 0
vt 0.61582196 0.73147243 0
vt 0.76663566 0.74149966 0
vt 0.7830218 0.7008038 0
vt 0.7352042 0.7068716 0
vt 0.7317842 0.76103556 0
vt 0.7640277 0.6099754 0
vt 0.71569824 0.5442157 0
vt 0.72716117 0.5984616 0
vt 0.7349034 0.6526871 0
vt 0.69171464 0.53176934 0
vt 0.68994933 0.5934082 0
vt 0.63374746 0.5723448 0
vt 0.6137989 0.6156035 0
vt 0.6520468 0.6012757 0
vt 0.6888092 0.65425545 0
vt 0.68870926 0.7098912 0
vt 0.6045647 0.66195107 0
vt 0.64545107 0.657319 0
vt 0.60233325 0.70069003 0
vt 0.64485985 0.70681465 0
vt 0.7830218 0.7008038 0
vt 0.7317842 0.76103556 0
vt 0.7808199 0.6515533 0
vt 0.7640277 0.6099754 0
vt 0.71569824 0.5442157 0
vt 0.72716117 0.5984616 0
vt 0.7349034 0.6526871 0
vt 0.69171464 0.53176934 0
vt 0.68994933 0.5934082 0
vt 0.6616447 0.54195845 0
vt 0.6137989 0.6156035 0
vt 0.6520468 0.6012757 0
vt 0.6885823 0.76161516 0
vt 0.6888092 0.65425545 0
vt 0.68870926 0.7098912 0
vt 0.6045647 0.66195107 0
vt 0.64545107 0.657319 0
vt 0.7808199 0.6515533 0
vt 0.60233325 0.70069003 0
vt 0.64485985 0.70681465 0
vt 0.6472709 0.75303656 0
vt 0.61582196 0.73147243 0
vt 0.76663566 0.74149966 0
vt 0.7830218 0.7008038 0
vt 0.7352042 0.7068716 0
vt 0.7317842 0.76103556 0
vt 0.7808199 0.6515533 0
vt 0.7388716 0.57375914 0
vt 0.71569824 0.5442157 0
vt 0.72716117 0.5984616 0
vt 0.69171464 0.53176934 0
vt 0.68994933 0.5934082 0
vt 0.6616447 0.54195845 0
vt 0.6137989 0.6156035 0
vt 0.6520468 0.6012757 0
vt 0.6885823 0.76161516 0
vt 0.6888092 0.65425545 0
vt 0.68870926 0.7098912 0
vt 0.6045647 0.66195107 0
vt 0.64545107 0.657319 0
vt 0.6472709 0.75303656 0
vt 0.61582196 0.73147243 0
vt 0.76663566 0.74149966 0
vt 0.7830218 0.7008038 0
vt 0.7352042 0.7068716 0
vt 0.7317842 0.76103556 0
vt 0.7808199 0.6515533 0
vt 0.7388716 0.57375914 0
vt 0.7640277 0.6099754 0
vt 0.72716117 0.5984616 0
vt 0.7349034 0.6526871 0
vt 0.69171464 0.53176934 0
vt 0.68994933 0.5934082 0
vt 0.63374746 0.5723448 0
vt 0.6616447 0.54195845 0
vt 0.6520468 0.6012757 0
vt 0.6888092 0.65425545 0
vt 0.68870926 0.7098912 0
vt 0.6045647 0.66195107 0
vt 0.60233325 0.70069003 0
vt 0.64485985 0.70681465 0
vt 0.6472709 0.75303656 0
vt 0.61582196 0.73147243 0
vt 0.76663566 0.74149966 0
vt 0.7388716 0.57375914 0
vt 0.7830218 0.7008038 0
vt 0.7352042 0.7068716 0
vt 0.7317842 0.76103556 0
vt 0.7808199 0.6515533 0
vt 0.7388716 0.57375914 0
vt 0.7640277 0.6099754 0
vt 0.72716117 0.5984616 0
vt 0.7349034 0.6526871 0
vt 0.69171464 0.53176934 0
vt 0.63374746 0.5723448 0
vt 0.6137989 0.6156035 0
vt 0.6885823 0.76161516 0
vt 0.6888092 0.65425545 0
vt 0.68870926 0.7098912 0
vt 0.64545107 0.657319 0
vt 0.64485985 0.70681465 0
vt 0.6472709 0.75303656 0
vt 0.61582196 0.73147243 0
vt 0.76663566 0.74149966 0
vt 0.7830218 0.7008038 0
vt 0.7352042 0.7068716 0
vt 0.7317842 0.76103556 0
vt 0.7808199 0.6515533 0
vt 0.7388716 0.57375914 0
vt 0.7640277 0.6099754 0
vt 0.71569824 0.5442157 0
vt 0.7349034 0.6526871 0
vt 0.69171464 0.53176934 0
vt 0.68994933 0.5934082 0
vt 0.63374746 0.5723448 0
vt 0.6616447 0.54195845 0
vt 0.6137989 0.6156035 0
vt 0.6520468 0.6012757 0
vt 0.6885823 0.76161516 0
vt 0.6045647 0.66195107 0
vt 0.64545107 0.657319 0
vt 0.64485985 0.70681465 0
vt 0.6472709 0.75303656 0
vt 0.76663566 0.74149966 0
vt 0.7830218 0.7008038 0
vt 0.7352042 0.7068716 0
vt 0.7317842 0.76103556 0
vt 0.7808199 0.6515533 0
vt 0.7388716 0.57375914 0
vt 0.7640277 0.6099754 0
vt 0.71569824 0.5442157 0
vt 0.72716117 0.5984616 0
vt 0.7349034 0.6526871 0
vt 0.6616447 0.54195845 0
vt 0.6137989 0.6156035 0
vt 0.6520468 0.6012757 0
vt 0.68870926 0.7098912 0
vt 0.6045647 0.66195107 0
vt 0.64545107 0.657319 0
vt 0.60233325 0.70069003 0
vt 0.64485985 0.70681465 0
vt 0.6472709 0.75303656 0
vt 0.76663566 0.74149966 0
vt 0.7830218 0.7008038 0
vt 0.7352042 0.7068716 0
vt 0.7808199 0.6515533 0
vt 0.7388716 0.57375914 0
vt 0.71569824 0.5442157 0
vt 0.72716117 0.5984616 0
vt 0.69171464 0.53176934 0
vt 0.68994933 0.5934082 0
vt 0.6616447 0.54195845 0
vt 0.6137989 0.6156035 0
vt 0.6520468 0.6012757 0
vt 0.6885823 0.76161516 0
vt 0.6888092 0.65425545 0
vt 0.68870926 0.7098912 0
vt 0.6045647 0.66195107 0
vt 0.64545107 0.657319 0
vt 0.60233325 0.70069003 0
vt 0.64485985 0.70681465 0
vt 0.6472709 0.75303656 0
vt 0.61582196 0.73147243 0
vt 0.76663566 0.74149966 0
vt 0.7830218 0.7008038 0
vt 0.7352042 0.7068716 0
vt 0.7388716 0.57375914 0
vt 0.7640277 0.6099754 0
vt 0.71569824 0.5442157 0
vt 0.72716117 0.5984616 0
vt 0.7349034 0.6526871 0
vt 0.69171464 0.53176934 0
vt 0.68994933 0.5934082 0
vt 0.63374746 0.5723448 0
vt 0.6616447 0.54195845 0
vt 0.6137989 0.6156035 0
vt 0.6885823 0.76161516 0
vt 0.6888092 0.65425545 0
vt 0.6045647 0.66195107 0
vt 0.64545107 0.657319 0
vt 0.60233325 0.70069003 0
vt 0.61582196 0.73147243 0
vt 0.76663566 0.74149966 0
vt 0.7830218 0.7008038 0
vt 0.7352042 0.7068716 0
vt 0.7317842 0.76103556 0
vt 0.7808199 0.6515533 0
vt 0.7388716 0.57375914 0
vt 0.7640277 0.6099754 0
vt 0.71569824 0.5442157 0
vt 0.72716117 0.5984616 0
vt 0.6888092 0.65425545 0
vt 0.7349034 0.6526871 0
vt 0.69171464 0.53176934 0
vt 0.68994933 0.5934082 0
vt 0.63374746 0.5723448 0
vt 0.6137989 0.6156035 0
vt 0.6520468 0.6012757 0
vt 0.6885823 0.76161516 0
vt 0.6888092 0.65425545 0
vt 0.68870926 0.7098912 0
vt 0.6045647 0.66195107 0
vt 0.64545107 0.657319 0
vt 0.60233325 0.70069003 0
vt 0.64485985 0.70681465 0
vt 0.6472709 0.75303656 0
vt 0.61582196 0.73147243 0
vt 0.6852398 0.54203534 0
vt 0.63374746 0.5723448 0
vt 0.6616447 0.54195845 0
vt 0.6137989 0.6156035 0
vt 0.6520468 0.6012757 0
vt 0.6786369 0.7509136 0
vt 0.6857893 0.65353405 0
vt 0.6873865 0.7129394 0
vt 0.6045647 0.66195107 0
vt 0.64545107 0.657319 0
vt 0.60233325 0.70069003 0
vt 0.64485985 0.70681465 0
vt 0.6472709 0.75303656 0
vt 0.7830218 0.7008038 0
vt 0.7352042 0.7068716 0
vt 0.7317842 0.76103556 0
vt 0.7808199 0.6515533 0
vt 0.7388716 0.57375914 0
vt 0.7640277 0.6099754 0
vt 0.72716117 0.5984616 0
vt 0.7349034 0.6526871 0
vt 0.69171464 0.53176934 0
vt 0.63374746 0.5723448 0
vt 0.6616447 0.54195845 0
vt 0.6520468 0.6012757 0
vt 0.6885823 0.76161516 0
vt 0.6888092 0.65425545 0
vt 0.68870926 0.7098912 0
vt 0.6045647 0.66195107 0
vt 0.60233325 0.70069003 0
vt 0.64485985 0.70681465 0
vt 0.6472709 0.75303656 0
vt 0.61582196 0.73147243 0
vt 0.76663566 0.74149966 0
vt 0.7830218 0.7008038 0
vt 0.7808199 0.6515533 0
vt 0.7388716 0.57375914 0
vt 0.71569824 0.5442157 0
vt 0.72716117 0.5984616 0
vt 0.7349034 0.6526871 0
vt 0.69171464 0.53176934 0
vt 0.68994933 0.5934082 0
vt 0.6616447 0.54195845 0
vt 0.6137989 0.6156035 0
vt 0.6520468 0.6012757 0
vt 0.6885823 0.76161516 0
vt 0.6888092 0.65425545 0
vt 0.68870926 0.7098912 0
vt 0.64545107 0.657319 0
vt 0.60233325 0.70069003 0
vt 0.64485985 0.70681465 0
vt 0.76663566 0.74149966 0
vt 0.7830218 0.7008038 0
vt 0.7352042 0.7068716 0
vt 0.7808199 0.6515533 0
vt 0.7388716 0.57375914 0
vt 0.71569824 0.5442157 0
vt 0.72716117 0.5984616 0
vt 0.61582196 0.73147243 0
vt 0.7349034 0.6526871 0
vt 0.69171464 0.53176934 0
vt 0.68994933 0.5934082 0
vt 0.63374746 0.5723448 0
vt 0.6616447 0.54195845 0
vt 0.6137989 0.6156035 0
vt 0.6520468 0.6012757 0
vt 0.6885823 0.76161516 0
vt 0.68870926 0.7098912 0
vt 0.6045647 0.66195107 0
vt 0.64545107 0.657319 0
vt 0.60233325 0.70069003 0
vt 0.7640277 0.6099754 0
vt 0.6472709 0.75303656 0
vt 0.61582196 0.73147243 0
vt 0.76663566 0.74149966 0
vt 0.7317842 0.76103556 0
vt 0.7808199 0.6515533 0
vt 0.7388716 0.57375914 0
vt 0.7640277 0.6099754 0
vt 0.71569824 0.5442157 0
vt 0.72716117 0.5984616 0
vt 0.68994933 0.5934082 0
vt 0.6616447 0.54195845 0
vt 0.6137989 0.6156035 0
vt 0.6888092 0.65425545 0
vt 0.68870926 0.7098912 0
vt 0.6045647 0.66195107 0
vt 0.64545107 0.657319 0
vt 0.60233325 0.70069003 0
vt 0.6472709 0.75303656 0
vt 0.61582196 0.73147243 0
vt 0.76663566 0.74149966 0
vt 0.7830218 0.7008038 0
vt 0.7352042 0.7068716 0
vt 0.7317842 0.76103556 0
vt 0.7388716 0.57375914 0
vt 0.7640277 0.6099754 0
vt 0.71569824 0.5442157 0
vt 0.69171464 0.53176934 0
vt 0.68994933 0.5934082 0
vt 0.63374746 0.5723448 0
vt 0.6616447 0.54195845 0
vt 0.6137989 0.6156035 0
vt 0.6520468 0.6012757 0
vt 0.6885823 0.76161516 0
vt 0.6888092 0.65425545 0
vt 0.64485985 0.70681465 0
vt 0.61582196 0.73147243 0
vt 0.76663566 0.74149966 0
vt 0.7830218 0.7008038 0
vt 0.7352042 0.7068716 0
vt 0.7317842 0.76103556 0
vt 0.7388716 0.57375914 0
vt 0.7640277 0.6099754 0
vt 0.72716117 0.5984616 0
vt 0.69171464 0.53176934 0
vt 0.68994933 0.5934082 0
vt 0.63374746 0.5723448 0
vt 0.6616447 0.54195845 0
vt 0.6137989 0.6156035 0
vt 0.6520468 0.6012757 0
vt 0.6885823 0.76161516 0
vt 0.6888092 0.65425545 0
vt 0.68870926 0.7098912 0
vt 0.6045647 0.66195107 0
vt 0.64545107 0.657319 0
vt 0.64485985 0.70681465 0
vt 0.61582196 0.73147243 0
vt 0.76663566 0.74149966 0
vt 0.7808199 0.6515533 0
vt 0.7388716 0.57375914 0
vt 0.68994933 0.5934082 0
vt 0.71569824 0.5442157 0
vt 0.72716117 0.5984616 0
vt 0.7349034 0.6526871 0
vt 0.69171464 0.53176934 0
vt 0.68994933 0.5934082 0
vt 0.63374746 0.5723448 0
vt 0.6616447 0.54195845 0
vt 0.6885823 0.76161516 0
vt 0.6888092 0.65425545 0
vt 0.68870926 0.7098912 0
vt 0.6045647 0.66195107 0
vt 0.64545107 0.657319 0
vt 0.60233325 0.70069003 0
vt 0.6472709 0.75303656 0
vt 0.61582196 0.73147243 0
vt 0.76663566 0.74149966 0
vt 0.7317842 0.76103556 0
vt 0.7808199 0.6515533 0
vt 0.7388716 0.57375914 0
vt 0.71569824 0.5442157 0
vt 0.7349034 0.6526871 0
vt 0.69171464 0.53176934 0
vt 0.68994933 0.5934082 0
vt 0.63374746 0.5723448 0
vt 0.6616447 0.54195845 0
vt 0.6885823 0.76161516 0
vt 0.6888092 0.65425545 0
vt 0.6045647 0.66195107 0
vt 0.64545107 0.657319 0
vt 0.64485985 0.70681465 0
vt 0.6472709 0.75303656 0
vt 0.76663566 0.74149966 0
vt 0.7830218 0.7008038 0
vt 0.7352042 0.7068716 0
vt 0.7808199 0.6515533 0
vt 0.7388716 0.57375914 0
vt 0.71569824 0.5442157 0
vt 0.72716117 0.5984616 0
vt 0.7349034 0.6526871 0
vt 0.69171464 0.53176934 0
vt 0.68994933 0.5934082 0
vt 0.6616447 0.54195845 0
vt 0.6137989 0.6156035 0
vt 0.6885823 0.76161516 0
vt 0.6888092 0.65425545 0
vt 0.68870926 0.7098912 0
vt 0.6045647 0.66195107 0
vt 0.64545107 0.657319 0
vt 0.60233325 0.70069003 0
vt 0.64485985 0.70681465 0
vt 0.6472709 0.75303656 0
vt 0.61582196 0.73147243 0
vt 0.7830218 0.7008038 0
vt 0.7352042 0.7068716 0
vt 0.7808199 0.6515533 0
vt 0.7388716 0.57375914 0
vt 0.7640277 0.6099754 0
vt 0.71569824 0.5442157 0
vt 0.7349034 0.6526871 0
vt 0.69171464 0.53176934 0
vt 0.68994933 0.5934082 0
vt 0.63374746 0.5723448 0
vt 0.6137989 0.6156035 0
vt 0.6888092 0.65425545 0
vt 0.68870926 0.7098912 0
vt 0.6045647 0.66195107 0
vt 0.64545107 0.657319 0
vt 0.60233325 0.70069003 0
vt 0.6472709 0.75303656 0
vt 0.61582196 0.73147243 0
vt 0.76663566 0.74149966 0
vt 0.7352042 0.7068716 0
vt 0.7317842 0.76103556 0
vt 0.7388716 0.57375914 0
vt 0.7640277 0.6099754 0
vt 0.71569824 0.5442157 0
vt 0.72716117 0.5984616 0
vt 0.7349034 0.6526871 0
vt 0.69171464 0.53176934 0
vt 0.68994933 0.5934082 0
vt 0.6616447 0.54195845 0
vt 0.6137989 0.6156035 0
vt 0.6885823 0.76161516 0
vt 0.6888092 0.65425545 0
vt 0.68870926 0.7098912 0
vt 0.6045647 0.66195107 0
vt 0.64485985 0.70681465 0
vt 0.6472709 0.75303656 0
vt 0.61582196 0.73147243 0
vt 0.78659856 0.6751659 0
vt 0.73691416 0.6797896 0
vt 0.76574147 0.7479091 0
vt 0.78084254 0.6998998 0
vt 0.77944505 0.72644174 0
vt 0.68994933 0.5934082 0
vt 0.73520416 0.7068716 0
vt 0.73349416 0.7339536 0
vt 0.7317842 0.76103556 0
vt 0.688757 0.68307996 0
vt 0.64365435 0.6837038 0
vt 0.68854094 0.7629693 0
vt 0.6886616 0.73670256 0
vt 0.6041579 0.6997675 0
vt 0.6448599 0.7068147 0
vt 0.60458755 0.7183858 0
vt 0.6460654 0.72992563 0
vt 0.6472709 0.75303656 0
vt 0.6163855 0.73589635 0
vt 0.7388716 0.57375914 0
vt 0.7640277 0.6099754 0
vt 0.71569824 0.5442157 0
vt 0.72716117 0.5984616 0
vt 0.7353309 0.6459166 0
vt 0.69171464 0.53176934 0
vt 0.68994933 0.5934082 0
vt 0.63374746 0.5723448 0
vt 0.6616447 0.54195845 0
vt 0.6137989 0.6156035 0
vt 0.6520468 0.6012757 0
vt 0.6451497 0.6515413 0
vt 0.78659856 0.6751659 0
vt 0.73691416 0.6797896 0
vt 0.76574147 0.7479091 0
vt 0.78084254 0.6998998 0
vt 0.77944505 0.72644174 0
vt 0.73520416 0.7068716 0
vt 0.7317842 0.76103556 0
vt 0.688757 0.68307996 0
vt 0.60007894 0.68299425 0
vt 0.7808199 0.6515533 0
vt 0.64365435 0.6837038 0
vt 0.68854094 0.7629693 0
vt 0.6890745 0.7081541 0
vt 0.6886616 0.73670256 0
vt 0.6041579 0.6997675 0
vt 0.6448599 0.7068147 0
vt 0.60458755 0.7183858 0
vt 0.6460654 0.72992563 0
vt 0.6163855 0.73589635 0
vt 0.78286815 0.6464663 0
vt 0.7640277 0.6099754 0
vt 0.71569824 0.5442157 0
vt 0.7830218 0.7008038 0
vt 0.72716117 0.5984616 0
vt 0.7353309 0.6459166 0
vt 0.6887764 0.6477376 0
vt 0.61582196 0.73147243 0
vt 0.69171464 0.53176934 0
vt 0.68994933 0.5934082 0
vt 0.6616447 0.54195845 0
vt 0.6520468 0.6012757 0
vt 0.6451497 0.6515413 0
vt 0.6028786 0.6581032 0
vt 0.78659856 0.6751659 0
vt 0.73691416 0.6797896 0
vt 0.76574147 0.7479091 0
vt 0.7317842 0.76103556 0
vt 0.73520416 0.7068716 0
vt 0.60007894 0.68299425 0
vt 0.68854094 0.7629693 0
vt 0.6890745 0.7081541 0
vt 0.6886616 0.73670256 0
vt 0.6041579 0.6997675 0
vt 0.6448599 0.7068147 0
vt 0.60458755 0.7183858 0
vt 0.6460654 0.72992563 0
vt 0.6472709 0.75303656 0
vt 0.6163855 0.73589635 0
vt 0.78286815 0.6464663 0
vt 0.7388716 0.57375914 0
vt 0.7640277 0.6099754 0
vt 0.71569824 0.5442157 0
vt 0.72716117 0.5984616 0
vt 0.6887764 0.6477376 0
vt 0.72716117 0.5984616 0
vt 0.69171464 0.53176934 0
vt 0.7388716 0.57375914 0
vt 0.63374746 0.5723448 0
vt 0.6616447 0.54195845 0
vt 0.6137989 0.6156035 0
vt 0.6451497 0.6515413 0
vt 0.78659856 0.6751659 0
vt 0.73691416 0.6797896 0
vt 0.76574147 0.7479091 0
vt 0.78084254 0.6998998 0
vt 0.77944505 0.72644174 0
vt 0.73520416 0.7068716 0
vt 0.73349416 0.7339536 0
vt 0.688757 0.68307996 0
vt 0.64485985 0.70681465 0
vt 0.60007894 0.68299425 0
vt 0.64365435 0.6837038 0
vt 0.68854094 0.7629693 0
vt 0.7352042 0.7068716 0
vt 0.6890745 0.7081541 0
vt 0.6041579 0.6997675 0
vt 0.60458755 0.7183858 0
vt 0.6460654 0.72992563 0
vt 0.6472709 0.75303656 0
vt 0.6163855 0.73589635 0
vt 0.78286815 0.6464663 0
vt 0.7388716 0.57375914 0
vt 0.7640277 0.6099754 0
vt 0.71569824 0.5442157 0
vt 0.72716117 0.5984616 0
vt 0.7353309 0.6459166 0
vt 0.6887764 0.6477376 0
vt 0.69171464 0.53176934 0
vt 0.68994933 0.5934082 0
vt 0.63374746 0.5723448 0
vt 0.6616447 0.54195845 0
vt 0.6137989 0.6156035 0
vt 0.6520468 0.6012757 0
vt 0.6451497 0.6515413 0
vt 0.78659856 0.6751659 0
vt 0.76574147 0.7479091 0
vt 0.78084254 0.6998998 0
vt 0.77944505 0.72644174 0
vt 0.73349416 0.7339536 0
vt 0.7317842 0.76103556 0
vt 0.688757 0.68307996 0
vt 0.60007894 0.68299425 0
vt 0.72716117 0.5984616 0
vt 0.64365435 0.6837038 0
vt 0.68854094 0.7629693 0
vt 0.6890745 0.7081541 0
vt 0.6886616 0.73670256 0
vt 0.76663566 0.74149966 0
vt 0.60458755 0.7183858 0
vt 0.6472709 0.75303656 0
vt 0.6163855 0.73589635 0
vt 0.78286815 0.6464663 0
vt 0.7388716 0.57375914 0
vt 0.7640277 0.6099754 0
vt 0.71569824 0.5442157 0
vt 0.7353309 0.6459166 0
vt 0.6887764 0.6477376 0
vt 0.69171464 0.53176934 0
vt 0.68994933 0.5934082 0
vt 0.63374746 0.5723448 0
vt 0.6616447 0.54195845 0
vt 0.6616447 0.54195845 0
vt 0.6137989 0.6156035 0
vt 0.6520468 0.6012757 0
vt 0.6451497 0.6515413 0
vt 0.6028786 0.6581032 0
vt 0.76663566 0.74149966 0
vt 0.7830218 0.7008038 0
vt 0.7352042 0.7068716 0
vt 0.7317842 0.76103556 0
vt 0.7640277 0.6099754 0
vt 0.71569824 0.5442157 0
vt 0.72716117 0.5984616 0
vt 0.7349034 0.6526871 0
vt 0.69171464 0.53176934 0
vt 0.63374746 0.5723448 0
vt 0.6616447 0.54195845 0
vt 0.6137989 0.6156035 0
vt 0.6520468 0.6012757 0
vt 0.6520468 0.6012757 0
vt 0.6885823 0.76161516 0
vt 0.68870926 0.7098912 0
vt 0.6045647 0.66195107 0
vt 0.64545107 0.657319 0
vt 0.60233325 0.70069003 0
vt 0.6472709 0.75303656 0
vt 0.61582196 0.73147243 0
vt 0.7830218 0.7008038 0
vt 0.7352042 0.7068716 0
vt 0.7317842 0.76103556 0
vt 0.7808199 0.6515533 0
vt 0.7388716 0.57375914 0
vt 0.7640277 0.6099754 0
vt 0.71569824 0.5442157 0
vt 0.72716117 0.5984616 0
vt 0.7349034 0.6526871 0
vt 0.69171464 0.53176934 0
vt 0.68994933 0.5934082 0
vt 0.63374746 0.5723448 0
vt 0.6616447 0.54195845 0
vt 0.6137989 0.6156035 0
vt 0.6520468 0.6012757 0
vt 0.6885823 0.76161516 0
vt 0.6888092 0.65425545 0
vt 0.68870926 0.7098912 0
vt 0.6045647 0.66195107 0
vt 0.60233325 0.70069003 0
vt 0.64485985 0.70681465 0
vt 0.6472709 0.75303656 0
vt 0.61582196 0.73147243 0
vt 0.76663566 0.74149966 0
vt 0.7830218 0.7008038 0
vt 0.7352042 0.7068716 0
vt 0.7317842 0.76103556 0
vt 0.7317842 0.76103556 0
vt 0.7808199 0.6515533 0
vt 0.7640277 0.6099754 0
vt 0.71569824 0.5442157 0
vt 0.72716117 0.5984616 0
vt 0.7349034 0.6526871 0
vt 0.68994933 0.5934082 0
vt 0.63374746 0.5723448 0
vt 0.6616447 0.54195845 0
vt 0.6137989 0.6156035 0
vt 0.6616447 0.54195845 0
vt 0.6520468 0.6012757 0
vt 0.6885823 0.76161516 0
vt 0.6888092 0.65425545 0
vt 0.68870926 0.7098912 0
vt 0.64545107 0.657319 0
vt 0.60233325 0.70069003 0
vt 0.64485985 0.70681465 0
vt 0.6520468 0.6012757 0
vt 0.6472709 0.75303656 0
vt 0.61582196 0.73147243 0
vt 0.76663566 0.74149966 0
vt 0.7830218 0.7008038 0
vt 0.7317842 0.76103556 0
vt 0.6888092 0.65425545 0
vt 0.73520416 0.70687157 0
vt 0.71569824 0.5442157 0
vt 0.7808199 0.6515533 0
vt 0.7640277 0.6099754 0
vt 0.7349034 0.6526871 0
vt 0.72716117 0.5984616 0
vt 0.63374746 0.5723448 0
vt 0.6616447 0.54195845 0
vt 0.6899493 0.5934082 0
vt 0.6137989 0.6156035 0
vt 0.6045647 0.66195107 0
vt 0.6888092 0.65425545 0
vt 0.68870926 0.70989126 0
vt 0.6472709 0.75303656 0
vt 0.6448599 0.7068147 0
vt 0.60233325 0.70069003 0
vt 0.61582196 0.73147243 0
vt 0.76663566 0.74149966 0
vt 0.7317842 0.76103556 0
vt 0.73520416 0.70687157 0
vt 0.71569824 0.5442157 0
vt 0.7349034 0.6526871 0
vt 0.72716117 0.5984616 0
vt 0.63374746 0.5723448 0
vt 0.6616447 0.54195845 0
vt 0.6899493 0.5934082 0
vt 0.65204674 0.6012757 0
vt 0.6137989 0.6156035 0
vt 0.6045647 0.66195107 0
vt 0.64545107 0.657319 0
vt 0.6885823 0.76161516 0
vt 0.68870926 0.70989126 0
vt 0.6472709 0.75303656 0
vt 0.6448599 0.7068147 0
vt 0.61582196 0.73147243 0
vt 0.76663566 0.74149966 0
vt 0.7317842 0.76103556 0
vt 0.73520416 0.70687157 0
vt 0.7808199 0.6515533 0
vt 0.7640277 0.6099754 0
vt 0.72716117 0.5984616 0
vt 0.63374746 0.5723448 0
vt 0.69171464 0.53176934 0
vt 0.6616447 0.54195845 0
vt 0.6899493 0.5934082 0
vt 0.6137989 0.6156035 0
vt 0.6045647 0.66195107 0
vt 0.6888092 0.65425545 0
vt 0.64545107 0.657319 0
vt 0.6885823 0.76161516 0
vt 0.68870926 0.70989126 0
vt 0.6472709 0.75303656 0
vt 0.6448599 0.7068147 0
vt 0.60233325 0.70069003 0
vt 0.61582196 0.73147243 0
vt 0.78659856 0.6751659 0
vt 0.73691416 0.6797896 0
vt 0.78084254 0.6998998 0
vt 0.76574147 0.7479091 0
vt 0.7317842 0.76103556 0
vt 0.73349416 0.7339536 0
vt 0.64365435 0.6837038 0
vt 0.60007894 0.68299425 0
vt 0.6041579 0.6997675 0
vt 0.6890745 0.7081541 0
vt 0.6448599 0.7068147 0
vt 0.6886616 0.73670256 0
vt 0.6472709 0.75303656 0
vt 0.6460654 0.72992563 0
vt 0.60458755 0.7183858 0
vt 0.6163855 0.7358964 0
vt 0.7388716 0.5737592 0
vt 0.71569824 0.5442157 0
vt 0.78286815 0.6464663 0
vt 0.7640277 0.6099754 0
vt 0.7353309 0.6459166 0
vt 0.72716117 0.5984616 0
vt 0.63374746 0.5723448 0
vt 0.69171464 0.53176934 0
vt 0.6616447 0.54195845 0
vt 0.6887764 0.6477376 0
vt 0.6899493 0.5934082 0
vt 0.64514965 0.6515413 0
vt 0.65204674 0.6012757 0
vt 0.6137989 0.6156035 0
vt 0.6028786 0.6581032 0
vt 0.78659856 0.6751659 0
vt 0.73691416 0.6797896 0
vt 0.78084254 0.6998998 0
vt 0.73520416 0.7068716 0
vt 0.6616447 0.54195845 0
vt 0.76574147 0.7479091 0
vt 0.73349416 0.7339536 0
vt 0.64365435 0.6837038 0
vt 0.60007894 0.68299425 0
vt 0.6041579 0.6997675 0
vt 0.6890745 0.7081541 0
vt 0.6448599 0.7068147 0
vt 0.68854094 0.7629694 0
vt 0.6886616 0.73670256 0
vt 0.6460654 0.72992563 0
vt 0.6163855 0.7358964 0
vt 0.78286815 0.6464663 0
vt 0.7640277 0.6099754 0
vt 0.72716117 0.5984616 0
vt 0.63374746 0.5723448 0
vt 0.69171464 0.53176934 0
vt 0.6616447 0.54195845 0
vt 0.71569824 0.5442157 0
vt 0.6887764 0.6477376 0
vt 0.6899493 0.5934082 0
vt 0.64514965 0.6515413 0
vt 0.65204674 0.6012757 0
vt 0.6137989 0.6156035 0
vt 0.6028786 0.6581032 0
vt 0.78084254 0.6998998 0
vt 0.73520416 0.7068716 0
vt 0.76574147 0.7479091 0
vt 0.77944505 0.72644174 0
vt 0.7317842 0.76103556 0
vt 0.688757 0.68307996 0
vt 0.64365435 0.6837038 0
vt 0.60007894 0.68299425 0
vt 0.6041579 0.6997675 0
vt 0.6890745 0.7081541 0
vt 0.68854094 0.7629694 0
vt 0.6886616 0.73670256 0
vt 0.6472709 0.75303656 0
vt 0.60458755 0.7183858 0
vt 0.6163855 0.7358964 0
vt 0.7388716 0.5737592 0
vt 0.71569824 0.5442157 0
vt 0.7640277 0.6099754 0
vt 0.7353309 0.6459166 0
vt 0.72716117 0.5984616 0
vt 0.63374746 0.5723448 0
vt 0.69171464 0.53176934 0
vt 0.6616447 0.54195845 0
vt 0.6887764 0.6477376 0
vt 0.6899493 0.5934082 0
vt 0.64514965 0.6515413 0
vt 0.65204674 0.6012757 0
vt 0.78286815 0.6464663 0
vt 0.6137989 0.6156035 0
vt 0.6028786 0.6581032 0
vt 0.60233325 0.70069003 0
vt 0.78659856 0.6751659 0
vt 0.73691416 0.6797896 0
vt 0.78084254 0.6998998 0
vt 0.77944505 0.72644174 0
vt 0.7317842 0.76103556 0
vt 0.73349416 0.7339536 0
vt 0.688757 0.68307996 0
vt 0.64365435 0.6837038 0
vt 0.60007894 0.68299425 0
vt 0.6041579 0.6997675 0
vt 0.6890745 0.7081541 0
vt 0.6448599 0.7068147 0
vt 0.7388716 0.57375914 0
vt 0.6886616 0.73670256 0
vt 0.6460654 0.72992563 0
vt 0.60458755 0.7183858 0
vt 0.6163855 0.7358964 0
vt 0.71569824 0.5442157 0
vt 0.78286815 0.6464663 0
vt 0.7640277 0.6099754 0
vt 0.7353309 0.6459166 0
vt 0.72716117 0.5984616 0
vt 0.63374746 0.5723448 0
vt 0.69171464 0.53176934 0
vt 0.6616447 0.54195845 0
vt 0.6887764 0.6477376 0
vt 0.69171464 0.53176934 0
vt 0.6899493 0.5934082 0
vt 0.64514965 0.6515413 0
vt 0.6448599 0.7068147 0
vt 0.65204674 0.6012757 0
vt 0.76663566 0.74149966 0
vt 0.7830218 0.7008038 0
vt 0.7352042 0.7068716 0
vt 0.7808199 0.6515533 0
vt 0.7388716 0.57375914 0
vt 0.7640277 0.6099754 0
vt 0.71569824 0.5442157 0
vt 0.72716117 0.5984616 0
vt 0.69171464 0.53176934 0
vt 0.68994933 0.5934082 0
vt 0.63374746 0.5723448 0
vt 0.6616447 0.54195845 0
vt 0.6137989 0.6156035 0
vt 0.6520468 0.6012757 0
vt 0.6885823 0.76161516 0
vt 0.63374746 0.5723448 0
vt 0.6888092 0.65425545 0
vt 0.68870926 0.7098912 0
vt 0.64545107 0.657319 0
vt 0.60233325 0.70069003 0
vt 0.64485985 0.70681465 0
vt 0.6472709 0.75303656 0
vt 0.61582196 0.73147243 0
vt 0.7830218 0.7008038 0
vt 0.7352042 0.7068716 0
vt 0.7808199 0.6515533 0
vt 0.7388716 0.57375914 0
vt 0.71569824 0.5442157 0
vt 0.72716117 0.5984616 0
vt 0.7349034 0.6526871 0
vt 0.69171464 0.53176934 0
vt 0.68994933 0.5934082 0
vt 0.63374746 0.5723448 0
vt 0.6616447 0.54195845 0
vt 0.6137989 0.6156035 0
vt 0.6885823 0.76161516 0
vt 0.6888092 0.65425545 0
vt 0.68870926 0.7098912 0
vt 0.6045647 0.66195107 0
vt 0.64545107 0.657319 0
vt 0.60233325 0.70069003 0
vt 0.64485985 0.70681465 0
vt 0.6472709 0.75303656 0
vt 0.61582196 0.73147243 0
vt 0.76663566 0.74149966 0
vt 0.7352042 0.7068716 0
vt 0.7317842 0.76103556 0
vt 0.7808199 0.6515533 0
vt 0.7388716 0.57375914 0
vt 0.7640277 0.6099754 0
vt 0.71569824 0.5442157 0
vt 0.6888092 0.65425545 0
vt 0.72716117 0.5984616 0
vt 0.7349034 0.6526871 0
vt 0.69171464 0.53176934 0
vt 0.63374746 0.5723448 0
vt 0.6137989 0.6156035 0
vt 0.6885823 0.76161516 0
vt 0.6888092 0.65425545 0
vt 0.68870926 0.7098912 0
vt 0.6045647 0.66195107 0
vt 0.64545107 0.657319 0
vt 0.64485985 0.70681465 0
vt 0.6472709 0.75303656 0
vt 0.61582196 0.73147243 0
vt 0.13256535 0.8657489 0
vt 0.12987632 0.86384016 0
vt 0.1383473 0.8701628 0
vt 0.13578111 0.8660776 0
vt 0.14192106 0.8548058 0
vt 0.14106989 0.8671049 0
vt 0.17546433 0.89949036 0
vt 0.15900663 0.86956143 0
vt 0.14713383 0.848758 0
vt 0.6627928 0.39982992 0
vt 0.7430718 0.45760363 0
vt 0.7039976 0.42388302 0
vt 0.67467064 0.39982557 0
vt 0.65857255 0.40650877 0
vt 0.64839745 0.40771765 0
vt 0.636063 0.4044101 0
vt 0.12601857 0.8409507 0
vt 0.6472709 0.75303656 0
vt 0.113867015 0.7475128 0
vt 0.11668866 0.7465757 0
vt 0.1317835 0.8361839 0
vt 0.11950882 0.7456335 0
vt 0.13402654 0.84000456 0
vt 0.12232598 0.7446814 0
vt 0.13373408 0.8867296 0
vt 0.14360641 0.92161334 0
vt 0.136783 0.8914047 0
vt 0.14978002 0.94313407 0
vt 0.14266804 0.900321 0
vt 0.11516999 0.4823853 0
vt 0.71569824 0.5442157 0
vt 0.12119156 0.44492897 0
vt 0.10572465 0.64217985 0
vt 0.108129136 0.5497247 0
vt 0.1089572 0.6372322 0
vt 0.11230465 0.5384422 0
vt 0.12654233 0.42515647 0
vt 0.1322155 0.39989936 0
vt 0.113214664 0.6345237 0
vt 0.11648016 0.52715963 0
vt 0.11529336 0.6310671 0
vt 0.120655686 0.5158771 0
vt 0.12465119 0.74070024 0
vt 0.12599549 0.7306709 0
vt 0.13725734 0.8201386 0
vt 0.13707452 0.83448005 0
vt 0.14506528 0.8997297 0
vt 0.14658478 0.8894731 0
vt 0.15251122 0.949709 0
vt 0.16824397 0.82865256 0
vt 0.14754665 0.77313507 0
vt 0.15656927 0.84084547 0
vt 0.14342774 0.81338644 0
vt 0.17522252 0.92217124 0
vt 0.1508399 0.8841295 0
vt 0.16424468 0.9505702 0
vt 0.15829849 0.9450588 0
vt 0.13694783 0.38438153 0
vt 0.12421121 0.50750613 0
vt 0.12001375 0.6244756 0
vt 0.12652668 0.50495833 0
vt 0.13928694 0.37878007 0
vt 0.15730608 0.44820803 0
vt 0.14251398 0.38833076 0
vt 0.1504482 0.39303666 0
vt 0.12638812 0.63576144 0
vt 0.13160503 0.5155659 0
vt 0.14097397 0.6800917 0
vt 0.14344913 0.546661 0
vt 0.1586761 0.5879999 0
vt 0.16003811 0.7445029 0
vt 0.67845345 0.4954378 0
vt 0.71969426 0.4947629 0
vt 0.73952687 0.44477612 0
vt 0.7372345 0.47606534 0
vt 0.6690836 0.36740002 0
vt 0.6781302 0.4309527 0
vt 0.70382315 0.4489076 0
vt 0.70175016 0.49740687 0
vt 0.6866421 0.4925392 0
vt 0.67181826 0.49340624 0
vt 0.66291326 0.43705538 0
vt 0.6367899 0.39698973 0
vt 0.6441698 0.38584304 0
vt 0.6531077 0.43470347 0
vt 0.6620456 0.48356396 0
vt 0.65112555 0.46211657 0
vt 0.66787386 0.43140355 0
vt 0.71969426 0.4947629 0
vt 0.73952687 0.44477612 0
vt 0.6690836 0.36740002 0
vt 0.70589626 0.40040833 0
vt 0.6781302 0.4309527 0
vt 0.70382315 0.4489076 0
vt 0.6866421 0.4925392 0
vt 0.65477777 0.38100547 0
vt 0.66291326 0.43705538 0
vt 0.6367899 0.39698973 0
vt 0.6441698 0.38584304 0
vt 0.64087963 0.42834967 0
vt 0.6531077 0.43470347 0
vt 0.6620456 0.48356396 0
vt 0.65112555 0.46211657 0
vt 0.6572943 0.3673693 0
vt 0.66787386 0.43140355 0
vt 0.67845345 0.4954378 0
vt 0.71969426 0.4947629 0
vt 0.73952687 0.44477612 0
vt 0.7372345 0.47606534 0
vt 0.6690836 0.36740002 0
vt 0.70589626 0.40040833 0
vt 0.6520468 0.6012757 0
vt 0.6781302 0.4309527 0
vt 0.70382315 0.4489076 0
vt 0.70175016 0.49740687 0
vt 0.67181826 0.49340624 0
vt 0.65477777 0.38100547 0
vt 0.66291326 0.43705538 0
vt 0.6367899 0.39698973 0
vt 0.6441698 0.38584304 0
vt 0.64087963 0.42834967 0
vt 0.6531077 0.43470347 0
vt 0.65112555 0.46211657 0
vt 0.6572943 0.3673693 0
vt 0.66787386 0.43140355 0
vt 0.67845345 0.4954378 0
vt 0.71969426 0.4947629 0
vt 0.7372345 0.47606534 0
vt 0.6690836 0.36740002 0
vt 0.6781302 0.4309527 0
vt 0.70382315 0.4489076 0
vt 0.70175016 0.49740687 0
vt 0.6137989 0.6156035 0
vt 0.6866421 0.4925392 0
vt 0.67181826 0.49340624 0
vt 0.66291326 0.43705538 0
vt 0.6367899 0.39698973 0
vt 0.6441698 0.38584304 0
vt 0.64087963 0.42834967 0
vt 0.6531077 0.43470347 0
vt 0.6620456 0.48356396 0
vt 0.6572943 0.3673693 0
vt 0.66787386 0.43140355 0
vt 0.71969426 0.4947629 0
vt 0.73952687 0.44477612 0
vt 0.6690836 0.36740002 0
vt 0.70589626 0.40040833 0
vt 0.6781302 0.4309527 0
vt 0.70175016 0.49740687 0
vt 0.6866421 0.4925392 0
vt 0.67181826 0.49340624 0
vt 0.66291326 0.43705538 0
vt 0.6367899 0.39698973 0
vt 0.6441698 0.38584304 0
vt 0.6531077 0.43470347 0
vt 0.6620456 0.48356396 0
vt 0.65112555 0.46211657 0
vt 0.6572943 0.3673693 0
vt 0.67845345 0.4954378 0
vt 0.71969426 0.4947629 0
vt 0.6690836 0.36740002 0
vt 0.70589626 0.40040833 0
vt 0.6781302 0.4309527 0
vt 0.70382315 0.4489076 0
vt 0.70175016 0.49740687 0
vt 0.6866421 0.4925392 0
vt 0.67181826 0.49340624 0
vt 0.65477777 0.38100547 0
vt 0.66291326 0.43705538 0
vt 0.6367899 0.39698973 0
vt 0.6441698 0.38584304 0
vt 0.64087963 0.42834967 0
vt 0.6531077 0.43470347 0
vt 0.65112555 0.46211657 0
vt 0.6572943 0.3673693 0
vt 0.67845345 0.4954378 0
vt 0.71969426 0.4947629 0
vt 0.73952687 0.44477612 0
vt 0.7372345 0.47606534 0
vt 0.6690836 0.36740002 0
vt 0.70382315 0.4489076 0
vt 0.6866421 0.4925392 0
vt 0.67181826 0.49340624 0
vt 0.65477777 0.38100547 0
vt 0.66291326 0.43705538 0
vt 0.6441698 0.38584304 0
vt 0.64087963 0.42834967 0
vt 0.6531077 0.43470347 0
vt 0.65112555 0.46211657 0
vt 0.6572943 0.3673693 0
vt 0.66787386 0.43140355 0
vt 0.67845345 0.4954378 0
vt 0.71969426 0.4947629 0
vt 0.73952687 0.44477612 0
vt 0.7372345 0.47606534 0
vt 0.70589626 0.40040833 0
vt 0.6781302 0.4309527 0
vt 0.70382315 0.4489076 0
vt 0.70175016 0.49740687 0
vt 0.6866421 0.4925392 0
vt 0.67181826 0.49340624 0
vt 0.65477777 0.38100547 0
vt 0.66291326 0.43705538 0
vt 0.6441698 0.38584304 0
vt 0.64087963 0.42834967 0
vt 0.6531077 0.43470347 0
vt 0.6620456 0.48356396 0
vt 0.65112555 0.46211657 0
vt 0.6572943 0.3673693 0
vt 0.66787386 0.43140355 0
vt 0.67845345 0.4954378 0
vt 0.71969426 0.4947629 0
vt 0.7372345 0.47606534 0
vt 0.6690836 0.36740002 0
vt 0.70589626 0.40040833 0
vt 0.6781302 0.4309527 0
vt 0.70382315 0.4489076 0
vt 0.70175016 0.49740687 0
vt 0.6866421 0.4925392 0
vt 0.67181826 0.49340624 0
vt 0.65477777 0.38100547 0
vt 0.66291326 0.43705538 0
vt 0.6367899 0.39698973 0
vt 0.6441698 0.38584304 0
vt 0.64087963 0.42834967 0
vt 0.6531077 0.43470347 0
vt 0.6620456 0.48356396 0
vt 0.65112555 0.46211657 0
vt 0.6572943 0.3673693 0
vt 0.66787386 0.43140355 0
vt 0.67845345 0.4954378 0
vt 0.6690836 0.36740002 0
vt 0.70589626 0.40040833 0
vt 0.6781302 0.4309527 0
vt 0.70382315 0.4489076 0
vt 0.67181826 0.49340624 0
vt 0.65477777 0.38100547 0
vt 0.66291326 0.43705538 0
vt 0.6367899 0.39698973 0
vt 0.6441698 0.38584304 0
vt 0.64087963 0.42834967 0
vt 0.6531077 0.43470347 0
vt 0.6620456 0.48356396 0
vt 0.78286815 0.6464663 0
vt 0.65112555 0.46211657 0
vt 0.8543844 0.30688328 0
vt 0.86371166 0.36825633 0
vt 0.8844534 0.4954378 0
vt 0.8738738 0.43140355 0
vt 0.12834771 0.84009314 0
vt 0.95774835 0.39275724 0
vt 0.9070724 0.34570956 0
vt 0.87721103 0.36869842 0
vt 0.9549091 0.43914193 0
vt 0.910172 0.39885846 0
vt 0.92569417 0.49476287 0
vt 0.9098232 0.44890758 0
vt 0.8841301 0.4309527 0
vt 0.8393013 0.31653774 0
vt 0.82623017 0.31797078 0
vt 0.8602319 0.37596217 0
vt 0.84968716 0.38073182 0
vt 0.87781817 0.49340624 0
vt 0.86891323 0.4370554 0
vt 0.86804557 0.48356396 0
vt 0.8591077 0.4347035 0
vt 0.8468796 0.42834967 0
vt 0.85712546 0.46211657 0
vt 0.8496213 0.23872763 0
vt 0.8531514 0.15523271 0
vt 0.6137989 0.6156035 0
vt 0.8643577 0.247141 0
vt 0.8656003 0.1621364 0
vt 0.9110171 0.11222986 0
vt 0.8879982 0.073893934 0
vt 0.93318367 0.20947447 0
vt 0.9016733 0.27754587 0
vt 0.9501416 0.32232645 0
vt 0.82225025 0.1353401 0
vt 0.60233325 0.70069003 0
vt 0.81652886 0.18809912 0
vt 0.8542875 0.073095284 0
vt 0.8373357 0.09590183 0
vt 0.83288425 0.17156714 0
vt 0.8322628 0.24564244 0
vt 0.8451189 0.24318185 0
vt 0.64485985 0.70681465 0
vt 0.8543844 0.30688328 0
vt 0.86371166 0.36825633 0
vt 0.8844534 0.4954378 0
vt 0.87721103 0.36869842 0
vt 0.9549091 0.43914193 0
vt 0.910172 0.39885846 0
vt 0.92569417 0.49476287 0
vt 0.94323444 0.47606534 0
vt 0.6520468 0.6012757 0
vt 0.9077501 0.49740687 0
vt 0.9098232 0.44890758 0
vt 0.8841301 0.4309527 0
vt 0.8926421 0.4925392 0
vt 0.84960765 0.3134076 0
vt 0.8393013 0.31653774 0
vt 0.82623017 0.31797078 0
vt 0.8602319 0.37596217 0
vt 0.87781817 0.49340624 0
vt 0.86891323 0.4370554 0
vt 0.86804557 0.48356396 0
vt 0.8591077 0.4347035 0
vt 0.8468796 0.42834967 0
vt 0.85712546 0.46211657 0
vt 0.8496213 0.23872763 0
vt 0.86082816 0.064068146 0
vt 0.8694298 0.07067849 0
vt 0.8656003 0.1621364 0
vt 0.9110171 0.11222986 0
vt 0.8879982 0.073893934 0
vt 0.93318367 0.20947447 0
vt 0.9016733 0.27754587 0
vt 0.9501416 0.32232645 0
vt 0.81901985 0.25110927 0
vt 0.82225025 0.1353401 0
vt 0.81652886 0.18809912 0
vt 0.8542875 0.073095284 0
vt 0.8373357 0.09590183 0
vt 0.8461287 0.15921755 0
vt 0.8322628 0.24564244 0
vt 0.8543844 0.30688328 0
vt 0.86371166 0.36825633 0
vt 0.8738738 0.43140355 0
vt 0.95774835 0.39275724 0
vt 0.86856246 0.31247914 0
vt 0.87721103 0.36869842 0
vt 0.9549091 0.43914193 0
vt 0.910172 0.39885846 0
vt 0.92569417 0.49476287 0
vt 0.94323444 0.47606534 0
vt 0.9077501 0.49740687 0
vt 0.9098232 0.44890758 0
vt 0.8841301 0.4309527 0
vt 0.8926421 0.4925392 0
vt 0.84960765 0.3134076 0
vt 0.8393013 0.31653774 0
vt 0.9077501 0.49740687 0
vt 0.82623017 0.31797078 0
vt 0.8602319 0.37596217 0
vt 0.84968716 0.38073182 0
vt 0.86891323 0.4370554 0
vt 0.86804557 0.48356396 0
vt 0.8468796 0.42834967 0
vt 0.8738738 0.43140355 0
vt 0.86082816 0.064068146 0
vt 0.8531514 0.15523271 0
vt 0.8643577 0.247141 0
vt 0.8694298 0.07067849 0
vt 0.8656003 0.1621364 0
vt 0.9110171 0.11222986 0
vt 0.8879982 0.073893934 0
vt 0.6472709 0.75303656 0
vt 0.93318367 0.20947447 0
vt 0.9016733 0.27754587 0
vt 0.9501416 0.32232645 0
vt 0.81901985 0.25110927 0
vt 0.64485985 0.70681465 0
vt 0.82225025 0.1353401 0
vt 0.81652886 0.18809912 0
vt 0.8542875 0.073095284 0
vt 0.8373357 0.09590183 0
vt 0.8461287 0.15921755 0
vt 0.83288425 0.17156714 0
vt 0.8322628 0.24564244 0
vt 0.86371166 0.36825633 0
vt 0.8844534 0.4954378 0
vt 0.8738738 0.43140355 0
vt 0.95774835 0.39275724 0
vt 0.9070724 0.34570956 0
vt 0.86856246 0.31247914 0
vt 0.87721103 0.36869842 0
vt 0.9549091 0.43914193 0
vt 0.910172 0.39885846 0
vt 0.92569417 0.49476287 0
vt 0.94323444 0.47606534 0
vt 0.9077501 0.49740687 0
vt 0.9098232 0.44890758 0
vt 0.8841301 0.4309527 0
vt 0.8926421 0.4925392 0
vt 0.84960765 0.3134076 0
vt 0.8393013 0.31653774 0
vt 0.83724624 0.3804705 0
vt 0.8602319 0.37596217 0
vt 0.84968716 0.38073182 0
vt 0.87781817 0.49340624 0
vt 0.8591077 0.4347035 0
vt 0.8468796 0.42834967 0
vt 0.8496213 0.23872763 0
vt 0.86082816 0.064068146 0
vt 0.8531514 0.15523271 0
vt 0.8694298 0.07067849 0
vt 0.8656003 0.1621364 0
vt 0.9110171 0.11222986 0
vt 0.8879982 0.073893934 0
vt 0.93318367 0.20947447 0
vt 0.8951234 0.18245237 0
vt 0.9016733 0.27754587 0
vt 0.9501416 0.32232645 0
vt 0.81901985 0.25110927 0
vt 0.82225025 0.1353401 0
vt 0.81652886 0.18809912 0
vt 0.8461287 0.15921755 0
vt 0.71969426 0.4947629 0
vt 0.83288425 0.17156714 0
vt 0.8543844 0.30688328 0
vt 0.86371166 0.36825633 0
vt 0.8738738 0.43140355 0
vt 0.9070724 0.34570956 0
vt 0.86856246 0.31247914 0
vt 0.87721103 0.36869842 0
vt 0.9549091 0.43914193 0
vt 0.910172 0.39885846 0
vt 0.92569417 0.49476287 0
vt 0.94323444 0.47606534 0
vt 0.9077501 0.49740687 0
vt 0.9098232 0.44890758 0
vt 0.8926421 0.4925392 0
vt 0.84960765 0.3134076 0
vt 0.82623017 0.31797078 0
vt 0.83724624 0.3804705 0
vt 0.8602319 0.37596217 0
vt 0.84968716 0.38073182 0
vt 0.87781817 0.49340624 0
vt 0.6620456 0.48356396 0
vt 0.86804557 0.48356396 0
vt 0.8591077 0.4347035 0
vt 0.8468796 0.42834967 0
vt 0.85712546 0.46211657 0
vt 0.8496213 0.23872763 0
vt 0.86082816 0.064068146 0
vt 0.8531514 0.15523271 0
vt 0.8643577 0.247141 0
vt 0.8694298 0.07067849 0
vt 0.8656003 0.1621364 0
vt 0.8879982 0.073893934 0
vt 0.93318367 0.20947447 0
vt 0.8951234 0.18245237 0
vt 0.9016733 0.27754587 0
vt 0.81901985 0.25110927 0
vt 0.82225025 0.1353401 0
vt 0.86856246 0.31247914 0
vt 0.81652886 0.18809912 0
vt 0.8542875 0.073095284 0
vt 0.8373357 0.09590183 0
vt 0.8461287 0.15921755 0
vt 0.83288425 0.17156714 0
vt 0.8322628 0.24564244 0
vt 0.8451189 0.24318185 0
vt 0.6483845 0.30688328 0
vt 0.65771174 0.36825633 0
vt 0.66787386 0.43140355 0
vt 0.67845345 0.4954378 0
vt 0.70107245 0.34570956 0
vt 0.7317842 0.76103556 0
vt 0.7489091 0.43914193 0
vt 0.7372345 0.47606534 0
vt 0.67121106 0.36869842 0
vt 0.704172 0.39885846 0
vt 0.70382315 0.4489076 0
vt 0.70175016 0.49740687 0
vt 0.6866421 0.4925392 0
vt 0.6436077 0.3134076 0
vt 0.73349416 0.7339536 0
vt 0.6333013 0.31653774 0
vt 0.67181826 0.49340624 0
vt 0.6542319 0.37596217 0
vt 0.66291326 0.43705538 0
vt 0.6312463 0.3804705 0
vt 0.6436871 0.38073182 0
vt 0.64087963 0.42834967 0
vt 0.6620456 0.48356396 0
vt 0.65112555 0.46211657 0
vt 0.61582196 0.73147243 0
vt 0.6436214 0.23872763 0
vt 0.64715147 0.15523271 0
vt 0.6548282 0.064068146 0
vt 0.7050172 0.11222987 0
vt 0.68199825 0.073893934 0
vt 0.65835774 0.24714102 0
vt 0.6596004 0.1621364 0
vt 0.6956733 0.27754587 0
vt 0.68912345 0.18245237 0
vt 0.63133574 0.09590183 0
vt 0.78659856 0.6751659 0
vt 0.6105289 0.18809912 0
vt 0.62626284 0.24564244 0
vt 0.62688434 0.17156713 0
vt 0.6401288 0.15921755 0
vt 0.6483845 0.30688328 0
vt 0.65771174 0.36825633 0
vt 0.67845345 0.4954378 0
vt 0.7517484 0.39275724 0
vt 0.66256255 0.31247914 0
vt 0.70107245 0.34570956 0
vt 0.71969426 0.4947629 0
vt 0.7372345 0.47606534 0
vt 0.67121106 0.36869842 0
vt 0.704172 0.39885846 0
vt 0.6781302 0.4309527 0
vt 0.70382315 0.4489076 0
vt 0.70175016 0.49740687 0
vt 0.72716117 0.5984616 0
vt 0.6436077 0.3134076 0
vt 0.6202302 0.31797078 0
vt 0.6333013 0.31653774 0
vt 0.67181826 0.49340624 0
vt 0.6542319 0.37596217 0
vt 0.66291326 0.43705538 0
vt 0.6312463 0.3804705 0
vt 0.6436871 0.38073182 0
vt 0.64087963 0.42834967 0
vt 0.6531077 0.43470347 0
vt 0.6620456 0.48356396 0
vt 0.65112555 0.46211657 0
vt 0.6436214 0.23872763 0
vt 0.64715147 0.15523271 0
vt 0.6548282 0.064068146 0
vt 0.7050172 0.11222987 0
vt 0.66342986 0.07067849 0
vt 0.68199825 0.073893934 0
vt 0.6888092 0.65425545 0
vt 0.65835774 0.24714102 0
vt 0.6596004 0.1621364 0
vt 0.6956733 0.27754587 0
vt 0.68912345 0.18245237 0
vt 0.7271837 0.20947449 0
vt 0.7441417 0.32232645 0
vt 0.64828753 0.073095284 0
vt 0.6162502 0.1353401 0
vt 0.63133574 0.09590183 0
vt 0.6130198 0.25110927 0
vt 0.6105289 0.18809912 0
vt 0.62626284 0.24564244 0
vt 0.62688434 0.17156713 0
vt 0.71569824 0.5442157 0
vt 0.6401288 0.15921755 0
vt 0.6391189 0.24318185 0
vt 0.6483845 0.30688328 0
vt 0.65771174 0.36825633 0
vt 0.66787386 0.43140355 0
vt 0.7517484 0.39275724 0
vt 0.66256255 0.31247914 0
vt 0.70107245 0.34570956 0
vt 0.71969426 0.4947629 0
vt 0.7372345 0.47606534 0
vt 0.67121106 0.36869842 0
vt 0.704172 0.39885846 0
vt 0.6781302 0.4309527 0
vt 0.70382315 0.4489076 0
vt 0.70175016 0.49740687 0
vt 0.6866421 0.4925392 0
vt 0.68870926 0.7098912 0
vt 0.6436077 0.3134076 0
vt 0.6202302 0.31797078 0
vt 0.67181826 0.49340624 0
vt 0.6542319 0.37596217 0
vt 0.66291326 0.43705538 0
vt 0.6312463 0.3804705 0
vt 0.6436871 0.38073182 0
vt 0.64087963 0.42834967 0
vt 0.6531077 0.43470347 0
vt 0.6620456 0.48356396 0
vt 0.65112555 0.46211657 0
vt 0.6436214 0.23872763 0
vt 0.64715147 0.15523271 0
vt 0.6548282 0.064068146 0
vt 0.7050172 0.11222987 0
vt 0.66342986 0.07067849 0
vt 0.65835774 0.24714102 0
vt 0.6596004 0.1621364 0
vt 0.68912345 0.18245237 0
vt 0.7271837 0.20947449 0
vt 0.7441417 0.32232645 0
vt 0.64828753 0.073095284 0
vt 0.6162502 0.1353401 0
vt 0.63133574 0.09590183 0
vt 0.6130198 0.25110927 0
vt 0.7388716 0.57375914 0
vt 0.6105289 0.18809912 0
vt 0.62626284 0.24564244 0
vt 0.62688434 0.17156713 0
vt 0.6401288 0.15921755 0
vt 0.6391189 0.24318185 0
vt 0.6483845 0.30688328 0
vt 0.65771174 0.36825633 0
vt 0.66787386 0.43140355 0
vt 0.67845345 0.4954378 0
vt 0.7517484 0.39275724 0
vt 0.66256255 0.31247914 0
vt 0.70107245 0.34570956 0
vt 0.71969426 0.4947629 0
vt 0.7489091 0.43914193 0
vt 0.7372345 0.47606534 0
vt 0.67121106 0.36869842 0
vt 0.6781302 0.4309527 0
vt 0.70382315 0.4489076 0
vt 0.70175016 0.49740687 0
vt 0.6866421 0.4925392 0
vt 0.6436077 0.3134076 0
vt 0.6202302 0.31797078 0
vt 0.6333013 0.31653774 0
vt 0.67181826 0.49340624 0
vt 0.6542319 0.37596217 0
vt 0.6312463 0.3804705 0
vt 0.6436871 0.38073182 0
vt 0.64087963 0.42834967 0
vt 0.6531077 0.43470347 0
vt 0.6620456 0.48356396 0
vt 0.65112555 0.46211657 0
vt 0.7808199 0.6515533 0
vt 0.64715147 0.15523271 0
vt 0.6548282 0.064068146 0
vt 0.66342986 0.07067849 0
vt 0.68199825 0.073893934 0
vt 0.6572943 0.3673693 0
vt 0.65835774 0.24714102 0
vt 0.6596004 0.1621364 0
vt 0.68912345 0.18245237 0
vt 0.7441417 0.32232645 0
vt 0.60233325 0.70069003 0
vt 0.6162502 0.1353401 0
vt 0.63133574 0.09590183 0
vt 0.704172 0.39885846 0
vt 0.6130198 0.25110927 0
vt 0.64545107 0.657319 0
vt 0.6105289 0.18809912 0
vt 0.62626284 0.24564244 0
vt 0.62688434 0.17156713 0
vt 0.6401288 0.15921755 0
vt 0.6391189 0.24318185 0
vt 0.6483845 0.30688328 0
vt 0.65771174 0.36825633 0
vt 0.66787386 0.43140355 0
vt 0.67845345 0.4954378 0
vt 0.7517484 0.39275724 0
vt 0.66256255 0.31247914 0
vt 0.71969426 0.4947629 0
vt 0.7372345 0.47606534 0
vt 0.67121106 0.36869842 0
vt 0.704172 0.39885846 0
vt 0.70382315 0.4489076 0
vt 0.70175016 0.49740687 0
vt 0.6866421 0.4925392 0
vt 0.6436077 0.3134076 0
vt 0.6202302 0.31797078 0
vt 0.67181826 0.49340624 0
vt 0.66291326 0.43705538 0
vt 0.6312463 0.3804705 0
vt 0.6436871 0.38073182 0
vt 0.64087963 0.42834967 0
vt 0.6531077 0.43470347 0
vt 0.6620456 0.48356396 0
vt 0.65112555 0.46211657 0
vt 0.6436214 0.23872763 0
vt 0.7050172 0.11222987 0
vt 0.66342986 0.07067849 0
vt 0.68199825 0.073893934 0
vt 0.6520468 0.6012757 0
vt 0.6956733 0.27754587 0
vt 0.7271837 0.20947449 0
vt 0.6885823 0.76161516 0
vt 0.7441417 0.32232645 0
vt 0.64828753 0.073095284 0
vt 0.6162502 0.1353401 0
vt 0.63133574 0.09590183 0
vt 0.6105289 0.18809912 0
vt 0.62688434 0.17156713 0
vt 0.6391189 0.24318185 0
vt 0.65771174 0.36825633 0
vt 0.8451189 0.24318185 0
vt 0.66787386 0.43140355 0
vt 0.67845345 0.4954378 0
vt 0.7517484 0.39275724 0
vt 0.66256255 0.31247914 0
vt 0.70107245 0.34570956 0
vt 0.7489091 0.43914193 0
vt 0.67121106 0.36869842 0
vt 0.6781302 0.4309527 0
vt 0.70382315 0.4489076 0
vt 0.6866421 0.4925392 0
vt 0.6436077 0.3134076 0
vt 0.6333013 0.31653774 0
vt 0.6542319 0.37596217 0
vt 0.66291326 0.43705538 0
vt 0.6312463 0.3804705 0
vt 0.64087963 0.42834967 0
vt 0.6531077 0.43470347 0
vt 0.6472709 0.75303656 0
vt 0.6620456 0.48356396 0
vt 0.65112555 0.46211657 0
vt 0.6436214 0.23872763 0
vt 0.64715147 0.15523271 0
vt 0.6548282 0.064068146 0
vt 0.7050172 0.11222987 0
vt 0.66342986 0.07067849 0
vt 0.65835774 0.24714102 0
vt 0.6956733 0.27754587 0
vt 0.7441417 0.32232645 0
vt 0.64828753 0.073095284 0
vt 0.6162502 0.1353401 0
vt 0.63133574 0.09590183 0
vt 0.6130198 0.25110927 0
vt 0.6472709 0.75303656 0
vt 0.6105289 0.18809912 0
vt 0.62626284 0.24564244 0
vt 0.62688434 0.17156713 0
vt 0.6391189 0.24318185 0
vt 0.6483845 0.30688328 0
vt 0.65771174 0.36825633 0
vt 0.66787386 0.43140355 0
vt 0.67845345 0.4954378 0
vt 0.7517484 0.39275724 0
vt 0.66256255 0.31247914 0
vt 0.70107245 0.34570956 0
vt 0.7489091 0.43914193 0
vt 0.7372345 0.47606534 0
vt 0.67121106 0.36869842 0
vt 0.704172 0.39885846 0
vt 0.6781302 0.4309527 0
vt 0.70382315 0.4489076 0
vt 0.70175016 0.49740687 0
vt 0.6866421 0.4925392 0
vt 0.6436077 0.3134076 0
vt 0.6202302 0.31797078 0
vt 0.6333013 0.31653774 0
vt 0.67181826 0.49340624 0
vt 0.6542319 0.37596217 0
vt 0.84960765 0.3134076 0
vt 0.64485985 0.70681465 0
vt 0.66291326 0.43705538 0
vt 0.6312463 0.3804705 0
vt 0.6436871 0.38073182 0
vt 0.64087963 0.42834967 0
vt 0.6531077 0.43470347 0
vt 0.6620456 0.48356396 0
vt 0.6548282 0.064068146 0
vt 0.7050172 0.11222987 0
vt 0.68199825 0.073893934 0
vt 0.65835774 0.24714102 0
vt 0.6596004 0.1621364 0
vt 0.68912345 0.18245237 0
vt 0.7271837 0.20947449 0
vt 0.7441417 0.32232645 0
vt 0.64828753 0.073095284 0
vt 0.63133574 0.09590183 0
vt 0.6130198 0.25110927 0
vt 0.6105289 0.18809912 0
vt 0.70175016 0.49740687 0
vt 0.62626284 0.24564244 0
vt 0.6548282 0.064068146 0
vt 0.6401288 0.15921755 0
vt 0.65771174 0.36825633 0
vt 0.66787386 0.43140355 0
vt 0.67845345 0.4954378 0
vt 0.7517484 0.39275724 0
vt 0.70107245 0.34570956 0
vt 0.71969426 0.4947629 0
vt 0.7489091 0.43914193 0
vt 0.7372345 0.47606534 0
vt 0.67121106 0.36869842 0
vt 0.704172 0.39885846 0
vt 0.6781302 0.4309527 0
vt 0.70382315 0.4489076 0
vt 0.70175016 0.49740687 0
vt 0.6866421 0.4925392 0
vt 0.6436077 0.3134076 0
vt 0.6202302 0.31797078 0
vt 0.6448599 0.7068147 0
vt 0.6333013 0.31653774 0
vt 0.67181826 0.49340624 0
vt 0.6542319 0.37596217 0
vt 0.66291326 0.43705538 0
vt 0.6312463 0.3804705 0
vt 0.6436871 0.38073182 0
vt 0.6162502 0.1353401 0
vt 0.64087963 0.42834967 0
vt 0.63374746 0.5723448 0
vt 0.6531077 0.43470347 0
vt 0.69171464 0.53176934 0
vt 0.65112555 0.46211657 0
vt 0.6436214 0.23872763 0
vt 0.64715147 0.15523271 0
vt 0.6548282 0.064068146 0
vt 0.7050172 0.11222987 0
vt 0.8841301 0.4309527 0
vt 0.7352042 0.7068716 0
vt 0.66342986 0.07067849 0
vt 0.68199825 0.073893934 0
vt 0.6333013 0.31653774 0
vt 0.65835774 0.24714102 0
vt 0.6596004 0.1621364 0
vt 0.6956733 0.27754587 0
vt 0.68912345 0.18245237 0
vt 0.7271837 0.20947449 0
vt 0.7441417 0.32232645 0
vt 0.6162502 0.1353401 0
vt 0.63133574 0.09590183 0
vt 0.6130198 0.25110927 0
vt 0.6105289 0.18809912 0
vt 0.62626284 0.24564244 0
vt 0.62688434 0.17156713 0
vt 0.6401288 0.15921755 0
vt 0.6391189 0.24318185 0
vt 0.67845345 0.4954378 0
vt 0.64545107 0.657319 0
vt 0.7517484 0.39275724 0
vt 0.66256255 0.31247914 0
vt 0.71969426 0.4947629 0
vt 0.7489091 0.43914193 0
vt 0.7372345 0.47606534 0
vt 0.67121106 0.36869842 0
vt 0.704172 0.39885846 0
vt 0.6781302 0.4309527 0
vt 0.70382315 0.4489076 0
vt 0.64485985 0.70681465 0
vt 0.6866421 0.4925392 0
vt 0.6436077 0.3134076 0
vt 0.6202302 0.31797078 0
vt 0.6333013 0.31653774 0
vt 0.67181826 0.49340624 0
vt 0.6542319 0.37596217 0
vt 0.66291326 0.43705538 0
vt 0.6436871 0.38073182 0
vt 0.64087963 0.42834967 0
vt 0.6531077 0.43470347 0
vt 0.6620456 0.48356396 0
vt 0.6436214 0.23872763 0
vt 0.64715147 0.15523271 0
vt 0.6548282 0.064068146 0
vt 0.7050172 0.11222987 0
vt 0.66342986 0.07067849 0
vt 0.68199825 0.073893934 0
vt 0.6956733 0.27754587 0
vt 0.68912345 0.18245237 0
vt 0.7271837 0.20947449 0
vt 0.7441417 0.32232645 0
vt 0.64828753 0.073095284 0
vt 0.6162502 0.1353401 0
vt 0.6105289 0.18809912 0
vt 0.6391189 0.24318185 0
vt 0.6483845 0.30688328 0
vt 0.65771174 0.36825633 0
vt 0.67845345 0.4954378 0
vt 0.7517484 0.39275724 0
vt 0.66256255 0.31247914 0
vt 0.70107245 0.34570956 0
vt 0.7489091 0.43914193 0
vt 0.7372345 0.47606534 0
vt 0.67121106 0.36869842 0
vt 0.704172 0.39885846 0
vt 0.70382315 0.4489076 0
vt 0.70175016 0.49740687 0
vt 0.6866421 0.4925392 0
vt 0.6436077 0.3134076 0
vt 0.6202302 0.31797078 0
vt 0.6333013 0.31653774 0
vt 0.67181826 0.49340624 0
vt 0.6542319 0.37596217 0
vt 0.66291326 0.43705538 0
vt 0.6866421 0.4925392 0
vt 0.6436871 0.38073182 0
vt 0.64087963 0.42834967 0
vt 0.6531077 0.43470347 0
vt 0.66291326 0.43705538 0
vt 0.6620456 0.48356396 0
vt 0.65112555 0.46211657 0
vt 0.6436214 0.23872763 0
vt 0.64715147 0.15523271 0
vt 0.6548282 0.064068146 0
vt 0.66342986 0.07067849 0
vt 0.68199825 0.073893934 0
vt 0.65835774 0.24714102 0
vt 0.6596004 0.1621364 0
vt 0.6956733 0.27754587 0
vt 0.68912345 0.18245237 0
vt 0.7271837 0.20947449 0
vt 0.7441417 0.32232645 0
vt 0.64828753 0.073095284 0
vt 0.6162502 0.1353401 0
vt 0.63133574 0.09590183 0
vt 0.71969426 0.4947629 0
vt 0.6130198 0.25110927 0
vt 0.62626284 0.24564244 0
vt 0.62688434 0.17156713 0
vt 0.73349416 0.7339536 0
vt 0.6401288 0.15921755 0
vt 0.6391189 0.24318185 0
vt 0.6483845 0.30688328 0
vt 0.65771174 0.36825633 0
vt 0.66787386 0.43140355 0
vt 0.67845345 0.4954378 0
vt 0.7517484 0.39275724 0
vt 0.66256255 0.31247914 0
vt 0.71969426 0.4947629 0
vt 0.7489091 0.43914193 0
vt 0.66787386 0.43140355 0
vt 0.7372345 0.47606534 0
vt 0.704172 0.39885846 0
vt 0.6781302 0.4309527 0
vt 0.8373357 0.09590183 0
vt 0.70382315 0.4489076 0
vt 0.70175016 0.49740687 0
vt 0.6866421 0.4925392 0
vt 0.6436077 0.3134076 0
vt 0.6202302 0.31797078 0
vt 0.6333013 0.31653774 0
vt 0.67181826 0.49340624 0
vt 0.6542319 0.37596217 0
vt 0.66291326 0.43705538 0
vt 0.6312463 0.3804705 0
vt 0.6436871 0.38073182 0
vt 0.64087963 0.42834967 0
vt 0.6620456 0.48356396 0
vt 0.6520468 0.6012757 0
vt 0.65112555 0.46211657 0
vt 0.85712546 0.46211657 0
vt 0.6436214 0.23872763 0
vt 0.6548282 0.064068146 0
vt 0.7050172 0.11222987 0
vt 0.71569824 0.5442157 0
vt 0.68199825 0.073893934 0
vt 0.68912345 0.18245237 0
vt 0.66256255 0.31247914 0
vt 0.7441417 0.32232645 0
vt 0.64828753 0.073095284 0
vt 0.6162502 0.1353401 0
vt 0.6105289 0.18809912 0
vt 0.62688434 0.17156713 0
vt 0.6401288 0.15921755 0
vt 0.6483845 0.30688328 0
vt 0.65771174 0.36825633 0
vt 0.66787386 0.43140355 0
vt 0.67845345 0.4954378 0
vt 0.7517484 0.39275724 0
vt 0.66256255 0.31247914 0
vt 0.66342986 0.07067849 0
vt 0.70107245 0.34570956 0
vt 0.71969426 0.4947629 0
vt 0.7489091 0.43914193 0
vt 0.7372345 0.47606534 0
vt 0.67121106 0.36869842 0
vt 0.704172 0.39885846 0
vt 0.70382315 0.4489076 0
vt 0.70175016 0.49740687 0
vt 0.6866421 0.4925392 0
vt 0.6436077 0.3134076 0
vt 0.6202302 0.31797078 0
vt 0.6333013 0.31653774 0
vt 0.67181826 0.49340624 0
vt 0.6542319 0.37596217 0
vt 0.66291326 0.43705538 0
vt 0.6312463 0.3804705 0
vt 0.6436871 0.38073182 0
vt 0.64087963 0.42834967 0
vt 0.6531077 0.43470347 0
vt 0.6620456 0.48356396 0
vt 0.65112555 0.46211657 0
vt 0.64715147 0.15523271 0
vt 0.63374746 0.5723448 0
vt 0.7050172 0.11222987 0
vt 0.66342986 0.07067849 0
vt 0.68199825 0.073893934 0
vt 0.65835774 0.24714102 0
vt 0.6596004 0.1621364 0
vt 0.6956733 0.27754587 0
vt 0.68912345 0.18245237 0
vt 0.7271837 0.20947449 0
vt 0.7441417 0.32232645 0
vt 0.64828753 0.073095284 0
vt 0.6162502 0.1353401 0
vt 0.63133574 0.09590183 0
vt 0.6130198 0.25110927 0
vt 0.6105289 0.18809912 0
vt 0.62626284 0.24564244 0
vt 0.62688434 0.17156713 0
vt 0.6401288 0.15921755 0
vt 0.6391189 0.24318185 0
vt 0.6483845 0.30688328 0
vt 0.66787386 0.43140355 0
vt 0.67845345 0.4954378 0
vt 0.66256255 0.31247914 0
vt 0.70107245 0.34570956 0
vt 0.704172 0.39885846 0
vt 0.67121106 0.36869842 0
vt 0.7372345 0.47606534 0
vt 0.71969426 0.4947629 0
vt 0.70382315 0.4489076 0
vt 0.70175016 0.49740687 0
vt 0.6866421 0.4925392 0
vt 0.6542319 0.37596217 0
vt 0.6436077 0.3134076 0
vt 0.6202302 0.31797078 0
vt 0.6333013 0.31653774 0
vt 0.6312463 0.3804705 0
vt 0.66291326 0.43705538 0
vt 0.67181826 0.49340624 0
vt 0.64087963 0.42834967 0
vt 0.6531077 0.43470347 0
vt 0.6620456 0.48356396 0
vt 0.65112555 0.46211657 0
vt 0.6436214 0.23872763 0
vt 0.64715147 0.15523271 0
vt 0.7050172 0.11222987 0
vt 0.66342986 0.07067849 0
vt 0.7352042 0.7068716 0
vt 0.7830218 0.7008038 0
vt 0.68199825 0.073893934 0
vt 0.65835774 0.24714102 0
vt 0.6596004 0.1621364 0
vt 0.6956733 0.27754587 0
vt 0.68912345 0.18245237 0
vt 0.7372345 0.47606534 0
vt 0.7271837 0.20947449 0
vt 0.7441417 0.32232645 0
vt 0.64828753 0.073095284 0
vt 0.63133574 0.09590183 0
vt 0.6130198 0.25110927 0
vt 0.6105289 0.18809912 0
vt 0.72716117 0.5984616 0
vt 0.62688434 0.17156713 0
vt 0.6401288 0.15921755 0
vt 0.6391189 0.24318185 0
vt 0.98659855 0.76726675 0
vt 0.9640236 0.97077894 0
vt 0.98062783 0.82445705 0
vt 0.9349644 0.8396207 0
vt 0.92986643 1.0055131 0
vt 0.888757 0.78333235 0
vt 0.800079 0.7831584 0
vt 0.84365433 0.7845987 0
vt 0.8888881 0.8405786 0
vt 0.8878424 0.9202039 0
vt 0.8041289 0.8182093 0
vt 0.8045875 0.85500324 0
vt 0.8463439 0.9573865 0
vt 0.81615376 0.8985602 0
vt 0.9828682 0.7090066 0
vt 0.9388716 0.5614111 0
vt 0.96402776 0.63493 0
vt 0.91569823 0.5014378 0
vt 0.92716116 0.6115571 0
vt 0.70589626 0.40040833 0
vt 0.93533087 0.7078906 0
vt 0.88877636 0.7115873 0
vt 0.8917146 0.4761718 0
vt 0.8899493 0.60129875 0
vt 0.8337475 0.55853987 0
vt 0.86164474 0.49685574 0
vt 0.8137989 0.64635515 0
vt 0.83724624 0.3804705 0
vt 0.8520467 0.61726964 0
vt 0.8451497 0.71930885 0
vt 0.98659855 0.76726675 0
vt 0.9369141 0.7766528 0
vt 0.9640236 0.97077894 0
vt 0.9784543 0.9032452 0
vt 0.9349644 0.8396207 0
vt 0.93253523 0.91857123 0
vt 0.92986643 1.0055131 0
vt 0.95774835 0.39275724 0
vt 0.888757 0.78333235 0
vt 0.800079 0.7831584 0
vt 0.84365433 0.7845987 0
vt 0.8869066 1.0015528 0
vt 0.8888881 0.8405786 0
vt 0.844744 0.8355192 0
vt 0.8045875 0.85500324 0
vt 0.8456019 0.8944502 0
vt 0.8463439 0.9573865 0
vt 0.81615376 0.8985602 0
vt 0.9828682 0.7090066 0
vt 0.91569823 0.5014378 0
vt 0.92716116 0.6115571 0
vt 0.88877636 0.7115873 0
vt 0.8917146 0.4761718 0
vt 0.67845345 0.4954378 0
vt 0.8899493 0.60129875 0
vt 0.8337475 0.55853987 0
vt 0.86164474 0.49685574 0
vt 0.8137989 0.64635515 0
vt 0.8520467 0.61726964 0
vt 0.8451497 0.71930885 0
vt 0.7830218 0.7008038 0
vt 0.7317842 0.76103556 0
vt 0.7352042 0.7068716 0
vt 0.7640277 0.6099754 0
vt 0.7388716 0.57375914 0
vt 0.71569824 0.5442157 0
vt 0.7349034 0.6526871 0
vt 0.72716117 0.5984616 0
vt 0.68994933 0.5934082 0
vt 0.69171464 0.53176934 0
vt 0.6616447 0.54195845 0
vt 0.63374746 0.5723448 0
vt 0.6520468 0.6012757 0
vt 0.93253523 0.91857123 0
vt 0.6137989 0.6156035 0
vt 0.6885823 0.76161516 0
vt 0.6888092 0.65425545 0
vt 0.64545107 0.657319 0
vt 0.6045647 0.66195107 0
vt 0.6472709 0.75303656 0
vt 0.72716117 0.5984616 0
vt 0.64485985 0.70681465 0
vt 0.60233325 0.70069003 0
vt 0.61582196 0.73147243 0
vt 0.76663566 0.74149966 0
vt 0.7830218 0.7008038 0
vt 0.7317842 0.76103556 0
vt 0.7352042 0.7068716 0
vt 0.7808199 0.6515533 0
vt 0.7388716 0.57375914 0
vt 0.71569824 0.5442157 0
vt 0.68994933 0.5934082 0
vt 0.7349034 0.6526871 0
vt 0.72716117 0.5984616 0
vt 0.68994933 0.5934082 0
vt 0.69171464 0.53176934 0
vt 0.83288425 0.17156714 0
vt 0.6616447 0.54195845 0
vt 0.63374746 0.5723448 0
vt 0.6045647 0.66195107 0
vt 0.6520468 0.6012757 0
vt 0.6885823 0.76161516 0
vt 0.68870926 0.7098912 0
vt 0.60233325 0.70069003 0
vt 0.6888092 0.65425545 0
vt 0.6045647 0.66195107 0
vt 0.6472709 0.75303656 0
vt 0.64485985 0.70681465 0
vt 0.60233325 0.70069003 0
vt 0.61582196 0.73147243 0
vt 0.76663566 0.74149966 0
vt 0.7830218 0.7008038 0
vt 0.7352042 0.7068716 0
vt 0.7808199 0.6515533 0
vt 0.7388716 0.57375914 0
vt 0.71569824 0.5442157 0
vt 0.7349034 0.6526871 0
vt 0.72716117 0.5984616 0
vt 0.68994933 0.5934082 0
vt 0.69171464 0.53176934 0
vt 0.6616447 0.54195845 0
vt 0.63374746 0.5723448 0
vt 0.6137989 0.6156035 0
vt 0.68870926 0.7098912 0
vt 0.6472709 0.75303656 0
vt 0.6888092 0.65425545 0
vt 0.64545107 0.657319 0
vt 0.6045647 0.66195107 0
vt 0.6472709 0.75303656 0
vt 0.64485985 0.70681465 0
vt 0.60233325 0.70069003 0
vt 0.61582196 0.73147243 0
vt 0.6902946 0.5869478 0
vt 0.6852398 0.54203534 0
vt 0.6616447 0.54195845 0
vt 0.6520468 0.6012757 0
vt 0.6137989 0.6156035 0
vt 0.6786369 0.7509136 0
vt 0.6873865 0.7129394 0
vt 0.64545107 0.657319 0
vt 0.6045647 0.66195107 0
vt 0.6472709 0.75303656 0
vt 0.64485985 0.70681465 0
vt 0.60233325 0.70069003 0
vt 0.61582196 0.73147243 0
vt 0.76663566 0.74149966 0
vt 0.7830218 0.7008038 0
vt 0.7317842 0.76103556 0
vt 0.7352042 0.7068716 0
vt 0.73520416 0.7068716 0
vt 0.7640277 0.6099754 0
vt 0.7388716 0.57375914 0
vt 0.71569824 0.5442157 0
vt 0.7349034 0.6526871 0
vt 0.72716117 0.5984616 0
vt 0.68994933 0.5934082 0
vt 0.69171464 0.53176934 0
vt 0.6616447 0.54195845 0
vt 0.6520468 0.6012757 0
vt 0.6885823 0.76161516 0
vt 0.68870926 0.7098912 0
vt 0.64828753 0.073095284 0
vt 0.6888092 0.65425545 0
vt 0.64545107 0.657319 0
vt 0.6045647 0.66195107 0
vt 0.6472709 0.75303656 0
vt 0.9784543 0.9032452 0
vt 0.60233325 0.70069003 0
vt 0.61582196 0.73147243 0
vt 0.76663566 0.74149966 0
vt 0.7830218 0.7008038 0
vt 0.7317842 0.76103556 0
vt 0.7352042 0.7068716 0
vt 0.7808199 0.6515533 0
vt 0.7640277 0.6099754 0
vt 0.7388716 0.57375914 0
vt 0.71569824 0.5442157 0
vt 0.7349034 0.6526871 0
vt 0.7349034 0.6526871 0
vt 0.72716117 0.5984616 0
vt 0.68994933 0.5934082 0
vt 0.69171464 0.53176934 0
vt 0.6616447 0.54195845 0
vt 0.6436214 0.23872763 0
vt 0.63374746 0.5723448 0
vt 0.6137989 0.6156035 0
vt 0.6885823 0.76161516 0
vt 0.68870926 0.7098912 0
vt 0.6888092 0.65425545 0
vt 0.64545107 0.657319 0
vt 0.6045647 0.66195107 0
vt 0.6472709 0.75303656 0
vt 0.64485985 0.70681465 0
vt 0.60233325 0.70069003 0
vt 0.61582196 0.73147243 0
vt 0.76663566 0.74149966 0
vt 0.7352042 0.7068716 0
vt 0.7808199 0.6515533 0
vt 0.7640277 0.6099754 0
vt 0.7388716 0.57375914 0
vt 0.71569824 0.5442157 0
vt 0.7349034 0.6526871 0
vt 0.72716117 0.5984616 0
vt 0.68994933 0.5934082 0
vt 0.69171464 0.53176934 0
vt 0.6616447 0.54195845 0
vt 0.63374746 0.5723448 0
vt 0.7317842 0.76103556 0
vt 0.6520468 0.6012757 0
vt 0.6137989 0.6156035 0
vt 0.6885823 0.76161516 0
vt 0.68870926 0.7098912 0
vt 0.6888092 0.65425545 0
vt 0.64545107 0.657319 0
vt 0.6045647 0.66195107 0
vt 0.6472709 0.75303656 0
vt 0.64485985 0.70681465 0
vt 0.60233325 0.70069003 0
vt 0.61582196 0.73147243 0
vt 0.76663566 0.74149966 0
vt 0.7830218 0.7008038 0
vt 0.7317842 0.76103556 0
vt 0.7352042 0.7068716 0
vt 0.7808199 0.6515533 0
vt 0.7640277 0.6099754 0
vt 0.7388716 0.57375914 0
vt 0.71569824 0.5442157 0
vt 0.6483845 0.30688328 0
vt 0.7349034 0.6526871 0
vt 0.72716117 0.5984616 0
vt 0.68994933 0.5934082 0
vt 0.69171464 0.53176934 0
vt 0.6616447 0.54195845 0
vt 0.63374746 0.5723448 0
vt 0.72716117 0.5984616 0
vt 0.6520468 0.6012757 0
vt 0.6137989 0.6156035 0
vt 0.6885823 0.76161516 0
vt 0.68870926 0.7098912 0
vt 0.6888092 0.65425545 0
vt 0.64545107 0.657319 0
vt 0.6045647 0.66195107 0
vt 0.6472709 0.75303656 0
vt 0.60233325 0.70069003 0
vt 0.61582196 0.73147243 0
vt 0.76663566 0.74149966 0
vt 0.7317842 0.76103556 0
vt 0.7352042 0.7068716 0
vt 0.7808199 0.6515533 0
vt 0.7640277 0.6099754 0
vt 0.71569824 0.5442157 0
vt 0.7349034 0.6526871 0
vt 0.72716117 0.5984616 0
vt 0.68994933 0.5934082 0
vt 0.69171464 0.53176934 0
vt 0.63374746 0.5723448 0
vt 0.6520468 0.6012757 0
vt 0.6137989 0.6156035 0
vt 0.68870926 0.7098912 0
vt 0.6888092 0.65425545 0
vt 0.64545107 0.657319 0
vt 0.6956733 0.27754587 0
vt 0.6045647 0.66195107 0
vt 0.6472709 0.75303656 0
vt 0.64485985 0.70681465 0
vt 0.60233325 0.70069003 0
vt 0.61582196 0.73147243 0
vt 0.76663566 0.74149966 0
vt 0.7830218 0.7008038 0
vt 0.7317842 0.76103556 0
vt 0.7352042 0.7068716 0
vt 0.7808199 0.6515533 0
vt 0.71569824 0.5442157 0
vt 0.7349034 0.6526871 0
vt 0.72716117 0.5984616 0
vt 0.68994933 0.5934082 0
vt 0.13949148 0.9073053 0
vt 0.69171464 0.53176934 0
vt 0.6616447 0.54195845 0
vt 0.63374746 0.5723448 0
vt 0.65771174 0.36825633 0
vt 0.6520468 0.6012757 0
vt 0.6137989 0.6156035 0
vt 0.6885823 0.76161516 0
vt 0.68870926 0.7098912 0
vt 0.6888092 0.65425545 0
vt 0.64545107 0.657319 0
vt 0.6045647 0.66195107 0
vt 0.64485985 0.70681465 0
vt 0.60233325 0.70069003 0
vt 0.61582196 0.73147243 0
vt 0.76663566 0.74149966 0
vt 0.7830218 0.7008038 0
vt 0.7317842 0.76103556 0
vt 0.7352042 0.7068716 0
vt 0.7808199 0.6515533 0
vt 0.7640277 0.6099754 0
vt 0.7388716 0.57375914 0
vt 0.71569824 0.5442157 0
vt 0.72716117 0.5984616 0
vt 0.68994933 0.5934082 0
vt 0.69171464 0.53176934 0
vt 0.6616447 0.54195845 0
vt 0.63374746 0.5723448 0
vt 0.6520468 0.6012757 0
vt 0.6137989 0.6156035 0
vt 0.7808199 0.6515533 0
vt 0.6885823 0.76161516 0
vt 0.68870926 0.7098912 0
vt 0.6888092 0.65425545 0
vt 0.64545107 0.657319 0
vt 0.6045647 0.66195107 0
vt 0.7050172 0.11222987 0
vt 0.61582196 0.73147243 0
vt 0.6472709 0.75303656 0
vt 0.64485985 0.70681465 0
vt 0.60233325 0.70069003 0
vt 0.61582196 0.73147243 0
vt 0.76663566 0.74149966 0
vt 0.7830218 0.7008038 0
vt 0.7317842 0.76103556 0
vt 0.7352042 0.7068716 0
vt 0.7808199 0.6515533 0
vt 0.7640277 0.6099754 0
vt 0.7388716 0.57375914 0
vt 0.71569824 0.5442157 0
vt 0.7349034 0.6526871 0
vt 0.69171464 0.53176934 0
vt 0.6616447 0.54195845 0
vt 0.63374746 0.5723448 0
vt 0.6520468 0.6012757 0
vt 0.6137989 0.6156035 0
vt 0.6531077 0.43470347 0
vt 0.6885823 0.76161516 0
vt 0.6888092 0.65425545 0
vt 0.64545107 0.657319 0
vt 0.6045647 0.66195107 0
vt 0.64485985 0.70681465 0
vt 0.62626284 0.24564244 0
vt 0.60233325 0.70069003 0
vt 0.6028786 0.6581032 0
vt 0.61582196 0.73147243 0
vt 0.76663566 0.74149966 0
vt 0.7830218 0.7008038 0
vt 0.7317842 0.76103556 0
vt 0.7352042 0.7068716 0
vt 0.7808199 0.6515533 0
vt 0.7640277 0.6099754 0
vt 0.7388716 0.57375914 0
vt 0.71569824 0.5442157 0
vt 0.7349034 0.6526871 0
vt 0.72716117 0.5984616 0
vt 0.68994933 0.5934082 0
vt 0.69171464 0.53176934 0
vt 0.6616447 0.54195845 0
vt 0.63374746 0.5723448 0
vt 0.6885823 0.76161516 0
vt 0.68870926 0.7098912 0
vt 0.6888092 0.65425545 0
vt 0.6045647 0.66195107 0
vt 0.6472709 0.75303656 0
vt 0.6028786 0.6581032 0
vt 0.64485985 0.70681465 0
vt 0.60233325 0.70069003 0
vt 0.61582196 0.73147243 0
vt 0.6902946 0.5869478 0
vt 0.6852398 0.54203534 0
vt 0.6616447 0.54195845 0
vt 0.63374746 0.5723448 0
vt 0.6520468 0.6012757 0
vt 0.6137989 0.6156035 0
vt 0.6786369 0.7509136 0
vt 0.6873865 0.7129394 0
vt 0.6857893 0.65353405 0
vt 0.73952687 0.44477612 0
vt 0.64545107 0.657319 0
vt 0.6045647 0.66195107 0
vt 0.64087963 0.42834967 0
vt 0.6472709 0.75303656 0
vt 0.8591077 0.4347035 0
vt 0.64485985 0.70681465 0
vt 0.60233325 0.70069003 0
vt 0.9110171 0.11222986 0
vt 0.61582196 0.73147243 0
vt 0.76663566 0.74149966 0
vt 0.7830218 0.7008038 0
vt 0.7352042 0.7068716 0
vt 0.7808199 0.6515533 0
vt 0.7640277 0.6099754 0
vt 0.7388716 0.57375914 0
vt 0.71569824 0.5442157 0
vt 0.7349034 0.6526871 0
vt 0.72716117 0.5984616 0
vt 0.68994933 0.5934082 0
vt 0.7808199 0.6515533 0
vt 0.69171464 0.53176934 0
vt 0.6616447 0.54195845 0
vt 0.63374746 0.5723448 0
vt 0.6520468 0.6012757 0
vt 0.6137989 0.6156035 0
vt 0.6885823 0.76161516 0
vt 0.6888092 0.65425545 0
vt 0.64545107 0.657319 0
vt 0.6045647 0.66195107 0
vt 0.6472709 0.75303656 0
vt 0.60233325 0.70069003 0
vt 0.61582196 0.73147243 0
vt 0.7830218 0.7008038 0
vt 0.7388716 0.57375914 0
vt 0.7317842 0.76103556 0
vt 0.7352042 0.7068716 0
vt 0.7808199 0.6515533 0
vt 0.7640277 0.6099754 0
vt 0.71569824 0.5442157 0
vt 0.7349034 0.6526871 0
vt 0.72716117 0.5984616 0
vt 0.68994933 0.5934082 0
vt 0.69171464 0.53176934 0
vt 0.6616447 0.54195845 0
vt 0.63374746 0.5723448 0
vt 0.6520468 0.6012757 0
vt 0.6137989 0.6156035 0
vt 0.6786369 0.7509136 0
vt 0.6885823 0.76161516 0
vt 0.68870926 0.7098912 0
vt 0.6888092 0.65425545 0
vt 0.6045647 0.66195107 0
vt 0.6472709 0.75303656 0
vt 0.64485985 0.70681465 0
vt 0.6885823 0.76161516 0
vt 0.60233325 0.70069003 0
vt 0.61582196 0.73147243 0
vt 0.76663566 0.74149966 0
vt 0.7830218 0.7008038 0
vt 0.7317842 0.76103556 0
vt 0.7808199 0.6515533 0
vt 0.7388716 0.57375914 0
vt 0.76663566 0.74149966 0
vt 0.71569824 0.5442157 0
vt 0.7349034 0.6526871 0
vt 0.72716117 0.5984616 0
vt 0.68994933 0.5934082 0
vt 0.69171464 0.53176934 0
vt 0.6616447 0.54195845 0
vt 0.63374746 0.5723448 0
vt 0.6520468 0.6012757 0
vt 0.6137989 0.6156035 0
vt 0.6888092 0.65425545 0
vt 0.6885823 0.76161516 0
vt 0.68870926 0.7098912 0
vt 0.6045647 0.66195107 0
vt 0.6472709 0.75303656 0
vt 0.64545107 0.657319 0
vt 0.60233325 0.70069003 0
vt 0.61582196 0.73147243 0
vt 0.67181826 0.49340624 0
vt 0.76663566 0.74149966 0
vt 0.67181826 0.49340624 0
vt 0.7830218 0.7008038 0
vt 0.6520468 0.6012757 0
vt 0.7317842 0.76103556 0
vt 0.7640277 0.6099754 0
vt 0.6472709 0.75303656 0
vt 0.7388716 0.57375914 0
vt 0.72716117 0.5984616 0
vt 0.68994933 0.5934082 0
vt 0.69171464 0.53176934 0
vt 0.6520468 0.6012757 0
vt 0.63374746 0.5723448 0
vt 0.6520468 0.6012757 0
vt 0.6137989 0.6156035 0
vt 0.6885823 0.76161516 0
vt 0.8917146 0.4761718 0
vt 0.68870926 0.7098912 0
vt 0.6888092 0.65425545 0
vt 0.64545107 0.657319 0
vt 0.6045647 0.66195107 0
vt 0.6472709 0.75303656 0
vt 0.64485985 0.70681465 0
vt 0.60233325 0.70069003 0
vt 0.61582196 0.73147243 0
vt 0.76663566 0.74149966 0
vt 0.7317842 0.76103556 0
vt 0.7808199 0.6515533 0
vt 0.6531077 0.43470347 0
vt 0.7388716 0.57375914 0
vt 0.71569824 0.5442157 0
vt 0.7349034 0.6526871 0
vt 0.72716117 0.5984616 0
vt 0.68994933 0.5934082 0
vt 0.69171464 0.53176934 0
vt 0.6616447 0.54195845 0
vt 0.64087963 0.42834967 0
vt 0.6137989 0.6156035 0
vt 0.6885823 0.76161516 0
vt 0.6520468 0.6012757 0
vt 0.64545107 0.657319 0
vt 0.7317842 0.76103556 0
vt 0.6045647 0.66195107 0
vt 0.64485985 0.70681465 0
vt 0.8461287 0.15921755 0
vt 0.60233325 0.70069003 0
vt 0.61582196 0.73147243 0
vt 0.7830218 0.7008038 0
vt 0.7317842 0.76103556 0
vt 0.7352042 0.7068716 0
vt 0.7808199 0.6515533 0
vt 0.7640277 0.6099754 0
vt 0.71569824 0.5442157 0
vt 0.7349034 0.6526871 0
vt 0.72716117 0.5984616 0
vt 0.69171464 0.53176934 0
vt 0.7317842 0.76103556 0
vt 0.6616447 0.54195845 0
vt 0.63374746 0.5723448 0
vt 0.9070724 0.34570956 0
vt 0.6520468 0.6012757 0
vt 0.6885823 0.76161516 0
vt 0.6888092 0.65425545 0
vt 0.64545107 0.657319 0
vt 0.64485985 0.70681465 0
vt 0.60233325 0.70069003 0
vt 0.61582196 0.73147243 0
vt 0.7830218 0.7008038 0
vt 0.7317842 0.76103556 0
vt 0.7352042 0.7068716 0
vt 0.7808199 0.6515533 0
vt 0.7640277 0.6099754 0
vt 0.7388716 0.57375914 0
vt 0.71569824 0.5442157 0
vt 0.7349034 0.6526871 0
vt 0.68994933 0.5934082 0
vt 0.6520468 0.6012757 0
vt 0.6137989 0.6156035 0
vt 0.6885823 0.76161516 0
vt 0.68870926 0.7098912 0
vt 0.6888092 0.65425545 0
vt 0.6162502 0.1353401 0
vt 0.64545107 0.657319 0
vt 0.6520468 0.6012757 0
vt 0.6045647 0.66195107 0
vt 0.64485985 0.70681465 0
vt 0.60233325 0.70069003 0
vt 0.76663566 0.74149966 0
vt 0.7830218 0.7008038 0
vt 0.6045647 0.66195107 0
vt 0.7317842 0.76103556 0
vt 0.7352042 0.7068716 0
vt 0.7372345 0.47606534 0
vt 0.81615376 0.8985602 0
vt 0.7808199 0.6515533 0
vt 0.7640277 0.6099754 0
vt 0.7388716 0.57375914 0
vt 0.71569824 0.5442157 0
vt 0.68854094 0.7629694 0
vt 0.7349034 0.6526871 0
vt 0.72716117 0.5984616 0
vt 0.68994933 0.5934082 0
vt 0.69171464 0.53176934 0
vt 0.6616447 0.54195845 0
vt 0.87781817 0.49340624 0
vt 0.60233325 0.70069003 0
vt 0.6520468 0.6012757 0
vt 0.6885823 0.76161516 0
vt 0.6888092 0.65425545 0
vt 0.7640277 0.6099754 0
vt 0.64545107 0.657319 0
vt 0.6045647 0.66195107 0
vt 0.6472709 0.75303656 0
vt 0.86891323 0.4370554 0
vt 0.7317842 0.76103556 0
vt 0.64485985 0.70681465 0
vt 0.93533087 0.7078906 0
vt 0.60233325 0.70069003 0
vt 0.61582196 0.73147243 0
vt 0.76663566 0.74149966 0
vt 0.7352042 0.7068716 0
vt 0.7808199 0.6515533 0
vt 0.60458755 0.7183858 0
vt 0.71569824 0.5442157 0
vt 0.66342986 0.07067849 0
vt 0.7349034 0.6526871 0
vt 0.72716117 0.5984616 0
vt 0.68994933 0.5934082 0
vt 0.7640277 0.6099754 0
vt 0.63374746 0.5723448 0
vt 0.6520468 0.6012757 0
vt 0.68870926 0.7098912 0
vt 0.64545107 0.657319 0
vt 0.6472709 0.75303656 0
vt 0.13181019 0.7347602 0
vt 0.64485985 0.70681465 0
vt 0.61582196 0.73147243 0
vt 0.60233325 0.70069003 0
vt 0.76663566 0.74149966 0
vt 0.7317842 0.76103556 0
vt 0.7352042 0.7068716 0
vt 0.7808199 0.6515533 0
vt 0.8531514 0.15523271 0
vt 0.7640277 0.6099754 0
vt 0.7349034 0.6526871 0
vt 0.72716117 0.5984616 0
vt 0.7352042 0.7068716 0
vt 0.69171464 0.53176934 0
vt 0.17570613 0.87680954 0
vt 0.6616447 0.54195845 0
vt 0.67181826 0.49340624 0
vt 0.63374746 0.5723448 0
vt 0.7349034 0.6526871 0
vt 0.6520468 0.6012757 0
vt 0.6137989 0.6156035 0
vt 0.6885823 0.76161516 0
vt 0.68870926 0.7098912 0
vt 0.68870926 0.7098912 0
vt 0.6888092 0.65425545 0
vt 0.64545107 0.657319 0
vt 0.6472709 0.75303656 0
vt 0.68994933 0.5934082 0
vt 0.60233325 0.70069003 0
vt 0.61582196 0.73147243 0
vt 0.76663566 0.74149966 0
vt 0.7830218 0.7008038 0
vt 0.7317842 0.76103556 0
vt 0.7352042 0.7068716 0
vt 0.7808199 0.6515533 0
vt 0.6137989 0.6156035 0
vt 0.7640277 0.6099754 0
vt 0.71569824 0.5442157 0
vt 0.7349034 0.6526871 0
vt 0.72716117 0.5984616 0
vt 0.68994933 0.5934082 0
vt 0.69171464 0.53176934 0
vt 0.6616447 0.54195845 0
vt 0.63374746 0.5723448 0
vt 0.6885823 0.76161516 0
vt 0.68870926 0.7098912 0
vt 0.6888092 0.65425545 0
vt 0.64545107 0.657319 0
vt 0.6472709 0.75303656 0
vt 0.64485985 0.70681465 0
vt 0.60233325 0.70069003 0
vt 0.61582196 0.73147243 0
vt 0.76663566 0.74149966 0
vt 0.7830218 0.7008038 0
vt 0.7317842 0.76103556 0
vt 0.7352042 0.7068716 0
vt 0.7640277 0.6099754 0
vt 0.7388716 0.57375914 0
vt 0.71569824 0.5442157 0
vt 0.72716117 0.5984616 0
vt 0.68994933 0.5934082 0
vt 0.69171464 0.53176934 0
vt 0.6616447 0.54195845 0
vt 0.63374746 0.5723448 0
vt 0.6137989 0.6156035 0
vt 0.68870926 0.7098912 0
vt 0.6045647 0.66195107 0
vt 0.6472709 0.75303656 0
vt 0.64485985 0.70681465 0
vt 0.8951234 0.18245237 0
vt 0.60233325 0.70069003 0
vt 0.6902946 0.5869478 0
vt 0.6852398 0.54203534 0
vt 0.6616447 0.54195845 0
vt 0.63374746 0.5723448 0
vt 0.76663566 0.74149966 0
vt 0.6520468 0.6012757 0
vt 0.6137989 0.6156035 0
vt 0.6786369 0.7509136 0
vt 0.6857893 0.65353405 0
vt 0.64545107 0.657319 0
vt 0.6472709 0.75303656 0
vt 0.64485985 0.70681465 0
vt 0.76663566 0.74149966 0
vt 0.7640277 0.6099754 0
vt 0.7830218 0.7008038 0
vt 0.6616447 0.54195845 0
vt 0.7317842 0.76103556 0
vt 0.60233325 0.70069003 0
vt 0.7352042 0.7068716 0
vt 0.7808199 0.6515533 0
vt 0.71569824 0.5442157 0
vt 0.7349034 0.6526871 0
vt 0.72716117 0.5984616 0
vt 0.68994933 0.5934082 0
vt 0.6616447 0.54195845 0
vt 0.62626284 0.24564244 0
vt 0.7830218 0.7008038 0
vt 0.63374746 0.5723448 0
vt 0.6520468 0.6012757 0
vt 0.6137989 0.6156035 0
vt 0.6885823 0.76161516 0
vt 0.68870926 0.7098912 0
vt 0.154945 0.94874084 0
vt 0.6888092 0.65425545 0
vt 0.64545107 0.657319 0
vt 0.6045647 0.66195107 0
vt 0.61582196 0.73147243 0
vt 0.76663566 0.74149966 0
vt 0.7830218 0.7008038 0
vt 0.7317842 0.76103556 0
vt 0.7352042 0.7068716 0
vt 0.7808199 0.6515533 0
vt 0.7640277 0.6099754 0
vt 0.7388716 0.57375914 0
vt 0.71569824 0.5442157 0
vt 0.7349034 0.6526871 0
vt 0.70175016 0.49740687 0
vt 0.72716117 0.5984616 0
vt 0.68994933 0.5934082 0
vt 0.69171464 0.53176934 0
vt 0.7352042 0.7068716 0
vt 0.6616447 0.54195845 0
vt 0.72716117 0.5984616 0
vt 0.63374746 0.5723448 0
vt 0.71569824 0.5442157 0
vt 0.6520468 0.6012757 0
vt 0.6137989 0.6156035 0
vt 0.6885823 0.76161516 0
vt 0.68870926 0.7098912 0
vt 0.6888092 0.65425545 0
vt 0.64545107 0.657319 0
vt 0.6045647 0.66195107 0
vt 0.64485985 0.70681465 0
vt 0.61582196 0.73147243 0
vt 0.7830218 0.7008038 0
vt 0.65835774 0.24714102 0
vt 0.7317842 0.76103556 0
vt 0.7352042 0.7068716 0
vt 0.7808199 0.6515533 0
vt 0.61582196 0.73147243 0
vt 0.6045647 0.66195107 0
vt 0.7640277 0.6099754 0
vt 0.7388716 0.57375914 0
vt 0.6888092 0.65425545 0
vt 0.6448599 0.7068147 0
vt 0.71569824 0.5442157 0
vt 0.7349034 0.6526871 0
vt 0.72716117 0.5984616 0
vt 0.68994933 0.5934082 0
vt 0.65112555 0.46211657 0
vt 0.6045647 0.66195107 0
vt 0.6616447 0.54195845 0
vt 0.66787386 0.43140355 0
vt 0.6520468 0.6012757 0
vt 0.6137989 0.6156035 0
vt 0.6885823 0.76161516 0
vt 0.68870926 0.7098912 0
vt 0.6888092 0.65425545 0
vt 0.64545107 0.657319 0
vt 0.6045647 0.66195107 0
vt 0.6472709 0.75303656 0
vt 0.64485985 0.70681465 0
vt 0.7352042 0.7068716 0
vt 0.60233325 0.70069003 0
vt 0.61582196 0.73147243 0
vt 0.76663566 0.74149966 0
vt 0.7830218 0.7008038 0
vt 0.7808199 0.6515533 0
vt 0.8543844 0.30688328 0
vt 0.7640277 0.6099754 0
vt 0.7388716 0.57375914 0
vt 0.60458755 0.7183858 0
vt 0.71569824 0.5442157 0
vt 0.7349034 0.6526871 0
vt 0.72716117 0.5984616 0
vt 0.68994933 0.5934082 0
vt 0.69171464 0.53176934 0
vt 0.6616447 0.54195845 0
vt 0.8451189 0.24318185 0
vt 0.63374746 0.5723448 0
vt 0.6520468 0.6012757 0
vt 0.6137989 0.6156035 0
vt 0.6885823 0.76161516 0
vt 0.68870926 0.7098912 0
vt 0.6888092 0.65425545 0
vt 0.64545107 0.657319 0
vt 0.6045647 0.66195107 0
vt 0.6472709 0.75303656 0
vt 0.64485985 0.70681465 0
vt 0.61582196 0.73147243 0
vt 0.7830218 0.7008038 0
vt 0.7830218 0.7008038 0
vt 0.7352042 0.7068716 0
vt 0.7808199 0.6515533 0
vt 0.7640277 0.6099754 0
vt 0.71569824 0.5442157 0
vt 0.7349034 0.6526871 0
vt 0.72716117 0.5984616 0
vt 0.68994933 0.5934082 0
vt 0.6616447 0.54195845 0
vt 0.6312463 0.3804705 0
vt 0.63374746 0.5723448 0
vt 0.6137989 0.6156035 0
vt 0.6520468 0.6012757 0
vt 0.70175016 0.49740687 0
vt 0.6542319 0.37596217 0
vt 0.6137989 0.6156035 0
vt 0.6885823 0.76161516 0
vt 0.6888092 0.65425545 0
vt 0.64545107 0.657319 0
vt 0.64365435 0.6837038 0
vt 0.64485985 0.70681465 0
vt 0.70175016 0.49740687 0
vt 0.60233325 0.70069003 0
vt 0.61582196 0.73147243 0
vt 0.76663566 0.74149966 0
vt 0.7830218 0.7008038 0
vt 0.7808199 0.6515533 0
vt 0.7388716 0.5737592 0
vt 0.7640277 0.6099754 0
vt 0.61582196 0.73147243 0
vt 0.7388716 0.57375914 0
vt 0.71569824 0.5442157 0
vt 0.72716117 0.5984616 0
vt 0.68994933 0.5934082 0
vt 0.6616447 0.54195845 0
vt 0.63374746 0.5723448 0
vt 0.66787386 0.43140355 0
vt 0.6520468 0.6012757 0
vt 0.6137989 0.6156035 0
vt 0.6885823 0.76161516 0
vt 0.6333013 0.31653774 0
vt 0.68870926 0.7098912 0
vt 0.6888092 0.65425545 0
vt 0.64545107 0.657319 0
vt 0.6045647 0.66195107 0
vt 0.6045647 0.66195107 0
vt 0.64485985 0.70681465 0
vt 0.61582196 0.73147243 0
vt 0.7372345 0.47606534 0
vt 0.76663566 0.74149966 0
vt 0.7317842 0.76103556 0
vt 0.7352042 0.7068716 0
vt 0.7808199 0.6515533 0
vt 0.7640277 0.6099754 0
vt 0.76663566 0.74149966 0
vt 0.7349034 0.6526871 0
vt 0.68994933 0.5934082 0
vt 0.6616447 0.54195845 0
vt 0.63374746 0.5723448 0
vt 0.6520468 0.6012757 0
vt 0.6137989 0.6156035 0
vt 0.6885823 0.76161516 0
vt 0.68870926 0.7098912 0
vt 0.6888092 0.65425545 0
vt 0.6045647 0.66195107 0
vt 0.65835774 0.24714102 0
vt 0.6472709 0.75303656 0
vt 0.61582196 0.73147243 0
vt 0.66342986 0.07067849 0
vt 0.7830218 0.7008038 0
vt 0.7317842 0.76103556 0
vt 0.7352042 0.7068716 0
vt 0.6137989 0.6156035 0
vt 0.7808199 0.6515533 0
vt 0.7349034 0.6526871 0
vt 0.72716117 0.5984616 0
vt 0.8602319 0.37596217 0
vt 0.69171464 0.53176934 0
vt 0.6616447 0.54195845 0
vt 0.6520468 0.6012757 0
vt 0.6137989 0.6156035 0
vt 0.6885823 0.76161516 0
vt 0.68870926 0.7098912 0
vt 0.68854094 0.7629694 0
vt 0.6888092 0.65425545 0
vt 0.6472709 0.75303656 0
vt 0.64485985 0.70681465 0
vt 0.60233325 0.70069003 0
vt 0.61582196 0.73147243 0
vt 0.7830218 0.7008038 0
vt 0.76663566 0.74149966 0
vt 0.7317842 0.76103556 0
vt 0.7352042 0.7068716 0
vt 0.7808199 0.6515533 0
vt 0.7349034 0.6526871 0
vt 0.65204674 0.6012757 0
vt 0.72716117 0.5984616 0
vt 0.69171464 0.53176934 0
vt 0.68994933 0.5934082 0
vt 0.69171464 0.53176934 0
vt 0.6616447 0.54195845 0
vt 0.63374746 0.5723448 0
vt 0.6520468 0.6012757 0
vt 0.6137989 0.6156035 0
vt 0.6885823 0.76161516 0
vt 0.68870926 0.7098912 0
vt 0.6888092 0.65425545 0
vt 0.64545107 0.657319 0
vt 0.63374746 0.5723448 0
vt 0.6045647 0.66195107 0
vt 0.6472709 0.75303656 0
vt 0.64485985 0.70681465 0
vt 0.60233325 0.70069003 0
vt 0.61582196 0.73147243 0
vt 0.76663566 0.74149966 0
vt 0.7317842 0.76103556 0
vt 0.67121106 0.36869842 0
vt 0.7352042 0.7068716 0
vt 0.7808199 0.6515533 0
vt 0.7388716 0.57375914 0
vt 0.7349034 0.6526871 0
vt 0.68994933 0.5934082 0
vt 0.69171464 0.53176934 0
vt 0.6616447 0.54195845 0
vt 0.63374746 0.5723448 0
vt 0.6520468 0.6012757 0
vt 0.6137989 0.6156035 0
vt 0.6885823 0.76161516 0
vt 0.68870926 0.7098912 0
vt 0.6888092 0.65425545 0
vt 0.64545107 0.657319 0
vt 0.6472709 0.75303656 0
vt 0.6045647 0.66195107 0
vt 0.6472709 0.75303656 0
vt 0.60233325 0.70069003 0
vt 0.61582196 0.73147243 0
vt 0.7352042 0.7068716 0
vt 0.6202302 0.31797078 0
vt 0.7808199 0.6515533 0
vt 0.7640277 0.6099754 0
vt 0.7388716 0.57375914 0
vt 0.71569824 0.5442157 0
vt 0.7349034 0.6526871 0
vt 0.68994933 0.5934082 0
vt 0.6616447 0.54195845 0
vt 0.6520468 0.6012757 0
vt 0.6137989 0.6156035 0
vt 0.83724624 0.3804705 0
vt 0.6885823 0.76161516 0
vt 0.6888092 0.65425545 0
vt 0.64545107 0.657319 0
vt 0.6045647 0.66195107 0
vt 0.7640277 0.6099754 0
vt 0.64485985 0.70681465 0
vt 0.61582196 0.73147243 0
vt 0.78659856 0.6751659 0
vt 0.73691416 0.6797896 0
vt 0.76574147 0.7479091 0
vt 0.77944505 0.72644174 0
vt 0.78084254 0.6998998 0
vt 0.73520416 0.7068716 0
vt 0.7317842 0.76103556 0
vt 0.73349416 0.7339536 0
vt 0.688757 0.68307996 0
vt 0.64365435 0.6837038 0
vt 0.68854094 0.7629693 0
vt 0.6885823 0.76161516 0
vt 0.6886616 0.73670256 0
vt 0.6890745 0.7081541 0
vt 0.6448599 0.7068147 0
vt 0.61582196 0.73147243 0
vt 0.6041579 0.6997675 0
vt 0.6887764 0.6477376 0
vt 0.6472709 0.75303656 0
vt 0.6460654 0.72992563 0
vt 0.60458755 0.7183858 0
vt 0.6163855 0.73589635 0
vt 0.78286815 0.6464663 0
vt 0.7640277 0.6099754 0
vt 0.7388716 0.57375914 0
vt 0.71569824 0.5442157 0
vt 0.76663566 0.74149966 0
vt 0.7353309 0.6459166 0
vt 0.72716117 0.5984616 0
vt 0.68994933 0.5934082 0
vt 0.8322628 0.24564244 0
vt 0.69171464 0.53176934 0
vt 0.6616447 0.54195845 0
vt 0.6451497 0.6515413 0
vt 0.82623017 0.31797078 0
vt 0.6520468 0.6012757 0
vt 0.6137989 0.6156035 0
vt 0.7808199 0.6515533 0
vt 0.76574147 0.7479091 0
vt 0.73520416 0.7068716 0
vt 0.7317842 0.76103556 0
vt 0.73349416 0.7339536 0
vt 0.688757 0.68307996 0
vt 0.69171464 0.53176934 0
vt 0.60007894 0.68299425 0
vt 0.68854094 0.7629693 0
vt 0.66787386 0.43140355 0
vt 0.6886616 0.73670256 0
vt 0.6520468 0.6012757 0
vt 0.6890745 0.7081541 0
vt 0.6448599 0.7068147 0
vt 0.6041579 0.6997675 0
vt 0.6472709 0.75303656 0
vt 0.6045647 0.66195107 0
vt 0.6460654 0.72992563 0
vt 0.7349034 0.6526871 0
vt 0.60458755 0.7183858 0
vt 0.6163855 0.73589635 0
vt 0.7640277 0.6099754 0
vt 0.7388716 0.57375914 0
vt 0.71569824 0.5442157 0
vt 0.7353309 0.6459166 0
vt 0.9501416 0.32232645 0
vt 0.72716117 0.5984616 0
vt 0.69171464 0.53176934 0
vt 0.63374746 0.5723448 0
vt 0.6520468 0.6012757 0
vt 0.6137989 0.6156035 0
vt 0.86164474 0.49685574 0
vt 0.6028786 0.6581032 0
vt 0.78659856 0.6751659 0
vt 0.73691416 0.6797896 0
vt 0.76574147 0.7479091 0
vt 0.77944505 0.72644174 0
vt 0.7830218 0.7008038 0
vt 0.78084254 0.6998998 0
vt 0.688757 0.68307996 0
vt 0.64365435 0.6837038 0
vt 0.60007894 0.68299425 0
vt 0.68854094 0.7629693 0
vt 0.6886616 0.73670256 0
vt 0.63374746 0.5723448 0
vt 0.6472709 0.75303656 0
vt 0.6460654 0.72992563 0
vt 0.6163855 0.73589635 0
vt 0.7388716 0.57375914 0
vt 0.7353309 0.6459166 0
vt 0.72716117 0.5984616 0
vt 0.6887764 0.6477376 0
vt 0.68994933 0.5934082 0
vt 0.6616447 0.54195845 0
vt 0.6451497 0.6515413 0
vt 0.65477777 0.38100547 0
vt 0.6137989 0.6156035 0
vt 0.6448599 0.7068147 0
vt 0.6028786 0.6581032 0
vt 0.78659856 0.6751659 0
vt 0.73691416 0.6797896 0
vt 0.76574147 0.7479091 0
vt 0.7317842 0.76103556 0
vt 0.73349416 0.7339536 0
vt 0.64365435 0.6837038 0
vt 0.6137989 0.6156035 0
vt 0.60007894 0.68299425 0
vt 0.68854094 0.7629693 0
vt 0.6886616 0.73670256 0
vt 0.6448599 0.7068147 0
vt 0.6041579 0.6997675 0
vt 0.6460654 0.72992563 0
vt 0.69171464 0.53176934 0
vt 0.60458755 0.7183858 0
vt 0.6163855 0.73589635 0
vt 0.78286815 0.6464663 0
vt 0.7388716 0.57375914 0
vt 0.7353309 0.6459166 0
vt 0.72716117 0.5984616 0
vt 0.8028786 0.7326296 0
vt 0.6887764 0.6477376 0
vt 0.68994933 0.5934082 0
vt 0.69171464 0.53176934 0
vt 0.6616447 0.54195845 0
vt 0.63374746 0.5723448 0
vt 0.6451497 0.6515413 0
vt 0.6520468 0.6012757 0
vt 0.6137989 0.6156035 0
vt 0.6460654 0.72992563 0
vt 0.6028786 0.6581032 0
vt 0.76574147 0.7479091 0
vt 0.78084254 0.6998998 0
vt 0.73520416 0.7068716 0
vt 0.688757 0.68307996 0
vt 0.64365435 0.6837038 0
vt 0.60007894 0.68299425 0
vt 0.68854094 0.7629693 0
vt 0.6890745 0.7081541 0
vt 0.6041579 0.6997675 0
vt 0.60458755 0.7183858 0
vt 0.78286815 0.6464663 0
vt 0.6367899 0.39698973 0
vt 0.7640277 0.6099754 0
vt 0.7353309 0.6459166 0
vt 0.72716117 0.5984616 0
vt 0.6887764 0.6477376 0
vt 0.68994933 0.5934082 0
vt 0.69171464 0.53176934 0
vt 0.6616447 0.54195845 0
vt 0.63374746 0.5723448 0
vt 0.6520468 0.6012757 0
vt 0.6130198 0.25110927 0
vt 0.76663566 0.74149966 0
vt 0.7317842 0.76103556 0
vt 0.7352042 0.7068716 0
vt 0.7808199 0.6515533 0
vt 0.7640277 0.6099754 0
vt 0.7349034 0.6526871 0
vt 0.72716117 0.5984616 0
vt 0.68994933 0.5934082 0
vt 0.69171464 0.53176934 0
vt 0.86804557 0.48356396 0
vt 0.6616447 0.54195845 0
vt 0.63374746 0.5723448 0
vt 0.6520468 0.6012757 0
vt 0.6137989 0.6156035 0
vt 0.6885823 0.76161516 0
vt 0.68870926 0.7098912 0
vt 0.6888092 0.65425545 0
vt 0.64545107 0.657319 0
vt 0.64485985 0.70681465 0
vt 0.60233325 0.70069003 0
vt 0.61582196 0.73147243 0
vt 0.8844534 0.4954378 0
vt 0.76663566 0.74149966 0
vt 0.7830218 0.7008038 0
vt 0.7317842 0.76103556 0
vt 0.7808199 0.6515533 0
vt 0.7640277 0.6099754 0
vt 0.71569824 0.5442157 0
vt 0.7349034 0.6526871 0
vt 0.72716117 0.5984616 0
vt 0.68994933 0.5934082 0
vt 0.69171464 0.53176934 0
vt 0.63374746 0.5723448 0
vt 0.6137989 0.6156035 0
vt 0.6885823 0.76161516 0
vt 0.6888092 0.65425545 0
vt 0.64545107 0.657319 0
vt 0.6045647 0.66195107 0
vt 0.6472709 0.75303656 0
vt 0.64485985 0.70681465 0
vt 0.60233325 0.70069003 0
vt 0.61582196 0.73147243 0
vt 0.7830218 0.7008038 0
vt 0.7352042 0.7068716 0
vt 0.6045647 0.66195107 0
vt 0.6137989 0.6156035 0
vt 0.63374746 0.5723448 0
vt 0.7808199 0.6515533 0
vt 0.7640277 0.6099754 0
vt 0.7388716 0.57375914 0
vt 0.71569824 0.5442157 0
vt 0.7349034 0.6526871 0
vt 0.72716117 0.5984616 0
vt 0.68994933 0.5934082 0
vt 0.6616447 0.54195845 0
vt 0.63374746 0.5723448 0
vt 0.6885823 0.76161516 0
vt 0.6888092 0.65425545 0
vt 0.64545107 0.657319 0
vt 0.6045647 0.66195107 0
vt 0.6472709 0.75303656 0
vt 0.64485985 0.70681465 0
vt 0.60233325 0.70069003 0
vt 0.61582196 0.73147243 0
vt 0.77944505 0.72644174 0
vt 0.7830218 0.7008038 0
vt 0.76663566 0.74149966 0
vt 0.8520467 0.61726964 0
vt 0.71569824 0.5442157 0
vt 0.7388716 0.5737592 0
vt 0.7640277 0.6099754 0
vt 0.72716117 0.5984616 0
vt 0.7349034 0.6526871 0
vt 0.63374746 0.5723448 0
vt 0.69171464 0.53176934 0
vt 0.6899493 0.5934082 0
vt 0.64485985 0.70681465 0
vt 0.64545107 0.657319 0
vt 0.6137989 0.6156035 0
vt 0.65204674 0.6012757 0
vt 0.6045647 0.66195107 0
vt 0.64545107 0.657319 0
vt 0.6888092 0.65425545 0
vt 0.7830218 0.7008038 0
vt 0.68870926 0.70989126 0
vt 0.60233325 0.70069003 0
vt 0.6472709 0.75303656 0
vt 0.95774835 0.39275724 0
vt 0.61582196 0.73147243 0
vt 0.7830218 0.7008038 0
vt 0.76663566 0.74149966 0
vt 0.73520416 0.70687157 0
vt 0.7317842 0.76103556 0
vt 0.71569824 0.5442157 0
vt 0.7640277 0.6099754 0
vt 0.7808199 0.6515533 0
vt 0.72716117 0.5984616 0
vt 0.6616447 0.54195845 0
vt 0.65204674 0.6012757 0
vt 0.6045647 0.66195107 0
vt 0.6888092 0.65425545 0
vt 0.68870926 0.70989126 0
vt 0.6885823 0.76161516 0
vt 0.60233325 0.70069003 0
vt 0.60233325 0.70069003 0
vt 0.69171464 0.53176934 0
vt 0.6448599 0.7068147 0
vt 0.6472709 0.75303656 0
vt 0.61582196 0.73147243 0
vt 0.7830218 0.7008038 0
vt 0.6616447 0.54195845 0
vt 0.7349034 0.6526871 0
vt 0.76663566 0.74149966 0
vt 0.63374746 0.5723448 0
vt 0.73520416 0.70687157 0
vt 0.7317842 0.76103556 0
vt 0.71569824 0.5442157 0
vt 0.7808199 0.6515533 0
vt 0.7349034 0.6526871 0
vt 0.63374746 0.5723448 0
vt 0.7808199 0.6515533 0
vt 0.6616447 0.54195845 0
vt 0.6391189 0.24318185 0
vt 0.69171464 0.53176934 0
vt 0.6899493 0.5934082 0
vt 0.67845345 0.4954378 0
vt 0.6137989 0.6156035 0
vt 0.65204674 0.6012757 0
vt 0.6045647 0.66195107 0
vt 0.64545107 0.657319 0
vt 0.68870926 0.70989126 0
vt 0.60233325 0.70069003 0
vt 0.6472709 0.75303656 0
vt 0.7388716 0.57375914 0
vt 0.73691416 0.6797896 0
vt 0.73520416 0.7068716 0
vt 0.77944505 0.72644174 0
vt 0.76574147 0.7479091 0
vt 0.73349416 0.7339536 0
vt 0.7317842 0.76103556 0
vt 0.688757 0.68307996 0
vt 0.60007894 0.68299425 0
vt 0.64365435 0.6837038 0
vt 0.6448599 0.7068147 0
vt 0.6890745 0.7081541 0
vt 0.60458755 0.7183858 0
vt 0.6460654 0.72992563 0
vt 0.6472709 0.75303656 0
vt 0.6163855 0.7358964 0
vt 0.6616447 0.54195845 0
vt 0.7388716 0.5737592 0
vt 0.7640277 0.6099754 0
vt 0.6866421 0.4925392 0
vt 0.78286815 0.6464663 0
vt 0.72716117 0.5984616 0
vt 0.7353309 0.6459166 0
vt 0.63374746 0.5723448 0
vt 0.6616447 0.54195845 0
vt 0.64485985 0.70681465 0
vt 0.6899493 0.5934082 0
vt 0.7808199 0.6515533 0
vt 0.6887764 0.6477376 0
vt 0.65477777 0.38100547 0
vt 0.65204674 0.6012757 0
vt 0.7349034 0.6526871 0
vt 0.68870926 0.7098912 0
vt 0.64514965 0.6515413 0
vt 0.6028786 0.6581032 0
vt 0.78659856 0.6751659 0
vt 0.68994933 0.5934082 0
vt 0.73691416 0.6797896 0
vt 0.73520416 0.7068716 0
vt 0.78084254 0.6998998 0
vt 0.7640277 0.6099754 0
vt 0.77944505 0.72644174 0
vt 0.68912345 0.18245237 0
vt 0.76574147 0.7479091 0
vt 0.73349416 0.7339536 0
vt 0.7317842 0.76103556 0
vt 0.688757 0.68307996 0
vt 0.60007894 0.68299425 0
vt 0.65204674 0.6012757 0
vt 0.64365435 0.6837038 0
vt 0.6902946 0.5869478 0
vt 0.6041579 0.6997675 0
vt 0.85712546 0.46211657 0
vt 0.6448599 0.7068147 0
vt 0.6890745 0.7081541 0
vt 0.6886616 0.73670256 0
vt 0.60458755 0.7183858 0
vt 0.6472709 0.75303656 0
vt 0.6620456 0.48356396 0
vt 0.6163855 0.7358964 0
vt 0.71569824 0.5442157 0
vt 0.7388716 0.5737592 0
vt 0.8456019 0.8944502 0
vt 0.7640277 0.6099754 0
vt 0.78286815 0.6464663 0
vt 0.64485985 0.70681465 0
vt 0.72716117 0.5984616 0
vt 0.17049645 0.94675505 0
vt 0.63374746 0.5723448 0
vt 0.6028786 0.6581032 0
vt 0.7640277 0.6099754 0
vt 0.69171464 0.53176934 0
vt 0.77944505 0.72644174 0
vt 0.6899493 0.5934082 0
vt 0.6887764 0.6477376 0
vt 0.65204674 0.6012757 0
vt 0.64514965 0.6515413 0
vt 0.78659856 0.6751659 0
vt 0.73691416 0.6797896 0
vt 0.73520416 0.7068716 0
vt 0.78084254 0.6998998 0
vt 0.7640277 0.6099754 0
vt 0.76574147 0.7479091 0
vt 0.73349416 0.7339536 0
vt 0.7317842 0.76103556 0
vt 0.688757 0.68307996 0
vt 0.60007894 0.68299425 0
vt 0.64365435 0.6837038 0
vt 0.6448599 0.7068147 0
vt 0.6886616 0.73670256 0
vt 0.68854094 0.7629694 0
vt 0.7050172 0.11222987 0
vt 0.6472709 0.75303656 0
vt 0.6163855 0.7358964 0
vt 0.7388716 0.5737592 0
vt 0.7640277 0.6099754 0
vt 0.78286815 0.6464663 0
vt 0.72716117 0.5984616 0
vt 0.7353309 0.6459166 0
vt 0.63374746 0.5723448 0
vt 0.6616447 0.54195845 0
vt 0.69171464 0.53176934 0
vt 0.6899493 0.5934082 0
vt 0.61582196 0.73147243 0
vt 0.6887764 0.6477376 0
vt 0.6137989 0.6156035 0
vt 0.64514965 0.6515413 0
vt 0.6028786 0.6581032 0
vt 0.65112555 0.46211657 0
vt 0.78659856 0.6751659 0
vt 0.73691416 0.6797896 0
vt 0.73520416 0.7068716 0
vt 0.78084254 0.6998998 0
vt 0.77944505 0.72644174 0
vt 0.77944505 0.72644174 0
vt 0.73349416 0.7339536 0
vt 0.7317842 0.76103556 0
vt 0.60007894 0.68299425 0
vt 0.64365435 0.6837038 0
vt 0.6041579 0.6997675 0
vt 0.6890745 0.7081541 0
vt 0.7388716 0.57375914 0
vt 0.7441417 0.32232645 0
vt 0.6886616 0.73670256 0
vt 0.64485985 0.70681465 0
vt 0.68854094 0.7629694 0
vt 0.60458755 0.7183858 0
vt 0.6460654 0.72992563 0
vt 0.6472709 0.75303656 0
vt 0.6163855 0.7358964 0
vt 0.71569824 0.5442157 0
vt 0.78286815 0.6464663 0
vt 0.63374746 0.5723448 0
vt 0.7388716 0.5737592 0
vt 0.7640277 0.6099754 0
vt 0.78286815 0.6464663 0
vt 0.7353309 0.6459166 0
vt 0.63374746 0.5723448 0
vt 0.6616447 0.54195845 0
vt 0.6899493 0.5934082 0
vt 0.6887764 0.6477376 0
vt 0.6137989 0.6156035 0
vt 0.64514965 0.6515413 0
vt 0.6028786 0.6581032 0
vt 0.6041579 0.6997675 0
vt 0.76663566 0.74149966 0
vt 0.8951234 0.18245237 0
vt 0.7830218 0.7008038 0
vt 0.60233325 0.70069003 0
vt 0.7317842 0.76103556 0
vt 0.7352042 0.7068716 0
vt 0.7808199 0.6515533 0
vt 0.7388716 0.57375914 0
vt 0.6886616 0.73670256 0
vt 0.71569824 0.5442157 0
vt 0.7349034 0.6526871 0
vt 0.68994933 0.5934082 0
vt 0.64087963 0.42834967 0
vt 0.6616447 0.54195845 0
vt 0.63374746 0.5723448 0
vt 0.6885823 0.76161516 0
vt 0.7388716 0.57375914 0
vt 0.68870926 0.7098912 0
vt 0.6888092 0.65425545 0
vt 0.64545107 0.657319 0
vt 0.6045647 0.66195107 0
vt 0.6472709 0.75303656 0
vt 0.64485985 0.70681465 0
vt 0.76663566 0.74149966 0
vt 0.7830218 0.7008038 0
vt 0.7317842 0.76103556 0
vt 0.7352042 0.7068716 0
vt 0.7808199 0.6515533 0
vt 0.7388716 0.57375914 0
vt 0.71569824 0.5442157 0
vt 0.7489091 0.43914193 0
vt 0.7349034 0.6526871 0
vt 0.72716117 0.5984616 0
vt 0.6885823 0.76161516 0
vt 0.68994933 0.5934082 0
vt 0.63374746 0.5723448 0
vt 0.6616447 0.54195845 0
vt 0.63374746 0.5723448 0
vt 0.6137989 0.6156035 0
vt 0.71569824 0.5442157 0
vt 0.6885823 0.76161516 0
vt 0.68870926 0.7098912 0
vt 0.6436214 0.23872763 0
vt 0.6888092 0.65425545 0
vt 0.7640277 0.6099754 0
vt 0.64545107 0.657319 0
vt 0.6045647 0.66195107 0
vt 0.6472709 0.75303656 0
vt 0.64485985 0.70681465 0
vt 0.60233325 0.70069003 0
vt 0.61582196 0.73147243 0
vt 0.7830218 0.7008038 0
vt 0.7317842 0.76103556 0
vt 0.7352042 0.7068716 0
vt 0.7808199 0.6515533 0
vt 0.7640277 0.6099754 0
vt 0.7388716 0.57375914 0
vt 0.72716117 0.5984616 0
vt 0.69171464 0.53176934 0
vt 0.6616447 0.54195845 0
vt 0.63374746 0.5723448 0
vt 0.6520468 0.6012757 0
vt 0.6885823 0.76161516 0
vt 0.68870926 0.7098912 0
vt 0.6888092 0.65425545 0
vt 0.64545107 0.657319 0
vt 0.6045647 0.66195107 0
vt 0.65477777 0.38100547 0
vt 0.6472709 0.75303656 0
vt 0.64485985 0.70681465 0
vt 0.60233325 0.70069003 0
vt 0.61582196 0.73147243 0
vt 0.13256535 0.8657489 0
vt 0.12987632 0.86384016 0
vt 0.1383473 0.8701628 0
vt 0.13578111 0.8660776 0
vt 0.14192106 0.8548058 0
vt 0.70107245 0.34570956 0
vt 0.71569824 0.5442157 0
vt 0.14106989 0.8671049 0
vt 0.15900663 0.86956143 0
vt 0.62688434 0.17156713 0
vt 0.14713383 0.848758 0
vt 0.7430718 0.45760363 0
vt 0.7039976 0.42388302 0
vt 0.67467064 0.39982557 0
vt 0.64839745 0.40771765 0
vt 0.7388716 0.57375914 0
vt 0.636063 0.4044101 0
vt 0.113867015 0.7475128 0
vt 0.12601857 0.8409507 0
vt 0.11668866 0.7465757 0
vt 0.6956733 0.27754587 0
vt 0.12834771 0.84009314 0
vt 0.7640277 0.6099754 0
vt 0.11950882 0.7456335 0
vt 0.1317835 0.8361839 0
vt 0.12232598 0.7446814 0
vt 0.13402654 0.84000456 0
vt 0.13373408 0.8867296 0
vt 0.13949148 0.9073053 0
vt 0.14360641 0.92161334 0
vt 0.13977873 0.8959713 0
vt 0.7517484 0.39275724 0
vt 0.1466754 0.93171746 0
vt 0.14266804 0.900321 0
vt 0.14978002 0.94313407 0
vt 0.69171464 0.53176934 0
vt 0.12119156 0.44492897 0
vt 0.11516999 0.4823853 0
vt 0.108129136 0.5497247 0
vt 0.10572465 0.64217985 0
vt 0.11230465 0.5384422 0
vt 0.1089572 0.6372322 0
vt 0.1322155 0.39989936 0
vt 0.11529336 0.6310671 0
vt 0.6202302 0.31797078 0
vt 0.13707452 0.83448005 0
vt 0.154945 0.94874084 0
vt 0.71569824 0.5442157 0
vt 0.14658478 0.8894731 0
vt 0.7388716 0.5737592 0
vt 0.14506528 0.8997297 0
vt 0.15251122 0.949709 0
vt 0.17570613 0.87680954 0
vt 0.6885823 0.76161516 0
vt 0.16824397 0.82865256 0
vt 0.14754665 0.77313507 0
vt 0.14342774 0.81338644 0
vt 0.17049645 0.94675505 0
vt 0.16424468 0.9505702 0
vt 0.1508399 0.8841295 0
vt 0.13694783 0.38438153 0
vt 0.12421121 0.50750613 0
vt 0.11902166 0.6291563 0
vt 0.12001375 0.6244756 0
vt 0.13928694 0.37878007 0
vt 0.12652668 0.50495833 0
vt 0.15730608 0.44820803 0
vt 0.6616447 0.54195845 0
vt 0.1504482 0.39303666 0
vt 0.6401288 0.15921755 0
vt 0.14251398 0.38833076 0
vt 0.13160503 0.5155659 0
vt 0.12638812 0.63576144 0
vt 0.1586761 0.5879999 0
vt 0.14344913 0.546661 0
vt 0.14097397 0.6800917 0
vt 0.16003811 0.7445029 0
vt 0.6572943 0.3673693 0
vt 0.6045647 0.66195107 0
vt 0.66787386 0.43140355 0
vt 0.70589626 0.40040833 0
vt 0.8041289 0.8182093 0
vt 0.6690836 0.36740002 0
vt 0.70175016 0.49740687 0
vt 0.70382315 0.4489076 0
vt 0.6866421 0.4925392 0
vt 0.67181826 0.49340624 0
vt 0.66291326 0.43705538 0
vt 0.6441698 0.38584304 0
vt 0.6367899 0.39698973 0
vt 0.6620456 0.48356396 0
vt 0.6548282 0.064068146 0
vt 0.6531077 0.43470347 0
vt 0.64087963 0.42834967 0
vt 0.65112555 0.46211657 0
vt 0.8951234 0.18245237 0
vt 0.6572943 0.3673693 0
vt 0.67845345 0.4954378 0
vt 0.6391189 0.24318185 0
vt 0.63374746 0.5723448 0
vt 0.66787386 0.43140355 0
vt 0.7372345 0.47606534 0
vt 0.71969426 0.4947629 0
vt 0.73952687 0.44477612 0
vt 0.70589626 0.40040833 0
vt 0.6690836 0.36740002 0
vt 0.8844534 0.4954378 0
vt 0.70175016 0.49740687 0
vt 0.6137989 0.6156035 0
vt 0.70382315 0.4489076 0
vt 0.6866421 0.4925392 0
vt 0.66291326 0.43705538 0
vt 0.65477777 0.38100547 0
vt 0.6441698 0.38584304 0
vt 0.6620456 0.48356396 0
vt 0.64087963 0.42834967 0
vt 0.69171464 0.53176934 0
vt 0.6401288 0.15921755 0
vt 0.65112555 0.46211657 0
vt 0.6572943 0.3673693 0
vt 0.72716117 0.5984616 0
vt 0.67845345 0.4954378 0
vt 0.66787386 0.43140355 0
vt 0.71969426 0.4947629 0
vt 0.7372345 0.47606534 0
vt 0.6690836 0.36740002 0
vt 0.70175016 0.49740687 0
vt 0.6781302 0.4309527 0
vt 0.6137989 0.6156035 0
vt 0.6866421 0.4925392 0
vt 0.67181826 0.49340624 0
vt 0.66291326 0.43705538 0
vt 0.86856246 0.31247914 0
vt 0.6367899 0.39698973 0
vt 0.6620456 0.48356396 0
vt 0.60233325 0.70069003 0
vt 0.6531077 0.43470347 0
vt 0.64087963 0.42834967 0
vt 0.65112555 0.46211657 0
vt 0.6572943 0.3673693 0
vt 0.6460654 0.72992563 0
vt 0.66787386 0.43140355 0
vt 0.7372345 0.47606534 0
vt 0.73952687 0.44477612 0
vt 0.70589626 0.40040833 0
vt 0.6690836 0.36740002 0
vt 0.70175016 0.49740687 0
vt 0.70382315 0.4489076 0
vt 0.6781302 0.4309527 0
vt 0.86891323 0.4370554 0
vt 0.6866421 0.4925392 0
vt 0.67181826 0.49340624 0
vt 0.66291326 0.43705538 0
vt 0.8542875 0.073095284 0
vt 0.65477777 0.38100547 0
vt 0.6441698 0.38584304 0
vt 0.71969426 0.4947629 0
vt 0.6620456 0.48356396 0
vt 0.6460654 0.72992563 0
vt 0.6520468 0.6012757 0
vt 0.6531077 0.43470347 0
vt 0.78286815 0.6464663 0
vt 0.65112555 0.46211657 0
vt 0.6572943 0.3673693 0
vt 0.67845345 0.4954378 0
vt 0.8643577 0.247141 0
vt 0.66787386 0.43140355 0
vt 0.7372345 0.47606534 0
vt 0.6690836 0.36740002 0
vt 0.73952687 0.44477612 0
vt 0.73349416 0.7339536 0
vt 0.6542319 0.37596217 0
vt 0.70589626 0.40040833 0
vt 0.6137989 0.6156035 0
vt 0.6690836 0.36740002 0
vt 0.70382315 0.4489076 0
vt 0.6781302 0.4309527 0
vt 0.6596004 0.1621364 0
vt 0.6866421 0.4925392 0
vt 0.6137989 0.6156035 0
vt 0.6045647 0.66195107 0
vt 0.66291326 0.43705538 0
vt 0.6441698 0.38584304 0
vt 0.65835774 0.24714102 0
vt 0.6367899 0.39698973 0
vt 0.65477777 0.38100547 0
vt 0.68870926 0.7098912 0
vt 0.6620456 0.48356396 0
vt 0.6028786 0.6581032 0
vt 0.6531077 0.43470347 0
vt 0.64087963 0.42834967 0
vt 0.65112555 0.46211657 0
vt 0.6596004 0.1621364 0
vt 0.6572943 0.3673693 0
vt 0.67845345 0.4954378 0
vt 0.66787386 0.43140355 0
vt 0.7640277 0.6099754 0
vt 0.61582196 0.73147243 0
vt 0.7372345 0.47606534 0
vt 0.73952687 0.44477612 0
vt 0.6137989 0.6156035 0
vt 0.70589626 0.40040833 0
vt 0.6690836 0.36740002 0
vt 0.70175016 0.49740687 0
vt 0.70382315 0.4489076 0
vt 0.6781302 0.4309527 0
vt 0.6866421 0.4925392 0
vt 0.65477777 0.38100547 0
vt 0.68994933 0.5934082 0
vt 0.7388716 0.57375914 0
vt 0.6441698 0.38584304 0
vt 0.6367899 0.39698973 0
vt 0.6620456 0.48356396 0
vt 0.6531077 0.43470347 0
vt 0.64087963 0.42834967 0
vt 0.65112555 0.46211657 0
vt 0.6572943 0.3673693 0
vt 0.66787386 0.43140355 0
vt 0.68870926 0.7098912 0
vt 0.7271837 0.20947449 0
vt 0.7372345 0.47606534 0
vt 0.73952687 0.44477612 0
vt 0.6690836 0.36740002 0
vt 0.6781302 0.4309527 0
vt 0.76663566 0.74149966 0
vt 0.6866421 0.4925392 0
vt 0.67181826 0.49340624 0
vt 0.6781302 0.4309527 0
vt 0.66291326 0.43705538 0
vt 0.65477777 0.38100547 0
vt 0.77944505 0.72644174 0
vt 0.6137989 0.6156035 0
vt 0.6441698 0.38584304 0
vt 0.6367899 0.39698973 0
vt 0.6956733 0.27754587 0
vt 0.6620456 0.48356396 0
vt 0.8373357 0.09590183 0
vt 0.6531077 0.43470347 0
vt 0.7808199 0.6515533 0
vt 0.60007894 0.68299425 0
vt 0.64087963 0.42834967 0
vt 0.65112555 0.46211657 0
vt 0.6572943 0.3673693 0
vt 0.67845345 0.4954378 0
vt 0.66787386 0.43140355 0
vt 0.96402776 0.63493 0
vt 0.7830218 0.7008038 0
vt 0.11648016 0.52715963 0
vt 0.71969426 0.4947629 0
vt 0.7372345 0.47606534 0
vt 0.70589626 0.40040833 0
vt 0.6690836 0.36740002 0
vt 0.70175016 0.49740687 0
vt 0.70382315 0.4489076 0
vt 0.7349034 0.6526871 0
vt 0.6781302 0.4309527 0
vt 0.6866421 0.4925392 0
vt 0.67181826 0.49340624 0
vt 0.7317842 0.76103556 0
vt 0.66291326 0.43705538 0
vt 0.7349034 0.6526871 0
vt 0.17522252 0.92217124 0
vt 0.65477777 0.38100547 0
vt 0.6441698 0.38584304 0
vt 0.6367899 0.39698973 0
vt 0.69171464 0.53176934 0
vt 0.6531077 0.43470347 0
vt 0.64087963 0.42834967 0
vt 0.6616447 0.54195845 0
vt 0.65112555 0.46211657 0
vt 0.6572943 0.3673693 0
vt 0.67845345 0.4954378 0
vt 0.66787386 0.43140355 0
vt 0.71969426 0.4947629 0
vt 0.7372345 0.47606534 0
vt 0.64545107 0.657319 0
vt 0.70589626 0.40040833 0
vt 0.64545107 0.657319 0
vt 0.77944505 0.72644174 0
vt 0.70175016 0.49740687 0
vt 0.69171464 0.53176934 0
vt 0.6781302 0.4309527 0
vt 0.6866421 0.4925392 0
vt 0.66291326 0.43705538 0
vt 0.65477777 0.38100547 0
vt 0.6441698 0.38584304 0
vt 0.6367899 0.39698973 0
vt 0.6620456 0.48356396 0
vt 0.6531077 0.43470347 0
vt 0.64087963 0.42834967 0
vt 0.65112555 0.46211657 0
vt 0.6472709 0.75303656 0
vt 0.6572943 0.3673693 0
vt 0.67845345 0.4954378 0
vt 0.66787386 0.43140355 0
vt 0.66291326 0.43705538 0
vt 0.73952687 0.44477612 0
vt 0.70175016 0.49740687 0
vt 0.70382315 0.4489076 0
vt 0.6781302 0.4309527 0
vt 0.7317842 0.76103556 0
vt 0.6866421 0.4925392 0
vt 0.66291326 0.43705538 0
vt 0.65477777 0.38100547 0
vt 0.6441698 0.38584304 0
vt 0.6367899 0.39698973 0
vt 0.6620456 0.48356396 0
vt 0.6531077 0.43470347 0
vt 0.8543844 0.30688328 0
vt 0.86371166 0.36825633 0
vt 0.8738738 0.43140355 0
vt 0.8844534 0.4954378 0
vt 0.95774835 0.39275724 0
vt 0.9070724 0.34570956 0
vt 0.87721103 0.36869842 0
vt 0.9549091 0.43914193 0
vt 0.94323444 0.47606534 0
vt 0.92569417 0.49476287 0
vt 0.8926421 0.4925392 0
vt 0.7808199 0.6515533 0
vt 0.67181826 0.49340624 0
vt 0.82623017 0.31797078 0
vt 0.8393013 0.31653774 0
vt 0.83724624 0.3804705 0
vt 0.84968716 0.38073182 0
vt 0.8602319 0.37596217 0
vt 0.87781817 0.49340624 0
vt 0.8468796 0.42834967 0
vt 0.8591077 0.4347035 0
vt 0.86804557 0.48356396 0
vt 0.7640277 0.6099754 0
vt 0.85712546 0.46211657 0
vt 0.7441417 0.32232645 0
vt 0.8531514 0.15523271 0
vt 0.86082816 0.064068146 0
vt 0.8656003 0.1621364 0
vt 0.65204674 0.6012757 0
vt 0.8879982 0.073893934 0
vt 0.69171464 0.53176934 0
vt 0.9110171 0.11222986 0
vt 0.8951234 0.18245237 0
vt 0.76663566 0.74149966 0
vt 0.93318367 0.20947447 0
vt 0.81901985 0.25110927 0
vt 0.81652886 0.18809912 0
vt 0.68870926 0.7098912 0
vt 0.82225025 0.1353401 0
vt 0.8373357 0.09590183 0
vt 0.8542875 0.073095284 0
vt 0.8461287 0.15921755 0
vt 0.8451189 0.24318185 0
vt 0.6367899 0.39698973 0
vt 0.86371166 0.36825633 0
vt 0.8738738 0.43140355 0
vt 0.8844534 0.4954378 0
vt 0.95774835 0.39275724 0
vt 0.9070724 0.34570956 0
vt 0.9549091 0.43914193 0
vt 0.94323444 0.47606534 0
vt 0.92569417 0.49476287 0
vt 0.9098232 0.44890758 0
vt 0.8926421 0.4925392 0
vt 0.84960765 0.3134076 0
vt 0.76663566 0.74149966 0
vt 0.82623017 0.31797078 0
vt 0.64545107 0.657319 0
vt 0.6520468 0.6012757 0
vt 0.8393013 0.31653774 0
vt 0.83724624 0.3804705 0
vt 0.86891323 0.4370554 0
vt 0.62626284 0.24564244 0
vt 0.87781817 0.49340624 0
vt 0.8468796 0.42834967 0
vt 0.8591077 0.4347035 0
vt 0.86804557 0.48356396 0
vt 0.6520468 0.6012757 0
vt 0.63374746 0.5723448 0
vt 0.85712546 0.46211657 0
vt 0.7317842 0.76103556 0
vt 0.8531514 0.15523271 0
vt 0.86082816 0.064068146 0
vt 0.8656003 0.1621364 0
vt 0.8694298 0.07067849 0
vt 0.8879982 0.073893934 0
vt 0.9110171 0.11222986 0
vt 0.93318367 0.20947447 0
vt 0.70382315 0.4489076 0
vt 0.81652886 0.18809912 0
vt 0.8373357 0.09590183 0
vt 0.8542875 0.073095284 0
vt 0.8322628 0.24564244 0
vt 0.7388716 0.57375914 0
vt 0.83288425 0.17156714 0
vt 0.64715147 0.15523271 0
vt 0.8461287 0.15921755 0
vt 0.8451189 0.24318185 0
vt 0.8543844 0.30688328 0
vt 0.70382315 0.4489076 0
vt 0.86371166 0.36825633 0
vt 0.8738738 0.43140355 0
vt 0.8844534 0.4954378 0
vt 0.95774835 0.39275724 0
vt 0.86856246 0.31247914 0
vt 0.87721103 0.36869842 0
vt 0.910172 0.39885846 0
vt 0.94323444 0.47606534 0
vt 0.92569417 0.49476287 0
vt 0.8841301 0.4309527 0
vt 0.9098232 0.44890758 0
vt 0.9077501 0.49740687 0
vt 0.8926421 0.4925392 0
vt 0.84960765 0.3134076 0
vt 0.82623017 0.31797078 0
vt 0.8393013 0.31653774 0
vt 0.83724624 0.3804705 0
vt 0.84968716 0.38073182 0
vt 0.8602319 0.37596217 0
vt 0.86891323 0.4370554 0
vt 0.87781817 0.49340624 0
vt 0.8468796 0.42834967 0
vt 0.8591077 0.4347035 0
vt 0.86804557 0.48356396 0
vt 0.85712546 0.46211657 0
vt 0.8496213 0.23872763 0
vt 0.86082816 0.064068146 0
vt 0.8643577 0.247141 0
vt 0.8656003 0.1621364 0
vt 0.8694298 0.07067849 0
vt 0.9110171 0.11222986 0
vt 0.9016733 0.27754587 0
vt 0.8951234 0.18245237 0
vt 0.93318367 0.20947447 0
vt 0.81901985 0.25110927 0
vt 0.82225025 0.1353401 0
vt 0.8373357 0.09590183 0
vt 0.8542875 0.073095284 0
vt 0.6483845 0.30688328 0
vt 0.8322628 0.24564244 0
vt 0.83288425 0.17156714 0
vt 0.8461287 0.15921755 0
vt 0.8451189 0.24318185 0
vt 0.71569824 0.5442157 0
vt 0.8543844 0.30688328 0
vt 0.86371166 0.36825633 0
vt 0.67845345 0.4954378 0
vt 0.8738738 0.43140355 0
vt 0.8844534 0.4954378 0
vt 0.95774835 0.39275724 0
vt 0.6596004 0.1621364 0
vt 0.86856246 0.31247914 0
vt 0.9070724 0.34570956 0
vt 0.63374746 0.5723448 0
vt 0.87721103 0.36869842 0
vt 0.7317842 0.76103556 0
vt 0.910172 0.39885846 0
vt 0.9549091 0.43914193 0
vt 0.94323444 0.47606534 0
vt 0.92569417 0.49476287 0
vt 0.8841301 0.4309527 0
vt 0.7388716 0.57375914 0
vt 0.9098232 0.44890758 0
vt 0.6531077 0.43470347 0
vt 0.76663566 0.74149966 0
vt 0.9077501 0.49740687 0
vt 0.8926421 0.4925392 0
vt 0.84960765 0.3134076 0
vt 0.6483845 0.30688328 0
vt 0.82623017 0.31797078 0
vt 0.83724624 0.3804705 0
vt 0.84968716 0.38073182 0
vt 0.8602319 0.37596217 0
vt 0.87781817 0.49340624 0
vt 0.8468796 0.42834967 0
vt 0.8591077 0.4347035 0
vt 0.85712546 0.46211657 0
vt 0.8496213 0.23872763 0
vt 0.8531514 0.15523271 0
vt 0.8643577 0.247141 0
vt 0.8656003 0.1621364 0
vt 0.76663566 0.74149966 0
vt 0.8694298 0.07067849 0
vt 0.70107245 0.34570956 0
vt 0.8879982 0.073893934 0
vt 0.9110171 0.11222986 0
vt 0.7388716 0.57375914 0
vt 0.9016733 0.27754587 0
vt 0.6548282 0.064068146 0
vt 0.70107245 0.34570956 0
vt 0.8951234 0.18245237 0
vt 0.6885823 0.76161516 0
vt 0.72716117 0.5984616 0
vt 0.65771174 0.36825633 0
vt 0.93318367 0.20947447 0
vt 0.9501416 0.32232645 0
vt 0.82225025 0.1353401 0
vt 0.68870926 0.7098912 0
vt 0.8542875 0.073095284 0
vt 0.8322628 0.24564244 0
vt 0.83288425 0.17156714 0
vt 0.8461287 0.15921755 0
vt 0.8451189 0.24318185 0
vt 0.7388716 0.57375914 0
vt 0.8543844 0.30688328 0
vt 0.86371166 0.36825633 0
vt 0.8738738 0.43140355 0
vt 0.8844534 0.4954378 0
vt 0.95774835 0.39275724 0
vt 0.86856246 0.31247914 0
vt 0.64485985 0.70681465 0
vt 0.9070724 0.34570956 0
vt 0.87721103 0.36869842 0
vt 0.910172 0.39885846 0
vt 0.9549091 0.43914193 0
vt 0.94323444 0.47606534 0
vt 0.6367899 0.39698973 0
vt 0.92569417 0.49476287 0
vt 0.9098232 0.44890758 0
vt 0.6472709 0.75303656 0
vt 0.8926421 0.4925392 0
vt 0.84960765 0.3134076 0
vt 0.6781302 0.4309527 0
vt 0.82623017 0.31797078 0
vt 0.83724624 0.3804705 0
vt 0.8602319 0.37596217 0
vt 0.844744 0.8355192 0
vt 0.86891323 0.4370554 0
vt 0.6888092 0.65425545 0
vt 0.87781817 0.49340624 0
vt 0.8468796 0.42834967 0
vt 0.68870926 0.7098912 0
vt 0.8591077 0.4347035 0
vt 0.86804557 0.48356396 0
vt 0.85712546 0.46211657 0
vt 0.8496213 0.23872763 0
vt 0.8531514 0.15523271 0
vt 0.8643577 0.247141 0
vt 0.8656003 0.1621364 0
vt 0.8694298 0.07067849 0
vt 0.8879982 0.073893934 0
vt 0.9110171 0.11222986 0
vt 0.8951234 0.18245237 0
vt 0.93318367 0.20947447 0
vt 0.9501416 0.32232645 0
vt 0.81901985 0.25110927 0
vt 0.82225025 0.1353401 0
vt 0.8373357 0.09590183 0
vt 0.8542875 0.073095284 0
vt 0.8461287 0.15921755 0
vt 0.8451189 0.24318185 0
vt 0.65771174 0.36825633 0
vt 0.71569824 0.5442157 0
vt 0.66787386 0.43140355 0
vt 0.84968716 0.38073182 0
vt 0.70107245 0.34570956 0
vt 0.66256255 0.31247914 0
vt 0.70382315 0.4489076 0
vt 0.71969426 0.4947629 0
vt 0.7372345 0.47606534 0
vt 0.7489091 0.43914193 0
vt 0.71969426 0.4947629 0
vt 0.704172 0.39885846 0
vt 0.67121106 0.36869842 0
vt 0.70175016 0.49740687 0
vt 0.68870926 0.7098912 0
vt 0.70382315 0.4489076 0
vt 0.6781302 0.4309527 0
vt 0.6866421 0.4925392 0
vt 0.6436077 0.3134076 0
vt 0.6333013 0.31653774 0
vt 0.6202302 0.31797078 0
vt 0.67181826 0.49340624 0
vt 0.66291326 0.43705538 0
vt 0.6436871 0.38073182 0
vt 0.6312463 0.3804705 0
vt 0.6531077 0.43470347 0
vt 0.64087963 0.42834967 0
vt 0.65112555 0.46211657 0
vt 0.67181826 0.49340624 0
vt 0.6436214 0.23872763 0
vt 0.6899493 0.5934082 0
vt 0.6548282 0.064068146 0
vt 0.64715147 0.15523271 0
vt 0.7050172 0.11222987 0
vt 0.68199825 0.073893934 0
vt 0.66342986 0.07067849 0
vt 0.6483845 0.30688328 0
vt 0.6596004 0.1621364 0
vt 0.65835774 0.24714102 0
vt 0.7271837 0.20947449 0
vt 0.68912345 0.18245237 0
vt 0.6620456 0.48356396 0
vt 0.7640277 0.6099754 0
vt 0.6956733 0.27754587 0
vt 0.7441417 0.32232645 0
vt 0.64828753 0.073095284 0
vt 0.63133574 0.09590183 0
vt 0.6391189 0.24318185 0
vt 0.6162502 0.1353401 0
vt 0.6105289 0.18809912 0
vt 0.6130198 0.25110927 0
vt 0.62688434 0.17156713 0
vt 0.62626284 0.24564244 0
vt 0.6391189 0.24318185 0
vt 0.60233325 0.70069003 0
vt 0.7441417 0.32232645 0
vt 0.65771174 0.36825633 0
vt 0.66787386 0.43140355 0
vt 0.7517484 0.39275724 0
vt 0.70107245 0.34570956 0
vt 0.66256255 0.31247914 0
vt 0.68870926 0.7098912 0
vt 0.71969426 0.4947629 0
vt 0.7489091 0.43914193 0
vt 0.704172 0.39885846 0
vt 0.67121106 0.36869842 0
vt 0.70175016 0.49740687 0
vt 0.70382315 0.4489076 0
vt 0.6391189 0.24318185 0
vt 0.6866421 0.4925392 0
vt 0.6333013 0.31653774 0
vt 0.6202302 0.31797078 0
vt 0.67181826 0.49340624 0
vt 0.7388716 0.5737592 0
vt 0.66291326 0.43705538 0
vt 0.6542319 0.37596217 0
vt 0.7317842 0.76103556 0
vt 0.6436871 0.38073182 0
vt 0.6312463 0.3804705 0
vt 0.6620456 0.48356396 0
vt 0.7271837 0.20947449 0
vt 0.6531077 0.43470347 0
vt 0.6781302 0.4309527 0
vt 0.64087963 0.42834967 0
vt 0.65112555 0.46211657 0
vt 0.6885823 0.76161516 0
vt 0.6436214 0.23872763 0
vt 0.6548282 0.064068146 0
vt 0.64715147 0.15523271 0
vt 0.68199825 0.073893934 0
vt 0.66342986 0.07067849 0
vt 0.7317842 0.76103556 0
vt 0.6596004 0.1621364 0
vt 0.68912345 0.18245237 0
vt 0.6956733 0.27754587 0
vt 0.7441417 0.32232645 0
vt 0.6401288 0.15921755 0
vt 0.64828753 0.073095284 0
vt 0.63133574 0.09590183 0
vt 0.6162502 0.1353401 0
vt 0.6105289 0.18809912 0
vt 0.6130198 0.25110927 0
vt 0.62688434 0.17156713 0
vt 0.62626284 0.24564244 0
vt 0.6391189 0.24318185 0
vt 0.6483845 0.30688328 0
vt 0.67845345 0.4954378 0
vt 0.6520468 0.6012757 0
vt 0.70382315 0.4489076 0
vt 0.69171464 0.53176934 0
vt 0.70107245 0.34570956 0
vt 0.7489091 0.43914193 0
vt 0.66256255 0.31247914 0
vt 0.71969426 0.4947629 0
vt 0.64087963 0.42834967 0
vt 0.7372345 0.47606534 0
vt 0.7489091 0.43914193 0
vt 0.61582196 0.73147243 0
vt 0.70382315 0.4489076 0
vt 0.704172 0.39885846 0
vt 0.6137989 0.6156035 0
vt 0.6888092 0.65425545 0
vt 0.71569824 0.5442157 0
vt 0.64485985 0.70681465 0
vt 0.67121106 0.36869842 0
vt 0.70175016 0.49740687 0
vt 0.70382315 0.4489076 0
vt 0.6866421 0.4925392 0
vt 0.688757 0.68307996 0
vt 0.6436077 0.3134076 0
vt 0.6448599 0.7068147 0
vt 0.6333013 0.31653774 0
vt 0.7352042 0.7068716 0
vt 0.6202302 0.31797078 0
vt 0.67181826 0.49340624 0
vt 0.66291326 0.43705538 0
vt 0.6542319 0.37596217 0
vt 0.6436871 0.38073182 0
vt 0.6312463 0.3804705 0
vt 0.6620456 0.48356396 0
vt 0.6531077 0.43470347 0
vt 0.6885823 0.76161516 0
vt 0.64087963 0.42834967 0
vt 0.6548282 0.064068146 0
vt 0.73952687 0.44477612 0
vt 0.7050172 0.11222987 0
vt 0.68199825 0.073893934 0
vt 0.66342986 0.07067849 0
vt 0.6596004 0.1621364 0
vt 0.65835774 0.24714102 0
vt 0.68912345 0.18245237 0
vt 0.6956733 0.27754587 0
vt 0.7441417 0.32232645 0
vt 0.64828753 0.073095284 0
vt 0.7388716 0.57375914 0
vt 0.6162502 0.1353401 0
vt 0.6105289 0.18809912 0
vt 0.6130198 0.25110927 0
vt 0.6401288 0.15921755 0
vt 0.7317842 0.76103556 0
vt 0.62688434 0.17156713 0
vt 0.6520468 0.6012757 0
vt 0.62626284 0.24564244 0
vt 0.6391189 0.24318185 0
vt 0.76663566 0.74149966 0
vt 0.67845345 0.4954378 0
vt 0.7517484 0.39275724 0
vt 0.70107245 0.34570956 0
vt 0.7489091 0.43914193 0
vt 0.704172 0.39885846 0
vt 0.6162502 0.1353401 0
vt 0.70175016 0.49740687 0
vt 0.6781302 0.4309527 0
vt 0.6866421 0.4925392 0
vt 0.6436077 0.3134076 0
vt 0.6333013 0.31653774 0
vt 0.6202302 0.31797078 0
vt 0.64365435 0.6837038 0
vt 0.66291326 0.43705538 0
vt 0.6542319 0.37596217 0
vt 0.6436871 0.38073182 0
vt 0.6137989 0.6156035 0
vt 0.6312463 0.3804705 0
vt 0.6620456 0.48356396 0
vt 0.6162502 0.1353401 0
vt 0.6531077 0.43470347 0
vt 0.64087963 0.42834967 0
vt 0.6472709 0.75303656 0
vt 0.65112555 0.46211657 0
vt 0.6436214 0.23872763 0
vt 0.6548282 0.064068146 0
vt 0.7317842 0.76103556 0
vt 0.64715147 0.15523271 0
vt 0.7050172 0.11222987 0
vt 0.66342986 0.07067849 0
vt 0.65835774 0.24714102 0
vt 0.7388716 0.57375914 0
vt 0.6520468 0.6012757 0
vt 0.7271837 0.20947449 0
vt 0.68912345 0.18245237 0
vt 0.6956733 0.27754587 0
vt 0.7640277 0.6099754 0
vt 0.7441417 0.32232645 0
vt 0.64828753 0.073095284 0
vt 0.63133574 0.09590183 0
vt 0.6162502 0.1353401 0
vt 0.6105289 0.18809912 0
vt 0.6472709 0.75303656 0
vt 0.6130198 0.25110927 0
vt 0.6333013 0.31653774 0
vt 0.6401288 0.15921755 0
vt 0.62688434 0.17156713 0
vt 0.6483845 0.30688328 0
vt 0.65771174 0.36825633 0
vt 0.71569824 0.5442157 0
vt 0.67845345 0.4954378 0
vt 0.66787386 0.43140355 0
vt 0.6781302 0.4309527 0
vt 0.7517484 0.39275724 0
vt 0.70107245 0.34570956 0
vt 0.66256255 0.31247914 0
vt 0.7808199 0.6515533 0
vt 0.7489091 0.43914193 0
vt 0.9784543 0.9032452 0
vt 0.704172 0.39885846 0
vt 0.67121106 0.36869842 0
vt 0.6436214 0.23872763 0
vt 0.70175016 0.49740687 0
vt 0.70382315 0.4489076 0
vt 0.6781302 0.4309527 0
vt 0.6436077 0.3134076 0
vt 0.6333013 0.31653774 0
vt 0.7808199 0.6515533 0
vt 0.6202302 0.31797078 0
vt 0.7640277 0.6099754 0
vt 0.67181826 0.49340624 0
vt 0.66291326 0.43705538 0
vt 0.6542319 0.37596217 0
vt 0.6436871 0.38073182 0
vt 0.6312463 0.3804705 0
vt 0.6620456 0.48356396 0
vt 0.64087963 0.42834967 0
vt 0.70175016 0.49740687 0
vt 0.65112555 0.46211657 0
vt 0.81652886 0.18809912 0
vt 0.6548282 0.064068146 0
vt 0.7050172 0.11222987 0
vt 0.68199825 0.073893934 0
vt 0.7640277 0.6099754 0
vt 0.6163855 0.73589635 0
vt 0.65835774 0.24714102 0
vt 0.68912345 0.18245237 0
vt 0.6956733 0.27754587 0
vt 0.66342986 0.07067849 0
vt 0.7441417 0.32232645 0
vt 0.64828753 0.073095284 0
vt 0.63133574 0.09590183 0
vt 0.76663566 0.74149966 0
vt 0.6162502 0.1353401 0
vt 0.6105289 0.18809912 0
vt 0.6130198 0.25110927 0
vt 0.6401288 0.15921755 0
vt 0.62688434 0.17156713 0
vt 0.62626284 0.24564244 0
vt 0.12654233 0.42515647 0
vt 0.6391189 0.24318185 0
vt 0.8643577 0.247141 0
vt 0.6483845 0.30688328 0
vt 0.65771174 0.36825633 0
vt 0.6451497 0.6515413 0
vt 0.67845345 0.4954378 0
vt 0.66787386 0.43140355 0
vt 0.7517484 0.39275724 0
vt 0.70107245 0.34570956 0
vt 0.66256255 0.31247914 0
vt 0.7640277 0.6099754 0
vt 0.71969426 0.4947629 0
vt 0.7372345 0.47606534 0
vt 0.7489091 0.43914193 0
vt 0.704172 0.39885846 0
vt 0.67121106 0.36869842 0
vt 0.70175016 0.49740687 0
vt 0.70382315 0.4489076 0
vt 0.6436077 0.3134076 0
vt 0.6333013 0.31653774 0
vt 0.7830218 0.7008038 0
vt 0.66291326 0.43705538 0
vt 0.71569824 0.5442157 0
vt 0.6542319 0.37596217 0
vt 0.6436871 0.38073182 0
vt 0.6620456 0.48356396 0
vt 0.6531077 0.43470347 0
vt 0.64087963 0.42834967 0
vt 0.65112555 0.46211657 0
vt 0.6436214 0.23872763 0
vt 0.6548282 0.064068146 0
vt 0.64715147 0.15523271 0
vt 0.68199825 0.073893934 0
vt 0.6596004 0.1621364 0
vt 0.7271837 0.20947449 0
vt 0.6451497 0.6515413 0
vt 0.6956733 0.27754587 0
vt 0.7441417 0.32232645 0
vt 0.66342986 0.07067849 0
vt 0.68994933 0.5934082 0
vt 0.73520416 0.70687157 0
vt 0.64828753 0.073095284 0
vt 0.63133574 0.09590183 0
vt 0.84968716 0.38073182 0
vt 0.6162502 0.1353401 0
vt 0.78084254 0.6998998 0
vt 0.6105289 0.18809912 0
vt 0.62688434 0.17156713 0
vt 0.73952687 0.44477612 0
vt 0.62626284 0.24564244 0
vt 0.6391189 0.24318185 0
vt 0.7640277 0.6099754 0
vt 0.65771174 0.36825633 0
vt 0.7517484 0.39275724 0
vt 0.71569824 0.5442157 0
vt 0.66256255 0.31247914 0
vt 0.71969426 0.4947629 0
vt 0.7372345 0.47606534 0
vt 0.7489091 0.43914193 0
vt 0.704172 0.39885846 0
vt 0.7352042 0.7068716 0
vt 0.67121106 0.36869842 0
vt 0.7372345 0.47606534 0
vt 0.70175016 0.49740687 0
vt 0.6890745 0.7081541 0
vt 0.6781302 0.4309527 0
vt 0.6866421 0.4925392 0
vt 0.6130198 0.25110927 0
vt 0.6436077 0.3134076 0
vt 0.6333013 0.31653774 0
vt 0.71969426 0.4947629 0
vt 0.6202302 0.31797078 0
vt 0.9016733 0.27754587 0
vt 0.66291326 0.43705538 0
vt 0.6542319 0.37596217 0
vt 0.6436871 0.38073182 0
vt 0.6312463 0.3804705 0
vt 0.6531077 0.43470347 0
vt 0.64087963 0.42834967 0
vt 0.65112555 0.46211657 0
vt 0.6472709 0.75303656 0
vt 0.6436214 0.23872763 0
vt 0.7517484 0.39275724 0
vt 0.6548282 0.064068146 0
vt 0.64715147 0.15523271 0
vt 0.7050172 0.11222987 0
vt 0.68199825 0.073893934 0
vt 0.66342986 0.07067849 0
vt 0.6596004 0.1621364 0
vt 0.60233325 0.70069003 0
vt 0.65835774 0.24714102 0
vt 0.7271837 0.20947449 0
vt 0.69171464 0.53176934 0
vt 0.68912345 0.18245237 0
vt 0.64828753 0.073095284 0
vt 0.63133574 0.09590183 0
vt 0.6162502 0.1353401 0
vt 0.6105289 0.18809912 0
vt 0.81901985 0.25110927 0
vt 0.6130198 0.25110927 0
vt 0.62688434 0.17156713 0
vt 0.62626284 0.24564244 0
vt 0.6391189 0.24318185 0
vt 0.67845345 0.4954378 0
vt 0.7517484 0.39275724 0
vt 0.70107245 0.34570956 0
vt 0.66256255 0.31247914 0
vt 0.71969426 0.4947629 0
vt 0.70589626 0.40040833 0
vt 0.7349034 0.6526871 0
vt 0.7372345 0.47606534 0
vt 0.7489091 0.43914193 0
vt 0.64715147 0.15523271 0
vt 0.7517484 0.39275724 0
vt 0.704172 0.39885846 0
vt 0.67121106 0.36869842 0
vt 0.70175016 0.49740687 0
vt 0.6620456 0.48356396 0
vt 0.6781302 0.4309527 0
vt 0.7388716 0.57375914 0
vt 0.6866421 0.4925392 0
vt 0.6436077 0.3134076 0
vt 0.71969426 0.4947629 0
vt 0.78659856 0.6751659 0
vt 0.6333013 0.31653774 0
vt 0.6202302 0.31797078 0
vt 0.67181826 0.49340624 0
vt 0.66291326 0.43705538 0
vt 0.6542319 0.37596217 0
vt 0.6312463 0.3804705 0
vt 0.6887764 0.6477376 0
vt 0.6531077 0.43470347 0
vt 0.64087963 0.42834967 0
vt 0.6472709 0.75303656 0
vt 0.6436214 0.23872763 0
vt 0.6548282 0.064068146 0
vt 0.7050172 0.11222987 0
vt 0.68199825 0.073893934 0
vt 0.81901985 0.25110927 0
vt 0.6596004 0.1621364 0
vt 0.65835774 0.24714102 0
vt 0.7271837 0.20947449 0
vt 0.69171464 0.53176934 0
vt 0.6956733 0.27754587 0
vt 0.64828753 0.073095284 0
vt 0.63133574 0.09590183 0
vt 0.6130198 0.25110927 0
vt 0.6401288 0.15921755 0
vt 0.62688434 0.17156713 0
vt 0.6045647 0.66195107 0
vt 0.62626284 0.24564244 0
vt 0.6391189 0.24318185 0
vt 0.67845345 0.4954378 0
vt 0.63374746 0.5723448 0
vt 0.66787386 0.43140355 0
vt 0.7517484 0.39275724 0
vt 0.7349034 0.6526871 0
vt 0.70107245 0.34570956 0
vt 0.7388716 0.57375914 0
vt 0.66256255 0.31247914 0
vt 0.71969426 0.4947629 0
vt 0.7489091 0.43914193 0
vt 0.704172 0.39885846 0
vt 0.67121106 0.36869842 0
vt 0.70175016 0.49740687 0
vt 0.70382315 0.4489076 0
vt 0.6781302 0.4309527 0
vt 0.6781302 0.4309527 0
vt 0.6866421 0.4925392 0
vt 0.6436077 0.3134076 0
vt 0.6333013 0.31653774 0
vt 0.6202302 0.31797078 0
vt 0.67181826 0.49340624 0
vt 0.73349416 0.7339536 0
vt 0.6542319 0.37596217 0
vt 0.6312463 0.3804705 0
vt 0.6620456 0.48356396 0
vt 0.70107245 0.34570956 0
vt 0.6531077 0.43470347 0
vt 0.65112555 0.46211657 0
vt 0.67845345 0.4954378 0
vt 0.6436214 0.23872763 0
vt 0.71969426 0.4947629 0
vt 0.6548282 0.064068146 0
vt 0.64715147 0.15523271 0
vt 0.66342986 0.07067849 0
vt 0.6596004 0.1621364 0
vt 0.6956733 0.27754587 0
vt 0.7441417 0.32232645 0
vt 0.83288425 0.17156714 0
vt 0.64828753 0.073095284 0
vt 0.63133574 0.09590183 0
vt 0.69171464 0.53176934 0
vt 0.64715147 0.15523271 0
vt 0.6105289 0.18809912 0
vt 0.6130198 0.25110927 0
vt 0.72716117 0.5984616 0
vt 0.62688434 0.17156713 0
vt 0.62626284 0.24564244 0
vt 0.6391189 0.24318185 0
vt 0.6483845 0.30688328 0
vt 0.62688434 0.17156713 0
vt 0.65771174 0.36825633 0
vt 0.704172 0.39885846 0
vt 0.64545107 0.657319 0
vt 0.67845345 0.4954378 0
vt 0.66787386 0.43140355 0
vt 0.7353309 0.6459166 0
vt 0.84960765 0.3134076 0
vt 0.7517484 0.39275724 0
vt 0.66256255 0.31247914 0
vt 0.60007894 0.68299425 0
vt 0.7372345 0.47606534 0
vt 0.7489091 0.43914193 0
vt 0.7640277 0.6099754 0
vt 0.704172 0.39885846 0
vt 0.67121106 0.36869842 0
vt 0.68994933 0.5934082 0
vt 0.70175016 0.49740687 0
vt 0.64828753 0.073095284 0
vt 0.70382315 0.4489076 0
vt 0.6781302 0.4309527 0
vt 0.6866421 0.4925392 0
vt 0.63374746 0.5723448 0
vt 0.6436077 0.3134076 0
vt 0.6333013 0.31653774 0
vt 0.6202302 0.31797078 0
vt 0.67181826 0.49340624 0
vt 0.68870926 0.7098912 0
vt 0.66291326 0.43705538 0
vt 0.6542319 0.37596217 0
vt 0.6436871 0.38073182 0
vt 0.6312463 0.3804705 0
vt 0.6620456 0.48356396 0
vt 0.64087963 0.42834967 0
vt 0.65112555 0.46211657 0
vt 0.68870926 0.7098912 0
vt 0.6436214 0.23872763 0
vt 0.6548282 0.064068146 0
vt 0.64715147 0.15523271 0
vt 0.68199825 0.073893934 0
vt 0.66342986 0.07067849 0
vt 0.6596004 0.1621364 0
vt 0.65835774 0.24714102 0
vt 0.6045647 0.66195107 0
vt 0.7271837 0.20947449 0
vt 0.68912345 0.18245237 0
vt 0.64545107 0.657319 0
vt 0.7441417 0.32232645 0
vt 0.64828753 0.073095284 0
vt 0.63133574 0.09590183 0
vt 0.6162502 0.1353401 0
vt 0.6627928 0.39982992 0
vt 0.6105289 0.18809912 0
vt 0.7830218 0.7008038 0
vt 0.6401288 0.15921755 0
vt 0.62688434 0.17156713 0
vt 0.62626284 0.24564244 0
vt 0.6391189 0.24318185 0
vt 0.13181019 0.7347602 0
vt 0.6596004 0.1621364 0
vt 0.65771174 0.36825633 0
vt 0.6041579 0.6997675 0
vt 0.64485985 0.70681465 0
vt 0.67845345 0.4954378 0
vt 0.7517484 0.39275724 0
vt 0.70107245 0.34570956 0
vt 0.71969426 0.4947629 0
vt 0.7489091 0.43914193 0
vt 0.704172 0.39885846 0
vt 0.67121106 0.36869842 0
vt 0.70175016 0.49740687 0
vt 0.6596004 0.1621364 0
vt 0.70382315 0.4489076 0
vt 0.6781302 0.4309527 0
vt 0.6866421 0.4925392 0
vt 0.67181826 0.49340624 0
vt 0.66291326 0.43705538 0
vt 0.69171464 0.53176934 0
vt 0.6436871 0.38073182 0
vt 0.6312463 0.3804705 0
vt 0.6620456 0.48356396 0
vt 0.6531077 0.43470347 0
vt 0.65112555 0.46211657 0
vt 0.6436214 0.23872763 0
vt 0.6548282 0.064068146 0
vt 0.7441417 0.32232645 0
vt 0.64715147 0.15523271 0
vt 0.71969426 0.4947629 0
vt 0.7050172 0.11222987 0
vt 0.68199825 0.073893934 0
vt 0.6596004 0.1621364 0
vt 0.7271837 0.20947449 0
vt 0.6472709 0.75303656 0
vt 0.68912345 0.18245237 0
vt 0.6956733 0.27754587 0
vt 0.64828753 0.073095284 0
vt 0.6162502 0.1353401 0
vt 0.6105289 0.18809912 0
vt 0.6130198 0.25110927 0
vt 0.6401288 0.15921755 0
vt 0.62688434 0.17156713 0
vt 0.62626284 0.24564244 0
vt 0.6391189 0.24318185 0
vt 0.67845345 0.4954378 0
vt 0.66787386 0.43140355 0
vt 0.7517484 0.39275724 0
vt 0.70107245 0.34570956 0
vt 0.60233325 0.70069003 0
vt 0.66256255 0.31247914 0
vt 0.6436871 0.38073182 0
vt 0.7372345 0.47606534 0
vt 0.704172 0.39885846 0
vt 0.67121106 0.36869842 0
vt 0.67845345 0.4954378 0
vt 0.6781302 0.4309527 0
vt 0.6866421 0.4925392 0
vt 0.6436077 0.3134076 0
vt 0.73520416 0.7068716 0
vt 0.6202302 0.31797078 0
vt 0.67181826 0.49340624 0
vt 0.66291326 0.43705538 0
vt 0.6542319 0.37596217 0
vt 0.7517484 0.39275724 0
vt 0.6436871 0.38073182 0
vt 0.6312463 0.3804705 0
vt 0.6620456 0.48356396 0
vt 0.6531077 0.43470347 0
vt 0.64087963 0.42834967 0
vt 0.65112555 0.46211657 0
vt 0.6436214 0.23872763 0
vt 0.6548282 0.064068146 0
vt 0.64715147 0.15523271 0
vt 0.7050172 0.11222987 0
vt 0.68199825 0.073893934 0
vt 0.65771174 0.36825633 0
vt 0.66342986 0.07067849 0
vt 0.6596004 0.1621364 0
vt 0.7271837 0.20947449 0
vt 0.68912345 0.18245237 0
vt 0.78084254 0.6998998 0
vt 0.6956733 0.27754587 0
vt 0.7441417 0.32232645 0
vt 0.64828753 0.073095284 0
vt 0.63133574 0.09590183 0
vt 0.6105289 0.18809912 0
vt 0.6130198 0.25110927 0
vt 0.6401288 0.15921755 0
vt 0.62688434 0.17156713 0
vt 0.9501416 0.32232645 0
vt 0.65771174 0.36825633 0
vt 0.6483845 0.30688328 0
vt 0.67845345 0.4954378 0
vt 0.6620456 0.48356396 0
vt 0.66787386 0.43140355 0
vt 0.66256255 0.31247914 0
vt 0.67121106 0.36869842 0
vt 0.7372345 0.47606534 0
vt 0.70175016 0.49740687 0
vt 0.70382315 0.4489076 0
vt 0.6866421 0.4925392 0
vt 0.6542319 0.37596217 0
vt 0.6436871 0.38073182 0
vt 0.6202302 0.31797078 0
vt 0.6312463 0.3804705 0
vt 0.67181826 0.49340624 0
vt 0.66291326 0.43705538 0
vt 0.6620456 0.48356396 0
vt 0.67845345 0.4954378 0
vt 0.8841301 0.4309527 0
vt 0.6531077 0.43470347 0
vt 0.64087963 0.42834967 0
vt 0.65112555 0.46211657 0
vt 0.6436214 0.23872763 0
vt 0.6781302 0.4309527 0
vt 0.6548282 0.064068146 0
vt 0.64715147 0.15523271 0
vt 0.68199825 0.073893934 0
vt 0.66342986 0.07067849 0
vt 0.6596004 0.1621364 0
vt 0.65835774 0.24714102 0
vt 0.7271837 0.20947449 0
vt 0.68912345 0.18245237 0
vt 0.6956733 0.27754587 0
vt 0.6130198 0.25110927 0
vt 0.6781302 0.4309527 0
vt 0.7441417 0.32232645 0
vt 0.64828753 0.073095284 0
vt 0.7050172 0.11222987 0
vt 0.63133574 0.09590183 0
vt 0.6162502 0.1353401 0
vt 0.66256255 0.31247914 0
vt 0.6401288 0.15921755 0
vt 0.6857893 0.65353405 0
vt 0.62688434 0.17156713 0
vt 0.9077501 0.49740687 0
vt 0.62626284 0.24564244 0
vt 0.13977873 0.8959713 0
vt 0.6391189 0.24318185 0
vt 0.71969426 0.4947629 0
vt 0.98659855 0.76726675 0
vt 0.9369141 0.7766528 0
vt 0.81652886 0.18809912 0
vt 0.9640236 0.97077894 0
vt 0.70589626 0.40040833 0
vt 0.9784543 0.9032452 0
vt 0.98062783 0.82445705 0
vt 0.9349644 0.8396207 0
vt 0.92986643 1.0055131 0
vt 0.93253523 0.91857123 0
vt 0.888757 0.78333235 0
vt 0.800079 0.7831584 0
vt 0.8869066 1.0015528 0
vt 0.6137989 0.6156035 0
vt 0.6483845 0.30688328 0
vt 0.8878424 0.9202039 0
vt 0.8888881 0.8405786 0
vt 0.844744 0.8355192 0
vt 0.8463439 0.9573865 0
vt 0.8456019 0.8944502 0
vt 0.8045875 0.85500324 0
vt 0.6886616 0.73670256 0
vt 0.9828682 0.7090066 0
vt 0.66256255 0.31247914 0
vt 0.96402776 0.63493 0
vt 0.9388716 0.5614111 0
vt 0.91569823 0.5014378 0
vt 0.93533087 0.7078906 0
vt 0.60233325 0.70069003 0
vt 0.92716116 0.6115571 0
vt 0.88877636 0.7115873 0
vt 0.8899493 0.60129875 0
vt 0.8917146 0.4761718 0
vt 0.8337475 0.55853987 0
vt 0.8451497 0.71930885 0
vt 0.8137989 0.64635515 0
vt 0.8028786 0.7326296 0
vt 0.98659855 0.76726675 0
vt 0.9369141 0.7766528 0
vt 0.66256255 0.31247914 0
vt 0.9640236 0.97077894 0
vt 0.98062783 0.82445705 0
vt 0.63374746 0.5723448 0
vt 0.9349644 0.8396207 0
vt 0.92986643 1.0055131 0
vt 0.93253523 0.91857123 0
vt 0.888757 0.78333235 0
vt 0.65835774 0.24714102 0
vt 0.84365433 0.7845987 0
vt 0.6520468 0.6012757 0
vt 0.800079 0.7831584 0
vt 0.8869066 1.0015528 0
vt 0.844744 0.8355192 0
vt 0.7388716 0.57375914 0
vt 0.8041289 0.8182093 0
vt 0.8463439 0.9573865 0
vt 0.8045875 0.85500324 0
vt 0.6436871 0.38073182 0
vt 0.76663566 0.74149966 0
vt 0.9828682 0.7090066 0
vt 0.9388716 0.5614111 0
vt 0.91569823 0.5014378 0
vt 0.6137989 0.6156035 0
vt 0.93533087 0.7078906 0
vt 0.92716116 0.6115571 0
vt 0.88877636 0.7115873 0
vt 0.8899493 0.60129875 0
vt 0.6137989 0.6156035 0
vt 0.86164474 0.49685574 0
vt 0.8337475 0.55853987 0
vt 0.8520467 0.61726964 0
vt 0.8137989 0.64635515 0
vt 0.8028786 0.7326296 0
vt 0.86804557 0.48356396 0
vt 0.7352042 0.7068716 0
vt 0.8496213 0.23872763 0
vt 0.64485985 0.70681465 0
vt 0.9016733 0.27754587 0
vt 0.73520416 0.7068716 0
vt 0.70589626 0.40040833 0
vt 0.7640277 0.6099754 0
vt 0.7317842 0.76103556 0
vt 0.7830218 0.7008038 0
vt 0.71569824 0.5442157 0
vt 0.7372345 0.47606534 0
vt 0.61582196 0.73147243 0
vt 0.7640277 0.6099754 0
vt 0.6885823 0.76161516 0
vt 0.63374746 0.5723448 0
vt 0.60233325 0.70069003 0
vt 0.6333013 0.31653774 0
vt 0.71569824 0.5442157 0
vt 0.61582196 0.73147243 0
vt 0.6616447 0.54195845 0
vt 0.7352042 0.7068716 0
vt 0.73691416 0.6797896 0
vt 0.8878424 0.9202039 0
vt 0.910172 0.39885846 0
vt 0.6045647 0.66195107 0
vt 0.7830218 0.7008038 0
vt 0.6620456 0.48356396 0
vt 0.65112555 0.46211657 0
vt 0.9549091 0.43914193 0
vt 0.7317842 0.76103556 0
vt 0.66787386 0.43140355 0
vt 0.7808199 0.6515533 0
vt 0.86856246 0.31247914 0
vt 0.6436077 0.3134076 0
vt 0.66342986 0.07067849 0
vt 0.65204674 0.6012757 0
vt 0.8451189 0.24318185 0
vt 0.9077501 0.49740687 0
vt 0.65112555 0.46211657 0
vt 0.71569824 0.5442157 0
vt 0.68994933 0.5934082 0
vt 0.62626284 0.24564244 0
vt 0.8496213 0.23872763 0
vt 0.6781302 0.4309527 0
vt 0.8393013 0.31653774 0
vt 0.63374746 0.5723448 0
vt 0.64485985 0.70681465 0
vt 0.7352042 0.7068716 0
vt 0.82225025 0.1353401 0
vt 0.65771174 0.36825633 0
vt 0.8543844 0.30688328 0
vt 0.8496213 0.23872763 0
vt 0.78659856 0.6751659 0
vt 0.6616447 0.54195845 0
vt 0.6690836 0.36740002 0
vt 0.6885823 0.76161516 0
vt 0.87721103 0.36869842 0
vt 0.7050172 0.11222987 0
vt 0.76574147 0.7479091 0
vt 0.60233325 0.70069003 0
vt 0.6333013 0.31653774 0
vt 0.69171464 0.53176934 0
vt 0.78084254 0.6998998 0
vt 0.6886616 0.73670256 0
vt 0.7317842 0.76103556 0
vt 0.8028786 0.7326296 0
vt 0.62626284 0.24564244 0
vt 0.688757 0.68307996 0
vt 0.7388716 0.57375914 0
vt 0.66342986 0.07067849 0
vt 0.6137989 0.6156035 0
vt 0.7388716 0.57375914 0
vt 0.77944505 0.72644174 0
vt 0.7830218 0.7008038 0
vt 0.7317842 0.76103556 0
vt 0.7317842 0.76103556 0
vt 0.70589626 0.40040833 0
vt 0.6436214 0.23872763 0
vt 0.65112555 0.46211657 0
vt 0.6162502 0.1353401 0
vt 0.64087963 0.42834967 0
vt 0.6888092 0.65425545 0
vt 0.6041579 0.6997675 0
vt 0.7640277 0.6099754 0
vt 0.8322628 0.24564244 0
vt 0.73952687 0.44477612 0
vt 0.64545107 0.657319 0
vt 0.6436077 0.3134076 0
vt 0.64715147 0.15523271 0
vt 0.73952687 0.44477612 0
vt 0.69171464 0.53176934 0
vt 0.6045647 0.66195107 0
vt 0.7388716 0.57375914 0
vt 0.6483845 0.30688328 0
vt 0.16144396 0.89827746 0
vt 0.76574147 0.7479091 0
vt 0.6028786 0.6581032 0
vt 0.60233325 0.70069003 0
vt 0.61582196 0.73147243 0
vt 0.6028786 0.6581032 0
vt 0.7388716 0.57375914 0
vt 0.6620456 0.48356396 0
vt 0.6137989 0.6156035 0
vt 0.6902946 0.5869478 0
vt 0.76663566 0.74149966 0
vt 0.72716117 0.5984616 0
vt 0.9501416 0.32232645 0
vt 0.65771174 0.36825633 0
vt 0.68870926 0.7098912 0
vt 0.6028786 0.6581032 0
vt 0.8888881 0.8405786 0
vt 0.6137989 0.6156035 0
vt 0.7830218 0.7008038 0
vt 0.6312463 0.3804705 0
vt 0.73691416 0.6797896 0
vt 0.12599549 0.7306709 0
vt 0.98062783 0.82445705 0
vt 0.6520468 0.6012757 0
vt 0.67181826 0.49340624 0
vt 0.67181826 0.49340624 0
vt 0.7517484 0.39275724 0
vt 0.7388716 0.57375914 0
vt 0.6441698 0.38584304 0
vt 0.7271837 0.20947449 0
vt 0.6890745 0.7081541 0
vt 0.910172 0.39885846 0
vt 0.73952687 0.44477612 0
vt 0.9070724 0.34570956 0
vt 0.704172 0.39885846 0
vt 0.64715147 0.15523271 0
vt 0.9077501 0.49740687 0
vt 0.7640277 0.6099754 0
vt 0.6596004 0.1621364 0
vt 0.6045647 0.66195107 0
vt 0.65835774 0.24714102 0
vt 0.7830218 0.7008038 0
vt 0.15829849 0.9450588 0
vt 0.6448599 0.7068147 0
vt 0.71569824 0.5442157 0
vt 0.8879982 0.073893934 0
vt 0.83724624 0.3804705 0
vt 0.6616447 0.54195845 0
vt 0.7317842 0.76103556 0
vt 0.64485985 0.70681465 0
vt 0.68854094 0.7629694 0
vt 0.6472709 0.75303656 0
vt 0.120655686 0.5158771 0
vt 0.8694298 0.07067849 0
vt 0.8393013 0.31653774 0
vt 0.68199825 0.073893934 0
vt 0.72716117 0.5984616 0
vt 0.6130198 0.25110927 0
vt 0.65771174 0.36825633 0
vt 0.6472709 0.75303656 0
vt 0.6956733 0.27754587 0
vt 0.8643577 0.247141 0
vt 0.17546433 0.89949036 0
vt 0.6888092 0.65425545 0
vt 0.64545107 0.657319 0
vt 0.71969426 0.4947629 0
vt 0.7349034 0.6526871 0
vt 0.7372345 0.47606534 0
vt 0.6401288 0.15921755 0
vt 0.6885823 0.76161516 0
vt 0.6531077 0.43470347 0
vt 0.67845345 0.4954378 0
vt 0.6137989 0.6156035 0
vt 0.6885823 0.76161516 0
vt 0.688757 0.68307996 0
vt 0.7352042 0.7068716 0
vt 0.6572943 0.3673693 0
vt 0.6436871 0.38073182 0
vt 0.67181826 0.49340624 0
vt 0.8841301 0.4309527 0
vt 0.7489091 0.43914193 0
vt 0.67845345 0.4954378 0
vt 0.6616447 0.54195845 0
vt 0.70382315 0.4489076 0
vt 0.6483845 0.30688328 0
vt 0.60233325 0.70069003 0
vt 0.6045647 0.66195107 0
vt 0.64715147 0.15523271 0
vt 0.688757 0.68307996 0
vt 0.7353309 0.6459166 0
vt 0.6866421 0.4925392 0
vt 0.6401288 0.15921755 0
vt 0.63133574 0.09590183 0
vt 0.6620456 0.48356396 0
vt 0.6202302 0.31797078 0
vt 0.6436871 0.38073182 0
vt 0.6130198 0.25110927 0
vt 0.69171464 0.53176934 0
vt 0.6483845 0.30688328 0
vt 0.1466754 0.93171746 0
vt 0.71569824 0.5442157 0
vt 0.688757 0.68307996 0
vt 0.6460654 0.72992563 0
vt 0.6472709 0.75303656 0
vt 0.96402776 0.63493 0
vt 0.71569824 0.5442157 0
vt 0.81615376 0.8985602 0
vt 0.68994933 0.5934082 0
vt 0.8451497 0.71930885 0
vt 0.84968716 0.38073182 0
vt 0.76663566 0.74149966 0
vt 0.68199825 0.073893934 0
vt 0.7489091 0.43914193 0
vt 0.7349034 0.6526871 0
vt 0.7830218 0.7008038 0
vt 0.60233325 0.70069003 0
vt 0.7372345 0.47606534 0
vt 0.60233325 0.70069003 0
vt 0.6890745 0.7081541 0
vt 0.6781302 0.4309527 0
vt 0.7388716 0.57375914 0
vt 0.6483845 0.30688328 0
vt 0.70589626 0.40040833 0
vt 0.66787386 0.43140355 0
vt 0.64485985 0.70681465 0
vt 0.8869066 1.0015528 0
vt 0.63374746 0.5723448 0
vt 0.64545107 0.657319 0
vt 0.6520468 0.6012757 0
vt 0.6542319 0.37596217 0
vt 0.78659856 0.6751659 0
vt 0.7317842 0.76103556 0
vt 0.86082816 0.064068146 0
vt 0.66787386 0.43140355 0
vt 0.67181826 0.49340624 0
vt 0.6887764 0.6477376 0
vt 0.7271837 0.20947449 0
vt 0.7808199 0.6515533 0
vt 0.6162502 0.1353401 0
vt 0.65835774 0.24714102 0
vt 0.68994933 0.5934082 0
vt 0.68994933 0.5934082 0
vt 0.69171464 0.53176934 0
vt 0.7349034 0.6526871 0
vt 0.71969426 0.4947629 0
vt 0.7349034 0.6526871 0
vt 0.6866421 0.4925392 0
vt 0.6520468 0.6012757 0
vt 0.6531077 0.43470347 0
vt 0.77944505 0.72644174 0
vt 0.6045647 0.66195107 0
vt 0.65857255 0.40650877 0
vt 0.67845345 0.4954378 0
vt 0.68912345 0.18245237 0
vt 0.8393013 0.31653774 0
vt 0.70175016 0.49740687 0
vt 0.11902166 0.6291563 0
vt 0.9501416 0.32232645 0
vt 0.63374746 0.5723448 0
vt 0.6781302 0.4309527 0
vt 0.7271837 0.20947449 0
vt 0.7489091 0.43914193 0
vt 0.6866421 0.4925392 0
vt 0.7352042 0.7068716 0
vt 0.6137989 0.6156035 0
vt 0.66787386 0.43140355 0
vt 0.6520468 0.6012757 0
vt 0.64828753 0.073095284 0
vt 0.8643577 0.247141 0
vt 0.6483845 0.30688328 0
vt 0.68994933 0.5934082 0
vt 0.6781302 0.4309527 0
vt 0.78084254 0.6998998 0
vt 0.7808199 0.6515533 0
vt 0.6137989 0.6156035 0
vt 0.65771174 0.36825633 0
vt 0.63133574 0.09590183 0
vt 0.71969426 0.4947629 0
vt 0.71969426 0.4947629 0
vt 0.9369141 0.7766528 0
vt 0.7271837 0.20947449 0
vt 0.6890745 0.7081541 0
vt 0.8694298 0.07067849 0
vt 0.63133574 0.09590183 0
vt 0.70175016 0.49740687 0
vt 0.6472709 0.75303656 0
vt 0.6885823 0.76161516 0
vt 0.7388716 0.5737592 0
vt 0.8841301 0.4309527 0
vt 0.6436077 0.3134076 0
vt 0.86856246 0.31247914 0
vt 0.73952687 0.44477612 0
vt 0.68870926 0.7098912 0
vt 0.64545107 0.657319 0
vt 0.71969426 0.4947629 0
vt 0.71969426 0.4947629 0
vt 0.66787386 0.43140355 0
vt 0.6483845 0.30688328 0
vt 0.7640277 0.6099754 0
vt 0.6460654 0.72992563 0
vt 0.7640277 0.6099754 0
vt 0.7353309 0.6459166 0
vt 0.8926421 0.4925392 0
vt 0.6137989 0.6156035 0
vt 0.9016733 0.27754587 0
vt 0.73520416 0.7068716 0
vt 0.7372345 0.47606534 0
vt 0.72716117 0.5984616 0
vt 0.9098232 0.44890758 0
vt 0.6616447 0.54195845 0
vt 0.7271837 0.20947449 0
vt 0.86891323 0.4370554 0
vt 0.7050172 0.11222987 0
vt 0.6472709 0.75303656 0
vt 0.64485985 0.70681465 0
vt 0.7388716 0.5737592 0
vt 0.7388716 0.5737592 0
vt 0.60233325 0.70069003 0
vt 0.70107245 0.34570956 0
vt 0.7372345 0.47606534 0
vt 0.7830218 0.7008038 0
vt 0.73952687 0.44477612 0
vt 0.81652886 0.18809912 0
vt 0.7317842 0.76103556 0
vt 0.8456019 0.8944502 0
vt 0.68854094 0.7629694 0
vt 0.68912345 0.18245237 0
vt 0.69171464 0.53176934 0
vt 0.65835774 0.24714102 0
vt 0.6472709 0.75303656 0
vt 0.61582196 0.73147243 0
vt 0.64545107 0.657319 0
vt 0.71569824 0.5442157 0
vt 0.7830218 0.7008038 0
vt 0.68870926 0.7098912 0
vt 0.136783 0.8914047 0
vt 0.6781302 0.4309527 0
vt 0.60233325 0.70069003 0
vt 0.6130198 0.25110927 0
vt 0.70382315 0.4489076 0
vt 0.6472709 0.75303656 0
vt 0.63133574 0.09590183 0
vt 0.7489091 0.43914193 0
vt 0.7349034 0.6526871 0
vt 0.6448599 0.7068147 0
vt 0.7640277 0.6099754 0
vt 0.6472709 0.75303656 0
vt 0.64485985 0.70681465 0
vt 0.7317842 0.76103556 0
vt 0.6956733 0.27754587 0
vt 0.7271837 0.20947449 0
vt 0.73691416 0.6797896 0
vt 0.6448599 0.7068147 0
vt 0.63374746 0.5723448 0
vt 0.6472709 0.75303656 0
vt 0.71969426 0.4947629 0
vt 0.67181826 0.49340624 0
vt 0.65477777 0.38100547 0
vt 0.7317842 0.76103556 0
vt 0.65112555 0.46211657 0
vt 0.6105289 0.18809912 0
vt 0.6885823 0.76161516 0
vt 0.7317842 0.76103556 0
vt 0.7050172 0.11222987 0
vt 0.8531514 0.15523271 0
vt 0.65835774 0.24714102 0
vt 0.63374746 0.5723448 0
vt 0.7050172 0.11222987 0
vt 0.7830218 0.7008038 0
vt 0.8951234 0.18245237 0
vt 0.9070724 0.34570956 0
vt 0.6520468 0.6012757 0
vt 0.6472709 0.75303656 0
vt 0.84365433 0.7845987 0
vt 0.7830218 0.7008038 0
vt 0.6873865 0.7129394 0
vt 0.6616447 0.54195845 0
vt 0.65477777 0.38100547 0
vt 0.7372345 0.47606534 0
vt 0.94323444 0.47606534 0
vt 0.6130198 0.25110927 0
vt 0.6367899 0.39698973 0
vt 0.7640277 0.6099754 0
vt 0.7640277 0.6099754 0
vt 0.6888092 0.65425545 0
vt 0.6137989 0.6156035 0
vt 0.6202302 0.31797078 0
vt 0.72716117 0.5984616 0
vt 0.6888092 0.65425545 0
vt 0.68912345 0.18245237 0
vt 0.62626284 0.24564244 0
vt 0.6956733 0.27754587 0
vt 0.6105289 0.18809912 0
vt 0.86082816 0.064068146 0
vt 0.8041289 0.8182093 0
vt 0.15656927 0.84084547 0
vt 0.70107245 0.34570956 0
vt 0.113214664 0.6345237 0
vt 0.6888092 0.65425545 0
vt 0.64545107 0.657319 0
vt 0.64545107 0.657319 0
vt 0.7808199 0.6515533 0
vt 0.72716117 0.5984616 0
vt 0.66787386 0.43140355 0
vt 0.68199825 0.073893934 0
vt 0.66787386 0.43140355 0
vt 0.6690836 0.36740002 0
vt 0.6472709 0.75303656 0
vt 0.70382315 0.4489076 0
vt 0.6041579 0.6997675 0
vt 0.86082816 0.064068146 0
vt 0.7388716 0.5737592 0
vt 0.67121106 0.36869842 0
vt 0.9388716 0.5614111 0
vt 0.61582196 0.73147243 0
vt 0.6616447 0.54195845 0
vt 0.83288425 0.17156714 0
vt 0.6436214 0.23872763 0
vt 0.68994933 0.5934082 0
vt 0.69171464 0.53176934 0
vt 0.60458755 0.7183858 0
vt 0.8322628 0.24564244 0
vt 0.73349416 0.7339536 0
vt 0.73520416 0.7068716 0
vt 0.7372345 0.47606534 0
vt 0.63374746 0.5723448 0
vt 0.6401288 0.15921755 0
vt 0.71569824 0.5442157 0
vt 0.68199825 0.073893934 0
vt 0.64087963 0.42834967 0
vt 0.63374746 0.5723448 0
vt 0.86891323 0.4370554 0
vt 0.64485985 0.70681465 0
vt 0.66291326 0.43705538 0
vt 0.70175016 0.49740687 0
vt 0.73691416 0.6797896 0
vt 0.6520468 0.6012757 0
vt 0.16144396 0.89827746 0
vt 0.69171464 0.53176934 0
vt 0.69171464 0.53176934 0
vt 0.8878424 0.9202039 0
vt 0.13725734 0.8201386 0
vt 0.6105289 0.18809912 0
vt 0.7372345 0.47606534 0
vt 0.81901985 0.25110927 0
vt 0.6312463 0.3804705 0
vt 0.68912345 0.18245237 0
vt 0.6401288 0.15921755 0
vt 0.6391189 0.24318185 0
vt 0.7808199 0.6515533 0
vt 0.71569824 0.5442157 0
vt 0.6401288 0.15921755 0
vt 0.12465119 0.74070024 0
vt 0.76663566 0.74149966 0
# 5403 texture coords

usemtl WINGS
s 1
f 1688/4954/1878 2096/4953/1879 2098/4952/1880 2102/5158/1881
f 2096/4953/1879 1687/4951/1882 2097/4950/1883 2098/4952/1880
f 2098/4952/1880 2097/4950/1883 1689/2704/1884 2100/4948/1885
f 2102/5158/1881 2098/4952/1880 2100/4948/1885 1692/4947/1886
f 1692/4947/1886 2100/4948/1885 2099/4946/1887 2106/4945/1888
f 2100/4948/1885 1689/2704/1884 2103/4943/1889 2099/4946/1887
f 2099/4946/1887 2103/4943/1889 1686/4942/1890 2104/5154/1891
f 2106/4945/1888 2099/4946/1887 2104/5154/1891 1690/4941/1892
f 1684/5156/1893 2107/4938/1894 2108/5274/1895 2112/4937/1896
f 2107/4938/1894 1693/4936/1897 2109/4934/1898 2108/5274/1895
f 2108/5274/1895 2109/4934/1898 1694/5066/1899 2111/4978/1900
f 2112/4937/1896 2108/5274/1895 2111/4978/1900 1691/4933/1901
f 1693/4936/1897 2113/4932/1902 2101/4930/1903 2109/4934/1898
f 2113/4932/1902 1688/4954/1878 2102/5158/1881 2101/4930/1903
f 2101/4930/1903 2102/5158/1881 1692/4947/1886 2114/4928/1904
f 2109/4934/1898 2101/4930/1903 2114/4928/1904 1694/5066/1899
f 1691/4933/1901 2111/4978/1900 2110/4927/1905 2117/4926/1906
f 2111/4978/1900 1694/5066/1899 2115/4925/1907 2110/4927/1905
f 2110/4927/1905 2115/4925/1907 1695/4923/1908 2116/4440/1909
f 2117/4926/1906 2110/4927/1905 2116/4440/1909 1685/4922/1910
f 1694/5066/1899 2114/4928/1904 2105/4920/1911 2115/4925/1907
f 2114/4928/1904 1692/4947/1886 2106/4945/1888 2105/4920/1911
f 2105/4920/1911 2106/4945/1888 1690/4941/1892 2118/4919/1912
f 2115/4925/1907 2105/4920/1911 2118/4919/1912 1695/4923/1908
f 1700/4918/1913 2119/4917/1914 2121/3385/1915 2125/4916/1916
f 2119/4917/1914 1699/4915/1917 2120/3237/1918 2121/3385/1915
f 2121/3385/1915 2120/3237/1918 1701/4914/1919 2123/4913/1920
f 2125/4916/1916 2121/3385/1915 2123/4913/1920 1704/4912/1921
f 1704/4912/1921 2123/4913/1920 2122/4911/1922 2129/4909/1923
f 2123/4913/1920 1701/4914/1919 2126/4908/1924 2122/4911/1922
f 2122/4911/1922 2126/4908/1924 1698/4907/1925 2127/4906/1926
f 2129/4909/1923 2122/4911/1922 2127/4906/1926 1702/4904/1927
f 1696/2781/1928 2130/4902/1929 2131/4901/1930 2135/4900/1931
f 2130/4902/1929 1705/3749/1932 2132/4899/1933 2131/4901/1930
f 2131/4901/1930 2132/4899/1933 1706/4898/1934 2134/4897/1935
f 2135/4900/1931 2131/4901/1930 2134/4897/1935 1703/4894/1936
f 1705/3749/1932 2136/4893/1937 2124/5323/1938 2132/4899/1933
f 2136/4893/1937 1700/4918/1913 2125/4916/1916 2124/5323/1938
f 2124/5323/1938 2125/4916/1916 1704/4912/1921 2137/4892/1939
f 2132/4899/1933 2124/5323/1938 2137/4892/1939 1706/4898/1934
f 1703/4894/1936 2134/4897/1935 2133/4891/1940 2140/4890/1941
f 2134/4897/1935 1706/4898/1934 2138/4889/1942 2133/4891/1940
f 2133/4891/1940 2138/4889/1942 1707/4888/1943 2139/4887/1944
f 2140/4890/1941 2133/4891/1940 2139/4887/1944 1697/4885/1945
f 1706/4898/1934 2137/4892/1939 2128/4883/1946 2138/4889/1942
f 2137/4892/1939 1704/4912/1921 2129/4909/1923 2128/4883/1946
f 2128/4883/1946 2129/4909/1923 1702/4904/1927 2141/4882/1947
f 2138/4889/1942 2128/4883/1946 2141/4882/1947 1707/4888/1943
f 1719/4880/1948 2144/4878/1949 2142/4876/1950 2148/4874/1951
f 2144/4878/1949 1713/5107/1952 2145/5342/1953 2142/4876/1950
f 2142/4876/1950 2145/5342/1953 1709/4872/1954 2146/4871/1955
f 2148/4874/1951 2142/4876/1950 2146/4871/1955 1717/4869/1956
f 1712/4868/1957 2151/4865/1958 2149/4864/1959 2154/4863/1960
f 2151/4865/1958 1718/4862/1961 2152/4861/1962 2149/4864/1959
f 2149/4864/1959 2152/4861/1962 1716/4860/1963 2153/4859/1964
f 2154/4863/1960 2149/4864/1959 2153/4859/1964 1708/5013/1965
f 1716/4860/1963 2152/4861/1962 2147/4858/1966 2157/4857/1967
f 2152/4861/1962 1718/4862/1961 2156/4855/1968 2147/4858/1966
f 2147/4858/1966 2156/4855/1968 1719/4880/1948 2148/4874/1951
f 2157/4857/1967 2147/4858/1966 2148/4874/1951 1717/4869/1956
f 1710/4854/1969 2158/4853/1970 2159/4852/1971 2163/4849/1972
f 2163/4849/1972 2159/4852/1971 2162/4848/1973 1714/4847/1974
f 1720/4846/1975 2164/4845/1976 2143/4426/1977 2160/4844/1978
f 2164/4845/1976 1713/5107/1952 2144/4878/1949 2143/4426/1977
f 2143/4426/1977 2144/4878/1949 1719/4880/1948 2165/4989/1979
f 2160/4844/1978 2143/4426/1977 2165/4989/1979 1721/4843/1980
f 1715/4842/1981 2167/4856/1982 2166/4841/1983 2170/4840/1984
f 2170/4840/1984 2166/4841/1983 2169/4839/1985 1711/5227/1986
f 1722/4838/1987 2171/4837/1988 2150/3673/1989 2168/4685/1990
f 2171/4837/1988 1718/4862/1961 2151/4865/1958 2150/3673/1989
f 2150/3673/1989 2151/4865/1958 1712/4868/1957 2172/4595/1991
f 2168/4685/1990 2150/3673/1989 2172/4595/1991 1723/5292/1992
f 1714/4847/1974 2162/4848/1973 2161/4836/1993 2174/4834/1994
f 2174/4834/1994 2161/4836/1993 2167/4856/1982 1715/4842/1981
f 1721/4843/1980 2165/4989/1979 2155/4833/1995 2173/4832/1996
f 2165/4989/1979 1719/4880/1948 2156/4855/1968 2155/4833/1995
f 2155/4833/1995 2156/4855/1968 1718/4862/1961 2171/4837/1988
f 2173/4832/1996 2155/4833/1995 2171/4837/1988 1722/4838/1987
f 1735/3440/1997 2177/4038/1998 2175/4830/1999 2181/4829/2000
f 2177/4038/1998 1729/4828/2001 2178/4827/2002 2175/4830/1999
f 2175/4830/1999 2178/4827/2002 1725/5188/2003 2179/4826/2004
f 2181/4829/2000 2175/4830/1999 2179/4826/2004 1733/4825/2005
f 1728/4824/2006 2184/4823/2007 2182/4821/2008 2187/4820/2009
f 2184/4823/2007 1734/5090/2010 2185/4819/2011 2182/4821/2008
f 2182/4821/2008 2185/4819/2011 1732/4818/2012 2186/4816/2013
f 2187/4820/2009 2182/4821/2008 2186/4816/2013 1724/4815/2014
f 1732/4818/2012 2185/4819/2011 2180/4814/2015 2190/4813/2016
f 2185/4819/2011 1734/5090/2010 2189/4812/2017 2180/4814/2015
f 2180/4814/2015 2189/4812/2017 1735/3440/1997 2181/4829/2000
f 2190/4813/2016 2180/4814/2015 2181/4829/2000 1733/4825/2005
f 1726/4811/2018 2191/4810/2019 2192/4809/2020 2196/4808/2021
f 2191/4810/2019 1736/4807/2022 2193/4806/2023 2192/4809/2020
f 2192/4809/2020 2193/4806/2023 1737/4804/2024 2195/4803/2025
f 2196/4808/2021 2192/4809/2020 2195/4803/2025 1730/4802/2026
f 1736/4807/2022 2197/4801/2027 2176/3054/2028 2193/4806/2023
f 2197/4801/2027 1729/4828/2001 2177/4038/1998 2176/3054/2028
f 2176/3054/2028 2177/4038/1998 1735/3440/1997 2198/4799/2029
f 2193/4806/2023 2176/3054/2028 2198/4799/2029 1737/4804/2024
f 1731/4798/2030 2200/4797/2031 2199/4335/2032 2203/5384/2033
f 2200/4797/2031 1738/4795/2034 2201/4794/2035 2199/4335/2032
f 2199/4335/2032 2201/4794/2035 1739/5211/2036 2202/4793/2037
f 2203/5384/2033 2199/4335/2032 2202/4793/2037 1727/4227/2038
f 1738/4795/2034 2204/4791/2039 2183/4789/2040 2201/4794/2035
f 2204/4791/2039 1734/5090/2010 2184/4823/2007 2183/4789/2040
f 2183/4789/2040 2184/4823/2007 1728/4824/2006 2205/4788/2041
f 2201/4794/2035 2183/4789/2040 2205/4788/2041 1739/5211/2036
f 1730/4802/2026 2195/4803/2025 2194/4787/2042 2207/4786/2043
f 2195/4803/2025 1737/4804/2024 2206/5063/2044 2194/4787/2042
f 2194/4787/2042 2206/5063/2044 1738/4795/2034 2200/4797/2031
f 2207/4786/2043 2194/4787/2042 2200/4797/2031 1731/4798/2030
f 1737/4804/2024 2198/4799/2029 2188/5171/2045 2206/5063/2044
f 2198/4799/2029 1735/3440/1997 2189/4812/2017 2188/5171/2045
f 2188/5171/2045 2189/4812/2017 1734/5090/2010 2204/4791/2039
f 2206/5063/2044 2188/5171/2045 2204/4791/2039 1738/4795/2034
f 1751/4785/2046 2210/4784/2047 2208/4783/2048 2214/4782/2049
f 2210/4784/2047 1745/4781/2050 2211/4780/2051 2208/4783/2048
f 2208/4783/2048 2211/4780/2051 1741/4779/2052 2212/5233/2053
f 2214/4782/2049 2208/4783/2048 2212/5233/2053 1749/4778/2054
f 1744/4000/2055 2217/4777/2056 2215/4776/2057 2220/4774/2058
f 2217/4777/2056 1750/5278/2059 2218/4773/2060 2215/4776/2057
f 2215/4776/2057 2218/4773/2060 1748/5025/2061 2219/4772/2062
f 2220/4774/2058 2215/4776/2057 2219/4772/2062 1740/4771/2063
f 1748/5025/2061 2218/4773/2060 2213/4769/2064 2223/4767/2065
f 2218/4773/2060 1750/5278/2059 2222/4766/2066 2213/4769/2064
f 2213/4769/2064 2222/4766/2066 1751/4785/2046 2214/4782/2049
f 2223/4767/2065 2213/4769/2064 2214/4782/2049 1749/4778/2054
f 1742/4765/2067 2224/4331/2068 2225/4764/2069 2229/4763/2070
f 2224/4331/2068 1752/4762/2071 2226/4761/2072 2225/4764/2069
f 2225/4764/2069 2226/4761/2072 1753/3028/2073 2228/4759/2074
f 2229/4763/2070 2225/4764/2069 2228/4759/2074 1746/4758/2075
f 1752/4762/2071 2230/5336/2076 2209/4972/2077 2226/4761/2072
f 2230/5336/2076 1745/4781/2050 2210/4784/2047 2209/4972/2077
f 2209/4972/2077 2210/4784/2047 1751/4785/2046 2231/5239/2078
f 2226/4761/2072 2209/4972/2077 2231/5239/2078 1753/3028/2073
f 1747/4757/2079 2233/4756/2080 2232/4755/2081 2236/4753/2082
f 2233/4756/2080 1754/4752/2083 2234/4751/2084 2232/4755/2081
f 2232/4755/2081 2234/4751/2084 1755/4750/2085 2235/3062/2086
f 2236/4753/2082 2232/4755/2081 2235/3062/2086 1743/4749/2087
f 1754/4752/2083 2237/4905/2088 2216/4748/2089 2234/4751/2084
f 2237/4905/2088 1750/5278/2059 2217/4777/2056 2216/4748/2089
f 2216/4748/2089 2217/4777/2056 1744/4000/2055 2238/4747/2090
f 2234/4751/2084 2216/4748/2089 2238/4747/2090 1755/4750/2085
f 1746/4758/2075 2228/4759/2074 2227/5173/2091 2240/4746/2092
f 2228/4759/2074 1753/3028/2073 2239/4743/2093 2227/5173/2091
f 2227/5173/2091 2239/4743/2093 1754/4752/2083 2233/4756/2080
f 2240/4746/2092 2227/5173/2091 2233/4756/2080 1747/4757/2079
f 1753/3028/2073 2231/5239/2078 2221/5219/2094 2239/4743/2093
f 2231/5239/2078 1751/4785/2046 2222/4766/2066 2221/5219/2094
f 2221/5219/2094 2222/4766/2066 1750/5278/2059 2237/4905/2088
f 2221/5219/2094 2237/4905/2088 1754/4752/2083 2239/4743/2093
f 1767/4740/2095 2243/4739/2096 2241/4738/2097 2247/4737/2098
f 2243/4739/2096 1761/5330/2099 2244/4735/2100 2241/4738/2097
f 2241/4738/2097 2244/4735/2100 1757/4733/2101 2245/4732/2102
f 2247/4737/2098 2241/4738/2097 2245/4732/2102 1765/4731/2103
f 1760/4730/2104 2250/3688/2105 2248/4728/2106 2253/4727/2107
f 2250/3688/2105 1766/4725/2108 2251/4724/2109 2248/4728/2106
f 2248/4728/2106 2251/4724/2109 1764/4723/2110 2252/4722/2111
f 2253/4727/2107 2248/4728/2106 2252/4722/2111 1756/4870/2112
f 1764/4723/2110 2251/4724/2109 2246/4721/2113 2256/4720/2114
f 2251/4724/2109 1766/4725/2108 2255/4719/2115 2246/4721/2113
f 2246/4721/2113 2255/4719/2115 1767/4740/2095 2247/4737/2098
f 2256/4720/2114 2246/4721/2113 2247/4737/2098 1765/4731/2103
f 1758/4717/2116 2257/4716/2117 2258/5120/2118 2262/4715/2119
f 2257/4716/2117 1768/4714/2120 2259/4713/2121 2258/5120/2118
f 2258/5120/2118 2259/4713/2121 1769/4712/2122 2261/4711/2123
f 2262/4715/2119 2258/5120/2118 2261/4711/2123 1762/4709/2124
f 1768/4714/2120 2263/4708/2125 2242/4707/2126 2259/4713/2121
f 2263/4708/2125 1761/5330/2099 2243/4739/2096 2242/4707/2126
f 2242/4707/2126 2243/4739/2096 1767/4740/2095 2264/4706/2127
f 2259/4713/2121 2242/4707/2126 2264/4706/2127 1769/4712/2122
f 1763/4704/2128 2266/4703/2129 2265/4702/2130 2269/4700/2131
f 2266/4703/2129 1770/4698/2132 2267/4697/2133 2265/4702/2130
f 2265/4702/2130 2267/4697/2133 1771/4695/2134 2268/4694/2135
f 2269/4700/2131 2265/4702/2130 2268/4694/2135 1759/5228/2136
f 1770/4698/2132 2270/4692/2137 2249/4149/2138 2267/4697/2133
f 2270/4692/2137 1766/4725/2108 2250/3688/2105 2249/4149/2138
f 2249/4149/2138 2250/3688/2105 1760/4730/2104 2271/4691/2139
f 2267/4697/2133 2249/4149/2138 2271/4691/2139 1771/4695/2134
f 1762/4709/2124 2261/4711/2123 2260/4688/2140 2273/4687/2141
f 2261/4711/2123 1769/4712/2122 2272/4684/2142 2260/4688/2140
f 2260/4688/2140 2272/4684/2142 1770/4698/2132 2266/4703/2129
f 2273/4687/2141 2260/4688/2140 2266/4703/2129 1763/4704/2128
f 1769/4712/2122 2264/4706/2127 2254/4682/2143 2272/4684/2142
f 2264/4706/2127 1767/4740/2095 2255/4719/2115 2254/4682/2143
f 2254/4682/2143 2255/4719/2115 1766/4725/2108 2270/4692/2137
f 2272/4684/2142 2254/4682/2143 2270/4692/2137 1770/4698/2132
f 1783/4681/2144 2276/4680/2145 2274/4679/2146 2280/3785/2147
f 2276/4680/2145 1777/4677/2148 2277/4676/2149 2274/4679/2146
f 2274/4679/2146 2277/4676/2149 1773/4401/2150 2278/4673/2151
f 2280/3785/2147 2274/4679/2146 2278/4673/2151 1781/4672/2152
f 1776/4670/2153 2283/4669/2154 2281/3493/2155 2286/5186/2156
f 2283/4669/2154 1782/5189/2157 2284/4668/2158 2281/3493/2155
f 2281/3493/2155 2284/4668/2158 1780/4667/2159 2285/5161/2160
f 2286/5186/2156 2281/3493/2155 2285/5161/2160 1772/5262/2161
f 1780/4667/2159 2284/4668/2158 2279/4666/2162 2289/4665/2163
f 2284/4668/2158 1782/5189/2157 2288/4663/2164 2279/4666/2162
f 2279/4666/2162 2288/4663/2164 1783/4681/2144 2280/3785/2147
f 2289/4665/2163 2279/4666/2162 2280/3785/2147 1781/4672/2152
f 1774/4661/2165 2290/2724/2166 2291/4660/2167 2295/4658/2168
f 2290/2724/2166 1784/4657/2169 2292/5127/2170 2291/4660/2167
f 2291/4660/2167 2292/5127/2170 1785/4656/2171 2294/3963/2172
f 2295/4658/2168 2291/4660/2167 2294/3963/2172 1778/4654/2173
f 1784/4657/2169 2296/4653/2174 2275/4652/2175 2292/5127/2170
f 2296/4653/2174 1777/4677/2148 2276/4680/2145 2275/4652/2175
f 2275/4652/2175 2276/4680/2145 1783/4681/2144 2297/4651/2176
f 2292/5127/2170 2275/4652/2175 2297/4651/2176 1785/4656/2171
f 1779/4650/2177 2299/4649/2178 2298/4647/2179 2302/4646/2180
f 2299/4649/2178 1786/4645/2181 2300/4644/2182 2298/4647/2179
f 2298/4647/2179 2300/4644/2182 1787/4643/2183 2301/5117/2184
f 2302/4646/2180 2298/4647/2179 2301/5117/2184 1775/4642/2185
f 1786/4645/2181 2303/4641/2186 2282/4639/2187 2300/4644/2182
f 2303/4641/2186 1782/5189/2157 2283/4669/2154 2282/4639/2187
f 2282/4639/2187 2283/4669/2154 1776/4670/2153 2304/4637/2188
f 2300/4644/2182 2282/4639/2187 2304/4637/2188 1787/4643/2183
f 1778/4654/2173 2294/3963/2172 2293/4636/2189 2306/4634/2190
f 2294/3963/2172 1785/4656/2171 2305/5225/2191 2293/4636/2189
f 2293/4636/2189 2305/5225/2191 1786/4645/2181 2299/4649/2178
f 2306/4634/2190 2293/4636/2189 2299/4649/2178 1779/4650/2177
f 2297/4651/2176 2287/5049/2192 2305/5225/2191 1785/4656/2171
f 2297/4651/2176 1783/4681/2144 2288/4663/2164 2287/5049/2192
f 2287/5049/2192 2288/4663/2164 1782/5189/2157 2303/4641/2186
f 2305/5225/2191 2287/5049/2192 2303/4641/2186 1786/4645/2181
f 1799/4633/2193 2309/4632/2194 2307/4630/2195 2313/4629/2196
f 2309/4632/2194 1793/4628/2197 2310/5310/2198 2307/4630/2195
f 2307/4630/2195 2310/5310/2198 1789/5035/2199 2311/4627/2200
f 2313/4629/2196 2307/4630/2195 2311/4627/2200 1797/4626/2201
f 1792/3573/2202 2316/4625/2203 2314/5339/2204 2319/4623/2205
f 2316/4625/2203 1798/4622/2206 2317/4621/2207 2314/5339/2204
f 2314/5339/2204 2317/4621/2207 1796/3082/2208 2318/4619/2209
f 2319/4623/2205 2314/5339/2204 2318/4619/2209 1788/4618/2210
f 1796/3082/2208 2317/4621/2207 2312/4061/2211 2322/4617/2212
f 2317/4621/2207 1798/4622/2206 2321/4616/2213 2312/4061/2211
f 2312/4061/2211 2321/4616/2213 1799/4633/2193 2313/4629/2196
f 2322/4617/2212 2312/4061/2211 2313/4629/2196 1797/4626/2201
f 1790/3559/2214 2323/4614/2215 2324/4613/2216 2328/4982/2217
f 2323/4614/2215 1800/4611/2218 2325/5145/2219 2324/4613/2216
f 2324/4613/2216 2325/5145/2219 1801/4610/2220 2327/4609/2221
f 2328/4982/2217 2324/4613/2216 2327/4609/2221 1794/4608/2222
f 1800/4611/2218 2329/4607/2223 2308/4606/2224 2325/5145/2219
f 2329/4607/2223 1793/4628/2197 2309/4632/2194 2308/4606/2224
f 2308/4606/2224 2309/4632/2194 1799/4633/2193 2330/4603/2225
f 2325/5145/2219 2308/4606/2224 2330/4603/2225 1801/4610/2220
f 1795/4602/2226 2332/4600/2227 2331/4065/2228 2335/4598/2229
f 2332/4600/2227 1802/4597/2230 2333/4596/2231 2331/4065/2228
f 2331/4065/2228 2333/4596/2231 1803/4593/2232 2334/4592/2233
f 2335/4598/2229 2331/4065/2228 2334/4592/2233 1791/4589/2234
f 1802/4597/2230 2336/4588/2235 2315/4587/2236 2333/4596/2231
f 2336/4588/2235 1798/4622/2206 2316/4625/2203 2315/4587/2236
f 2315/4587/2236 2316/4625/2203 1792/3573/2202 2337/4586/2237
f 2333/4596/2231 2315/4587/2236 2337/4586/2237 1803/4593/2232
f 1794/4608/2222 2327/4609/2221 2326/5215/2238 2339/4585/2239
f 2327/4609/2221 1801/4610/2220 2338/4817/2240 2326/5215/2238
f 2326/5215/2238 2338/4817/2240 1802/4597/2230 2332/4600/2227
f 2339/4585/2239 2326/5215/2238 2332/4600/2227 1795/4602/2226
f 1801/4610/2220 2330/4603/2225 2320/5247/2241 2338/4817/2240
f 2330/4603/2225 1799/4633/2193 2321/4616/2213 2320/5247/2241
f 2320/5247/2241 2321/4616/2213 1798/4622/2206 2336/4588/2235
f 2338/4817/2240 2320/5247/2241 2336/4588/2235 1802/4597/2230
f 1815/4584/2242 2342/4583/2243 2340/4582/2244 2346/3737/2245
f 2342/4583/2243 1809/4581/2246 2343/4579/2247 2340/4582/2244
f 2340/4582/2244 2343/4579/2247 1805/4578/2248 2344/4577/2249
f 2346/3737/2245 2340/4582/2244 2344/4577/2249 1813/4576/2250
f 1808/4272/2251 2349/3902/2252 2347/4575/2253 2352/4573/2254
f 2349/3902/2252 1814/4572/2255 2350/4570/2256 2347/4575/2253
f 2347/4575/2253 2350/4570/2256 1812/4569/2257 2351/4568/2258
f 2352/4573/2254 2347/4575/2253 2351/4568/2258 1804/4567/2259
f 1812/4569/2257 2350/4570/2256 2345/4566/2260 2355/4565/2261
f 2350/4570/2256 1814/4572/2255 2354/4563/2262 2345/4566/2260
f 2345/4566/2260 2354/4563/2262 1815/4584/2242 2346/3737/2245
f 2355/4565/2261 2345/4566/2260 2346/3737/2245 1813/4576/2250
f 1806/4561/2263 2356/4560/2264 2357/4559/2265 2361/5143/2266
f 2356/4560/2264 1816/4558/2267 2358/4557/2268 2357/4559/2265
f 2357/4559/2265 2358/4557/2268 1817/4556/2269 2360/4555/2270
f 2361/5143/2266 2357/4559/2265 2360/4555/2270 1810/5074/2271
f 1816/4558/2267 2362/4553/2272 2341/4551/2273 2358/4557/2268
f 2362/4553/2272 1809/4581/2246 2342/4583/2243 2341/4551/2273
f 2341/4551/2273 2342/4583/2243 1815/4584/2242 2363/4550/2274
f 2358/4557/2268 2341/4551/2273 2363/4550/2274 1817/4556/2269
f 1811/4548/2275 2365/4547/2276 2364/4054/2277 2368/4545/2278
f 2365/4547/2276 1818/4543/2279 2366/4541/2280 2364/4054/2277
f 2364/4054/2277 2366/4541/2280 1819/4540/2281 2367/4539/2282
f 2368/4545/2278 2364/4054/2277 2367/4539/2282 1807/4538/2283
f 1818/4543/2279 2369/4537/2284 2348/4659/2285 2366/4541/2280
f 2369/4537/2284 1814/4572/2255 2349/3902/2252 2348/4659/2285
f 2348/4659/2285 2349/3902/2252 1808/4272/2251 2370/4535/2286
f 2366/4541/2280 2348/4659/2285 2370/4535/2286 1819/4540/2281
f 1810/5074/2271 2360/4555/2270 2359/4986/2287 2372/4112/2288
f 2360/4555/2270 1817/4556/2269 2371/4534/2289 2359/4986/2287
f 2359/4986/2287 2371/4534/2289 1818/4543/2279 2365/4547/2276
f 2372/4112/2288 2359/4986/2287 2365/4547/2276 1811/4548/2275
f 1817/4556/2269 2363/4550/2274 2353/5148/2290 2371/4534/2289
f 2363/4550/2274 1815/4584/2242 2354/4563/2262 2353/5148/2290
f 2353/5148/2290 2354/4563/2262 1814/4572/2255 2369/4537/2284
f 2371/4534/2289 2353/5148/2290 2369/4537/2284 1818/4543/2279
f 1831/4532/2291 2375/4531/2292 2373/4529/2293 2379/5397/2294
f 2375/4531/2292 1825/4549/2295 2376/4528/2296 2373/4529/2293
f 2373/4529/2293 2376/4528/2296 1821/4526/2297 2377/4524/2298
f 2379/5397/2294 2373/4529/2293 2377/4524/2298 1829/4523/2299
f 1824/4519/2300 2382/4518/2301 2380/5396/2302 2385/4516/2303
f 2382/4518/2301 1830/3079/2304 2383/4515/2305 2380/5396/2302
f 2380/5396/2302 2383/4515/2305 1828/4520/2306 2384/4514/2307
f 2385/4516/2303 2380/5396/2302 2384/4514/2307 1820/5317/2308
f 1828/4520/2306 2383/4515/2305 2378/4513/2309 2388/4512/2310
f 2383/4515/2305 1830/3079/2304 2387/4511/2311 2378/4513/2309
f 2378/4513/2309 2387/4511/2311 1831/4532/2291 2379/5397/2294
f 2378/4513/2309 2379/5397/2294 1829/4523/2299 2388/4512/2310
f 1822/4510/2312 2389/4509/2313 2390/4508/2314 2394/4507/2315
f 2389/4509/2313 1832/5069/2316 2391/4506/2317 2390/4508/2314
f 2390/4508/2314 2391/4506/2317 1833/4505/2318 2393/4503/2319
f 2394/4507/2315 2390/4508/2314 2393/4503/2319 1826/5075/2320
f 1832/5069/2316 2395/3712/2321 2374/4501/2322 2391/4506/2317
f 2395/3712/2321 1825/4549/2295 2375/4531/2292 2374/4501/2322
f 2374/4501/2322 2375/4531/2292 1831/4532/2291 2396/4500/2323
f 2391/4506/2317 2374/4501/2322 2396/4500/2323 1833/4505/2318
f 1827/5140/2324 2398/5221/2325 2397/4499/2326 2401/4498/2327
f 2398/5221/2325 1834/4497/2328 2399/4496/2329 2397/4499/2326
f 2397/4499/2326 2399/4496/2329 1835/4495/2330 2400/4494/2331
f 2401/4498/2327 2397/4499/2326 2400/4494/2331 1823/4493/2332
f 1834/4497/2328 2402/4491/2333 2381/4490/2334 2399/4496/2329
f 2402/4491/2333 1830/3079/2304 2382/4518/2301 2381/4490/2334
f 2381/4490/2334 2382/4518/2301 1824/4519/2300 2403/4489/2335
f 2399/4496/2329 2381/4490/2334 2403/4489/2335 1835/4495/2330
f 1826/5075/2320 2393/4503/2319 2392/4488/2336 2405/4487/2337
f 2393/4503/2319 1833/4505/2318 2404/4485/2338 2392/4488/2336
f 2392/4488/2336 2404/4485/2338 1834/4497/2328 2398/5221/2325
f 2405/4487/2337 2392/4488/2336 2398/5221/2325 1827/5140/2324
f 1833/4505/2318 2396/4500/2323 2386/4484/2339 2404/4485/2338
f 2396/4500/2323 1831/4532/2291 2387/4511/2311 2386/4484/2339
f 2386/4484/2339 2387/4511/2311 1830/3079/2304 2402/4491/2333
f 2404/4485/2338 2386/4484/2339 2402/4491/2333 1834/4497/2328
f 1847/4482/2340 2408/4480/2341 2406/4479/2342 2412/4478/2343
f 2408/4480/2341 1841/4477/2344 2409/4476/2345 2406/4479/2342
f 2406/4479/2342 2409/4476/2345 1837/4475/2346 2410/4473/2347
f 2412/4478/2343 2406/4479/2342 2410/4473/2347 1845/4472/2348
f 1840/4471/2349 2415/4469/2350 2413/4468/2351 2418/5230/2352
f 2415/4469/2350 1846/4467/2353 2416/3860/2354 2413/4468/2351
f 2413/4468/2351 2416/3860/2354 1844/2812/2355 2417/4464/2356
f 2418/5230/2352 2413/4468/2351 2417/4464/2356 1836/4463/2357
f 1844/2812/2355 2416/3860/2354 2411/4675/2358 2421/4462/2359
f 2416/3860/2354 1846/4467/2353 2420/3638/2360 2411/4675/2358
f 2411/4675/2358 2420/3638/2360 1847/4482/2340 2412/4478/2343
f 2411/4675/2358 2412/4478/2343 1845/4472/2348 2421/4462/2359
f 1838/4460/2361 2422/4458/2362 2423/2716/2363 2427/4457/2364
f 2422/4458/2362 1848/4456/2365 2424/4455/2366 2423/2716/2363
f 2423/2716/2363 2424/4455/2366 1849/4454/2367 2426/4453/2368
f 2427/4457/2364 2423/2716/2363 2426/4453/2368 1842/4452/2369
f 1848/4456/2365 2428/4450/2370 2407/4448/2371 2424/4455/2366
f 2428/4450/2370 1841/4477/2344 2408/4480/2341 2407/4448/2371
f 2407/4448/2371 2408/4480/2341 1847/4482/2340 2429/4447/2372
f 2424/4455/2366 2407/4448/2371 2429/4447/2372 1849/4454/2367
f 1843/3470/2373 2431/4446/2374 2430/4445/2375 2434/4444/2376
f 2431/4446/2374 1850/4442/2377 2432/4441/2378 2430/4445/2375
f 2430/4445/2375 2432/4441/2378 1851/4439/2379 2433/5269/2380
f 2434/4444/2376 2430/4445/2375 2433/5269/2380 1839/4664/2381
f 1850/4442/2377 2435/4437/2382 2414/4436/2383 2432/4441/2378
f 2435/4437/2382 1846/4467/2353 2415/4469/2350 2414/4436/2383
f 2414/4436/2383 2415/4469/2350 1840/4471/2349 2436/4435/2384
f 2432/4441/2378 2414/4436/2383 2436/4435/2384 1851/4439/2379
f 1842/4452/2369 2426/4453/2368 2425/4433/2385 2438/4432/2386
f 2426/4453/2368 1849/4454/2367 2437/4430/2387 2425/4433/2385
f 2425/4433/2385 2437/4430/2387 1850/4442/2377 2431/4446/2374
f 2438/4432/2386 2425/4433/2385 2431/4446/2374 1843/3470/2373
f 1849/4454/2367 2429/4447/2372 2419/4429/2388 2437/4430/2387
f 2429/4447/2372 1847/4482/2340 2420/3638/2360 2419/4429/2388
f 2419/4429/2388 2420/3638/2360 1846/4467/2353 2435/4437/2382
f 2437/4430/2387 2419/4429/2388 2435/4437/2382 1850/4442/2377
f 1863/4264/2389 2441/5340/2390 2439/4428/2391 2445/4427/2392
f 2441/5340/2390 1857/4425/2393 2442/4423/2394 2439/4428/2391
f 2439/4428/2391 2442/4423/2394 1853/4422/2395 2443/4421/2396
f 2445/4427/2392 2439/4428/2391 2443/4421/2396 1861/4420/2397
f 1856/4419/2398 2448/4417/2399 2446/4416/2400 2451/4415/2401
f 2448/4417/2399 1862/4412/2402 2449/4742/2403 2446/4416/2400
f 2446/4416/2400 2449/4742/2403 1860/4411/2404 2450/5354/2405
f 2451/4415/2401 2446/4416/2400 2450/5354/2405 1852/4410/2406
f 1860/4411/2404 2449/4742/2403 2444/4409/2407 2454/4407/2408
f 2449/4742/2403 1862/4412/2402 2453/4406/2409 2444/4409/2407
f 2444/4409/2407 2453/4406/2409 1863/4264/2389 2445/4427/2392
f 2454/4407/2408 2444/4409/2407 2445/4427/2392 1861/4420/2397
f 1854/4405/2410 2455/4403/2411 2456/4402/2412 2460/4400/2413
f 2455/4403/2411 1864/4399/2414 2457/4397/2415 2456/4402/2412
f 2456/4402/2412 2457/4397/2415 1865/4396/2416 2459/4395/2417
f 2460/4400/2413 2456/4402/2412 2459/4395/2417 1858/2689/2418
f 1864/4399/2414 2461/4393/2419 2440/4392/2420 2457/4397/2415
f 2461/4393/2419 1857/4425/2393 2441/5340/2390 2440/4392/2420
f 2440/4392/2420 2441/5340/2390 1863/4264/2389 2462/4391/2421
f 2457/4397/2415 2440/4392/2420 2462/4391/2421 1865/4396/2416
f 1859/4390/2422 2464/4389/2423 2463/5289/2424 2467/4388/2425
f 2464/4389/2423 1866/5362/2426 2465/4386/2427 2463/5289/2424
f 2463/5289/2424 2465/4386/2427 1867/4385/2428 2466/4966/2429
f 2467/4388/2425 2463/5289/2424 2466/4966/2429 1855/5305/2430
f 1866/5362/2426 2468/4873/2431 2447/4384/2432 2465/4386/2427
f 2468/4873/2431 1862/4412/2402 2448/4417/2399 2447/4384/2432
f 2447/4384/2432 2448/4417/2399 1856/4419/2398 2469/4383/2433
f 2465/4386/2427 2447/4384/2432 2469/4383/2433 1867/4385/2428
f 1858/2689/2418 2459/4395/2417 2458/5183/2434 2471/4382/2435
f 2459/4395/2417 1865/4396/2416 2470/5108/2436 2458/5183/2434
f 2458/5183/2434 2470/5108/2436 1866/5362/2426 2464/4389/2423
f 2471/4382/2435 2458/5183/2434 2464/4389/2423 1859/4390/2422
f 1865/4396/2416 2462/4391/2421 2452/4104/2437 2470/5108/2436
f 2462/4391/2421 1863/4264/2389 2453/4406/2409 2452/4104/2437
f 2452/4104/2437 2453/4406/2409 1862/4412/2402 2468/4873/2431
f 2470/5108/2436 2452/4104/2437 2468/4873/2431 1866/5362/2426
f 1879/4380/2438 2474/4379/2439 2472/4377/2440 2478/4375/2441
f 2474/4379/2439 1873/4374/2442 2475/4373/2443 2472/4377/2440
f 2472/4377/2440 2475/4373/2443 1869/4372/2444 2476/5142/2445
f 2478/4375/2441 2472/4377/2440 2476/5142/2445 1877/4370/2446
f 1872/4369/2447 2481/4368/2448 2479/4367/2449 2484/5079/2450
f 2481/4368/2448 1878/4366/2451 2482/4365/2452 2479/4367/2449
f 2479/4367/2449 2482/4365/2452 1876/4364/2453 2483/4363/2454
f 2484/5079/2450 2479/4367/2449 2483/4363/2454 1868/4362/2455
f 1876/4364/2453 2482/4365/2452 2477/4594/2456 2487/4360/2457
f 2482/4365/2452 1878/4366/2451 2486/4443/2458 2477/4594/2456
f 2477/4594/2456 2486/4443/2458 1879/4380/2438 2478/4375/2441
f 2487/4360/2457 2477/4594/2456 2478/4375/2441 1877/4370/2446
f 1870/5034/2459 2488/4359/2460 2489/4357/2461 2493/4356/2462
f 2488/4359/2460 1880/4355/2463 2490/4354/2464 2489/4357/2461
f 2489/4357/2461 2490/4354/2464 1881/4353/2465 2492/4352/2466
f 2493/4356/2462 2489/4357/2461 2492/4352/2466 1874/4351/2467
f 1880/4355/2463 2494/4350/2468 2473/4348/2469 2490/4354/2464
f 2494/4350/2468 1873/4374/2442 2474/4379/2439 2473/4348/2469
f 2473/4348/2469 2474/4379/2439 1879/4380/2438 2495/4346/2470
f 2490/4354/2464 2473/4348/2469 2495/4346/2470 1881/4353/2465
f 1875/4344/2471 2497/4188/2472 2496/4343/2473 2500/4342/2474
f 2497/4188/2472 1882/4341/2475 2498/4336/2476 2496/4343/2473
f 2496/4343/2473 2498/4336/2476 1883/4333/2477 2499/4332/2478
f 2500/4342/2474 2496/4343/2473 2499/4332/2478 1871/4330/2479
f 1882/4341/2475 2501/4329/2480 2480/4327/2481 2498/4336/2476
f 2501/4329/2480 1878/4366/2451 2481/4368/2448 2480/4327/2481
f 2480/4327/2481 2481/4368/2448 1872/4369/2447 2502/4564/2482
f 2498/4336/2476 2480/4327/2481 2502/4564/2482 1883/4333/2477
f 1874/4351/2467 2492/4352/2466 2491/2975/2483 2504/4323/2484
f 2492/4352/2466 1881/4353/2465 2503/5005/2485 2491/2975/2483
f 2491/2975/2483 2503/5005/2485 1882/4341/2475 2497/4188/2472
f 2504/4323/2484 2491/2975/2483 2497/4188/2472 1875/4344/2471
f 1881/4353/2465 2495/4346/2470 2485/4322/2486 2503/5005/2485
f 2495/4346/2470 1879/4380/2438 2486/4443/2458 2485/4322/2486
f 2485/4322/2486 2486/4443/2458 1878/4366/2451 2501/4329/2480
f 2503/5005/2485 2485/4322/2486 2501/4329/2480 1882/4341/2475
f 1895/4321/2487 2507/4320/2488 2505/4319/2489 2511/5118/2490
f 2507/4320/2488 1889/4318/2491 2508/4317/2492 2505/4319/2489
f 2505/4319/2489 2508/4317/2492 1885/4316/2493 2509/4315/2494
f 2511/5118/2490 2505/4319/2489 2509/4315/2494 1893/4314/2495
f 1888/4312/2496 2514/4311/2497 2512/4310/2498 2517/3887/2499
f 2514/4311/2497 1894/2958/2500 2515/4309/2501 2512/4310/2498
f 2512/4310/2498 2515/4309/2501 1892/4307/2502 2516/4306/2503
f 2517/3887/2499 2512/4310/2498 2516/4306/2503 1884/5313/2504
f 2515/4309/2501 2510/4305/2505 2520/4304/2506 1892/4307/2502
f 2515/4309/2501 1894/2958/2500 2519/4303/2507 2510/4305/2505
f 2510/4305/2505 2519/4303/2507 1895/4321/2487 2511/5118/2490
f 2520/4304/2506 2510/4305/2505 2511/5118/2490 1893/4314/2495
f 1886/4301/2508 2521/4300/2509 2522/4298/2510 2526/4296/2511
f 2521/4300/2509 1896/4295/2512 2523/4294/2513 2522/4298/2510
f 2522/4298/2510 2523/4294/2513 1897/4292/2514 2525/4291/2515
f 2526/4296/2511 2522/4298/2510 2525/4291/2515 1890/4289/2516
f 1896/4295/2512 2527/4288/2517 2506/4287/2518 2523/4294/2513
f 2527/4288/2517 1889/4318/2491 2507/4320/2488 2506/4287/2518
f 2506/4287/2518 2507/4320/2488 1895/4321/2487 2528/5043/2519
f 2523/4294/2513 2506/4287/2518 2528/5043/2519 1897/4292/2514
f 1891/4286/2520 2530/4434/2521 2529/4284/2522 2533/4283/2523
f 2530/4434/2521 1898/4282/2524 2531/4281/2525 2529/4284/2522
f 2529/4284/2522 2531/4281/2525 1899/4280/2526 2532/5374/2527
f 2533/4283/2523 2529/4284/2522 2532/5374/2527 1887/4279/2528
f 1898/4282/2524 2534/4277/2529 2513/4276/2530 2531/4281/2525
f 2534/4277/2529 1894/2958/2500 2514/4311/2497 2513/4276/2530
f 2513/4276/2530 2514/4311/2497 1888/4312/2496 2535/4275/2531
f 2531/4281/2525 2513/4276/2530 2535/4275/2531 1899/4280/2526
f 1890/4289/2516 2525/4291/2515 2524/4274/2532 2537/5131/2533
f 2525/4291/2515 1897/4292/2514 2536/4273/2534 2524/4274/2532
f 2524/4274/2532 2536/4273/2534 1898/4282/2524 2530/4434/2521
f 2537/5131/2533 2524/4274/2532 2530/4434/2521 1891/4286/2520
f 1897/4292/2514 2528/5043/2519 2518/5134/2535 2536/4273/2534
f 2528/5043/2519 1895/4321/2487 2519/4303/2507 2518/5134/2535
f 2518/5134/2535 2519/4303/2507 1894/2958/2500 2534/4277/2529
f 2536/4273/2534 2518/5134/2535 2534/4277/2529 1898/4282/2524
f 1911/4270/2536 2540/4269/2537 2538/4268/2538 2544/4313/2539
f 2540/4269/2537 1905/4267/2540 2541/4266/2541 2538/4268/2538
f 2538/4268/2538 2541/4266/2541 1901/4265/2542 2542/4263/2543
f 2544/4313/2539 2538/4268/2538 2542/4263/2543 1909/4262/2544
f 1904/4261/2545 2547/4260/2546 2545/4257/2547 2550/4256/2548
f 2547/4260/2546 1910/4255/2549 2548/4254/2550 2545/4257/2547
f 2545/4257/2547 2548/4254/2550 1908/4252/2551 2549/4251/2552
f 2550/4256/2548 2545/4257/2547 2549/4251/2552 1900/4250/2553
f 2548/4254/2550 2543/4249/2554 2553/4248/2555 1908/4252/2551
f 2548/4254/2550 1910/4255/2549 2552/4246/2556 2543/4249/2554
f 2543/4249/2554 2552/4246/2556 1911/4270/2536 2544/4313/2539
f 2553/4248/2555 2543/4249/2554 2544/4313/2539 1909/4262/2544
f 1902/4244/2557 2554/4243/2558 2555/4242/2559 2559/4258/2560
f 2554/4243/2558 1912/4241/2561 2556/4240/2562 2555/4242/2559
f 2555/4242/2559 2556/4240/2562 1913/5179/2563 2558/4239/2564
f 2559/4258/2560 2555/4242/2559 2558/4239/2564 1906/4238/2565
f 1912/4241/2561 2560/4237/2566 2539/4236/2567 2556/4240/2562
f 2560/4237/2566 1905/4267/2540 2540/4269/2537 2539/4236/2567
f 2539/4236/2567 2540/4269/2537 1911/4270/2536 2561/4235/2568
f 2556/4240/2562 2539/4236/2567 2561/4235/2568 1913/5179/2563
f 1907/4234/2569 2563/4233/2570 2562/4232/2571 2566/4230/2572
f 2563/4233/2570 1914/4229/2573 2564/4228/2574 2562/4232/2571
f 2562/4232/2571 2564/4228/2574 1915/4226/2575 2565/4225/2576
f 2566/4230/2572 2562/4232/2571 2565/4225/2576 1903/4224/2577
f 1914/4229/2573 2567/4222/2578 2546/4221/2579 2564/4228/2574
f 2567/4222/2578 1910/4255/2549 2547/4260/2546 2546/4221/2579
f 2546/4221/2579 2547/4260/2546 1904/4261/2545 2568/3699/2580
f 2564/4228/2574 2546/4221/2579 2568/3699/2580 1915/4226/2575
f 1906/4238/2565 2558/4239/2564 2557/4219/2581 2570/4662/2582
f 2558/4239/2564 1913/5179/2563 2569/4217/2583 2557/4219/2581
f 2557/4219/2581 2569/4217/2583 1914/4229/2573 2563/4233/2570
f 2570/4662/2582 2557/4219/2581 2563/4233/2570 1907/4234/2569
f 1913/5179/2563 2561/4235/2568 2551/4896/2584 2569/4217/2583
f 2561/4235/2568 1911/4270/2536 2552/4246/2556 2551/4896/2584
f 2551/4896/2584 2552/4246/2556 1910/4255/2549 2567/4222/2578
f 2569/4217/2583 2551/4896/2584 2567/4222/2578 1914/4229/2573
f 1927/4216/2585 2573/4215/2586 2571/4671/2587 2577/5371/2588
f 2573/4215/2586 1925/4214/2589 2574/4213/2590 2571/4671/2587
f 2571/4671/2587 2574/4213/2590 1917/4212/2591 2575/4884/2592
f 2577/5371/2588 2571/4671/2587 2575/4884/2592 1921/4211/2593
f 1920/4210/2594 2578/4209/2595 2580/4208/2596 2583/4554/2597
f 2578/4209/2595 1916/4207/2598 2579/4206/2599 2580/4208/2596
f 2580/4208/2596 2579/4206/2599 1924/4205/2600 2581/4204/2601
f 2583/4554/2597 2580/4208/2596 2581/4204/2601 1926/4203/2602
f 1924/4205/2600 2584/5182/2603 2572/4202/2604 2581/4204/2601
f 2584/5182/2603 1925/4214/2589 2573/4215/2586 2572/4202/2604
f 2572/4202/2604 2573/4215/2586 1927/4216/2585 2586/4201/2605
f 2581/4204/2601 2572/4202/2604 2586/4201/2605 1926/4203/2602
f 1918/4200/2606 2587/4199/2607 2588/4198/2608 2592/4196/2609
f 2587/4199/2607 1922/4195/2610 2590/4193/2611 2588/4198/2608
f 2588/4198/2608 2590/4193/2611 1929/4191/2612 2591/4220/2613
f 2592/4196/2609 2588/4198/2608 2591/4220/2613 1928/4190/2614
f 1928/4190/2614 2591/4220/2613 2576/5204/2615 2594/4189/2616
f 2591/4220/2613 1929/4191/2612 2593/4187/2617 2576/5204/2615
f 2576/5204/2615 2593/4187/2617 1927/4216/2585 2577/5371/2588
f 2594/4189/2616 2576/5204/2615 2577/5371/2588 1921/4211/2593
f 1923/4186/2618 2595/5086/2619 2597/4184/2620 2599/5129/2621
f 2595/5086/2619 1919/4183/2622 2596/4181/2623 2597/4184/2620
f 2597/4184/2620 2596/4181/2623 1931/4180/2624 2598/4179/2625
f 2599/5129/2621 2597/4184/2620 2598/4179/2625 1930/4178/2626
f 1930/4178/2626 2598/4179/2625 2582/4177/2627 2601/4175/2628
f 2598/4179/2625 1931/4180/2624 2600/4174/2629 2582/4177/2627
f 2582/4177/2627 2600/4174/2629 1920/4210/2594 2583/4554/2597
f 2601/4175/2628 2582/4177/2627 2583/4554/2597 1926/4203/2602
f 1922/4195/2610 2602/4173/2630 2589/4172/2631 2590/4193/2611
f 2602/4173/2630 1923/4186/2618 2599/5129/2621 2589/4172/2631
f 2589/4172/2631 2599/5129/2621 1930/4178/2626 2603/4171/2632
f 2590/4193/2611 2589/4172/2631 2603/4171/2632 1929/4191/2612
f 1929/4191/2612 2603/4171/2632 2585/4170/2633 2593/4187/2617
f 2603/4171/2632 1930/4178/2626 2601/4175/2628 2585/4170/2633
f 2585/4170/2633 2601/4175/2628 1926/4203/2602 2586/4201/2605
f 2593/4187/2617 2585/4170/2633 2586/4201/2605 1927/4216/2585
f 1943/4168/2634 2606/4167/2635 2604/4166/2636 2610/4165/2637
f 2606/4167/2635 1941/4164/2638 2607/3904/2639 2604/4166/2636
f 2604/4166/2636 2607/3904/2639 1933/4162/2640 2608/5272/2641
f 2610/4165/2637 2604/4166/2636 2608/5272/2641 1937/4620/2642
f 1936/4161/2643 2611/4160/2644 2613/4156/2645 2616/4153/2646
f 2611/4160/2644 1932/4151/2647 2612/4150/2648 2613/4156/2645
f 2613/4156/2645 2612/4150/2648 1940/4148/2649 2614/4146/2650
f 2616/4153/2646 2613/4156/2645 2614/4146/2650 1942/4145/2651
f 1940/4148/2649 2617/5360/2652 2605/4144/2653 2614/4146/2650
f 2617/5360/2652 1941/4164/2638 2606/4167/2635 2605/4144/2653
f 2605/4144/2653 2606/4167/2635 1943/4168/2634 2619/4143/2654
f 2614/4146/2650 2605/4144/2653 2619/4143/2654 1942/4145/2651
f 1934/4142/2655 2620/3327/2656 2621/4141/2657 2625/4140/2658
f 2620/3327/2656 1938/4139/2659 2623/2801/2660 2621/4141/2657
f 2621/4141/2657 2623/2801/2660 1945/4138/2661 2624/4137/2662
f 2625/4140/2658 2621/4141/2657 2624/4137/2662 1944/4136/2663
f 1944/4136/2663 2624/4137/2662 2609/5104/2664 2627/4135/2665
f 2624/4137/2662 1945/4138/2661 2626/4133/2666 2609/5104/2664
f 2609/5104/2664 2626/4133/2666 1943/4168/2634 2610/4165/2637
f 2627/4135/2665 2609/5104/2664 2610/4165/2637 1937/4620/2642
f 1939/4132/2667 2628/4131/2668 2630/4128/2669 2632/4126/2670
f 2628/4131/2668 1935/4125/2671 2629/4124/2672 2630/4128/2669
f 2630/4128/2669 2629/4124/2672 1947/4123/2673 2631/4122/2674
f 2632/4126/2670 2630/4128/2669 2631/4122/2674 1946/4120/2675
f 1946/4120/2675 2631/4122/2674 2615/4118/2676 2634/4117/2677
f 2631/4122/2674 1947/4123/2673 2633/4115/2678 2615/4118/2676
f 2615/4118/2676 2633/4115/2678 1936/4161/2643 2616/4153/2646
f 2634/4117/2677 2615/4118/2676 2616/4153/2646 1942/4145/2651
f 1938/4139/2659 2635/4114/2679 2622/4113/2680 2623/2801/2660
f 2635/4114/2679 1939/4132/2667 2632/4126/2670 2622/4113/2680
f 2622/4113/2680 2632/4126/2670 1946/4120/2675 2636/4111/2681
f 2623/2801/2660 2622/4113/2680 2636/4111/2681 1945/4138/2661
f 1945/4138/2661 2636/4111/2681 2618/4110/2682 2626/4133/2666
f 2636/4111/2681 1946/4120/2675 2634/4117/2677 2618/4110/2682
f 2618/4110/2682 2634/4117/2677 1942/4145/2651 2619/4143/2654
f 2626/4133/2666 2618/4110/2682 2619/4143/2654 1943/4168/2634
f 1959/4108/2683 2639/4107/2684 2637/4106/2685 2643/4105/2686
f 2639/4107/2684 1957/4103/2687 2640/4102/2688 2637/4106/2685
f 2637/4106/2685 2640/4102/2688 1949/4101/2689 2641/4461/2690
f 2643/4105/2686 2637/4106/2685 2641/4461/2690 1953/4100/2691
f 1952/3231/2692 2644/4099/2693 2646/4098/2694 2649/4097/2695
f 2644/4099/2693 1948/4096/2696 2645/5095/2697 2646/4098/2694
f 2646/4098/2694 2645/5095/2697 1956/4095/2698 2647/4094/2699
f 2649/4097/2695 2646/4098/2694 2647/4094/2699 1958/4093/2700
f 1956/4095/2698 2650/4092/2701 2638/5314/2702 2647/4094/2699
f 2650/4092/2701 1957/4103/2687 2639/4107/2684 2638/5314/2702
f 2638/5314/2702 2639/4107/2684 1959/4108/2683 2652/4091/2703
f 2647/4094/2699 2638/5314/2702 2652/4091/2703 1958/4093/2700
f 1950/4090/2704 2653/4089/2705 2654/4088/2706 2658/4087/2707
f 2653/4089/2705 1954/4086/2708 2656/4085/2709 2654/4088/2706
f 2654/4088/2706 2656/4085/2709 1961/4084/2710 2657/4083/2711
f 2658/4087/2707 2654/4088/2706 2657/4083/2711 1960/4082/2712
f 1960/4082/2712 2657/4083/2711 2642/4081/2713 2660/4080/2714
f 2657/4083/2711 1961/4084/2710 2659/4079/2715 2642/4081/2713
f 2642/4081/2713 2659/4079/2715 1959/4108/2683 2643/4105/2686
f 2660/4080/2714 2642/4081/2713 2643/4105/2686 1953/4100/2691
f 1955/4078/2716 2661/4077/2717 2663/4076/2718 2665/4075/2719
f 2661/4077/2717 1951/4074/2720 2662/4073/2721 2663/4076/2718
f 2663/4076/2718 2662/4073/2721 1963/4984/2722 2664/4072/2723
f 2665/4075/2719 2663/4076/2718 2664/4072/2723 1962/4071/2724
f 1962/4071/2724 2664/4072/2723 2648/5320/2725 2667/4070/2726
f 2664/4072/2723 1963/4984/2722 2666/4069/2727 2648/5320/2725
f 2648/5320/2725 2666/4069/2727 1952/3231/2692 2649/4097/2695
f 2667/4070/2726 2648/5320/2725 2649/4097/2695 1958/4093/2700
f 1954/4086/2708 2668/4068/2728 2655/4067/2729 2656/4085/2709
f 2668/4068/2728 1955/4078/2716 2665/4075/2719 2655/4067/2729
f 2655/4067/2729 2665/4075/2719 1962/4071/2724 2669/4066/2730
f 2656/4085/2709 2655/4067/2729 2669/4066/2730 1961/4084/2710
f 1961/4084/2710 2669/4066/2730 2651/4064/2731 2659/4079/2715
f 2669/4066/2730 1962/4071/2724 2667/4070/2726 2651/4064/2731
f 2651/4064/2731 2667/4070/2726 1958/4093/2700 2652/4091/2703
f 2659/4079/2715 2651/4064/2731 2652/4091/2703 1959/4108/2683
f 1975/4063/2732 2672/4062/2733 2670/4060/2734 2676/4058/2735
f 2672/4062/2733 1973/4057/2736 2673/4056/2737 2670/4060/2734
f 2670/4060/2734 2673/4056/2737 1965/5004/2738 2674/4055/2739
f 2676/4058/2735 2670/4060/2734 2674/4055/2739 1969/4580/2740
f 1968/5207/2741 2677/4053/2742 2679/5319/2743 2682/5254/2744
f 2677/4053/2742 1964/4052/2745 2678/4051/2746 2679/5319/2743
f 2679/5319/2743 2678/4051/2746 1972/4050/2747 2680/4049/2748
f 2682/5254/2744 2679/5319/2743 2680/4049/2748 1974/5111/2749
f 1972/4050/2747 2683/4048/2750 2671/4047/2751 2680/4049/2748
f 2683/4048/2750 1973/4057/2736 2672/4062/2733 2671/4047/2751
f 2671/4047/2751 2672/4062/2733 1975/4063/2732 2685/4998/2752
f 2680/4049/2748 2671/4047/2751 2685/4998/2752 1974/5111/2749
f 1966/4045/2753 2686/4042/2754 2687/4041/2755 2691/4040/2756
f 2686/4042/2754 1970/4039/2757 2689/4037/2758 2687/4041/2755
f 2687/4041/2755 2689/4037/2758 1977/3090/2759 2690/4525/2760
f 2691/4040/2756 2687/4041/2755 2690/4525/2760 1976/4036/2761
f 1976/4036/2761 2690/4525/2760 2675/4035/2762 2693/4032/2763
f 2690/4525/2760 1977/3090/2759 2692/4030/2764 2675/4035/2762
f 2675/4035/2762 2692/4030/2764 1975/4063/2732 2676/4058/2735
f 2693/4032/2763 2675/4035/2762 2676/4058/2735 1969/4580/2740
f 1971/4029/2765 2694/4877/2766 2696/4028/2767 2698/5238/2768
f 2694/4877/2766 1967/4027/2769 2695/4026/2770 2696/4028/2767
f 2696/4028/2767 2695/4026/2770 1979/4025/2771 2697/5081/2772
f 2698/5238/2768 2696/4028/2767 2697/5081/2772 1978/5012/2773
f 1978/5012/2773 2697/5081/2772 2681/4024/2774 2700/3800/2775
f 2697/5081/2772 1979/4025/2771 2699/4023/2776 2681/4024/2774
f 2681/4024/2774 2699/4023/2776 1968/5207/2741 2682/5254/2744
f 2700/3800/2775 2681/4024/2774 2682/5254/2744 1974/5111/2749
f 1970/4039/2757 2701/4022/2777 2688/4021/2778 2689/4037/2758
f 2701/4022/2777 1971/4029/2765 2698/5238/2768 2688/4021/2778
f 2688/4021/2778 2698/5238/2768 1978/5012/2773 2702/4020/2779
f 2689/4037/2758 2688/4021/2778 2702/4020/2779 1977/3090/2759
f 1977/3090/2759 2702/4020/2779 2684/2991/2780 2692/4030/2764
f 2702/4020/2779 1978/5012/2773 2700/3800/2775 2684/2991/2780
f 2684/2991/2780 2700/3800/2775 1974/5111/2749 2685/4998/2752
f 2692/4030/2764 2684/2991/2780 2685/4998/2752 1975/4063/2732
f 1991/4018/2781 2705/4017/2782 2703/5366/2783 2709/3199/2784
f 2705/4017/2782 1989/4016/2785 2706/4015/2786 2703/5366/2783
f 2703/5366/2783 2706/4015/2786 1981/4014/2787 2707/4012/2788
f 2709/3199/2784 2703/5366/2783 2707/4012/2788 1985/4011/2789
f 1984/4831/2790 2710/4010/2791 2712/4008/2792 2715/4959/2793
f 2710/4010/2791 1980/4007/2794 2711/4005/2795 2712/4008/2792
f 2712/4008/2792 2711/4005/2795 1988/5232/2796 2713/4003/2797
f 2715/4959/2793 2712/4008/2792 2713/4003/2797 1990/5218/2798
f 1988/5232/2796 2716/4002/2799 2704/4001/2800 2713/4003/2797
f 2716/4002/2799 1989/4016/2785 2705/4017/2782 2704/4001/2800
f 2704/4001/2800 2705/4017/2782 1991/4018/2781 2718/5007/2801
f 2713/4003/2797 2704/4001/2800 2718/5007/2801 1990/5218/2798
f 1982/3999/2802 2719/3997/2803 2720/3996/2804 2724/3995/2805
f 2719/3997/2803 1986/3994/2806 2722/3817/2807 2720/3996/2804
f 2720/3996/2804 2722/3817/2807 1993/3993/2808 2723/3992/2809
f 2724/3995/2805 2720/3996/2804 2723/3992/2809 1992/3991/2810
f 1992/3991/2810 2723/3992/2809 2708/3990/2811 2726/3989/2812
f 2723/3992/2809 1993/3993/2808 2725/4690/2813 2708/3990/2811
f 2708/3990/2811 2725/4690/2813 1991/4018/2781 2709/3199/2784
f 2726/3989/2812 2708/3990/2811 2709/3199/2784 1985/4011/2789
f 1987/3986/2814 2727/4993/2815 2729/5258/2816 2731/4851/2817
f 2727/4993/2815 1983/3985/2818 2728/3984/2819 2729/5258/2816
f 2729/5258/2816 2728/3984/2819 1995/3983/2820 2730/4979/2821
f 2731/4851/2817 2729/5258/2816 2730/4979/2821 1994/3982/2822
f 1994/3982/2822 2730/4979/2821 2714/3981/2823 2733/4988/2824
f 2730/4979/2821 1995/3983/2820 2732/3980/2825 2714/3981/2823
f 2714/3981/2823 2732/3980/2825 1984/4831/2790 2715/4959/2793
f 2733/4988/2824 2714/3981/2823 2715/4959/2793 1990/5218/2798
f 1986/3994/2806 2734/3979/2826 2721/3978/2827 2722/3817/2807
f 2734/3979/2826 1987/3986/2814 2731/4851/2817 2721/3978/2827
f 2721/3978/2827 2731/4851/2817 1994/3982/2822 2735/3977/2828
f 2722/3817/2807 2721/3978/2827 2735/3977/2828 1993/3993/2808
f 1993/3993/2808 2735/3977/2828 2717/3976/2829 2725/4690/2813
f 2735/3977/2828 1994/3982/2822 2733/4988/2824 2717/3976/2829
f 2717/3976/2829 2733/4988/2824 1990/5218/2798 2718/5007/2801
f 2725/4690/2813 2717/3976/2829 2718/5007/2801 1991/4018/2781
f 1996/4983/2830 2736/5379/2831 2738/3975/2832 2741/3974/2833
f 2736/5379/2831 2000/3973/2834 2737/3972/2835 2738/3975/2832
f 2738/3975/2832 2737/3972/2835 2001/3971/2836 2740/3970/2837
f 2741/3974/2833 2738/3975/2832 2740/3970/2837 1998/2838/2838
f 1999/3969/2839 2743/3967/2840 2742/3966/2841 2746/3965/2842
f 2743/3967/2840 2002/3836/2843 2744/4590/2844 2742/3966/2841
f 2742/3966/2841 2744/4590/2844 2003/3964/2845 2745/5256/2846
f 2746/3965/2842 2742/3966/2841 2745/5256/2846 1997/4770/2847
f 1998/2838/2838 2740/3970/2837 2739/3962/2848 2748/3961/2849
f 2740/3970/2837 2001/3971/2836 2747/3960/2850 2739/3962/2848
f 2739/3962/2848 2747/3960/2850 2002/3836/2843 2743/3967/2840
f 2748/3961/2849 2739/3962/2848 2743/3967/2840 1999/3969/2839
f 2004/3958/2851 2749/3957/2852 2751/3956/2853 2754/3955/2854
f 2749/3957/2852 2008/3954/2855 2750/3953/2856 2751/3956/2853
f 2751/3956/2853 2750/3953/2856 2009/3952/2857 2753/3951/2858
f 2754/3955/2854 2751/3956/2853 2753/3951/2858 2006/3988/2859
f 2007/3950/2860 2756/3949/2861 2755/5358/2862 2759/3947/2863
f 2756/3949/2861 2010/5356/2864 2757/3944/2865 2755/5358/2862
f 2755/5358/2862 2757/3944/2865 2011/5082/2866 2758/3942/2867
f 2759/3947/2863 2755/5358/2862 2758/3942/2867 2005/3941/2868
f 2006/3988/2859 2753/3951/2858 2752/3940/2869 2761/3939/2870
f 2753/3951/2858 2009/3952/2857 2760/3938/2871 2752/3940/2869
f 2752/3940/2869 2760/3938/2871 2010/5356/2864 2756/3949/2861
f 2761/3939/2870 2752/3940/2869 2756/3949/2861 2007/3950/2860
f 2012/3937/2872 2762/3935/2873 2764/3934/2874 2767/4599/2875
f 2762/3935/2873 2016/3932/2876 2763/3931/2877 2764/3934/2874
f 2764/3934/2874 2763/3931/2877 2017/3930/2878 2766/3927/2879
f 2767/4599/2875 2764/3934/2874 2766/3927/2879 2014/3925/2880
f 2015/3924/2881 2769/3923/2882 2768/3921/2883 2772/3920/2884
f 2769/3923/2882 2018/3919/2885 2770/3918/2886 2768/3921/2883
f 2768/3921/2883 2770/3918/2886 2019/4361/2887 2771/3917/2888
f 2772/3920/2884 2768/3921/2883 2771/3917/2888 2013/3916/2889
f 2014/3925/2880 2766/3927/2879 2765/3912/2890 2774/3911/2891
f 2766/3927/2879 2017/3930/2878 2773/3910/2892 2765/3912/2890
f 2765/3912/2890 2773/3910/2892 2018/3919/2885 2769/3923/2882
f 2774/3911/2891 2765/3912/2890 2769/3923/2882 2015/3924/2881
f 2020/3909/2893 2775/3908/2894 2777/3905/2895 2780/3903/2896
f 2775/3908/2894 2024/3901/2897 2776/3900/2898 2777/3905/2895
f 2777/3905/2895 2776/3900/2898 2025/3897/2899 2779/3896/2900
f 2780/3903/2896 2777/3905/2895 2779/3896/2900 2022/3894/2901
f 2023/3893/2902 2782/3891/2903 2781/4325/2904 2785/5205/2905
f 2782/3891/2903 2026/3890/2906 2783/4961/2907 2781/4325/2904
f 2781/4325/2904 2783/4961/2907 2027/3889/2908 2784/3888/2909
f 2785/5205/2905 2781/4325/2904 2784/3888/2909 2021/4552/2910
f 2022/3894/2901 2779/3896/2900 2778/3885/2911 2787/4796/2912
f 2779/3896/2900 2025/3897/2899 2786/3884/2913 2778/3885/2911
f 2778/3885/2911 2786/3884/2913 2026/3890/2906 2782/3891/2903
f 2787/4796/2912 2778/3885/2911 2782/3891/2903 2023/3893/2902
f 2028/3883/2914 2788/3882/2915 2790/3881/2916 2793/3880/2917
f 2788/3882/2915 2032/3879/2918 2789/3878/2919 2790/3881/2916
f 2790/3881/2916 2789/3878/2919 2033/3875/2920 2792/5383/2921
f 2793/3880/2917 2790/3881/2916 2792/5383/2921 2030/2687/2922
f 2031/3874/2923 2795/3873/2924 2794/3872/2925 2798/3871/2926
f 2795/3873/2924 2034/3870/2927 2796/3869/2928 2794/3872/2925
f 2794/3872/2925 2796/3869/2928 2035/3867/2929 2797/3866/2930
f 2798/3871/2926 2794/3872/2925 2797/3866/2930 2029/3770/2931
f 2030/2687/2922 2792/5383/2921 2791/3863/2932 2800/3862/2933
f 2792/5383/2921 2033/3875/2920 2799/3861/2934 2791/3863/2932
f 2791/3863/2932 2799/3861/2934 2034/3870/2927 2795/3873/2924
f 2800/3862/2933 2791/3863/2932 2795/3873/2924 2031/3874/2923
f 2036/3859/2935 2801/3858/2936 2803/3857/2937 2806/3855/2938
f 2801/3858/2936 2040/3852/2939 2802/3850/2940 2803/3857/2937
f 2803/3857/2937 2802/3850/2940 2041/3480/2941 2805/3849/2942
f 2806/3855/2938 2803/3857/2937 2805/3849/2942 2038/5184/2943
f 2039/3846/2944 2808/3844/2945 2807/3843/2946 2811/3035/2947
f 2808/3844/2945 2042/3842/2948 2809/3840/2949 2807/3843/2946
f 2807/3843/2946 2809/3840/2949 2043/3837/2950 2810/3835/2951
f 2811/3035/2947 2807/3843/2946 2810/3835/2951 2037/5194/2952
f 2038/5184/2943 2805/3849/2942 2804/3834/2953 2813/3832/2954
f 2805/3849/2942 2041/3480/2941 2812/3831/2955 2804/3834/2953
f 2804/3834/2953 2812/3831/2955 2042/3842/2948 2808/3844/2945
f 2813/3832/2954 2804/3834/2953 2808/3844/2945 2039/3846/2944
f 2044/3830/2956 2814/3608/2957 2816/3828/2958 2819/3825/2959
f 2814/3608/2957 2048/5331/2960 2815/3823/2961 2816/3828/2958
f 2816/3828/2958 2815/3823/2961 2049/3822/2962 2818/3820/2963
f 2819/3825/2959 2816/3828/2958 2818/3820/2963 2046/3819/2964
f 2047/3818/2965 2821/3816/2966 2820/3815/2967 2824/3814/2968
f 2821/3816/2966 2050/3813/2969 2822/3812/2970 2820/3815/2967
f 2820/3815/2967 2822/3812/2970 2051/3811/2971 2823/3810/2972
f 2824/3814/2968 2820/3815/2967 2823/3810/2972 2045/5245/2973
f 2046/3819/2964 2818/3820/2963 2817/3809/2974 2826/5202/2975
f 2818/3820/2963 2049/3822/2962 2825/3807/2976 2817/3809/2974
f 2817/3809/2974 2825/3807/2976 2050/3813/2969 2821/3816/2966
f 2826/5202/2975 2817/3809/2974 2821/3816/2966 2047/3818/2965
f 2052/3806/2977 2827/3805/2978 2829/3804/2979 2832/3802/2980
f 2827/3805/2978 2056/3801/2981 2828/5078/2982 2829/3804/2979
f 2829/3804/2979 2828/5078/2982 2057/3853/2983 2831/3799/2984
f 2832/3802/2980 2829/3804/2979 2831/3799/2984 2054/3798/2985
f 2055/3797/2986 2834/3795/2987 2833/5133/2988 2837/3794/2989
f 2834/3795/2987 2058/3793/2990 2835/4886/2991 2833/5133/2988
f 2833/5133/2988 2835/4886/2991 2059/5271/2992 2836/3792/2993
f 2837/3794/2989 2833/5133/2988 2836/3792/2993 2053/3791/2994
f 2054/3798/2985 2831/3799/2984 2830/3790/2995 2839/3789/2996
f 2831/3799/2984 2057/3853/2983 2838/3787/2997 2830/3790/2995
f 2830/3790/2995 2838/3787/2997 2058/3793/2990 2834/3795/2987
f 2839/3789/2996 2830/3790/2995 2834/3795/2987 2055/3797/2986
f 2060/3786/2998 2840/3783/2999 2842/4129/3000 2845/3782/3001
f 2840/3783/2999 2064/4019/3002 2841/3781/3003 2842/4129/3000
f 2842/4129/3000 2841/3781/3003 2065/3780/3004 2844/3779/3005
f 2845/3782/3001 2842/4129/3000 2844/3779/3005 2062/4245/3006
f 2063/3778/3007 2847/4299/3008 2846/3777/3009 2850/3775/3010
f 2847/4299/3008 2066/3773/3011 2848/3772/3012 2846/3777/3009
f 2846/3777/3009 2848/3772/3012 2067/3771/3013 2849/3769/3014
f 2850/3775/3010 2846/3777/3009 2849/3769/3014 2061/5115/3015
f 2062/4245/3006 2844/3779/3005 2843/3768/3016 2852/3765/3017
f 2844/3779/3005 2065/3780/3004 2851/3764/3018 2843/3768/3016
f 2843/3768/3016 2851/3764/3018 2066/3773/3011 2847/4299/3008
f 2852/3765/3017 2843/3768/3016 2847/4299/3008 2063/3778/3007
f 2068/3762/3019 2853/3761/3020 2855/3760/3021 2858/3758/3022
f 2853/3761/3020 2072/3757/3023 2854/3756/3024 2855/3760/3021
f 2855/3760/3021 2854/3756/3024 2073/5307/3025 2857/3755/3026
f 2858/3758/3022 2855/3760/3021 2857/3755/3026 2070/3754/3027
f 2071/3753/3028 2860/5286/3029 2859/3752/3030 2863/3751/3031
f 2860/5286/3029 2074/3750/3032 2861/3748/3033 2859/3752/3030
f 2859/3752/3030 2861/3748/3033 2075/4530/3034 2862/5393/3035
f 2863/3751/3031 2859/3752/3030 2862/5393/3035 2069/3824/3036
f 2070/3754/3027 2857/3755/3026 2856/3747/3037 2865/5121/3038
f 2857/3755/3026 2073/5307/3025 2864/3745/3039 2856/3747/3037
f 2856/3747/3037 2864/3745/3039 2074/3750/3032 2860/5286/3029
f 2865/5121/3038 2856/3747/3037 2860/5286/3029 2071/3753/3028
f 2080/3744/3040 2868/3743/3041 2866/3742/3042 2872/3741/3043
f 2868/3743/3041 2086/3740/3044 2870/3739/3045 2866/3742/3042
f 2866/3742/3042 2870/3739/3045 2084/3738/3046 2871/3736/3047
f 2872/3741/3043 2866/3742/3042 2871/3736/3047 2076/3734/3048
f 2084/3738/3046 2870/3739/3045 2869/3733/3049 2877/3732/3050
f 2870/3739/3045 2086/3740/3044 2874/3731/3051 2869/3733/3049
f 2869/3733/3049 2874/3731/3051 2087/3730/3052 2876/3729/3053
f 2877/3732/3050 2869/3733/3049 2876/3729/3053 2085/3728/3054
f 2083/5092/3055 2880/3727/3056 2878/5387/3057 2883/3726/3058
f 2883/3726/3058 2878/5387/3057 2882/3929/3059 2079/3725/3060
f 2090/3724/3061 2884/4741/3062 2867/3723/3063 2881/5345/3064
f 2884/4741/3062 2086/3740/3044 2868/3743/3041 2867/3723/3063
f 2867/3723/3063 2868/3743/3041 2080/3744/3040 2885/3722/3065
f 2881/5345/3064 2867/3723/3063 2885/3722/3065 2091/3720/3066
f 2082/3719/3067 2887/3718/3068 2879/3716/3069 2889/3714/3070
f 2889/3714/3070 2879/3716/3069 2880/3727/3056 2083/5092/3055
f 2089/3713/3071 2891/5402/3072 2873/5071/3073 2888/5391/3074
f 2891/5402/3072 2087/3730/3052 2874/3731/3051 2873/5071/3073
f 2873/5071/3073 2874/3731/3051 2086/3740/3044 2884/4741/3062
f 2888/5391/3074 2873/5071/3073 2884/4741/3062 2090/3724/3061
f 2087/3730/3052 2892/3711/3075 2875/5102/3076 2876/3729/3053
f 2892/3711/3075 2092/5347/3077 2894/3915/3078 2875/5102/3076
f 2875/5102/3076 2894/3915/3078 2093/4481/3079 2895/3710/3080
f 2876/3729/3053 2875/5102/3076 2895/3710/3080 2085/3728/3054
f 2092/5347/3077 2897/3709/3081 2893/3708/3082 2894/3915/3078
f 2897/3709/3081 2081/3707/3083 2898/3706/3084 2893/3708/3082
f 2893/3708/3082 2898/3706/3084 2077/3705/3085 2899/3704/3086
f 2894/3915/3078 2893/3708/3082 2899/3704/3086 2093/4481/3079
f 2082/3719/3067 2900/3702/3087 2886/3701/3088 2887/3718/3068
f 2900/3702/3087 2094/3700/3089 2902/3698/3090 2886/3701/3088
f 2094/3700/3089 2904/3697/3091 2901/5285/3092 2902/3698/3090
f 2904/3697/3091 2078/3696/3093 2905/3695/3094 2901/5285/3092
f 2089/3713/3071 2903/3694/3095 2890/3693/3096 2891/5402/3072
f 2903/3694/3095 2095/3692/3097 2907/3691/3098 2890/3693/3096
f 2890/3693/3096 2907/3691/3098 2092/5347/3077 2892/3711/3075
f 2891/5402/3072 2890/3693/3096 2892/3711/3075 2087/3730/3052
f 2095/3692/3097 2906/3689/3099 2896/3687/3100 2907/3691/3098
f 2906/3689/3099 2088/3686/3101 2908/3685/3102 2896/3687/3100
f 2896/3687/3100 2908/3685/3102 2081/3707/3083 2897/3709/3081
f 2907/3691/3098 2896/3687/3100 2897/3709/3081 2092/5347/3077
f 2910/3684/3103 1720/4846/1975 2160/4844/1978 2909/3682/3104
f 2909/3682/3104 2159/4852/1971 2158/4853/1970 2910/3684/3103
f 2909/3682/3104 2160/4844/1978 1721/4843/1980 2911/5201/3105
f 2911/5201/3105 2162/4848/1973 2159/4852/1971 2909/3682/3104
f 2913/3681/3106 1722/4838/1987 2168/4685/1990 2912/3680/3107
f 2912/3680/3107 2166/4841/1983 2167/4856/1982 2913/3681/3106
f 2912/3680/3107 2168/4685/1990 1723/5292/1992 2914/3679/3108
f 2914/3679/3108 2169/4839/1985 2166/4841/1983 2912/3680/3107
f 2911/5201/3105 1721/4843/1980 2173/4832/1996 2915/4734/3109
f 2915/4734/3109 2161/4836/1993 2162/4848/1973 2911/5201/3105
f 2915/4734/3109 2173/4832/1996 1722/4838/1987 2913/3681/3106
f 2913/3681/3106 2167/4856/1982 2161/4836/1993 2915/4734/3109
f 2917/3678/3110 2090/3724/3061 2881/5345/3064 2916/3676/3111
f 2916/3676/3111 2878/5387/3057 2880/3727/3056 2917/3678/3110
f 2916/3676/3111 2881/5345/3064 2091/3720/3066 2918/5112/3112
f 2918/5112/3112 2882/3929/3059 2878/5387/3057 2916/3676/3111
f 2920/3675/3113 2089/3713/3071 2888/5391/3074 2919/3672/3114
f 2919/3672/3114 2879/3716/3069 2887/3718/3068 2920/3675/3113
f 2919/3672/3114 2888/5391/3074 2090/3724/3061 2917/3678/3110
f 2917/3678/3110 2880/3727/3056 2879/3716/3069 2919/3672/3114
f 2922/3671/3115 2095/3692/3097 2903/3694/3095 2921/3670/3116
f 2921/3670/3116 2886/3701/3088 2902/3698/3090 2922/3671/3115
f 2921/3670/3116 2903/3694/3095 2089/3713/3071 2920/3675/3113
f 2920/3675/3113 2887/3718/3068 2886/3701/3088 2921/3670/3116
f 2924/3669/3117 2088/3686/3101 2906/3689/3099 2923/3668/3118
f 2923/3668/3118 2901/5285/3092 2905/3695/3094 2924/3669/3117
f 2923/3668/3118 2906/3689/3099 2095/3692/3097 2922/3671/3115
f 2922/3671/3115 2902/3698/3090 2901/5285/3092 2923/3668/3118
f 2925/3667/3119 3204/3666/3120 3205/3665/3121 3210/3664/3122
f 3204/3666/3120 2929/3662/3123 3207/3661/3124 3205/3665/3121
f 3205/3665/3121 3207/3661/3124 2933/3660/3125 3209/3659/3126
f 3210/3664/3122 3205/3665/3121 3209/3659/3126 2932/3658/3127
f 2929/3662/3123 3211/5122/3128 3206/3657/3129 3207/3661/3124
f 3211/5122/3128 2928/3656/3130 3212/3655/3131 3206/3657/3129
f 3206/3657/3129 3212/3655/3131 2930/3654/3132 3214/2849/3133
f 3207/3661/3124 3206/3657/3129 3214/2849/3133 2933/3660/3125
f 2933/3660/3125 3214/2849/3133 3213/3653/3134 3217/5193/3135
f 3214/2849/3133 2930/3654/3132 3215/3674/3136 3213/3653/3134
f 3213/3653/3134 3215/3674/3136 2927/3652/3137 3216/3651/3138
f 3217/5193/3135 3213/3653/3134 3216/3651/3138 2931/3650/3139
f 2932/3658/3127 3209/3659/3126 3208/3649/3140 3219/3648/3141
f 3209/3659/3126 2933/3660/3125 3217/5193/3135 3208/3649/3140
f 3208/3649/3140 3217/5193/3135 2931/3650/3139 3218/3647/3142
f 3219/3648/3141 3208/3649/3140 3218/3647/3142 2926/4147/3143
f 2934/3646/3144 3220/3645/3145 3221/3644/3146 3226/3643/3147
f 3220/3645/3145 2938/3642/3148 3223/3641/3149 3221/3644/3146
f 3221/3644/3146 3223/3641/3149 2942/3639/3150 3225/3637/3151
f 3226/3643/3147 3221/3644/3146 3225/3637/3151 2941/3636/3152
f 2938/3642/3148 3227/3634/3153 3222/4324/3154 3223/3641/3149
f 3227/3634/3153 2937/3633/3155 3228/3632/3156 3222/4324/3154
f 3222/4324/3154 3228/3632/3156 2939/5277/3157 3230/3630/3158
f 3223/3641/3149 3222/4324/3154 3230/3630/3158 2942/3639/3150
f 2942/3639/3150 3230/3630/3158 3229/3628/3159 3233/3627/3160
f 3230/3630/3158 2939/5277/3157 3231/3625/3161 3229/3628/3159
f 3229/3628/3159 3231/3625/3161 2936/3624/3162 3232/4465/3163
f 3233/3627/3160 3229/3628/3159 3232/4465/3163 2940/3623/3164
f 2941/3636/3152 3225/3637/3151 3224/3622/3165 3235/3621/3166
f 3225/3637/3151 2942/3639/3150 3233/3627/3160 3224/3622/3165
f 3224/3622/3165 3233/3627/3160 2940/3623/3164 3234/3620/3167
f 3235/3621/3166 3224/3622/3165 3234/3620/3167 2935/3619/3168
f 2943/5280/3169 3236/4271/3170 3237/3618/3171 3242/3617/3172
f 3236/4271/3170 2947/3616/3173 3239/3615/3174 3237/3618/3171
f 3237/3618/3171 3239/3615/3174 2951/3614/3175 3241/3613/3176
f 3242/3617/3172 3237/3618/3171 3241/3613/3176 2950/3611/3177
f 2947/3616/3173 3243/3025/3178 3238/5178/3179 3239/3615/3174
f 3243/3025/3178 2946/3610/3180 3244/3609/3181 3238/5178/3179
f 3238/5178/3179 3244/3609/3181 2948/3933/3182 3246/3607/3183
f 3239/3615/3174 3238/5178/3179 3246/3607/3183 2951/3614/3175
f 2951/3614/3175 3246/3607/3183 3245/5061/3184 3249/3606/3185
f 3246/3607/3183 2948/3933/3182 3247/3605/3186 3245/5061/3184
f 3245/5061/3184 3247/3605/3186 2945/3603/3187 3248/5250/3188
f 3249/3606/3185 3245/5061/3184 3248/5250/3188 2949/3602/3189
f 2950/3611/3177 3241/3613/3176 3240/3601/3190 3251/3600/3191
f 3241/3613/3176 2951/3614/3175 3249/3606/3185 3240/3601/3190
f 3240/3601/3190 3249/3606/3185 2949/3602/3189 3250/3598/3192
f 3251/3600/3191 3240/3601/3190 3250/3598/3192 2944/3596/3193
f 2956/3594/3194 3254/3593/3195 3252/3499/3196 3258/3592/3197
f 3254/3593/3195 2960/3591/3198 3256/3590/3199 3252/3499/3196
f 3252/3499/3196 3256/3590/3199 2957/3784/3200 3257/3589/3201
f 3258/3592/3197 3252/3499/3196 3257/3589/3201 2955/3588/3202
f 2960/3591/3198 3260/3587/3203 3255/5106/3204 3256/3590/3199
f 3260/3587/3203 2958/3586/3205 3261/3585/3206 3255/5106/3204
f 3255/5106/3204 3261/3585/3206 2954/3584/3207 3262/3581/3208
f 3256/3590/3199 3255/5106/3204 3262/3581/3208 2957/3784/3200
f 2952/3580/3209 3263/3579/3210 3264/3578/3211 3268/3577/3212
f 3263/3579/3210 2959/3576/3213 3266/3574/3214 3264/3578/3211
f 3264/3578/3211 3266/3574/3214 2962/3571/3215 3267/5294/3216
f 3268/3577/3212 3264/3578/3211 3267/5294/3216 2961/3570/3217
f 2961/3570/3217 3267/5294/3216 3253/3569/3218 3270/3568/3219
f 3267/5294/3216 2962/3571/3215 3269/5138/3220 3253/3569/3218
f 3253/3569/3218 3269/5138/3220 2960/3591/3198 3254/3593/3195
f 3270/3568/3219 3253/3569/3218 3254/3593/3195 2956/3594/3194
f 2959/3576/3213 3271/3567/3221 3265/3566/3222 3266/3574/3214
f 3271/3567/3221 2953/5014/3223 3272/3564/3224 3265/3566/3222
f 3265/3566/3222 3272/3564/3224 2963/3563/3225 3273/3562/3226
f 3266/3574/3214 3265/3566/3222 3273/3562/3226 2962/3571/3215
f 2962/3571/3215 3273/3562/3226 3259/3561/3227 3269/5138/3220
f 3273/3562/3226 2963/3563/3225 3274/3560/3228 3259/3561/3227
f 3259/3561/3227 3274/3560/3228 2958/3586/3205 3260/3587/3203
f 3269/5138/3220 3259/3561/3227 3260/3587/3203 2960/3591/3198
f 2968/3558/3229 3277/3557/3230 3275/4991/3231 3281/3556/3232
f 3277/3557/3230 2972/3555/3233 3279/3553/3234 3275/4991/3231
f 3275/4991/3231 3279/3553/3234 2969/3552/3235 3280/3551/3236
f 3281/3556/3232 3275/4991/3231 3280/3551/3236 2967/3550/3237
f 2972/3555/3233 3283/3549/3238 3278/3548/3239 3279/3553/3234
f 3283/3549/3238 2970/3547/3240 3284/3546/3241 3278/3548/3239
f 3278/3548/3239 3284/3546/3241 2966/3545/3242 3285/5377/3243
f 3279/3553/3234 3278/3548/3239 3285/5377/3243 2969/3552/3235
f 2964/3544/3244 3286/3543/3245 3287/3294/3246 3291/2994/3247
f 3286/3543/3245 2971/3541/3248 3289/3540/3249 3287/3294/3246
f 3287/3294/3246 3289/3540/3249 2974/4546/3250 3290/3539/3251
f 3291/2994/3247 3287/3294/3246 3290/3539/3251 2973/5038/3252
f 2973/5038/3252 3290/3539/3251 3276/3538/3253 3293/3537/3254
f 3290/3539/3251 2974/4546/3250 3292/3536/3255 3276/3538/3253
f 3276/3538/3253 3292/3536/3255 2972/3555/3233 3277/3557/3230
f 3293/3537/3254 3276/3538/3253 3277/3557/3230 2968/3558/3229
f 2971/3541/3248 3294/3535/3256 3288/3534/3257 3289/3540/3249
f 3294/3535/3256 2965/3533/3258 3295/3946/3259 3288/3534/3257
f 3288/3534/3257 3295/3946/3259 2975/3531/3260 3296/3530/3261
f 3289/3540/3249 3288/3534/3257 3296/3530/3261 2974/4546/3250
f 2974/4546/3250 3296/3530/3261 3282/3529/3262 3292/3536/3255
f 3296/3530/3261 2975/3531/3260 3297/3528/3263 3282/3529/3262
f 3282/3529/3262 3297/3528/3263 2970/3547/3240 3283/3549/3238
f 3292/3536/3255 3282/3529/3262 3283/3549/3238 2972/3555/3233
f 2980/5065/3264 3300/3527/3265 3298/3526/3266 3304/3271/3267
f 3300/3527/3265 2984/3525/3268 3302/3524/3269 3298/3526/3266
f 3298/3526/3266 3302/3524/3269 2981/3522/3270 3303/5259/3271
f 3304/3271/3267 3298/3526/3266 3303/5259/3271 2979/3519/3272
f 2984/3525/3268 3306/5251/3273 3301/3517/3274 3302/3524/3269
f 3306/5251/3273 2982/3515/3275 3307/3514/3276 3301/3517/3274
f 3301/3517/3274 3307/3514/3276 2978/3512/3277 3308/3511/3278
f 3302/3524/3269 3301/3517/3274 3308/3511/3278 2981/3522/3270
f 2976/3510/3279 3309/3508/3280 3310/5249/3281 3314/3507/3282
f 3309/3508/3280 2983/5100/3283 3312/3506/3284 3310/5249/3281
f 3310/5249/3281 3312/3506/3284 2986/3505/3285 3313/3504/3286
f 3314/3507/3282 3310/5249/3281 3313/3504/3286 2985/3502/3287
f 2985/3502/3287 3313/3504/3286 3299/3500/3288 3316/3498/3289
f 3313/3504/3286 2986/3505/3285 3315/3497/3290 3299/3500/3288
f 3299/3500/3288 3315/3497/3290 2984/3525/3268 3300/3527/3265
f 3316/3498/3289 3299/3500/3288 3300/3527/3265 2980/5065/3264
f 2983/5100/3283 3317/3496/3291 3311/3495/3292 3312/3506/3284
f 3317/3496/3291 2977/3494/3293 3318/3492/3294 3311/3495/3292
f 3311/3495/3292 3318/3492/3294 2987/3490/3295 3319/3489/3296
f 3312/3506/3284 3311/3495/3292 3319/3489/3296 2986/3505/3285
f 2986/3505/3285 3319/3489/3296 3305/3488/3297 3315/3497/3290
f 3319/3489/3296 2987/3490/3295 3320/3486/3298 3305/3488/3297
f 3305/3488/3297 3320/3486/3298 2982/3515/3275 3306/5251/3273
f 3315/3497/3290 3305/3488/3297 3306/5251/3273 2984/3525/3268
f 2992/3485/3299 3323/3484/3300 3321/3481/3301 3327/5058/3302
f 3323/3484/3300 2996/3479/3303 3325/3477/3304 3321/3481/3301
f 3321/3481/3301 3325/3477/3304 2993/3278/3305 3326/3475/3306
f 3327/5058/3302 3321/3481/3301 3326/3475/3306 2991/3474/3307
f 2996/3479/3303 3329/3473/3308 3324/3472/3309 3325/3477/3304
f 3329/3473/3308 2994/3471/3310 3330/3469/3311 3324/3472/3309
f 3324/3472/3309 3330/3469/3311 2990/3468/3312 3331/3635/3313
f 3325/3477/3304 3324/3472/3309 3331/3635/3313 2993/3278/3305
f 2988/3466/3314 3332/3465/3315 3333/3464/3316 3337/3463/3317
f 3332/3465/3315 2995/5275/3318 3335/5019/3319 3333/3464/3316
f 3333/3464/3316 3335/5019/3319 2998/3462/3320 3336/3461/3321
f 3337/3463/3317 3333/3464/3316 3336/3461/3321 2997/3595/3322
f 2997/3595/3322 3336/3461/3321 3322/3460/3323 3339/3459/3324
f 3336/3461/3321 2998/3462/3320 3338/3458/3325 3322/3460/3323
f 3322/3460/3323 3338/3458/3325 2996/3479/3303 3323/3484/3300
f 3339/3459/3324 3322/3460/3323 3323/3484/3300 2992/3485/3299
f 2995/5275/3318 3340/3457/3326 3334/3456/3327 3335/5019/3319
f 3340/3457/3326 2989/3455/3328 3341/3454/3329 3334/3456/3327
f 3334/3456/3327 3341/3454/3329 2999/4527/3330 3342/3453/3331
f 3335/5019/3319 3334/3456/3327 3342/3453/3331 2998/3462/3320
f 2998/3462/3320 3342/3453/3331 3328/3452/3332 3338/3458/3325
f 3342/3453/3331 2999/4527/3330 3343/5180/3333 3328/3452/3332
f 3328/3452/3332 3343/5180/3333 2994/3471/3310 3329/3473/3308
f 3338/3458/3325 3328/3452/3332 3329/3473/3308 2996/3479/3303
f 3000/4967/3334 3344/3450/3335 3345/2967/3336 3350/3449/3337
f 3344/3450/3335 3007/3721/3338 3347/3448/3339 3345/2967/3336
f 3345/2967/3336 3347/3448/3339 3008/4338/3340 3349/3447/3341
f 3350/3449/3337 3345/2967/3336 3349/3447/3341 3004/3446/3342
f 3004/3446/3342 3349/3447/3341 3348/3445/3343 3354/3444/3344
f 3349/3447/3341 3008/4338/3340 3352/3442/3345 3348/3445/3343
f 3348/3445/3343 3352/3442/3345 3005/3441/3346 3353/3439/3347
f 3354/3444/3344 3348/3445/3343 3353/3439/3347 3003/3437/3348
f 3008/4338/3340 3355/3436/3349 3351/2945/3350 3352/3442/3345
f 3355/3436/3349 3006/3435/3351 3356/3166/3352 3351/2945/3350
f 3351/2945/3350 3356/3166/3352 3002/5265/3353 3357/3434/3354
f 3352/3442/3345 3351/2945/3350 3357/3434/3354 3005/3441/3346
f 3007/3721/3338 3358/3433/3355 3346/3432/3356 3347/3448/3339
f 3358/3433/3355 3001/3430/3357 3359/3427/3358 3346/3432/3356
f 3346/3432/3356 3359/3427/3358 3006/3435/3351 3355/3436/3349
f 3347/3448/3339 3346/3432/3356 3355/3436/3349 3008/4338/3340
f 3009/3426/3359 3360/3425/3360 3361/3424/3361 3366/3422/3362
f 3360/3425/3360 3016/3420/3363 3363/3419/3364 3361/3424/3361
f 3361/3424/3361 3363/3419/3364 3017/3418/3365 3365/5177/3366
f 3366/3422/3362 3361/3424/3361 3365/5177/3366 3013/3417/3367
f 3013/3417/3367 3365/5177/3366 3364/3416/3368 3370/3796/3369
f 3365/5177/3366 3017/3418/3365 3368/4247/3370 3364/3416/3368
f 3364/3416/3368 3368/4247/3370 3014/5017/3371 3369/3415/3372
f 3370/3796/3369 3364/3416/3368 3369/3415/3372 3012/3631/3373
f 3017/3418/3365 3371/5163/3374 3367/3414/3375 3368/4247/3370
f 3371/5163/3374 3015/3413/3376 3372/3412/3377 3367/3414/3375
f 3367/3414/3375 3372/3412/3377 3011/5361/3378 3373/3411/3379
f 3368/4247/3370 3367/3414/3375 3373/3411/3379 3014/5017/3371
f 3016/3420/3363 3374/3410/3380 3362/3409/3381 3363/3419/3364
f 3374/3410/3380 3010/3408/3382 3375/3407/3383 3362/3409/3381
f 3362/3409/3381 3375/3407/3383 3015/3413/3376 3371/5163/3374
f 3363/3419/3364 3362/3409/3381 3371/5163/3374 3017/3418/3365
f 3018/3406/3384 3376/3404/3385 3377/4347/3386 3382/3403/3387
f 3376/3404/3385 3025/5119/3388 3379/3402/3389 3377/4347/3386
f 3377/4347/3386 3379/3402/3389 3026/3400/3390 3381/3399/3391
f 3382/3403/3387 3377/4347/3386 3381/3399/3391 3022/3398/3392
f 3022/3398/3392 3381/3399/3391 3380/3397/3393 3386/3396/3394
f 3381/3399/3391 3026/3400/3390 3384/3393/3395 3380/3397/3393
f 3380/3397/3393 3384/3393/3395 3023/3392/3396 3385/3735/3397
f 3386/3396/3394 3380/3397/3393 3385/3735/3397 3021/3391/3398
f 3026/3400/3390 3387/3390/3399 3383/3389/3400 3384/3393/3395
f 3387/3390/3399 3024/5187/3401 3388/3388/3402 3383/3389/3400
f 3383/3389/3400 3388/3388/3402 3020/3387/3403 3389/3386/3404
f 3384/3393/3395 3383/3389/3400 3389/3386/3404 3023/3392/3396
f 3025/5119/3388 3390/4121/3405 3378/4522/3406 3379/3402/3389
f 3390/4121/3405 3019/3384/3407 3391/3383/3408 3378/4522/3406
f 3378/4522/3406 3391/3383/3408 3024/5187/3401 3387/3390/3399
f 3379/3402/3389 3378/4522/3406 3387/3390/3399 3026/3400/3390
f 3027/3381/3409 3392/3380/3410 3393/3379/3411 3398/3378/3412
f 3392/3380/3410 3031/3377/3413 3395/3376/3414 3393/3379/3411
f 3393/3379/3411 3395/3376/3414 3035/3375/3415 3397/5064/3416
f 3398/3378/3412 3393/3379/3411 3397/5064/3416 3034/3374/3417
f 3031/3377/3413 3399/4398/3418 3394/2691/3419 3395/3376/3414
f 3399/4398/3418 3030/3373/3420 3400/3372/3421 3394/2691/3419
f 3394/2691/3419 3400/3372/3421 3032/4674/3422 3402/3371/3423
f 3395/3376/3414 3394/2691/3419 3402/3371/3423 3035/3375/3415
f 3035/3375/3415 3402/3371/3423 3401/3370/3424 3405/3369/3425
f 3402/3371/3423 3032/4674/3422 3403/3368/3426 3401/3370/3424
f 3401/3370/3424 3403/3368/3426 3029/3367/3427 3404/3366/3428
f 3405/3369/3425 3401/3370/3424 3404/3366/3428 3033/3365/3429
f 3034/3374/3417 3397/5064/3416 3396/3361/3430 3407/5308/3431
f 3397/5064/3416 3035/3375/3415 3405/3369/3425 3396/3361/3430
f 3396/3361/3430 3405/3369/3425 3033/3365/3429 3406/3360/3432
f 3407/5308/3431 3396/3361/3430 3406/3360/3432 3028/4031/3433
f 3036/3359/3434 3408/3358/3435 3409/3357/3436 3414/3356/3437
f 3408/3358/3435 3040/3355/3438 3411/3354/3439 3409/3357/3436
f 3409/3357/3436 3411/3354/3439 3044/3353/3440 3413/4197/3441
f 3414/3356/3437 3409/3357/3436 3413/4197/3441 3043/3352/3442
f 3040/3355/3438 3415/3351/3443 3410/4043/3444 3411/3354/3439
f 3415/3351/3443 3039/3350/3445 3416/5365/3446 3410/4043/3444
f 3410/4043/3444 3416/5365/3446 3041/3349/3447 3418/3348/3448
f 3411/3354/3439 3410/4043/3444 3418/3348/3448 3044/3353/3440
f 3044/3353/3440 3418/3348/3448 3417/3347/3449 3421/3346/3450
f 3418/3348/3448 3041/3349/3447 3419/3345/3451 3417/3347/3449
f 3417/3347/3449 3419/3345/3451 3038/4169/3452 3420/3344/3453
f 3421/3346/3450 3417/3347/3449 3420/3344/3453 3042/3343/3454
f 3043/3352/3442 3413/4197/3441 3412/5213/3455 3423/3342/3456
f 3413/4197/3441 3044/3353/3440 3421/3346/3450 3412/5213/3455
f 3412/5213/3455 3421/3346/3450 3042/3343/3454 3422/3341/3457
f 3423/3342/3456 3412/5213/3455 3422/3341/3457 3037/3340/3458
f 3045/3338/3459 3424/3337/3460 3425/3336/3461 3430/5296/3462
f 3424/3337/3460 3049/2777/3463 3427/3335/3464 3425/3336/3461
f 3425/3336/3461 3427/3335/3464 3053/3334/3465 3429/3333/3466
f 3430/5296/3462 3425/3336/3461 3429/3333/3466 3052/3332/3467
f 3049/2777/3463 3431/3331/3468 3426/3330/3469 3427/3335/3464
f 3431/3331/3468 3048/3329/3470 3432/3328/3471 3426/3330/3469
f 3426/3330/3469 3432/3328/3471 3050/3326/3472 3434/3325/3473
f 3427/3335/3464 3426/3330/3469 3434/3325/3473 3053/3334/3465
f 3053/3334/3465 3434/3325/3473 3433/3324/3474 3437/3323/3475
f 3434/3325/3473 3050/3326/3472 3435/4109/3476 3433/3324/3474
f 3433/3324/3474 3435/4109/3476 3047/3612/3477 3436/3322/3478
f 3437/3323/3475 3433/3324/3474 3436/3322/3478 3051/3321/3479
f 3052/3332/3467 3429/3333/3466 3428/3320/3480 3439/3319/3481
f 3429/3333/3466 3053/3334/3465 3437/3323/3475 3428/3320/3480
f 3428/3320/3480 3437/3323/3475 3051/3321/3479 3438/5029/3482
f 3439/3319/3481 3428/3320/3480 3438/5029/3482 3046/3318/3483
f 3058/5055/3484 3440/2857/3485 3442/3316/3486 3446/4517/3487
f 3440/2857/3485 3057/3315/3488 3441/3314/3489 3442/3316/3486
f 3442/3316/3486 3441/3314/3489 3059/3313/3490 3444/3312/3491
f 3446/4517/3487 3442/3316/3486 3444/3312/3491 3062/3311/3492
f 3062/3311/3492 3444/3312/3491 3443/3310/3493 3450/3309/3494
f 3444/3312/3491 3059/3313/3490 3447/4995/3495 3443/3310/3493
f 3443/3310/3493 3447/4995/3495 3056/3451/3496 3448/3308/3497
f 3450/3309/3494 3443/3310/3493 3448/3308/3497 3060/3306/3498
f 3054/4466/3499 3451/3305/3500 3452/3808/3501 3456/5263/3502
f 3451/3305/3500 3063/3304/3503 3453/5302/3504 3452/3808/3501
f 3452/3808/3501 3453/5302/3504 3064/3303/3505 3455/3604/3506
f 3456/5263/3502 3452/3808/3501 3455/3604/3506 3061/3302/3507
f 3063/3304/3503 3457/3301/3508 3445/3300/3509 3453/5302/3504
f 3457/3301/3508 3058/5055/3484 3446/4517/3487 3445/3300/3509
f 3445/3300/3509 3446/4517/3487 3062/3311/3492 3458/3299/3510
f 3453/5302/3504 3445/3300/3509 3458/3299/3510 3064/3303/3505
f 3061/3302/3507 3455/3604/3506 3454/3838/3511 3461/4376/3512
f 3455/3604/3506 3064/3303/3505 3459/3298/3513 3454/3838/3511
f 3454/3838/3511 3459/3298/3513 3065/3297/3514 3460/3565/3515
f 3461/4376/3512 3454/3838/3511 3460/3565/3515 3055/3296/3516
f 3064/3303/3505 3458/3299/3510 3449/5070/3517 3459/3298/3513
f 3458/3299/3510 3062/3311/3492 3450/3309/3494 3449/5070/3517
f 3449/5070/3517 3450/3309/3494 3060/3306/3498 3462/5008/3518
f 3459/3298/3513 3449/5070/3517 3462/5008/3518 3065/3297/3514
f 3070/3295/3519 3463/3293/3520 3465/3292/3521 3469/3291/3522
f 3463/3293/3520 3069/3290/3523 3464/3289/3524 3465/3292/3521
f 3465/3292/3521 3464/3289/3524 3071/3288/3525 3467/3287/3526
f 3469/3291/3522 3465/3292/3521 3467/3287/3526 3074/3286/3527
f 3074/3286/3527 3467/3287/3526 3466/3284/3528 3473/3283/3529
f 3467/3287/3526 3071/3288/3525 3470/4973/3530 3466/3284/3528
f 3466/3284/3528 3470/4973/3530 3068/3282/3531 3471/4962/3532
f 3473/3283/3529 3466/3284/3528 3471/4962/3532 3072/3281/3533
f 3066/3280/3534 3474/3279/3535 3475/3277/3536 3479/5235/3537
f 3474/3279/3535 3075/3276/3538 3476/3275/3539 3475/3277/3536
f 3475/3277/3536 3476/3275/3539 3076/5080/3540 3478/3274/3541
f 3479/5235/3537 3475/3277/3536 3478/3274/3541 3073/3273/3542
f 3075/3276/3538 3480/3272/3543 3468/3270/3544 3476/3275/3539
f 3480/3272/3543 3070/3295/3519 3469/3291/3522 3468/3270/3544
f 3468/3270/3544 3469/3291/3522 3074/3286/3527 3481/5124/3545
f 3476/3275/3539 3468/3270/3544 3481/5124/3545 3076/5080/3540
f 3073/3273/3542 3478/3274/3541 3477/3269/3546 3484/3268/3547
f 3478/3274/3541 3076/5080/3540 3482/4800/3548 3477/3269/3546
f 3477/3269/3546 3482/4800/3548 3077/5222/3549 3483/3898/3550
f 3484/3268/3547 3477/3269/3546 3483/3898/3550 3067/3267/3551
f 3076/5080/3540 3481/5124/3545 3472/3266/3552 3482/4800/3548
f 3481/5124/3545 3074/3286/3527 3473/3283/3529 3472/3266/3552
f 3472/3266/3552 3473/3283/3529 3072/3281/3533 3485/3265/3553
f 3482/4800/3548 3472/3266/3552 3485/3265/3553 3077/5222/3549
f 3082/3264/3554 3486/3262/3555 3488/5197/3556 3492/3260/3557
f 3486/3262/3555 3081/5303/3558 3487/3259/3559 3488/5197/3556
f 3488/5197/3556 3487/3259/3559 3083/5388/3560 3490/3258/3561
f 3492/3260/3557 3488/5197/3556 3490/3258/3561 3086/3257/3562
f 3086/3257/3562 3490/3258/3561 3489/3256/3563 3496/3255/3564
f 3490/3258/3561 3083/5388/3560 3493/4965/3565 3489/3256/3563
f 3489/3256/3563 3493/4965/3565 3080/3254/3566 3494/3640/3567
f 3496/3255/3564 3489/3256/3563 3494/3640/3567 3084/3582/3568
f 3078/3253/3569 3497/5370/3570 3498/3252/3571 3502/3251/3572
f 3497/5370/3570 3087/4744/3573 3499/3263/3574 3498/3252/3571
f 3498/3252/3571 3499/3263/3574 3088/5231/3575 3501/3249/3576
f 3502/3251/3572 3498/3252/3571 3501/3249/3576 3085/3248/3577
f 3087/4744/3573 3503/3247/3578 3491/3246/3579 3499/3263/3574
f 3503/3247/3578 3082/3264/3554 3492/3260/3557 3491/3246/3579
f 3491/3246/3579 3492/3260/3557 3086/3257/3562 3504/3245/3580
f 3499/3263/3574 3491/3246/3579 3504/3245/3580 3088/5231/3575
f 3085/3248/3577 3501/3249/3576 3500/5372/3581 3507/3968/3582
f 3501/3249/3576 3088/5231/3575 3505/5373/3583 3500/5372/3581
f 3500/5372/3581 3505/5373/3583 3089/3244/3584 3506/3242/3585
f 3507/3968/3582 3500/5372/3581 3506/3242/3585 3079/3241/3586
f 3088/5231/3575 3504/3245/3580 3495/3240/3587 3505/5373/3583
f 3504/3245/3580 3086/3257/3562 3496/3255/3564 3495/3240/3587
f 3495/3240/3587 3496/3255/3564 3084/3582/3568 3508/3239/3588
f 3505/5373/3583 3495/3240/3587 3508/3239/3588 3089/3244/3584
f 3094/3238/3589 3509/3236/3590 3511/3235/3591 3515/4486/3592
f 3509/3236/3590 3093/3234/3593 3510/4975/3594 3511/3235/3591
f 3511/3235/3591 3510/4975/3594 3095/3233/3595 3513/5191/3596
f 3515/4486/3592 3511/3235/3591 3513/5191/3596 3098/4612/3597
f 3098/4612/3597 3513/5191/3596 3512/3232/3598 3519/3230/3599
f 3513/5191/3596 3095/3233/3595 3516/3229/3600 3512/3232/3598
f 3512/3232/3598 3516/3229/3600 3092/3228/3601 3517/3227/3602
f 3519/3230/3599 3512/3232/3598 3517/3227/3602 3096/3829/3603
f 3090/3226/3604 3520/3225/3605 3521/3223/3606 3525/3221/3607
f 3520/3225/3605 3099/3220/3608 3522/3219/3609 3521/3223/3606
f 3521/3223/3606 3522/3219/3609 3100/3218/3610 3524/3216/3611
f 3525/3221/3607 3521/3223/3606 3524/3216/3611 3097/3214/3612
f 3099/3220/3608 3526/3213/3613 3514/4394/3614 3522/3219/3609
f 3526/3213/3613 3094/3238/3589 3515/4486/3592 3514/4394/3614
f 3514/4394/3614 3515/4486/3592 3098/4612/3597 3527/3211/3615
f 3522/3219/3609 3514/4394/3614 3527/3211/3615 3100/3218/3610
f 3097/3214/3612 3524/3216/3611 3523/3210/3616 3530/3209/3617
f 3524/3216/3611 3100/3218/3610 3528/3208/3618 3523/3210/3616
f 3523/3210/3616 3528/3208/3618 3101/5018/3619 3529/3523/3620
f 3530/3209/3617 3523/3210/3616 3529/3523/3620 3091/3207/3621
f 3100/3218/3610 3527/3211/3615 3518/5301/3622 3528/3208/3618
f 3527/3211/3615 3098/4612/3597 3519/3230/3599 3518/5301/3622
f 3518/5301/3622 3519/3230/3599 3096/3829/3603 3531/4605/3623
f 3528/3208/3618 3518/5301/3622 3531/4605/3623 3101/5018/3619
f 3106/3856/3624 3532/3205/3625 3534/3204/3626 3538/3202/3627
f 3532/3205/3625 3105/5208/3628 3533/3201/3629 3534/3204/3626
f 3534/3204/3626 3533/3201/3629 3107/3200/3630 3536/3198/3631
f 3538/3202/3627 3534/3204/3626 3536/3198/3631 3110/3186/3632
f 3110/3186/3632 3536/3198/3631 3535/3197/3633 3542/3196/3634
f 3536/3198/3631 3107/3200/3630 3539/3194/3635 3535/3197/3633
f 3535/3197/3633 3539/3194/3635 3104/3193/3636 3540/3192/3637
f 3542/3196/3634 3535/3197/3633 3540/3192/3637 3108/3191/3638
f 3102/3190/3639 3543/3189/3640 3544/3188/3641 3548/3187/3642
f 3543/3189/3640 3111/3185/3643 3545/3183/3644 3544/3188/3641
f 3544/3188/3641 3545/3183/3644 3112/3182/3645 3547/3181/3646
f 3548/3187/3642 3544/3188/3641 3547/3181/3646 3109/3179/3647
f 3111/3185/3643 3549/3907/3648 3537/3178/3649 3545/3183/3644
f 3549/3907/3648 3106/3856/3624 3538/3202/3627 3537/3178/3649
f 3537/3178/3649 3538/3202/3627 3110/3186/3632 3550/3177/3650
f 3545/3183/3644 3537/3178/3649 3550/3177/3650 3112/3182/3645
f 3109/3179/3647 3547/3181/3646 3546/3176/3651 3553/3175/3652
f 3547/3181/3646 3112/3182/3645 3551/3174/3653 3546/3176/3651
f 3546/3176/3651 3551/3174/3653 3113/3173/3654 3552/3172/3655
f 3553/3175/3652 3546/3176/3651 3552/3172/3655 3103/3171/3656
f 3112/3182/3645 3550/3177/3650 3541/3170/3657 3551/3174/3653
f 3550/3177/3650 3110/3186/3632 3542/3196/3634 3541/3170/3657
f 3541/3170/3657 3542/3196/3634 3108/3191/3638 3554/3169/3658
f 3551/3174/3653 3541/3170/3657 3554/3169/3658 3113/3173/3654
f 3114/3168/3659 3555/5287/3660 3556/3167/3661 3561/5153/3662
f 3555/5287/3660 3118/3165/3663 3558/3164/3664 3556/3167/3661
f 3556/3167/3661 3558/3164/3664 3122/3163/3665 3560/3483/3666
f 3561/5153/3662 3556/3167/3661 3560/3483/3666 3121/3162/3667
f 3118/3165/3663 3562/3160/3668 3557/3159/3669 3558/3164/3664
f 3562/3160/3668 3117/4924/3670 3563/3158/3671 3557/3159/3669
f 3557/3159/3669 3563/3158/3671 3119/3423/3672 3565/3157/3673
f 3558/3164/3664 3557/3159/3669 3565/3157/3673 3122/3163/3665
f 3122/3163/3665 3565/3157/3673 3564/5257/3674 3568/3156/3675
f 3565/3157/3673 3119/3423/3672 3566/3155/3676 3564/5257/3674
f 3564/5257/3674 3566/3155/3676 3116/3154/3677 3567/3153/3678
f 3568/3156/3675 3564/5257/3674 3567/3153/3678 3120/3152/3679
f 3121/3162/3667 3560/3483/3666 3559/3150/3680 3570/5098/3681
f 3560/3483/3666 3122/3163/3665 3568/3156/3675 3559/3150/3680
f 3559/3150/3680 3568/3156/3675 3120/3152/3679 3569/5270/3682
f 3570/5098/3681 3559/3150/3680 3569/5270/3682 3115/3195/3683
f 3123/3149/3684 3571/3148/3685 3572/3394/3686 3577/3147/3687
f 3571/3148/3685 3127/3146/3688 3574/3144/3689 3572/3394/3686
f 3572/3394/3686 3574/3144/3689 3131/3143/3690 3576/3142/3691
f 3577/3147/3687 3572/3394/3686 3576/3142/3691 3130/3141/3692
f 3127/3146/3688 3578/3140/3693 3573/3139/3694 3574/3144/3689
f 3578/3140/3693 3126/3138/3695 3579/3137/3696 3573/3139/3694
f 3573/3139/3694 3579/3137/3696 3128/3136/3697 3581/3135/3698
f 3574/3144/3689 3573/3139/3694 3581/3135/3698 3131/3143/3690
f 3131/3143/3690 3581/3135/3698 3580/4158/3699 3584/3134/3700
f 3581/3135/3698 3128/3136/3697 3582/4536/3701 3580/4158/3699
f 3580/4158/3699 3582/4536/3701 3125/3133/3702 3583/5087/3703
f 3584/3134/3700 3580/4158/3699 3583/5087/3703 3129/3132/3704
f 3130/3141/3692 3576/3142/3691 3575/3131/3705 3586/3129/3706
f 3576/3142/3691 3131/3143/3690 3584/3134/3700 3575/3131/3705
f 3575/3131/3705 3584/3134/3700 3129/3132/3704 3585/3243/3707
f 3586/3129/3706 3575/3131/3705 3585/3243/3707 3124/3128/3708
f 3132/3127/3709 3587/3126/3710 3588/3125/3711 3593/3124/3712
f 3587/3126/3710 3136/3123/3713 3590/3121/3714 3588/3125/3711
f 3588/3125/3711 3590/3121/3714 3140/3120/3715 3592/3119/3716
f 3593/3124/3712 3588/3125/3711 3592/3119/3716 3139/3118/3717
f 3136/3123/3713 3594/3117/3718 3589/3116/3719 3590/3121/3714
f 3594/3117/3718 3135/3115/3720 3595/3114/3721 3589/3116/3719
f 3589/3116/3719 3595/3114/3721 3137/3113/3722 3597/3112/3723
f 3590/3121/3714 3589/3116/3719 3597/3112/3723 3140/3120/3715
f 3140/3120/3715 3597/3112/3723 3596/3110/3724 3600/3108/3725
f 3597/3112/3723 3137/3113/3722 3598/4339/3726 3596/3110/3724
f 3596/3110/3724 3598/4339/3726 3134/5048/3727 3599/3491/3728
f 3600/3108/3725 3596/3110/3724 3599/3491/3728 3138/3107/3729
f 3139/3118/3717 3592/3119/3716 3591/3106/3730 3602/3105/3731
f 3592/3119/3716 3140/3120/3715 3600/3108/3725 3591/3106/3730
f 3591/3106/3730 3600/3108/3725 3138/3107/3729 3601/4502/3732
f 3602/3105/3731 3591/3106/3730 3601/4502/3732 3133/3104/3733
f 3141/3102/3734 3603/3101/3735 3604/3100/3736 3609/3099/3737
f 3603/3101/3735 3145/5047/3738 3606/4729/3739 3604/3100/3736
f 3604/3100/3736 3606/4729/3739 3149/3098/3740 3608/3096/3741
f 3609/3099/3737 3604/3100/3736 3608/3096/3741 3148/3095/3742
f 3145/5047/3738 3610/3094/3743 3605/3093/3744 3606/4729/3739
f 3610/3094/3743 3144/3767/3745 3611/3092/3746 3605/3093/3744
f 3605/3093/3744 3611/3092/3746 3146/3091/3747 3613/5220/3748
f 3606/4729/3739 3605/3093/3744 3613/5220/3748 3149/3098/3740
f 3149/3098/3740 3613/5220/3748 3612/3089/3749 3616/3088/3750
f 3613/5220/3748 3146/3091/3747 3614/4431/3751 3612/3089/3749
f 3612/3089/3749 3614/4431/3751 3143/4371/3752 3615/2797/3753
f 3616/3088/3750 3612/3089/3749 3615/2797/3753 3147/3087/3754
f 3148/3095/3742 3608/3096/3741 3607/3085/3755 3618/3084/3756
f 3608/3096/3741 3149/3098/3740 3616/3088/3750 3607/3085/3755
f 3607/3085/3755 3616/3088/3750 3147/3087/3754 3617/3083/3757
f 3618/3084/3756 3607/3085/3755 3617/3083/3757 3142/4381/3758
f 3150/3081/3759 3619/2910/3760 3620/5264/3761 3625/3080/3762
f 3619/2910/3760 3154/3078/3763 3622/5042/3764 3620/5264/3761
f 3620/5264/3761 3622/5042/3764 3158/3077/3765 3624/3076/3766
f 3625/3080/3762 3620/5264/3761 3624/3076/3766 3157/3075/3767
f 3154/3078/3763 3626/3074/3768 3621/3073/3769 3622/5042/3764
f 3626/3074/3768 3153/3072/3770 3627/3071/3771 3621/3073/3769
f 3621/3073/3769 3627/3071/3771 3155/4574/3772 3629/3070/3773
f 3622/5042/3764 3621/3073/3769 3629/3070/3773 3158/3077/3765
f 3158/3077/3765 3629/3070/3773 3628/4678/3774 3632/3069/3775
f 3629/3070/3773 3155/4574/3772 3630/5150/3776 3628/4678/3774
f 3628/4678/3774 3630/5150/3776 3152/4127/3777 3631/3067/3778
f 3632/3069/3775 3628/4678/3774 3631/3067/3778 3156/3066/3779
f 3157/3075/3767 3624/3076/3766 3623/3065/3780 3634/3064/3781
f 3624/3076/3766 3158/3077/3765 3632/3069/3775 3623/3065/3780
f 3623/3065/3780 3632/3069/3775 3156/3066/3779 3633/3914/3782
f 3634/3064/3781 3623/3065/3780 3633/3914/3782 3151/3063/3783
f 3159/3061/3784 3635/4971/3785 3636/3060/3786 3641/4424/3787
f 3635/4971/3785 3163/3058/3788 3638/3057/3789 3636/3060/3786
f 3636/3060/3786 3638/3057/3789 3167/3056/3790 3640/3055/3791
f 3641/4424/3787 3636/3060/3786 3640/3055/3791 3166/3053/3792
f 3163/3058/3788 3642/3052/3793 3637/3051/3794 3638/3057/3789
f 3642/3052/3793 3162/3049/3795 3643/3048/3796 3637/3051/3794
f 3637/3051/3794 3643/3048/3796 3164/3111/3797 3645/3047/3798
f 3638/3057/3789 3637/3051/3794 3645/3047/3798 3167/3056/3790
f 3167/3056/3790 3645/3047/3798 3644/3046/3799 3648/4591/3800
f 3645/3047/3798 3164/3111/3797 3646/3045/3801 3644/3046/3799
f 3644/3046/3799 3646/3045/3801 3161/3044/3802 3647/3042/3803
f 3648/4591/3800 3644/3046/3799 3647/3042/3803 3165/3040/3804
f 3166/3053/3792 3640/3055/3791 3639/5125/3805 3650/2802/3806
f 3640/3055/3791 3167/3056/3790 3648/4591/3800 3639/5125/3805
f 3639/5125/3805 3648/4591/3800 3165/3040/3804 3649/3039/3807
f 3650/2802/3806 3639/5125/3805 3649/3039/3807 3160/3038/3808
f 3168/3037/3809 3651/3036/3810 3652/3034/3811 3657/4615/3812
f 3651/3036/3810 3172/2963/3813 3654/3032/3814 3652/3034/3811
f 3652/3034/3811 3654/3032/3814 3176/3031/3815 3656/5242/3816
f 3657/4615/3812 3652/3034/3811 3656/5242/3816 3175/3030/3817
f 3172/2963/3813 3658/3029/3818 3653/3026/3819 3654/3032/3814
f 3658/3029/3818 3171/3024/3820 3659/3022/3821 3653/3026/3819
f 3653/3026/3819 3659/3022/3821 3173/5192/3822 3661/3021/3823
f 3654/3032/3814 3653/3026/3819 3661/3021/3823 3176/3031/3815
f 3176/3031/3815 3661/3021/3823 3660/3020/3824 3664/3019/3825
f 3661/3021/3823 3173/5192/3822 3662/3018/3826 3660/3020/3824
f 3660/3020/3824 3662/3018/3826 3170/4640/3827 3663/3017/3828
f 3664/3019/3825 3660/3020/3824 3663/3017/3828 3174/3016/3829
f 3175/3030/3817 3656/5242/3816 3655/3015/3830 3666/5273/3831
f 3656/5242/3816 3176/3031/3815 3664/3019/3825 3655/3015/3830
f 3655/3015/3830 3664/3019/3825 3174/3016/3829 3665/3014/3832
f 3666/5273/3831 3655/3015/3830 3665/3014/3832 3169/5060/3833
f 3177/3012/3834 3667/2793/3835 3668/3011/3836 3673/3010/3837
f 3667/2793/3835 3181/3009/3838 3670/3008/3839 3668/3011/3836
f 3668/3011/3836 3670/3008/3839 3185/3007/3840 3672/3006/3841
f 3673/3010/3837 3668/3011/3836 3672/3006/3841 3184/3005/3842
f 3181/3009/3838 3674/3004/3843 3669/3003/3844 3670/3008/3839
f 3674/3004/3843 3180/3002/3845 3675/3000/3846 3669/3003/3844
f 3669/3003/3844 3675/3000/3846 3182/2999/3847 3677/2998/3848
f 3670/3008/3839 3669/3003/3844 3677/2998/3848 3185/3007/3840
f 3185/3007/3840 3677/2998/3848 3676/2997/3849 3680/2996/3850
f 3677/2998/3848 3182/2999/3847 3678/2995/3851 3676/2997/3849
f 3676/2997/3849 3678/2995/3851 3179/2993/3852 3679/2992/3853
f 3680/2996/3850 3676/2997/3849 3679/2992/3853 3183/2990/3854
f 3184/3005/3842 3672/3006/3841 3671/4956/3855 3682/4046/3856
f 3672/3006/3841 3185/3007/3840 3680/2996/3850 3671/4956/3855
f 3671/4956/3855 3680/2996/3850 3183/2990/3854 3681/2989/3857
f 3682/4046/3856 3671/4956/3855 3681/2989/3857 3178/2988/3858
f 3186/2987/3859 3683/2986/3860 3684/2984/3861 3689/2983/3862
f 3683/2986/3860 3190/2982/3863 3686/2981/3864 3684/2984/3861
f 3684/2984/3861 3686/2981/3864 3194/2980/3865 3688/2979/3866
f 3689/2983/3862 3684/2984/3861 3688/2979/3866 3193/2978/3867
f 3190/2982/3863 3690/2977/3868 3685/2976/3869 3686/2981/3864
f 3690/2977/3868 3189/4119/3870 3691/2974/3871 3685/2976/3869
f 3685/2976/3869 3691/2974/3871 3191/4006/3872 3693/2971/3873
f 3686/2981/3864 3685/2976/3869 3693/2971/3873 3194/2980/3865
f 3194/2980/3865 3693/2971/3873 3692/2970/3874 3696/2969/3875
f 3693/2971/3873 3191/4006/3872 3694/2968/3876 3692/2970/3874
f 3692/2970/3874 3694/2968/3876 3188/2965/3877 3695/2964/3878
f 3696/2969/3875 3692/2970/3874 3695/2964/3878 3192/2961/3879
f 3193/2978/3867 3688/2979/3866 3687/2960/3880 3698/2959/3881
f 3688/2979/3866 3194/2980/3865 3696/2969/3875 3687/2960/3880
f 3687/2960/3880 3696/2969/3875 3192/2961/3879 3697/2957/3882
f 3698/2959/3881 3687/2960/3880 3697/2957/3882 3187/2897/3883
f 3195/2956/3884 3699/3803/3885 3700/2955/3886 3705/3145/3887
f 3699/3803/3885 3199/2954/3888 3702/2953/3889 3700/2955/3886
f 3700/2955/3886 3702/2953/3889 3203/2952/3890 3704/2951/3891
f 3705/3145/3887 3700/2955/3886 3704/2951/3891 3202/2950/3892
f 3199/2954/3888 3706/2949/3893 3701/2948/3894 3702/2953/3889
f 3706/2949/3893 3198/2946/3895 3707/2944/3896 3701/2948/3894
f 3701/2948/3894 3707/2944/3896 3200/2942/3897 3709/2941/3898
f 3702/2953/3889 3701/2948/3894 3709/2941/3898 3203/2952/3890
f 3203/2952/3890 3709/2941/3898 3708/2940/3899 3712/2938/3900
f 3709/2941/3898 3200/2942/3897 3710/2937/3901 3708/2940/3899
f 3708/2940/3899 3710/2937/3901 3197/2936/3902 3711/2935/3903
f 3712/2938/3900 3708/2940/3899 3711/2935/3903 3201/2934/3904
f 3202/2950/3892 3704/2951/3891 3703/2933/3905 3714/2932/3906
f 3704/2951/3891 3203/2952/3890 3712/2938/3900 3703/2933/3905
f 3703/2933/3905 3712/2938/3900 3201/2934/3904 3713/2931/3907
f 3714/2932/3906 3703/2933/3905 3713/2931/3907 3196/2930/3908
f 3715/2929/3909 3958/5165/3910 3959/4340/3911 3964/5304/3912
f 3958/5165/3910 3719/2928/3913 3961/2927/3914 3959/4340/3911
f 3959/4340/3911 3961/2927/3914 3723/2926/3915 3963/2924/3916
f 3964/5304/3912 3959/4340/3911 3963/2924/3916 3722/2923/3917
f 3719/2928/3913 3965/2922/3918 3960/2921/3919 3961/2927/3914
f 3965/2922/3918 3718/2920/3920 3966/2917/3921 3960/2921/3919
f 3960/2921/3919 3966/2917/3921 3720/4326/3922 3968/2916/3923
f 3961/2927/3914 3960/2921/3919 3968/2916/3923 3723/2926/3915
f 3723/2926/3915 3968/2916/3923 3967/2915/3924 3971/2914/3925
f 3968/2916/3923 3720/4326/3922 3969/2913/3926 3967/2915/3924
f 3967/2915/3924 3969/2913/3926 3717/3683/3927 3970/4418/3928
f 3971/2914/3925 3967/2915/3924 3970/4418/3928 3721/2912/3929
f 3722/2923/3917 3963/2924/3916 3962/2911/3930 3973/2909/3931
f 3963/2924/3916 3723/2926/3915 3971/2914/3925 3962/2911/3930
f 3962/2911/3930 3971/2914/3925 3721/2912/3929 3972/2907/3932
f 3973/2909/3931 3962/2911/3930 3972/2907/3932 3716/2905/3933
f 3724/2962/3934 3974/3599/3935 3975/2904/3936 3979/2903/3937
f 3974/3599/3935 3726/3362/3938 3977/2902/3939 3975/2904/3940
f 3975/2904/3941 3977/2902/3939 3729/2901/3942 3978/5325/3943
f 3979/2903/3937 3975/2904/3940 3978/5325/3943 3728/2900/3944
f 3726/3362/3938 3980/2899/3945 3976/2898/3946 3977/2902/3939
f 3980/2899/3945 3725/2896/3947 3981/2895/3948 3976/2898/3946
f 3976/2898/3946 3981/2895/3948 3727/2894/3949 3982/2893/3950
f 3977/2902/3939 3976/2898/3946 3982/2893/3950 3729/2901/3942
f 3730/4334/3951 3983/2892/3952 3984/2890/3953 3989/2889/3954
f 3983/2892/3952 3734/2888/3955 3986/4686/3956 3984/2890/3953
f 3984/2890/3953 3986/4686/3956 3738/2966/3957 3988/2887/3958
f 3989/2889/3954 3984/2890/3953 3988/2887/3958 3737/3180/3959
f 3734/2888/3955 3990/2886/3960 3985/2771/3961 3986/4686/3956
f 3990/2886/3960 3733/2885/3962 3991/2884/3963 3985/2771/3961
f 3985/2771/3961 3991/2884/3963 3735/2883/3964 3993/2882/3965
f 3986/4686/3956 3985/2771/3961 3993/2882/3965 3738/2966/3957
f 3738/2966/3957 3993/2882/3965 3992/2881/3966 3996/3922/3967
f 3993/2882/3965 3735/2883/3964 3994/2880/3968 3992/2881/3966
f 3992/2881/3966 3994/2880/3968 3732/2879/3969 3995/2878/3970
f 3996/3922/3967 3992/2881/3966 3995/2878/3970 3736/4438/3971
f 3737/3180/3959 3988/2887/3958 3987/2877/3972 3998/2876/3973
f 3988/2887/3958 3738/2966/3957 3996/3922/3967 3987/2877/3972
f 3987/2877/3972 3996/3922/3967 3736/4438/3971 3997/2875/3974
f 3998/2876/3973 3987/2877/3972 3997/2875/3974 3731/2874/3975
f 3739/2873/3976 3999/2872/3977 4000/2871/3978 4005/2870/3979
f 3999/2872/3977 3743/3746/3980 4002/2869/3981 4000/2871/3978
f 4000/2871/3978 4002/2869/3981 3747/2868/3982 4004/2867/3983
f 4005/2870/3979 4000/2871/3978 4004/2867/3983 3746/2866/3984
f 3743/3746/3980 4006/5335/3985 4001/5216/3986 4002/2869/3981
f 4006/5335/3985 3742/2865/3987 4007/2864/3988 4001/5216/3986
f 4001/5216/3986 4007/2864/3988 3744/2863/3989 4009/2862/3990
f 4002/2869/3981 4001/5216/3986 4009/2862/3990 3747/2868/3982
f 3747/2868/3982 4009/2862/3990 4008/2861/3991 4012/2860/3992
f 4009/2862/3990 3744/2863/3989 4010/2859/3993 4008/2861/3991
f 4008/2861/3991 4010/2859/3993 3741/4413/3994 4011/2858/3995
f 4012/2860/3992 4008/2861/3991 4011/2858/3995 3745/2856/3996
f 3746/2866/3984 4004/2867/3983 4003/2855/3997 4014/2854/3998
f 4004/2867/3983 3747/2868/3982 4012/2860/3992 4003/2855/3997
f 4003/2855/3997 4012/2860/3992 3745/2856/3996 4013/2853/3999
f 4014/2854/3998 4003/2855/3997 4013/2853/3999 3740/2852/4000
f 3748/2851/4001 4015/2850/4002 4016/5174/4003 4021/2848/4004
f 4015/2850/4002 3752/3848/4005 4018/2847/4006 4016/5174/4003
f 4016/5174/4003 4018/2847/4006 3756/2846/4007 4020/2845/4008
f 4021/2848/4004 4016/5174/4003 4020/2845/4008 3755/2843/4009
f 3752/3848/4005 4022/2842/4010 4017/2841/4011 4018/2847/4006
f 4022/2842/4010 3751/2839/4012 4023/2837/4013 4017/2841/4011
f 4017/2841/4011 4023/2837/4013 3753/2835/4014 4025/5190/4015
f 4018/2847/4006 4017/2841/4011 4025/5190/4015 3756/2846/4007
f 3756/2846/4007 4025/5190/4015 4024/2833/4016 4028/2832/4017
f 4025/5190/4015 3753/2835/4014 4026/2947/4018 4024/2833/4016
f 4024/2833/4016 4026/2947/4018 3750/5027/4019 4027/2831/4020
f 4028/2832/4017 4024/2833/4016 4027/2831/4020 3754/2829/4021
f 3755/2843/4009 4020/2845/4008 4019/2828/4022 4030/2827/4023
f 4020/2845/4008 3756/2846/4007 4028/2832/4017 4019/2828/4022
f 4019/2828/4022 4028/2832/4017 3754/2829/4021 4029/3401/4024
f 4030/2827/4023 4019/2828/4022 4029/3401/4024 3749/2826/4025
f 3757/2824/4026 4031/5267/4027 4032/2823/4028 4037/2821/4029
f 4031/5267/4027 3761/2973/4030 4034/2820/4031 4032/2823/4028
f 4032/2823/4028 4034/2820/4031 3765/5113/4032 4036/2819/4033
f 4037/2821/4029 4032/2823/4028 4036/2819/4033 3764/4969/4034
f 3761/2973/4030 4038/5067/4035 4033/2818/4036 4034/2820/4031
f 4038/5067/4035 3760/2817/4037 4039/5009/4038 4033/2818/4036
f 4033/2818/4036 4039/5009/4038 3762/3703/4039 4041/2815/4040
f 4034/2820/4031 4033/2818/4036 4041/2815/4040 3765/5113/4032
f 3765/5113/4032 4041/2815/4040 4040/2814/4041 4044/2813/4042
f 4041/2815/4040 3762/3703/4039 4042/2811/4043 4040/2814/4041
f 4040/2814/4041 4042/2811/4043 3759/4059/4044 4043/3532/4045
f 4044/2813/4042 4040/2814/4041 4043/3532/4045 3763/2809/4046
f 3764/4969/4034 4036/2819/4033 4035/2808/4047 4046/5020/4048
f 4036/2819/4033 3765/5113/4032 4044/2813/4042 4035/2808/4047
f 4035/2808/4047 4044/2813/4042 3763/2809/4046 4045/5324/4049
f 4046/5020/4048 4035/2808/4047 4045/5324/4049 3758/2807/4050
f 3766/2806/4051 4047/2805/4052 4048/2803/4053 4053/2800/4054
f 4047/2805/4052 3770/2799/4055 4050/2798/4056 4048/2803/4053
f 4048/2803/4053 4050/2798/4056 3774/2796/4057 4052/4163/4058
f 4053/2800/4054 4048/2803/4053 4052/4163/4058 3773/2795/4059
f 3770/2799/4055 4054/3776/4060 4049/2794/4061 4050/2798/4056
f 4054/3776/4060 3769/5001/4062 4055/2791/4063 4049/2794/4061
f 4049/2794/4061 4055/2791/4063 3771/2790/4064 4057/2789/4065
f 4050/2798/4056 4049/2794/4061 4057/2789/4065 3774/2796/4057
f 3774/2796/4057 4057/2789/4065 4056/2788/4066 4060/2787/4067
f 4057/2789/4065 3771/2790/4064 4058/2785/4068 4056/2788/4066
f 4056/2788/4066 4058/2785/4068 3768/2784/4069 4059/2783/4070
f 4060/2787/4067 4056/2788/4066 4059/2783/4070 3772/2782/4071
f 3773/2795/4059 4052/4163/4058 4051/2779/4072 4062/2778/4073
f 4052/4163/4058 3774/2796/4057 4060/2787/4067 4051/2779/4072
f 4051/2779/4072 4060/2787/4067 3772/2782/4071 4061/2776/4074
f 4062/2778/4073 4051/2779/4072 4061/2776/4074 3767/2775/4075
f 3775/3865/4076 4063/2774/4077 4064/2773/4078 4069/4775/4079
f 4063/2774/4077 3779/2772/4080 4066/2770/4081 4064/2773/4078
f 4064/2773/4078 4066/2770/4081 3783/2768/4082 4068/2767/4083
f 4069/4775/4079 4064/2773/4078 4068/2767/4083 3782/2766/4084
f 3779/2772/4080 4070/2765/4085 4065/2764/4086 4066/2770/4081
f 4070/2765/4085 3778/5316/4087 4071/5326/4088 4065/2764/4086
f 4065/2764/4086 4071/5326/4088 3780/5046/4089 4073/2763/4090
f 4066/2770/4081 4065/2764/4086 4073/2763/4090 3783/2768/4082
f 3783/2768/4082 4073/2763/4090 4072/3788/4091 4076/2762/4092
f 4073/2763/4090 3780/5046/4089 4074/2761/4093 4072/3788/4091
f 4072/3788/4091 4074/2761/4093 3777/2760/4094 4075/2759/4095
f 4076/2762/4092 4072/3788/4091 4075/2759/4095 3781/2758/4096
f 3782/2766/4084 4068/2767/4083 4067/2757/4097 4078/2756/4098
f 4068/2767/4083 3783/2768/4082 4076/2762/4092 4067/2757/4097
f 4067/2757/4097 4076/2762/4092 3781/2758/4096 4077/2755/4099
f 4078/2756/4098 4067/2757/4097 4077/2755/4099 3776/5403/4100
f 3784/2754/4101 4079/2753/4102 4080/2752/4103 4085/4562/4104
f 4079/2753/4102 3788/3222/4105 4082/2751/4106 4080/2752/4103
f 4080/2752/4103 4082/2751/4106 3792/2750/4107 4084/3886/4108
f 4085/4562/4104 4080/2752/4103 4084/3886/4108 3791/2749/4109
f 3788/3222/4105 4086/5214/4110 4081/2748/4111 4082/2751/4106
f 4086/5214/4110 3787/2746/4112 4087/2745/4113 4081/2748/4111
f 4081/2748/4111 4087/2745/4113 3789/2743/4114 4089/4996/4115
f 4082/2751/4106 4081/2748/4111 4089/4996/4115 3792/2750/4107
f 3792/2750/4107 4089/4996/4115 4088/2742/4116 4092/2741/4117
f 4089/4996/4115 3789/2743/4114 4090/2740/4118 4088/2742/4116
f 4088/2742/4116 4090/2740/4118 3786/3877/4119 4091/2739/4120
f 4092/2741/4117 4088/2742/4116 4091/2739/4120 3790/2738/4121
f 3791/2749/4109 4084/3886/4108 4083/2737/4122 4094/2736/4123
f 4084/3886/4108 3792/2750/4107 4092/2741/4117 4083/2737/4122
f 4083/2737/4122 4092/2741/4117 3790/2738/4121 4093/2735/4124
f 4094/2736/4123 4083/2737/4122 4093/2735/4124 3785/4940/4125
f 3793/2734/4126 4095/2733/4127 4096/2731/4128 4101/5101/4129
f 4095/2733/4127 3797/2730/4130 4098/2728/4131 4096/2731/4128
f 4096/2731/4128 4098/2728/4131 3801/2679/4132 4100/4013/4133
f 4101/5101/4129 4096/2731/4128 4100/4013/4133 3800/2726/4134
f 3797/2730/4130 4102/2725/4135 4097/4034/4136 4098/2728/4131
f 4102/2725/4135 3796/3431/4137 4103/2723/4138 4097/4034/4136
f 4097/4034/4136 4103/2723/4138 3798/2722/4139 4105/2721/4140
f 4098/2728/4131 4097/4034/4136 4105/2721/4140 3801/2679/4132
f 3801/2679/4132 4105/2721/4140 4104/2720/4141 4108/2719/4142
f 4105/2721/4140 3798/2722/4139 4106/2718/4143 4104/2720/4141
f 4104/2720/4141 4106/2718/4143 3795/2717/4144 4107/5248/4145
f 4108/2719/4142 4104/2720/4141 4107/5248/4145 3799/2715/4146
f 3800/2726/4134 4100/4013/4133 4099/2985/4147 4110/2714/4148
f 4100/4013/4133 3801/2679/4132 4108/2719/4142 4099/2985/4147
f 4099/2985/4147 4108/2719/4142 3799/2715/4146 4109/4964/4149
f 4110/2714/4148 4099/2985/4147 4109/4964/4149 3794/2713/4150
f 3802/2712/4151 4111/2711/4152 4112/2710/4153 4117/2709/4154
f 4111/2711/4152 3806/2708/4155 4114/2707/4156 4112/2710/4153
f 4112/2710/4153 4114/2707/4156 3810/2706/4157 4116/2705/4158
f 4117/2709/4154 4112/2710/4153 4116/2705/4158 3809/2703/4159
f 3806/2708/4155 4118/2702/4160 4113/2701/4161 4114/2707/4156
f 4118/2702/4160 3805/2700/4162 4119/5132/4163 4113/2701/4161
f 4113/2701/4161 4119/5132/4163 3807/2698/4164 4121/2697/4165
f 4114/2707/4156 4113/2701/4161 4121/2697/4165 3810/2706/4157
f 3810/2706/4157 4121/2697/4165 4120/2696/4166 4124/3429/4167
f 4121/2697/4165 3807/2698/4164 4122/5400/4168 4120/2696/4166
f 4120/2696/4166 4122/5400/4168 3804/2695/4169 4123/2693/4170
f 4124/3429/4167 4120/2696/4166 4123/2693/4170 3808/5399/4171
f 3809/2703/4159 4116/2705/4158 4115/2834/4172 4126/2692/4173
f 4116/2705/4158 3810/2706/4157 4124/3429/4167 4115/2834/4172
f 4115/2834/4172 4124/3429/4167 3808/5399/4171 4125/2690/4174
f 4126/2692/4173 4115/2834/4172 4125/2690/4174 3803/2688/4175
f 3811/2686/4176 4127/2685/4177 4128/3476/4178 4133/2683/4179
f 4127/2685/4177 3815/2682/4180 4130/2684/4181 4128/3476/4178
f 4128/3476/4178 4130/2684/4181 3819/5037/4182 4132/2681/4183
f 4133/2683/4179 4128/3476/4178 4132/2681/4183 3818/2680/4184
f 3815/2682/4180 4134/2678/4185 4129/2677/4186 4130/2684/4181
f 4134/2678/4185 3814/2676/4187 4135/2675/4188 4129/2677/4186
f 4129/2677/4186 4135/2675/4188 3816/2674/4189 4137/2673/4190
f 4130/2684/4181 4129/2677/4186 4137/2673/4190 3819/5037/4182
f 3819/5037/4182 4137/2673/4190 4136/2672/4191 4140/2671/4192
f 4137/2673/4190 3816/2674/4189 4138/2670/4193 4136/2672/4191
f 4136/2672/4191 4138/2670/4193 3813/2668/4194 4139/3864/4195
f 4140/2671/4192 4136/2672/4191 4139/3864/4195 3817/2667/4196
f 3818/2680/4184 4132/2681/4183 4131/5003/4197 4142/2666/4198
f 4132/2681/4183 3819/5037/4182 4140/2671/4192 4131/5003/4197
f 4131/5003/4197 4140/2671/4192 3817/2667/4196 4141/2665/4199
f 4142/2666/4198 4131/5003/4197 4141/2665/4199 3812/2664/4200
f 3820/2663/4201 4143/2662/4202 4144/2660/4203 4149/2659/4204
f 4143/2662/4202 3824/2658/4205 4146/4033/4206 4144/2660/4203
f 4144/2660/4203 4146/4033/4206 3828/2657/4207 4148/2656/4208
f 4149/2659/4204 4144/2660/4203 4148/2656/4208 3827/2655/4209
f 3824/2658/4205 4150/2653/4210 4145/2652/4211 4146/4033/4206
f 4150/2653/4210 3823/2651/4212 4151/2650/4213 4145/2652/4211
f 4145/2652/4211 4151/2650/4213 3825/2649/4214 4153/2648/4215
f 4146/4033/4206 4145/2652/4211 4153/2648/4215 3828/2657/4207
f 3828/2657/4207 4153/2648/4215 4152/2647/4216 4156/2646/4217
f 4153/2648/4215 3825/2649/4214 4154/2645/4218 4152/2647/4216
f 4152/2647/4216 4154/2645/4218 3822/5170/4219 4155/2644/4220
f 4156/2646/4217 4152/2647/4216 4155/2644/4220 3826/2643/4221
f 3827/2655/4209 4148/2656/4208 4147/2642/4222 4158/2641/4223
f 4148/2656/4208 3828/2657/4207 4156/2646/4217 4147/2642/4222
f 4147/2642/4222 4156/2646/4217 3826/2643/4221 4157/2639/4224
f 4158/2641/4223 4147/2642/4222 4157/2639/4224 3821/2669/4225
f 3829/2638/4226 4159/2637/4227 4160/5297/4228 4165/2636/4229
f 4159/2637/4227 3833/2635/4230 4162/2634/4231 4160/5297/4228
f 4160/5297/4228 4162/2634/4231 3837/2633/4232 4164/4710/4233
f 4165/2636/4229 4160/5297/4228 4164/4710/4233 3836/2632/4234
f 3833/2635/4230 4166/2631/4235 4161/2630/4236 4162/2634/4231
f 4166/2631/4235 3832/2629/4237 4167/2628/4238 4161/2630/4236
f 4161/2630/4236 4167/2628/4238 3834/2627/4239 4169/2625/4240
f 4162/2634/4231 4161/2630/4236 4169/2625/4240 3837/2633/4232
f 3837/2633/4232 4169/2625/4240 4168/2624/4241 4172/2623/4242
f 4169/2625/4240 3834/2627/4239 4170/2622/4243 4168/2624/4241
f 4168/2624/4241 4170/2622/4243 3831/2621/4244 4171/2620/4245
f 4172/2623/4242 4168/2624/4241 4171/2620/4245 3835/2619/4246
f 3836/2632/4234 4164/4710/4233 4163/2618/4247 4174/5031/4248
f 4164/4710/4233 3837/2633/4232 4172/2623/4242 4163/2618/4247
f 4163/2618/4247 4172/2623/4242 3835/2619/4246 4173/2617/4249
f 4174/5031/4248 4163/2618/4247 4173/2617/4249 3830/2616/4250
f 3838/2615/4251 4175/2613/4252 4176/2612/4253 4180/2610/4254
f 4175/2613/4252 3840/2608/4255 4178/2607/4256 4176/2612/4253
f 4176/2612/4253 4178/2607/4256 3843/2605/4257 4179/2604/4258
f 4180/2610/4254 4176/2612/4253 4179/2604/4258 3842/2603/4259
f 3840/2608/4255 4181/2602/4260 4177/2601/4261 4178/2607/4256
f 4181/2602/4260 3839/2600/4262 4182/2599/4263 4177/2601/4261
f 4177/2601/4261 4182/2599/4263 3841/2598/4264 4183/2597/4265
f 4178/2607/4256 4177/2601/4261 4183/2597/4265 3843/2605/4257
f 3844/2596/4266 4184/2595/4267 4185/2594/4268 4190/2592/4269
f 4184/2595/4267 3848/2591/4270 4187/5243/4271 4185/2594/4268
f 4185/2594/4268 4187/5243/4271 3852/2590/4272 4189/2589/4273
f 4190/2592/4269 4185/2594/4268 4189/2589/4273 3851/2588/4274
f 3848/2591/4270 4191/3363/4275 4186/3217/4276 4187/5243/4271
f 4191/3363/4275 3847/2587/4277 4192/2586/4278 4186/3217/4276
f 4186/3217/4276 4192/2586/4278 3849/2585/4279 4194/2584/4280
f 4187/5243/4271 4186/3217/4276 4194/2584/4280 3852/2590/4272
f 3852/2590/4272 4194/2584/4280 4193/2583/4281 4197/2582/4282
f 4194/2584/4280 3849/2585/4279 4195/2581/4283 4193/2583/4281
f 4193/2583/4281 4195/2581/4283 3846/2580/4284 4196/2579/4285
f 4197/2582/4282 4193/2583/4281 4196/2579/4285 3850/2578/4286
f 3851/2588/4274 4189/2589/4273 4188/2577/4287 4199/2576/4288
f 4189/2589/4273 3852/2590/4272 4197/2582/4282 4188/2577/4287
f 4188/2577/4287 4197/2582/4282 3850/2578/4286 4198/2575/4289
f 4199/2576/4288 4188/2577/4287 4198/2575/4289 3845/2574/4290
f 3853/2573/4291 4200/2571/4292 4201/2569/4293 4206/5109/4294
f 4200/2571/4292 3857/2568/4295 4203/2567/4296 4201/2569/4293
f 4201/2569/4293 4203/2567/4296 3861/2566/4297 4205/2844/4298
f 4206/5109/4294 4201/2569/4293 4205/2844/4298 3860/2565/4299
f 3857/2568/4295 4207/2563/4300 4202/2562/4301 4203/2567/4296
f 4207/2563/4300 3856/2561/4302 4208/2560/4303 4202/2562/4301
f 4202/2562/4301 4208/2560/4303 3858/2559/4304 4210/5368/4305
f 4203/2567/4296 4202/2562/4301 4210/5368/4305 3861/2566/4297
f 3861/2566/4297 4210/5368/4305 4209/5352/4306 4213/2558/4307
f 4210/5368/4305 3858/2559/4304 4211/2557/4308 4209/5352/4306
f 4209/5352/4306 4211/2557/4308 3855/2556/4309 4212/2555/4310
f 4213/2558/4307 4209/5352/4306 4212/2555/4310 3859/2554/4311
f 3860/2565/4299 4205/2844/4298 4204/2553/4312 4215/2552/4313
f 4205/2844/4298 3861/2566/4297 4213/2558/4307 4204/2553/4312
f 4204/2553/4312 4213/2558/4307 3859/2554/4311 4214/2551/4314
f 4215/2552/4313 4204/2553/4312 4214/2551/4314 3854/2550/4315
f 3862/2549/4316 4216/2548/4317 4217/2547/4318 4222/2546/4319
f 4216/2548/4317 3866/2543/4320 4219/2542/4321 4217/2547/4318
f 4217/2547/4318 4219/2542/4321 3870/2541/4322 4221/2540/4323
f 4222/2546/4319 4217/2547/4318 4221/2540/4323 3869/2539/4324
f 3866/2543/4320 4223/2537/4325 4218/2536/4326 4219/2542/4321
f 4223/2537/4325 3865/2535/4327 4224/2534/4328 4218/2536/4326
f 4218/2536/4326 4224/2534/4328 3867/2533/4329 4226/2532/4330
f 4219/2542/4321 4218/2536/4326 4226/2532/4330 3870/2541/4322
f 3870/2541/4322 4226/2532/4330 4225/2531/4331 4229/5293/4332
f 4226/2532/4330 3867/2533/4329 4227/2530/4333 4225/2531/4331
f 4225/2531/4331 4227/2530/4333 3864/2529/4334 4228/2528/4335
f 4229/5293/4332 4225/2531/4331 4228/2528/4335 3868/2527/4336
f 3869/2539/4324 4221/2540/4323 4220/2526/4337 4231/2525/4338
f 4221/2540/4323 3870/2541/4322 4229/5293/4332 4220/2526/4337
f 4220/2526/4337 4229/5293/4332 3868/2527/4336 4230/2524/4339
f 4231/2525/4338 4220/2526/4337 4230/2524/4339 3863/2523/4340
f 3871/2522/4341 4232/2521/4341 4233/2520/4341 4238/4185/4341
f 4232/2521/4342 3875/2519/4343 4235/2518/4344 4233/2520/4345
f 4233/2520/4346 4235/2518/4344 3879/2517/4347 4237/2516/4348
f 4238/4185/4349 4233/2520/4350 4237/2516/4348 3878/2515/4351
f 3875/2519/4343 4239/2514/4352 4234/2513/4353 4235/2518/4344
f 4239/2514/4352 3874/2511/4354 4240/2510/4355 4234/2513/4353
f 4234/2513/4353 4240/2510/4355 3876/2509/4356 4242/2507/4357
f 4235/2518/4344 4234/2513/4353 4242/2507/4357 3879/2517/4347
f 3879/2517/4347 4242/2507/4358 4241/2506/4359 4245/2505/4360
f 4242/2507/4361 3876/2509/4362 4243/2504/4363 4241/2506/4359
f 4241/2506/4359 4243/2504/4363 3873/4152/4364 4244/4968/4365
f 4245/2505/4360 4241/2506/4359 4244/4968/4365 3877/2503/4366
f 3878/2515/4351 4237/2516/4348 4236/2502/4367 4247/2501/4368
f 4237/2516/4348 3879/2517/4347 4245/2505/4360 4236/2502/4367
f 4236/2502/4367 4245/2505/4360 3877/2503/4366 4246/2500/4369
f 4247/2501/4368 4236/2502/4367 4246/2500/4369 3872/2499/4370
f 3880/2498/4371 4248/2497/4372 4249/2496/4373 4254/2495/4374
f 4248/2497/4372 3884/2494/4375 4251/2492/4376 4249/2496/4373
f 4249/2496/4373 4251/2492/4376 3888/2491/4377 4253/2490/4378
f 4254/2495/4374 4249/2496/4373 4253/2490/4378 3887/4157/4379
f 3884/2494/4375 4255/2489/4380 4250/2488/4381 4251/2492/4376
f 4255/2489/4380 3883/2487/4382 4256/3467/4383 4250/2488/4381
f 4250/2488/4381 4256/3467/4383 3885/2486/4384 4258/2485/4385
f 4251/2492/4376 4250/2488/4381 4258/2485/4385 3888/2491/4377
f 3888/2491/4377 4258/2485/4386 4257/2484/4387 4261/2483/4388
f 4258/2485/4389 3885/2486/4390 4259/2482/4391 4257/2484/4387
f 4257/2484/4387 4259/2482/4391 3882/5024/4392 4260/2481/4393
f 4261/2483/4388 4257/2484/4387 4260/2481/4393 3886/2480/4394
f 3887/4157/4379 4253/2490/4378 4252/2479/4395 4263/2478/4396
f 4253/2490/4378 3888/2491/4377 4261/2483/4388 4252/2479/4395
f 4252/2479/4395 4261/2483/4388 3886/2480/4394 4262/4981/4397
f 4263/2478/4396 4252/2479/4395 4262/4981/4397 3881/2477/4398
f 3889/2476/4399 4264/2475/4400 4265/4958/4401 4270/2474/4402
f 4264/2475/4400 3893/2473/4403 4267/2472/4404 4265/4958/4401
f 4265/4958/4401 4267/2472/4404 3897/2471/4405 4269/2470/4406
f 4270/2474/4402 4265/4958/4401 4269/2470/4406 3896/2469/4407
f 3893/2473/4403 4271/2468/4408 4266/2467/4409 4267/2472/4404
f 4271/2468/4408 3892/2465/4410 4272/2464/4411 4266/2467/4409
f 4266/2467/4409 4272/2464/4411 3894/2463/4412 4274/2462/4413
f 4267/2472/4404 4266/2467/4409 4274/2462/4413 3897/2471/4405
f 3897/2471/4405 4274/2462/4413 4273/2461/4414 4277/2460/4415
f 4274/2462/4413 3894/2463/4412 4275/2458/4416 4273/2461/4414
f 4273/2461/4414 4275/2458/4416 3891/2457/4417 4276/2456/4418
f 4277/2460/4415 4273/2461/4414 4276/2456/4418 3895/2455/4419
f 3896/2469/4407 4269/2470/4406 4268/2454/4420 4279/2453/4421
f 4269/2470/4406 3897/2471/4405 4277/2460/4415 4268/2454/4420
f 4268/2454/4420 4277/2460/4415 3895/2455/4419 4278/2452/4422
f 4279/2453/4421 4268/2454/4420 4278/2452/4422 3890/2451/4423
f 3898/2450/4424 4280/2449/4424 4281/2448/4425 4286/2447/4425
f 4280/2449/4426 3902/2446/4427 4283/2445/4428 4281/2448/4429
f 4281/2448/4429 4283/2445/4428 3906/2444/4430 4285/2443/4431
f 4286/2447/4425 4281/2448/4432 4285/2443/4431 3905/2442/4433
f 3902/2446/4427 4287/2441/4434 4282/2440/4435 4283/2445/4428
f 4287/2441/4434 3901/2438/4436 4288/2437/4437 4282/2440/4435
f 4282/2440/4435 4288/2437/4437 3903/2436/4438 4290/2435/4439
f 4283/2445/4428 4282/2440/4435 4290/2435/4439 3906/2444/4430
f 3906/2444/4430 4290/2435/4440 4289/2434/4441 4293/2433/4442
f 4290/2435/4443 3903/2436/4444 4291/2432/4445 4289/2434/4441
f 4289/2434/4441 4291/2432/4445 3900/2431/4446 4292/2430/4447
f 4293/2433/4442 4289/2434/4441 4292/2430/4447 3904/2429/4448
f 3905/2442/4433 4285/2443/4431 4284/2428/4449 4295/5298/4450
f 4285/2443/4431 3906/2444/4430 4293/2433/4442 4284/2428/4449
f 4284/2428/4449 4293/2433/4442 3904/2429/4448 4294/4736/4451
f 4295/5298/4450 4284/2428/4449 4294/4736/4451 3899/2427/4452
f 3907/2426/4453 4296/2425/4453 4297/2424/4454 4302/2423/4454
f 4296/2425/4455 3911/2422/4456 4299/2421/4457 4297/2424/4458
f 4297/2424/4458 4299/2421/4457 3915/2420/4459 4301/2419/4460
f 4302/2423/4454 4297/2424/4461 4301/2419/4462 3914/2418/4463
f 3911/2422/4456 4303/2417/4464 4298/2727/4465 4299/2421/4457
f 4303/2417/4464 3910/2416/4466 4304/2414/4467 4298/2727/4465
f 4298/2727/4465 4304/2414/4467 3912/2413/4468 4306/2412/4469
f 4299/2421/4457 4298/2727/4465 4306/2412/4469 3915/2420/4459
f 3915/2420/4470 4306/2412/4471 4305/2411/4472 4309/2410/4473
f 4306/2412/4471 3912/2413/4474 4307/2408/4475 4305/2411/4472
f 4305/2411/4472 4307/2408/4475 3909/2407/4476 4308/2406/4477
f 4309/2410/4473 4305/2411/4472 4308/2406/4477 3913/2405/4478
f 3914/2418/4463 4301/2419/4462 4300/2404/4479 4311/2403/4480
f 4301/2419/4481 3915/2420/4470 4309/2410/4473 4300/2404/4479
f 4300/2404/4479 4309/2410/4473 3913/2405/4478 4310/2402/4482
f 4311/2403/4480 4300/2404/4479 4310/2402/4482 3908/2401/4483
f 3916/2400/4484 4312/2399/4485 4313/3516/4486 4318/2397/4487
f 4312/2399/4485 3920/2396/4488 4315/2395/4489 4313/3516/4486
f 4313/3516/4486 4315/2395/4489 3924/2394/4490 4317/2392/4491
f 4318/2397/4487 4313/3516/4486 4317/2392/4492 3923/2391/4493
f 3920/2396/4488 4319/3847/4494 4314/2390/4495 4315/2395/4489
f 4319/3847/4494 3919/4044/4496 4320/2389/4497 4314/2390/4495
f 4314/2390/4495 4320/2389/4497 3921/2388/4498 4322/2387/4499
f 4315/2395/4489 4314/2390/4495 4322/2387/4499 3924/2394/4490
f 3924/2394/4500 4322/2387/4501 4321/2386/4502 4325/2385/4503
f 4322/2387/4504 3921/2388/4498 4323/2384/4505 4321/2386/4502
f 4321/2386/4502 4323/2384/4505 3918/2383/4506 4324/2382/4507
f 4325/2385/4503 4321/2386/4502 4324/2382/4507 3922/3438/4508
f 3923/2391/4493 4317/2392/4492 4316/2380/4509 4327/2379/4510
f 4317/2392/4511 3924/2394/4500 4325/2385/4503 4316/2380/4509
f 4316/2380/4509 4325/2385/4503 3922/3438/4508 4326/2378/4512
f 4327/2379/4510 4316/2380/4509 4326/2378/4512 3917/2377/4513
f 3925/2376/4514 4328/2375/4515 4329/2374/4515 4333/2373/4514
f 4328/2375/4515 3927/2372/4516 4331/2371/4517 4329/2374/4518
f 4329/2374/4519 4331/2371/4517 3930/4875/4520 4332/2370/4521
f 4333/2373/4522 4329/2374/4519 4332/2370/4521 3929/2369/4522
f 3927/2372/4516 4334/2368/4523 4330/2367/4524 4331/2371/4517
f 4334/2368/4523 3926/5375/4525 4335/2366/4526 4330/2367/4524
f 4330/2367/4524 4335/2366/4526 3928/2365/4527 4336/2364/4528
f 4331/2371/4517 4330/2367/4524 4336/2364/4528 3930/4875/4520
f 3931/2363/4529 4337/2362/4529 4338/2361/4529 4343/2360/4529
f 4337/2362/4530 3935/2359/4531 4340/2358/4532 4338/2361/4533
f 4338/2361/4534 4340/2358/4532 3939/2357/4535 4342/2355/4536
f 4343/2360/4537 4338/2361/4538 4342/2355/4536 3938/5311/4539
f 3935/2359/4531 4344/2354/4540 4339/5386/4541 4340/2358/4532
f 4344/2354/4540 3934/2353/4542 4345/2352/4543 4339/5386/4541
f 4339/5386/4541 4345/2352/4543 3936/2351/4544 4347/2350/4545
f 4340/2358/4532 4339/5386/4541 4347/2350/4546 3939/2357/4535
f 3939/2357/4535 4347/2350/4547 4346/2349/4548 4350/2348/4549
f 4347/2350/4550 3936/2351/4551 4348/2347/4552 4346/2349/4548
f 4346/2349/4548 4348/2347/4552 3933/2346/4553 4349/4259/4554
f 4350/2348/4549 4346/2349/4548 4349/4259/4554 3937/2345/4555
f 3938/5311/4539 4342/2355/4536 4341/2344/4556 4352/4963/4557
f 4342/2355/4536 3939/2357/4535 4350/2348/4549 4341/2344/4556
f 4341/2344/4556 4350/2348/4549 3937/2345/4555 4351/2343/4558
f 4352/4963/4557 4341/2344/4556 4351/2343/4558 3932/2342/4559
f 3940/2341/4560 4353/2340/4560 4354/2339/4561 4359/2338/4561
f 4353/2340/4562 3944/2337/4563 4356/5350/4564 4354/2339/4565
f 4354/2339/4565 4356/5350/4564 3948/2336/4566 4358/2334/4567
f 4359/2338/4561 4354/2339/4568 4358/2334/4567 3947/2333/4569
f 3944/2337/4563 4360/3086/4570 4355/2332/4571 4356/5350/4564
f 4360/3086/4570 3943/2330/4572 4361/2329/4573 4355/2332/4571
f 4355/2332/4571 4361/2329/4573 3945/2327/4574 4363/2326/4575
f 4356/5350/4564 4355/2332/4571 4363/2326/4575 3948/2336/4566
f 3948/2336/4566 4363/2326/4575 4362/2325/4576 4366/2324/4577
f 4363/2326/4575 3945/2327/4574 4364/2322/4578 4362/2325/4576
f 4362/2325/4576 4364/2322/4578 3942/2321/4579 4365/5295/4580
f 4366/2324/4577 4362/2325/4576 4365/5295/4580 3946/2320/4581
f 3947/2333/4569 4358/2334/4567 4357/2319/4582 4368/2318/4583
f 4358/2334/4567 3948/2336/4566 4366/2324/4577 4357/2319/4582
f 4357/2319/4582 4366/2324/4577 3946/2320/4581 4367/2317/4584
f 4368/2318/4583 4357/2319/4582 4367/2317/4584 3941/2316/4585
f 3949/2315/4586 4369/2314/4587 4370/2313/4588 4375/2311/4589
f 4369/2314/4587 3953/2310/4590 4372/2309/4591 4370/2313/4588
f 4370/2313/4588 4372/2309/4591 3957/2308/4592 4374/4718/4593
f 4375/2311/4589 4370/2313/4588 4374/4718/4593 3956/2307/4594
f 3953/2310/4590 4376/2306/4595 4371/2304/4596 4372/2309/4591
f 4376/2306/4595 3952/2303/4597 4377/2302/4598 4371/2304/4596
f 4371/2304/4596 4377/2302/4598 3954/2301/4599 4379/2300/4600
f 4372/2309/4591 4371/2304/4596 4379/2300/4600 3957/2308/4592
f 3957/2308/4592 4379/2300/4600 4378/2299/4601 4382/2298/4602
f 4379/2300/4600 3954/2301/4599 4380/2297/4603 4378/2299/4601
f 4378/2299/4601 4380/2297/4603 3951/2296/4604 4381/2295/4605
f 4382/2298/4602 4378/2299/4601 4381/2295/4605 3955/2538/4606
f 3956/2307/4594 4374/4718/4593 4373/2294/4607 4384/2293/4608
f 4374/4718/4593 3957/2308/4592 4382/2298/4602 4373/2294/4607
f 4373/2294/4607 4382/2298/4602 3955/2538/4606 4383/2292/4609
f 4384/2293/4608 4373/2294/4607 4383/2292/4609 3950/5160/4610
f 4389/3285/4611 4803/2291/4612 4799/2290/4613 4797/2289/4614
f 4797/2289/4614 4799/2290/4613 4798/2288/4615 4388/2287/4616
f 4799/2290/4613 4801/2286/4617 4390/2284/4618 4798/2288/4615
f 4803/2291/4612 4393/2283/4619 4801/2286/4617 4799/2290/4613
f 4393/2283/4619 4807/2804/4620 4800/2282/4621 4801/2286/4617
f 4801/2286/4617 4800/2282/4621 4804/2281/4622 4390/2284/4618
f 4800/2282/4621 4805/3913/4623 4387/5363/4624 4804/2281/4622
f 4807/2804/4620 4391/2280/4625 4805/3913/4623 4800/2282/4621
f 4385/2279/4626 4813/2278/4627 4809/2277/4628 4808/2276/4629
f 4808/2276/4629 4809/2277/4628 4810/2275/4630 4394/5344/4631
f 4809/2277/4628 4812/5390/4632 4395/2274/4633 4810/2275/4630
f 4813/2278/4627 4392/2273/4634 4812/5390/4632 4809/2277/4628
f 4394/5344/4631 4810/2275/4630 4802/2272/4635 4814/2271/4636
f 4814/2271/4636 4802/2272/4635 4803/2291/4612 4389/3285/4611
f 4802/2272/4635 4815/2270/4637 4393/2283/4619 4803/2291/4612
f 4810/2275/4630 4395/2274/4633 4815/2270/4637 4802/2272/4635
f 4392/2273/4634 4818/2268/4638 4811/2267/4639 4812/5390/4632
f 4812/5390/4632 4811/2267/4639 4816/2266/4640 4395/2274/4633
f 4811/2267/4639 4817/2265/4641 4396/5072/4642 4816/2266/4640
f 4818/2268/4638 4386/2264/4643 4817/2265/4641 4811/2267/4639
f 4395/2274/4633 4816/2266/4640 4806/2263/4644 4815/2270/4637
f 4815/2270/4637 4806/2263/4644 4807/2804/4620 4393/2283/4619
f 4806/2263/4644 4819/2262/4645 4391/2280/4625 4807/2804/4620
f 4816/2266/4640 4396/5072/4642 4819/2262/4645 4806/2263/4644
f 4401/5021/4646 4826/2261/4647 4822/2260/4648 4820/2258/4649
f 4820/2258/4649 4822/2260/4648 4821/2257/4650 4400/2256/4651
f 4822/2260/4648 4824/2255/4652 4402/2254/4653 4821/2257/4650
f 4826/2261/4647 4405/2253/4654 4824/2255/4652 4822/2260/4648
f 4405/2253/4654 4830/2252/4655 4823/2250/4656 4824/2255/4652
f 4824/2255/4652 4823/2250/4656 4827/2249/4657 4402/2254/4653
f 4823/2250/4656 4828/2248/4658 4399/2247/4659 4827/2249/4657
f 4830/2252/4655 4403/2246/4660 4828/2248/4658 4823/2250/4656
f 4397/2245/4661 4836/2244/4662 4832/3513/4663 4831/2243/4664
f 4831/2243/4664 4832/3513/4663 4833/4192/4665 4406/2242/4666
f 4832/3513/4663 4835/2241/4667 4407/2240/4668 4833/4192/4665
f 4836/2244/4662 4404/5175/4669 4835/2241/4667 4832/3513/4663
f 4406/2242/4666 4833/4192/4665 4825/2239/4670 4837/2238/4671
f 4837/2238/4671 4825/2239/4670 4826/2261/4647 4401/5021/4646
f 4825/2239/4670 4838/2237/4672 4405/2253/4654 4826/2261/4647
f 4833/4192/4665 4407/2240/4668 4838/2237/4672 4825/2239/4670
f 4404/5175/4669 4841/2236/4673 4834/2305/4674 4835/2241/4667
f 4835/2241/4667 4834/2305/4674 4839/2235/4675 4407/2240/4668
f 4834/2305/4674 4840/2398/4676 4408/2234/4677 4839/2235/4675
f 4841/2236/4673 4398/2233/4678 4840/2398/4676 4834/2305/4674
f 4407/2240/4668 4839/2235/4675 4829/5229/4679 4838/2237/4672
f 4838/2237/4672 4829/5229/4679 4830/2252/4655 4405/2253/4654
f 4829/5229/4679 4842/2232/4680 4403/2246/4660 4830/2252/4655
f 4839/2235/4675 4408/2234/4677 4842/2232/4680 4829/5229/4679
f 4420/2231/4681 4849/2230/4682 4843/2229/4683 4845/4997/4684
f 4845/4997/4684 4843/2229/4683 4846/2227/4685 4414/2226/4686
f 4843/2229/4683 4847/2225/4687 4410/2769/4688 4846/2227/4685
f 4849/2230/4682 4418/2224/4689 4847/2225/4687 4843/2229/4683
f 4413/2223/4690 4855/2222/4691 4850/2220/4692 4852/2219/4693
f 4852/2219/4693 4850/2220/4692 4853/2218/4694 4419/2217/4695
f 4850/2220/4692 4854/2216/4696 4417/2213/4697 4853/2218/4694
f 4855/2222/4691 4409/2212/4698 4854/2216/4696 4850/2220/4692
f 4417/2213/4697 4858/3759/4699 4848/2211/4700 4853/2218/4694
f 4853/2218/4694 4848/2211/4700 4857/2210/4701 4419/2217/4695
f 4848/2211/4700 4849/2230/4682 4420/2231/4681 4857/2210/4701
f 4858/3759/4699 4418/2224/4689 4849/2230/4682 4848/2211/4700
f 4411/2209/4702 4864/2208/4703 4860/2207/4704 4859/2206/4705
f 4864/2208/4703 4415/2205/4706 4863/2204/4707 4860/2207/4704
f 4421/2203/4708 4861/4939/4709 4844/2202/4710 4865/2201/4711
f 4865/2201/4711 4844/2202/4710 4845/4997/4684 4414/2226/4686
f 4844/2202/4710 4866/2200/4712 4420/2231/4681 4845/4997/4684
f 4861/4939/4709 4422/2199/4713 4866/2200/4712 4844/2202/4710
f 4416/2198/4714 4871/2197/4715 4867/2196/4716 4868/5169/4717
f 4871/2197/4715 4412/2195/4718 4870/2194/4719 4867/2196/4716
f 4423/2193/4720 4869/2192/4721 4851/2191/4722 4872/2190/4723
f 4872/2190/4723 4851/2191/4722 4852/2219/4693 4419/2217/4695
f 4851/2191/4722 4873/4805/4724 4413/2223/4690 4852/2219/4693
f 4869/2192/4721 4424/4328/4725 4873/4805/4724 4851/2191/4722
f 4415/2205/4706 4875/2189/4726 4862/2188/4727 4863/2204/4707
f 4875/2189/4726 4416/2198/4714 4868/5169/4717 4862/2188/4727
f 4422/2199/4713 4874/4159/4728 4856/2187/4729 4866/2200/4712
f 4866/2200/4712 4856/2187/4729 4857/2210/4701 4420/2231/4681
f 4856/2187/4729 4872/2190/4723 4419/2217/4695 4857/2210/4701
f 4874/4159/4728 4423/2193/4720 4872/2190/4723 4856/2187/4729
f 4436/2186/4730 4882/2185/4731 4876/2184/4732 4878/2183/4733
f 4878/2183/4733 4876/2184/4732 4879/2182/4734 4430/2181/4735
f 4876/2184/4732 4880/2180/4736 4426/2179/4737 4879/2182/4734
f 4882/2185/4731 4434/2178/4738 4880/2180/4736 4876/2184/4732
f 4429/2177/4739 4888/2176/4740 4883/2175/4741 4885/2174/4742
f 4885/2174/4742 4883/2175/4741 4886/2173/4743 4435/2172/4744
f 4883/2175/4741 4887/2171/4745 4433/2170/4746 4886/2173/4743
f 4888/2176/4740 4425/2169/4747 4887/2171/4745 4883/2175/4741
f 4433/2170/4746 4891/4154/4748 4881/2167/4749 4886/2173/4743
f 4886/2173/4743 4881/2167/4749 4890/5033/4750 4435/2172/4744
f 4881/2167/4749 4882/2185/4731 4436/2186/4730 4890/5033/4750
f 4891/4154/4748 4434/2178/4738 4882/2185/4731 4881/2167/4749
f 4427/2166/4751 4897/2165/4752 4893/2164/4753 4892/2163/4754
f 4892/2163/4754 4893/2164/4753 4894/2162/4755 4437/2161/4756
f 4893/2164/4753 4896/2160/4757 4438/2159/4758 4894/2162/4755
f 4897/2165/4752 4431/2158/4759 4896/2160/4757 4893/2164/4753
f 4437/2161/4756 4894/2162/4755 4877/2157/4760 4898/2156/4761
f 4898/2156/4761 4877/2157/4760 4878/2183/4733 4430/2181/4735
f 4877/2157/4760 4899/2155/4762 4436/2186/4730 4878/2183/4733
f 4894/2162/4755 4438/2159/4758 4899/2155/4762 4877/2157/4760
f 4432/2154/4763 4904/2153/4764 4900/2152/4765 4901/3895/4766
f 4901/3895/4766 4900/2152/4765 4902/2151/4767 4439/2150/4768
f 4900/2152/4765 4903/2149/4769 4440/2148/4770 4902/2151/4767
f 4904/2153/4764 4428/2147/4771 4903/2149/4769 4900/2152/4765
f 4439/2150/4768 4902/2151/4767 4884/2146/4772 4905/2144/4773
f 4905/2144/4773 4884/2146/4772 4885/2174/4742 4435/2172/4744
f 4884/2146/4772 4906/2143/4774 4429/2177/4739 4885/2174/4742
f 4902/2151/4767 4440/2148/4770 4906/2143/4774 4884/2146/4772
f 4431/2158/4759 4908/2142/4775 4895/2141/4776 4896/2160/4757
f 4896/2160/4757 4895/2141/4776 4907/2140/4777 4438/2159/4758
f 4895/2141/4776 4901/3895/4766 4439/2150/4768 4907/2140/4777
f 4908/2142/4775 4432/2154/4763 4901/3895/4766 4895/2141/4776
f 4438/2159/4758 4907/2140/4777 4889/2139/4778 4899/2155/4762
f 4899/2155/4762 4889/2139/4778 4890/5033/4750 4436/2186/4730
f 4889/2139/4778 4905/2144/4773 4435/2172/4744 4890/5033/4750
f 4907/2140/4777 4439/2150/4768 4905/2144/4773 4889/2139/4778
f 4452/4285/4779 4915/2138/4780 4909/2137/4781 4911/5022/4782
f 4911/5022/4782 4909/2137/4781 4912/2136/4783 4446/4866/4784
f 4909/2137/4781 4913/5291/4785 4442/2135/4786 4912/2136/4783
f 4915/2138/4780 4450/2134/4787 4913/5291/4785 4909/2137/4781
f 4445/2133/4788 4921/4297/4789 4916/2131/4790 4918/2493/4791
f 4918/2493/4791 4916/2131/4790 4919/4116/4792 4451/3851/4793
f 4916/2131/4790 4920/2130/4794 4449/4470/4795 4919/4116/4792
f 4921/4297/4789 4441/2128/4796 4920/2130/4794 4916/2131/4790
f 4449/4470/4795 4924/2127/4797 4914/5044/4798 4919/4116/4792
f 4919/4116/4792 4914/5044/4798 4923/2126/4799 4451/3851/4793
f 4914/5044/4798 4915/2138/4780 4452/4285/4779 4923/2126/4799
f 4924/2127/4797 4450/2134/4787 4915/2138/4780 4914/5044/4798
f 4443/2124/4800 4930/2122/4801 4926/5198/4802 4925/2121/4803
f 4925/2121/4803 4926/5198/4802 4927/2120/4804 4453/2119/4805
f 4926/5198/4802 4929/2118/4806 4454/2117/4807 4927/2120/4804
f 4930/2122/4801 4447/2116/4808 4929/2118/4806 4926/5198/4802
f 4453/2119/4805 4927/2120/4804 4910/2115/4809 4931/2114/4810
f 4931/2114/4810 4910/2115/4809 4911/5022/4782 4446/4866/4784
f 4910/2115/4809 4932/2113/4811 4452/4285/4779 4911/5022/4782
f 4927/2120/4804 4454/2117/4807 4932/2113/4811 4910/2115/4809
f 4448/2112/4812 4937/2111/4813 4933/2110/4814 4934/2108/4815
f 4934/2108/4815 4933/2110/4814 4935/2107/4816 4455/3130/4817
f 4933/2110/4814 4936/2106/4818 4456/2104/4819 4935/2107/4816
f 4937/2111/4813 4444/2103/4820 4936/2106/4818 4933/2110/4814
f 4455/3130/4817 4935/2107/4816 4917/4155/4821 4938/2102/4822
f 4938/2102/4822 4917/4155/4821 4918/2493/4791 4451/3851/4793
f 4917/4155/4821 4939/2101/4823 4445/2133/4788 4918/2493/4791
f 4935/2107/4816 4456/2104/4819 4939/2101/4823 4917/4155/4821
f 4447/2116/4808 4941/2100/4824 4928/2099/4825 4929/2118/4806
f 4929/2118/4806 4928/2099/4825 4940/2098/4826 4454/2117/4807
f 4928/2099/4825 4934/2108/4815 4455/3130/4817 4940/2098/4826
f 4941/2100/4824 4448/2112/4812 4934/2108/4815 4928/2099/4825
f 4454/2117/4807 4940/2098/4826 4922/2097/4827 4932/2113/4811
f 4932/2113/4811 4922/2097/4827 4923/2126/4799 4452/4285/4779
f 4922/2097/4827 4938/2102/4822 4451/3851/4793 4923/2126/4799
f 4922/2097/4827 4940/2098/4826 4455/3130/4817 4938/2102/4822
f 4468/2096/4828 4948/2095/4829 4942/2093/4830 4944/2092/4831
f 4944/2092/4831 4942/2093/4830 4945/5392/4832 4462/2091/4833
f 4942/2093/4830 4946/2089/4834 4458/2088/4835 4945/5392/4832
f 4948/2095/4829 4466/2087/4836 4946/2089/4834 4942/2093/4830
f 4461/2086/4837 4954/2085/4838 4949/2084/4839 4951/2083/4840
f 4951/2083/4840 4949/2084/4839 4952/2082/4841 4467/2081/4842
f 4949/2084/4839 4953/2080/4843 4465/2079/4844 4952/2082/4841
f 4954/2085/4838 4457/3542/4845 4953/2080/4843 4949/2084/4839
f 4465/2079/4844 4957/2078/4846 4947/2077/4847 4952/2082/4841
f 4952/2082/4841 4947/2077/4847 4956/2076/4848 4467/2081/4842
f 4947/2077/4847 4948/2095/4829 4468/2096/4828 4956/2076/4848
f 4957/2078/4846 4466/2087/4836 4948/2095/4829 4947/2077/4847
f 4459/2075/4849 4963/2074/4850 4959/2072/4851 4958/2071/4852
f 4958/2071/4852 4959/2072/4851 4960/2070/4853 4469/3023/4854
f 4959/2072/4851 4962/2068/4855 4470/2067/4856 4960/2070/4853
f 4963/2074/4850 4463/2066/4857 4962/2068/4855 4959/2072/4851
f 4469/3023/4854 4960/2070/4853 4943/2065/4858 4964/2064/4859
f 4964/2064/4859 4943/2065/4858 4944/2092/4831 4462/2091/4833
f 4943/2065/4858 4965/2063/4860 4468/2096/4828 4944/2092/4831
f 4960/2070/4853 4470/2067/4856 4965/2063/4860 4943/2065/4858
f 4464/2062/4861 4970/2061/4862 4966/2060/4863 4967/4648/4864
f 4967/4648/4864 4966/2060/4863 4968/2059/4865 4471/2058/4866
f 4966/2060/4863 4969/2057/4867 4472/2056/4868 4968/2059/4865
f 4970/2061/4862 4460/4604/4869 4969/2057/4867 4966/2060/4863
f 4471/2058/4866 4968/2059/4865 4950/2055/4870 4971/2054/4871
f 4971/2054/4871 4950/2055/4870 4951/2083/4840 4467/2081/4842
f 4950/2055/4870 4972/2053/4872 4461/2086/4837 4951/2083/4840
f 4968/2059/4865 4472/2056/4868 4972/2053/4872 4950/2055/4870
f 4463/2066/4857 4974/2052/4873 4961/5353/4874 4962/2068/4855
f 4962/2068/4855 4961/5353/4874 4973/2051/4875 4470/2067/4856
f 4961/5353/4874 4967/4648/4864 4471/2058/4866 4973/2051/4875
f 4974/2052/4873 4464/2062/4861 4967/4648/4864 4961/5353/4874
f 4470/2067/4856 4973/2051/4875 4955/2050/4876 4965/2063/4860
f 4965/2063/4860 4955/2050/4876 4956/2076/4848 4468/2096/4828
f 4955/2050/4876 4971/2054/4871 4467/2081/4842 4956/2076/4848
f 4973/2051/4875 4471/2058/4866 4971/2054/4871 4955/2050/4876
f 4484/2049/4877 4981/5141/4878 4975/3677/4879 4977/2570/4880
f 4977/2570/4880 4975/3677/4879 4978/2048/4881 4478/5146/4882
f 4975/3677/4879 4979/5226/4883 4474/2047/4884 4978/2048/4881
f 4981/5141/4878 4482/2046/4885 4979/5226/4883 4975/3677/4879
f 4477/2045/4886 4987/2044/4887 4982/2043/4888 4984/2042/4889
f 4984/2042/4889 4982/2043/4888 4985/5088/4890 4483/5315/4891
f 4982/2043/4888 4986/2041/4892 4481/2040/4893 4985/5088/4890
f 4987/2044/4887 4473/2039/4894 4986/2041/4892 4982/2043/4888
f 4481/2040/4893 4990/2038/4895 4980/2037/4896 4985/5088/4890
f 4985/5088/4890 4980/2037/4896 4989/2036/4897 4483/5315/4891
f 4980/2037/4896 4981/5141/4878 4484/2049/4877 4989/2036/4897
f 4990/2038/4895 4482/2046/4885 4981/5141/4878 4980/2037/4896
f 4475/2972/4898 4996/2035/4899 4992/2034/4900 4991/2033/4901
f 4991/2033/4901 4992/2034/4900 4993/2032/4902 4485/5395/4903
f 4992/2034/4900 4995/2031/4904 4486/2030/4905 4993/2032/4902
f 4996/2035/4899 4479/2029/4906 4995/2031/4904 4992/2034/4900
f 4485/5395/4903 4993/2032/4902 4976/2028/4907 4997/2027/4908
f 4997/2027/4908 4976/2028/4907 4977/2570/4880 4478/5146/4882
f 4976/2028/4907 4998/2026/4909 4484/2049/4877 4977/2570/4880
f 4993/2032/4902 4486/2030/4905 4998/2026/4909 4976/2028/4907
f 4480/2025/4910 5003/2939/4911 4999/2023/4912 5000/2022/4913
f 5000/2022/4913 4999/2023/4912 5001/2021/4914 4487/2020/4915
f 4999/2023/4912 5002/2019/4916 4488/2018/4917 5001/2021/4914
f 5003/2939/4911 4476/2017/4918 5002/2019/4916 4999/2023/4912
f 4487/2020/4915 5001/2021/4914 4983/5268/4919 5004/2016/4920
f 5004/2016/4920 4983/5268/4919 4984/2042/4889 4483/5315/4891
f 4983/5268/4919 5005/2015/4921 4477/2045/4886 4984/2042/4889
f 5001/2021/4914 4488/2018/4917 5005/2015/4921 4983/5268/4919
f 4479/2029/4906 5007/2013/4922 4994/5355/4923 4995/2031/4904
f 4995/2031/4904 4994/5355/4923 5006/2512/4924 4486/2030/4905
f 4994/5355/4923 5000/2022/4913 4487/2020/4915 5006/2512/4924
f 5007/2013/4922 4480/2025/4910 5000/2022/4913 4994/5355/4923
f 4998/2026/4909 4486/2030/4905 5006/2512/4924 4988/4134/4925
f 4998/2026/4909 4988/4134/4925 4989/2036/4897 4484/2049/4877
f 4988/4134/4925 5004/2016/4920 4483/5315/4891 4989/2036/4897
f 5006/2512/4924 4487/2020/4915 5004/2016/4920 4988/4134/4925
f 4500/2012/4926 5014/2011/4927 5008/2010/4928 5010/2009/4929
f 5010/2009/4929 5008/2010/4928 5011/2008/4930 4494/2007/4931
f 5008/2010/4928 5012/2006/4932 4490/2005/4933 5011/2008/4930
f 5014/2011/4927 4498/5217/4934 5012/2006/4932 5008/2010/4928
f 4493/2004/4935 5020/2003/4936 5015/2002/4937 5017/2001/4938
f 5017/2001/4938 5015/2002/4937 5018/2000/4939 4499/1999/4940
f 5015/2002/4937 5019/1997/4941 4497/1996/4942 5018/2000/4939
f 5020/2003/4936 4489/1993/4943 5019/1997/4941 5015/2002/4937
f 4497/1996/4942 5023/1992/4944 5013/1991/4945 5018/2000/4939
f 5018/2000/4939 5013/1991/4945 5022/1990/4946 4499/1999/4940
f 5013/1991/4945 5014/2011/4927 4500/2012/4926 5022/1990/4946
f 5023/1992/4944 4498/5217/4934 5014/2011/4927 5013/1991/4945
f 4491/1989/4947 5029/4835/4948 5025/1987/4949 5024/1985/4950
f 5024/1985/4950 5025/1987/4949 5026/1983/4951 4501/1982/4952
f 5025/1987/4949 5028/1981/4953 4502/1980/4954 5026/1983/4951
f 5029/4835/4948 4495/1979/4955 5028/1981/4953 5025/1987/4949
f 4501/1982/4952 5026/1983/4951 5009/1978/4956 5030/1976/4957
f 5030/1976/4957 5009/1978/4956 5010/2009/4929 4494/2007/4931
f 5009/1978/4956 5031/1975/4958 4500/2012/4926 5010/2009/4929
f 5026/1983/4951 4502/1980/4954 5031/1975/4958 5009/1978/4956
f 4496/1974/4959 5036/1973/4960 5032/1972/4961 5033/1971/4962
f 5033/1971/4962 5032/1972/4961 5034/1970/4963 4503/1969/4964
f 5032/1972/4961 5035/1968/4965 4504/1967/4966 5034/1970/4963
f 5036/1973/4960 4492/1966/4967 5035/1968/4965 5032/1972/4961
f 4503/1969/4964 5034/1970/4963 5016/1965/4968 5037/4921/4969
f 5037/4921/4969 5016/1965/4968 5017/2001/4938 4499/1999/4940
f 5016/1965/4968 5038/1964/4970 4493/2004/4935 5017/2001/4938
f 5034/1970/4963 4504/1967/4966 5038/1964/4970 5016/1965/4968
f 4495/1979/4955 5040/1963/4971 5027/1962/4972 5028/1981/4953
f 5028/1981/4953 5027/1962/4972 5039/1961/4973 4502/1980/4954
f 5027/1962/4972 5033/1971/4962 4503/1969/4964 5039/1961/4973
f 5040/1963/4971 4496/1974/4959 5033/1971/4962 5027/1962/4972
f 4502/1980/4954 5039/1961/4973 5021/2459/4974 5031/1975/4958
f 5031/1975/4958 5021/2459/4974 5022/1990/4946 4500/2012/4926
f 5021/2459/4974 5037/4921/4969 4499/1999/4940 5022/1990/4946
f 5039/1961/4973 4503/1969/4964 5037/4921/4969 5021/2459/4974
f 4516/3766/4975 5047/1960/4976 5041/4683/4977 5043/1958/4978
f 5043/1958/4978 5041/4683/4977 5044/1956/4979 4510/1955/4980
f 5041/4683/4977 5045/1954/4981 4506/1984/4982 5044/1956/4979
f 5047/1960/4976 4514/1953/4983 5045/1954/4981 5041/4683/4977
f 4509/1952/4984 5053/1951/4985 5048/1950/4986 5050/5299/4987
f 5050/5299/4987 5048/1950/4986 5051/1949/4988 4515/1948/4989
f 5048/1950/4986 5052/1947/4990 4513/2145/4991 5051/1949/4988
f 5053/1951/4985 4505/1946/4992 5052/1947/4990 5048/1950/4986
f 4513/2145/4991 5056/1945/4993 5046/5085/4994 5051/1949/4988
f 5051/1949/4988 5046/5085/4994 5055/2415/4995 4515/1948/4989
f 5046/5085/4994 5047/1960/4976 4516/3766/4975 5055/2415/4995
f 5056/1945/4993 4514/1953/4983 5047/1960/4976 5046/5085/4994
f 4507/5309/4996 5062/1944/4997 5058/1943/4998 5057/1942/4999
f 5057/1942/4999 5058/1943/4998 5059/1941/5000 4517/1940/5001
f 5058/1943/4998 5061/1939/5002 4518/1936/5003 5059/1941/5000
f 5062/1944/4997 4511/1935/5004 5061/1939/5002 5058/1943/4998
f 4517/1940/5001 5059/1941/5000 5042/1934/5005 5063/1933/5006
f 5063/1933/5006 5042/1934/5005 5043/1958/4978 4510/1955/4980
f 5042/1934/5005 5064/1932/5007 4516/3766/4975 5043/1958/4978
f 5059/1941/5000 4518/1936/5003 5064/1932/5007 5042/1934/5005
f 4512/1931/5008 5069/1930/5009 5065/1929/5010 5066/1928/5011
f 5066/1928/5011 5065/1929/5010 5067/1927/5012 4519/1926/5013
f 5065/1929/5010 5068/1925/5014 4520/1924/5015 5067/1927/5012
f 5069/1930/5009 4508/5244/5016 5068/1925/5014 5065/1929/5010
f 4519/1926/5013 5067/1927/5012 5049/1923/5017 5070/1922/5018
f 5070/1922/5018 5049/1923/5017 5050/5299/4987 4515/1948/4989
f 5049/1923/5017 5071/1921/5019 4509/1952/4984 5050/5299/4987
f 5067/1927/5012 4520/1924/5015 5071/1921/5019 5049/1923/5017
f 4511/1935/5004 5073/1920/5020 5060/1919/5021 5061/1939/5002
f 5061/1939/5002 5060/1919/5021 5072/1918/5022 4518/1936/5003
f 5060/1919/5021 5066/1928/5011 4519/1926/5013 5072/1918/5022
f 5073/1920/5020 4512/1931/5008 5066/1928/5011 5060/1919/5021
f 4518/1936/5003 5072/1918/5022 5054/1917/5023 5064/1932/5007
f 5064/1932/5007 5054/1917/5023 5055/2415/4995 4516/3766/4975
f 5054/1917/5023 5070/1922/5018 4515/1948/4989 5055/2415/4995
f 5072/1918/5022 4519/1926/5013 5070/1922/5018 5054/1917/5023
f 4532/1916/5024 5080/5401/5025 5074/1915/5026 5076/1914/5027
f 5076/1914/5027 5074/1915/5026 5077/1913/5028 4526/1911/5029
f 5074/1915/5026 5078/1910/5030 4522/1909/5031 5077/1913/5028
f 5080/5401/5025 4530/1908/5032 5078/1910/5030 5074/1915/5026
f 4525/1907/5033 5086/5300/5034 5081/5203/5035 5083/1906/5036
f 5083/1906/5036 5081/5203/5035 5084/4754/5037 4531/1905/5038
f 5081/5203/5035 5085/5105/5039 4529/1904/5040 5084/4754/5037
f 5086/5300/5034 4521/1903/5041 5085/5105/5039 5081/5203/5035
f 4529/1904/5040 5089/1902/5042 5079/1901/5043 5084/4754/5037
f 5084/4754/5037 5079/1901/5043 5088/1900/5044 4531/1905/5038
f 5079/1901/5043 5080/5401/5025 4532/1916/5024 5088/1900/5044
f 5079/1901/5043 5089/1902/5042 4530/1908/5032 5080/5401/5025
f 4523/1899/5045 5095/1898/5046 5091/1896/5047 5090/1895/5048
f 5090/1895/5048 5091/1896/5047 5092/4792/5049 4533/1894/5050
f 5091/1896/5047 5094/1893/5051 4534/1892/5052 5092/4792/5049
f 5095/1898/5046 4527/5306/5053 5094/1893/5051 5091/1896/5047
f 4533/1894/5050 5092/4792/5049 5075/1891/5054 5096/5144/5055
f 5096/5144/5055 5075/1891/5054 5076/1914/5027 4526/1911/5029
f 5075/1891/5054 5097/1890/5056 4532/1916/5024 5076/1914/5027
f 5092/4792/5049 4534/1892/5052 5097/1890/5056 5075/1891/5054
f 4528/1889/5057 5102/5234/5058 5098/1888/5059 5099/1887/5060
f 5099/1887/5060 5098/1888/5059 5100/5084/5061 4535/1886/5062
f 5098/1888/5059 5101/2221/5063 4536/1885/5064 5100/5084/5061
f 5102/5234/5058 4524/2090/5065 5101/2221/5063 5098/1888/5059
f 4535/1886/5062 5100/5084/5061 5082/1884/5066 5103/1883/5067
f 5103/1883/5067 5082/1884/5066 5083/1906/5036 4531/1905/5038
f 5082/1884/5066 5104/1882/5068 4525/1907/5033 5083/1906/5036
f 5100/5084/5061 4536/1885/5064 5104/1882/5068 5082/1884/5066
f 4527/5306/5053 5106/1881/5069 5093/1880/5070 5094/1893/5051
f 5094/1893/5051 5093/1880/5070 5105/1878/5071 4534/1892/5052
f 5093/1880/5070 5099/1887/5060 4535/1886/5062 5105/1878/5071
f 5106/1881/5069 4528/1889/5057 5099/1887/5060 5093/1880/5070
f 4534/1892/5052 5105/1878/5071 5087/4253/5072 5097/1890/5056
f 5097/1890/5056 5087/4253/5072 5088/1900/5044 4532/1916/5024
f 5087/4253/5072 5103/1883/5067 4531/1905/5038 5088/1900/5044
f 5105/1878/5071 4535/1886/5062 5103/1883/5067 5087/4253/5072
f 4548/1877/5073 5113/5376/5074 5107/1876/5075 5109/2918/5076
f 5109/2918/5076 5107/1876/5075 5110/1875/5077 4542/5288/5078
f 5107/1876/5075 5111/1874/5079 4538/1873/5080 5110/1875/5077
f 5113/5376/5074 4546/1872/5081 5111/1874/5079 5107/1876/5075
f 4541/1871/5082 5119/1869/5083 5114/5276/5084 5116/1868/5085
f 5116/1868/5085 5114/5276/5084 5117/3845/5086 4547/4929/5087
f 5114/5276/5084 5118/1866/5088 4545/1865/5089 5117/3845/5086
f 5119/1869/5083 4537/1864/5090 5118/1866/5088 5114/5276/5084
f 4545/1865/5089 5122/1959/5091 5112/5137/5092 5117/3845/5086
f 5117/3845/5086 5112/5137/5092 5121/1863/5093 4547/4929/5087
f 5112/5137/5092 5113/5376/5074 4548/1877/5073 5121/1863/5093
f 5112/5137/5092 5122/1959/5091 4546/1872/5081 5113/5376/5074
f 4539/1862/5094 5128/1861/5095 5124/1860/5096 5123/1859/5097
f 5123/1859/5097 5124/1860/5096 5125/1858/5098 4549/1857/5099
f 5124/1860/5096 5127/1856/5100 4550/3839/5101 5125/1858/5098
f 5128/1861/5095 4543/1855/5102 5127/1856/5100 5124/1860/5096
f 4549/1857/5099 5125/1858/5098 5108/1998/5103 5129/1854/5104
f 5129/1854/5104 5108/1998/5103 5109/2918/5076 4542/5288/5078
f 5108/1998/5103 5130/1853/5105 4548/1877/5073 5109/2918/5076
f 5125/1858/5098 4550/3839/5101 5130/1853/5105 5108/1998/5103
f 4544/1852/5106 5135/1851/5107 5131/1850/5108 5132/4999/5109
f 5132/4999/5109 5131/1850/5108 5133/1849/5110 4551/1848/5111
f 5131/1850/5108 5134/1847/5112 4552/5162/5113 5133/1849/5110
f 5135/1851/5107 4540/1846/5114 5134/1847/5112 5131/1850/5108
f 4551/1848/5111 5133/1849/5110 5115/5346/5115 5136/1845/5116
f 5136/1845/5116 5115/5346/5115 5116/1868/5085 4547/4929/5087
f 5115/5346/5115 5137/1844/5117 4541/1871/5082 5116/1868/5085
f 5133/1849/5110 4552/5162/5113 5137/1844/5117 5115/5346/5115
f 4543/1855/5102 5139/1843/5118 5126/1842/5119 5127/1856/5100
f 5127/1856/5100 5126/1842/5119 5138/1841/5120 4550/3839/5101
f 5126/1842/5119 5132/4999/5109 4551/1848/5111 5138/1841/5120
f 5139/1843/5118 4544/1852/5106 5132/4999/5109 5126/1842/5119
f 4550/3839/5101 5138/1841/5120 5120/1840/5121 5130/1853/5105
f 5130/1853/5105 5120/1840/5121 5121/1863/5093 4548/1877/5073
f 5120/1840/5121 5136/1845/5116 4547/4929/5087 5121/1863/5093
f 5138/1841/5120 4551/1848/5111 5136/1845/5116 5120/1840/5121
f 4564/1839/5122 5146/1838/5123 5140/1837/5124 5142/1836/5125
f 5142/1836/5125 5140/1837/5124 5143/1835/5126 4558/1833/5127
f 5140/1837/5124 5144/1831/5128 4554/1830/5129 5143/1835/5126
f 5146/1838/5123 4562/4701/5130 5144/1831/5128 5140/1837/5124
f 4557/1828/5131 5152/5210/5132 5147/1827/5133 5149/5341/5134
f 5149/5341/5134 5147/1827/5133 5150/1826/5135 4563/1825/5136
f 5147/1827/5133 5151/1823/5137 4561/1822/5138 5150/1826/5135
f 5152/5210/5132 4553/2544/5139 5151/1823/5137 5147/1827/5133
f 4561/1822/5138 5155/1821/5140 5145/1820/5141 5150/1826/5135
f 5150/1826/5135 5145/1820/5141 5154/5367/5142 4563/1825/5136
f 5145/1820/5141 5146/1838/5123 4564/1839/5122 5154/5367/5142
f 5155/1821/5140 4562/4701/5130 5146/1838/5123 5145/1820/5141
f 4555/1818/5143 5161/1817/5144 5157/1816/5145 5156/1815/5146
f 5156/1815/5146 5157/1816/5145 5158/1814/5147 4565/1813/5148
f 5157/1816/5145 5160/2073/5149 4566/1812/5150 5158/1814/5147
f 5161/1817/5144 4559/1811/5151 5160/2073/5149 5157/1816/5145
f 4565/1813/5148 5158/1814/5147 5141/1810/5152 5162/1809/5153
f 5162/1809/5153 5141/1810/5152 5142/1836/5125 4558/1833/5127
f 5141/1810/5152 5163/1808/5154 4564/1839/5122 5142/1836/5125
f 5158/1814/5147 4566/1812/5150 5163/1808/5154 5141/1810/5152
f 4560/1807/5155 5168/1806/5156 5164/1805/5157 5165/1804/5158
f 5165/1804/5158 5164/1805/5157 5166/1832/5159 4567/1803/5160
f 5164/1805/5157 5167/1802/5161 4568/1801/5162 5166/1832/5159
f 5168/1806/5156 4556/1800/5163 5167/1802/5161 5164/1805/5157
f 4567/1803/5160 5166/1832/5159 5148/1799/5164 5169/1798/5165
f 5169/1798/5165 5148/1799/5164 5149/5341/5134 4563/1825/5136
f 5148/1799/5164 5170/1797/5166 4557/1828/5131 5149/5341/5134
f 5166/1832/5159 4568/1801/5162 5170/1797/5166 5148/1799/5164
f 4559/1811/5151 5172/1796/5167 5159/1795/5168 5160/2073/5149
f 5160/2073/5149 5159/1795/5168 5171/1794/5169 4566/1812/5150
f 5159/1795/5168 5165/1804/5158 4567/1803/5160 5171/1794/5169
f 5172/1796/5167 4560/1807/5155 5165/1804/5158 5159/1795/5168
f 4566/1812/5150 5171/1794/5169 5153/1793/5170 5163/1808/5154
f 5163/1808/5154 5153/1793/5170 5154/5367/5142 4564/1839/5122
f 5153/1793/5170 5169/1798/5165 4563/1825/5136 5154/5367/5142
f 5171/1794/5169 4567/1803/5160 5169/1798/5165 5153/1793/5170
f 4580/1792/5171 5179/1791/5172 5173/1790/5173 5175/1789/5174
f 5175/1789/5174 5173/1790/5173 5176/1788/5175 4574/1786/5176
f 5173/1790/5173 5177/1785/5177 4570/1784/5178 5176/1788/5175
f 5179/1791/5172 4578/1783/5179 5177/1785/5177 5173/1790/5173
f 4573/1782/5180 5185/1781/5181 5180/1780/5182 5182/5110/5183
f 5182/5110/5183 5180/1780/5182 5183/1779/5184 4579/1778/5185
f 5180/1780/5182 5184/5378/5186 4577/1777/5187 5183/1779/5184
f 5185/1781/5181 4569/1776/5188 5184/5378/5186 5180/1780/5182
f 4577/1777/5187 5188/1775/5189 5178/1774/5190 5183/1779/5184
f 5183/1779/5184 5178/1774/5190 5187/1773/5191 4579/1778/5185
f 5178/1774/5190 5179/1791/5172 4580/1792/5171 5187/1773/5191
f 5188/1775/5189 4578/1783/5179 5179/1791/5172 5178/1774/5190
f 4571/1772/5192 5194/1771/5193 5190/1770/5194 5189/1769/5195
f 5189/1769/5195 5190/1770/5194 5191/1768/5196 4581/1767/5197
f 5190/1770/5194 5193/1766/5198 4582/1765/5199 5191/1768/5196
f 5194/1771/5193 4575/1764/5200 5193/1766/5198 5190/1770/5194
f 4581/1767/5197 5191/1768/5196 5174/5016/5201 5195/1763/5202
f 5195/1763/5202 5174/5016/5201 5175/1789/5174 4574/1786/5176
f 5174/5016/5201 5196/1762/5203 4580/1792/5171 5175/1789/5174
f 5191/1768/5196 4582/1765/5199 5196/1762/5203 5174/5016/5201
f 4576/1760/5204 5201/1759/5205 5197/1758/5206 5198/1757/5207
f 5198/1757/5207 5197/1758/5206 5199/1756/5208 4583/1755/5209
f 5197/1758/5206 5200/1754/5210 4584/5130/5211 5199/1756/5208
f 5201/1759/5205 4572/1753/5212 5200/1754/5210 5197/1758/5206
f 4583/1755/5209 5199/1756/5208 5181/1752/5213 5202/1751/5214
f 5202/1751/5214 5181/1752/5213 5182/5110/5183 4579/1778/5185
f 5181/1752/5213 5203/1750/5215 4573/1782/5180 5182/5110/5183
f 5199/1756/5208 4584/5130/5211 5203/1750/5215 5181/1752/5213
f 4575/1764/5200 5205/4850/5216 5192/1749/5217 5193/1766/5198
f 5193/1766/5198 5192/1749/5217 5204/1748/5218 4582/1765/5199
f 5192/1749/5217 5198/1757/5207 4583/1755/5209 5204/1748/5218
f 5205/4850/5216 4576/1760/5204 5198/1757/5207 5192/1749/5217
f 4582/1765/5199 5204/1748/5218 5186/1747/5219 5196/1762/5203
f 5196/1762/5203 5186/1747/5219 5187/1773/5191 4580/1792/5171
f 5186/1747/5219 5202/1751/5214 4579/1778/5185 5187/1773/5191
f 5204/1748/5218 4583/1755/5209 5202/1751/5214 5186/1747/5219
f 4596/1746/5220 5212/1745/5221 5206/1743/5222 5208/1742/5223
f 5208/1742/5223 5206/1743/5222 5209/1741/5224 4590/1740/5225
f 5206/1743/5222 5210/1739/5226 4586/1738/5227 5209/1741/5224
f 5212/1745/5221 4594/1737/5228 5210/1739/5226 5206/1743/5222
f 4589/1736/5229 5218/1735/5230 5213/1734/5231 5215/1733/5232
f 5215/1733/5232 5213/1734/5231 5216/1732/5233 4595/1731/5234
f 5213/1734/5231 5217/1729/5235 4593/1728/5236 5216/1732/5233
f 5218/1735/5230 4585/1727/5237 5217/1729/5235 5213/1734/5231
f 5216/1732/5233 4593/1728/5236 5221/1726/5238 5211/1725/5239
f 5216/1732/5233 5211/1725/5239 5220/1724/5240 4595/1731/5234
f 5211/1725/5239 5212/1745/5221 4596/1746/5220 5220/1724/5240
f 5221/1726/5238 4594/1737/5228 5212/1745/5221 5211/1725/5239
f 4587/1723/5241 5227/1722/5242 5223/1721/5243 5222/1720/5244
f 5222/1720/5244 5223/1721/5243 5224/1719/5245 4597/1718/5246
f 5223/1721/5243 5226/1717/5247 4598/1716/5248 5224/1719/5245
f 5227/1722/5242 4591/1715/5249 5226/1717/5247 5223/1721/5243
f 4597/1718/5246 5224/1719/5245 5207/1714/5250 5228/1713/5251
f 5228/1713/5251 5207/1714/5250 5208/1742/5223 4590/1740/5225
f 5207/1714/5250 5229/1712/5252 4596/1746/5220 5208/1742/5223
f 5224/1719/5245 4598/1716/5248 5229/1712/5252 5207/1714/5250
f 4592/2069/5253 5234/1710/5254 5230/1709/5255 5231/1708/5256
f 5231/1708/5256 5230/1709/5255 5232/1707/5257 4599/1706/5258
f 5230/1709/5255 5233/1705/5259 4600/3626/5260 5232/1707/5257
f 5234/1710/5254 4588/1704/5261 5233/1705/5259 5230/1709/5255
f 4599/1706/5258 5232/1707/5257 5214/1703/5262 5235/1702/5263
f 5235/1702/5263 5214/1703/5262 5215/1733/5232 4595/1731/5234
f 5214/1703/5262 5236/1701/5264 4589/1736/5229 5215/1733/5232
f 5232/1707/5257 4600/3626/5260 5236/1701/5264 5214/1703/5262
f 4591/1715/5249 5238/1700/5265 5225/3215/5266 5226/1717/5247
f 5226/1717/5247 5225/3215/5266 5237/1699/5267 4598/1716/5248
f 5225/3215/5266 5231/1708/5256 4599/1706/5258 5237/1699/5267
f 5238/1700/5265 4592/2069/5253 5231/1708/5256 5225/3215/5266
f 4598/1716/5248 5237/1699/5267 5219/1698/5268 5229/1712/5252
f 5229/1712/5252 5219/1698/5268 5220/1724/5240 4596/1746/5220
f 5219/1698/5268 5235/1702/5263 4595/1731/5234 5220/1724/5240
f 5237/1699/5267 4599/1706/5258 5235/1702/5263 5219/1698/5268
f 4612/5398/5269 5245/1697/5270 5239/1696/5271 5241/1695/5272
f 5241/1695/5272 5239/1696/5271 5242/1694/5273 4606/3317/5274
f 5239/1696/5271 5243/1692/5275 4602/4387/5276 5242/1694/5273
f 5245/1697/5270 4610/2393/5277 5243/1692/5275 5239/1696/5271
f 4605/4768/5278 5251/5260/5279 5246/1691/5280 5248/1690/5281
f 5248/1690/5281 5246/1691/5280 5249/1689/5282 4611/1688/5283
f 5246/1691/5280 5250/1687/5284 4609/4990/5285 5249/1689/5282
f 5251/5260/5279 4601/1686/5286 5250/1687/5284 5246/1691/5280
f 5249/1689/5282 4609/4990/5285 5254/1685/5287 5244/1684/5288
f 5249/1689/5282 5244/1684/5288 5253/1683/5289 4611/1688/5283
f 5244/1684/5288 5245/1697/5270 4612/5398/5269 5253/1683/5289
f 5254/1685/5287 4610/2393/5277 5245/1697/5270 5244/1684/5288
f 4603/1681/5290 5260/1680/5291 5256/2564/5292 5255/1679/5293
f 5255/1679/5293 5256/2564/5292 5257/1678/5294 4613/1677/5295
f 5256/2564/5292 5259/1676/5296 4614/1675/5297 5257/1678/5294
f 5260/1680/5291 4607/1674/5298 5259/1676/5296 5256/2564/5292
f 4613/1677/5295 5257/1678/5294 5240/1673/5299 5261/3151/5300
f 5261/3151/5300 5240/1673/5299 5241/1695/5272 4606/3317/5274
f 5240/1673/5299 5262/1671/5301 4612/5398/5269 5241/1695/5272
f 5257/1678/5294 4614/1675/5297 5262/1671/5301 5240/1673/5299
f 4608/1670/5302 5267/1669/5303 5263/1668/5304 5264/5209/5305
f 5264/5209/5305 5263/1668/5304 5265/1667/5306 4615/1666/5307
f 5263/1668/5304 5266/1665/5308 4616/1664/5309 5265/1667/5306
f 5267/1669/5303 4604/4881/5310 5266/1665/5308 5263/1668/5304
f 4615/1666/5307 5265/1667/5306 5247/1662/5311 5268/2132/5312
f 5268/2132/5312 5247/1662/5311 5248/1690/5281 4611/1688/5283
f 5247/1662/5311 5269/5076/5313 4605/4768/5278 5248/1690/5281
f 5265/1667/5306 4616/1664/5309 5269/5076/5313 5247/1662/5311
f 4607/1674/5298 5271/1661/5314 5258/1660/5315 5259/1676/5296
f 5259/1676/5296 5258/1660/5315 5270/1659/5316 4614/1675/5297
f 5258/1660/5315 5264/5209/5305 4615/1666/5307 5270/1659/5316
f 5271/1661/5314 4608/1670/5302 5264/5209/5305 5258/1660/5315
f 4614/1675/5297 5270/1659/5316 5252/1658/5317 5262/1671/5301
f 5262/1671/5301 5252/1658/5317 5253/1683/5289 4612/5398/5269
f 5252/1658/5317 5268/2132/5312 4611/1688/5283 5253/1683/5289
f 5270/1659/5316 4615/1666/5307 5268/2132/5312 5252/1658/5317
f 4628/1657/5318 5278/1656/5319 5272/1655/5320 5274/1654/5321
f 5274/1654/5321 5272/1655/5320 5275/1653/5322 4626/1652/5323
f 5272/1655/5320 5276/1651/5324 4618/1649/5325 5275/1653/5322
f 5278/1656/5319 4622/1648/5326 5276/1651/5324 5272/1655/5320
f 4621/5062/5327 5284/1647/5328 5281/1646/5329 5279/1645/5330
f 5279/1645/5330 5281/1646/5329 5280/1644/5331 4617/2614/5332
f 5281/1646/5329 5282/1643/5333 4625/1642/5334 5280/1644/5331
f 5284/1647/5328 4627/1641/5335 5282/1643/5333 5281/1646/5329
f 4625/1642/5334 5282/1643/5333 5273/1640/5336 5285/1639/5337
f 5285/1639/5337 5273/1640/5336 5274/1654/5321 4626/1652/5323
f 5273/1640/5336 5287/1638/5338 4628/1657/5318 5274/1654/5321
f 5282/1643/5333 4627/1641/5335 5287/1638/5338 5273/1640/5336
f 4619/1637/5339 5293/1636/5340 5289/1635/5341 5288/1634/5342
f 5288/1634/5342 5289/1635/5341 5291/5381/5343 4623/1632/5344
f 5289/1635/5341 5292/1631/5345 4630/1630/5346 5291/5381/5343
f 5293/1636/5340 4629/1629/5347 5292/1631/5345 5289/1635/5341
f 4629/1629/5347 5295/1628/5348 5277/5000/5349 5292/1631/5345
f 5292/1631/5345 5277/5000/5349 5294/1627/5350 4630/1630/5346
f 5277/5000/5349 5278/1656/5319 4628/1657/5318 5294/1627/5350
f 5295/1628/5348 4622/1648/5326 5278/1656/5319 5277/5000/5349
f 4624/1626/5351 5300/1994/5352 5298/1625/5353 5296/1624/5354
f 5296/1624/5354 5298/1625/5353 5297/1623/5355 4620/1622/5356
f 5298/1625/5353 5299/1621/5357 4632/1620/5358 5297/1623/5355
f 5300/1994/5352 4631/1619/5359 5299/1621/5357 5298/1625/5353
f 4631/1619/5359 5302/1618/5360 5283/1617/5361 5299/1621/5357
f 5299/1621/5357 5283/1617/5361 5301/2269/5362 4632/1620/5358
f 5283/1617/5361 5284/1647/5328 4621/5062/5327 5301/2269/5362
f 5302/1618/5360 4627/1641/5335 5284/1647/5328 5283/1617/5361
f 4623/1632/5344 5291/5381/5343 5290/1616/5363 5303/3339/5364
f 5303/3339/5364 5290/1616/5363 5300/1994/5352 4624/1626/5351
f 5290/1616/5363 5304/1615/5365 4631/1619/5359 5300/1994/5352
f 5291/5381/5343 4630/1630/5346 5304/1615/5365 5290/1616/5363
f 4630/1630/5346 5294/1627/5350 5286/1614/5366 5304/1615/5365
f 5304/1615/5365 5286/1614/5366 5302/1618/5360 4631/1619/5359
f 5286/1614/5366 5287/1638/5338 4627/1641/5335 5302/1618/5360
f 5294/1627/5350 4628/1657/5318 5287/1638/5338 5286/1614/5366
f 4644/1879/5367 5311/5040/5368 5305/1613/5369 5307/1611/5370
f 5307/1611/5370 5305/1613/5369 5308/2109/5371 4642/3821/5372
f 5305/1613/5369 5309/1610/5373 4634/1609/5374 5308/2109/5371
f 5311/5040/5368 4638/1608/5375 5309/1610/5373 5305/1613/5369
f 4637/1607/5376 5317/1606/5377 5314/1605/5378 5312/1604/5379
f 5312/1604/5379 5314/1605/5378 5313/1603/5380 4633/1602/5381
f 5314/1605/5378 5315/1601/5382 4641/1600/5383 5313/1603/5380
f 5317/1606/5377 4643/3833/5384 5315/1601/5382 5314/1605/5378
f 4641/1600/5383 5315/1601/5382 5306/1599/5385 5318/1598/5386
f 5318/1598/5386 5306/1599/5385 5307/1611/5370 4642/3821/5372
f 5306/1599/5385 5320/1597/5387 4644/1879/5367 5307/1611/5370
f 5315/1601/5382 4643/3833/5384 5320/1597/5387 5306/1599/5385
f 4635/2125/5388 5326/1596/5389 5322/1595/5390 5321/4955/5391
f 5321/4955/5391 5322/1595/5390 5324/5261/5392 4639/1594/5393
f 5322/1595/5390 5325/1593/5394 4646/1592/5395 5324/5261/5392
f 5326/1596/5389 4645/1591/5396 5325/1593/5394 5322/1595/5390
f 4645/1591/5396 5328/3203/5397 5310/1590/5398 5325/1593/5394
f 5325/1593/5394 5310/1590/5398 5327/1589/5399 4646/1592/5395
f 5310/1590/5398 5311/5040/5368 4644/1879/5367 5327/1589/5399
f 5328/3203/5397 4638/1608/5375 5311/5040/5368 5310/1590/5398
f 4640/1588/5400 5333/1587/5401 5331/1586/5402 5329/1585/5403
f 5329/1585/5403 5331/1586/5402 5330/1584/5404 4636/1583/5405
f 5331/1586/5402 5332/1582/5406 4648/1581/5407 5330/1584/5404
f 5333/1587/5401 4647/1580/5408 5332/1582/5406 5331/1586/5402
f 4647/1580/5408 5335/1579/5409 5316/1578/5410 5332/1582/5406
f 5332/1582/5406 5316/1578/5410 5334/1577/5411 4648/1581/5407
f 5316/1578/5410 5317/1606/5377 4637/1607/5376 5334/1577/5411
f 5335/1579/5409 4643/3833/5384 5317/1606/5377 5316/1578/5410
f 4639/1594/5393 5324/5261/5392 5323/1576/5412 5336/1575/5413
f 5336/1575/5413 5323/1576/5412 5333/1587/5401 4640/1588/5400
f 5323/1576/5412 5337/1574/5414 4647/1580/5408 5333/1587/5401
f 5324/5261/5392 4646/1592/5395 5337/1574/5414 5323/1576/5412
f 4646/1592/5395 5327/1589/5399 5319/5006/5415 5337/1574/5414
f 5337/1574/5414 5319/5006/5415 5335/1579/5409 4647/1580/5408
f 5319/5006/5415 5320/1597/5387 4643/3833/5384 5335/1579/5409
f 5327/1589/5399 4644/1879/5367 5320/1597/5387 5319/5006/5415
f 4660/4992/5416 5344/1573/5417 5338/1572/5418 5340/1571/5419
f 5340/1571/5419 5338/1572/5418 5341/1570/5420 4658/1569/5421
f 5338/1572/5418 5342/1568/5422 4650/1567/5423 5341/1570/5420
f 5344/1573/5417 4654/1565/5424 5342/1568/5422 5338/1572/5418
f 4653/1564/5425 5350/1563/5426 5347/3763/5427 5345/1562/5428
f 5345/1562/5428 5347/3763/5427 5346/1560/5429 4649/1559/5430
f 5347/3763/5427 5348/1558/5431 4657/1557/5432 5346/1560/5429
f 5350/1563/5426 4659/1556/5433 5348/1558/5431 5347/3763/5427
f 4657/1557/5432 5348/1558/5431 5339/1555/5434 5351/1554/5435
f 5351/1554/5435 5339/1555/5434 5340/1571/5419 4658/1569/5421
f 5339/1555/5434 5353/4957/5436 4660/4992/5416 5340/1571/5419
f 5348/1558/5431 4659/1556/5433 5353/4957/5436 5339/1555/5434
f 4651/3503/5437 5359/1552/5438 5355/2611/5439 5354/1551/5440
f 5354/1551/5440 5355/2611/5439 5357/1550/5441 4655/2792/5442
f 5355/2611/5439 5358/1549/5443 4662/1548/5444 5357/1550/5441
f 5359/1552/5438 4661/5096/5445 5358/1549/5443 5355/2611/5439
f 4661/5096/5445 5361/1547/5446 5343/1545/5447 5358/1549/5443
f 5358/1549/5443 5343/1545/5447 5360/1544/5448 4662/1548/5444
f 5343/1545/5447 5344/1573/5417 4660/4992/5416 5360/1544/5448
f 5361/1547/5446 4654/1565/5424 5344/1573/5417 5343/1545/5447
f 4656/1543/5449 5366/1542/5450 5364/1541/5451 5362/1540/5452
f 5362/1540/5452 5364/1541/5451 5363/1539/5453 4652/1538/5454
f 5364/1541/5451 5365/1537/5455 4664/1536/5456 5363/1539/5453
f 5366/1542/5450 4663/1535/5457 5365/1537/5455 5364/1541/5451
f 4663/1535/5457 5368/1534/5458 5349/5083/5459 5365/1537/5455
f 5365/1537/5455 5349/5083/5459 5367/1533/5460 4664/1536/5456
f 5349/5083/5459 5350/1563/5426 4653/1564/5425 5367/1533/5460
f 5368/1534/5458 4659/1556/5433 5350/1563/5426 5349/5083/5459
f 4655/2792/5442 5357/1550/5441 5356/1532/5461 5369/3774/5462
f 5369/3774/5462 5356/1532/5461 5366/1542/5450 4656/1543/5449
f 5356/1532/5461 5370/1531/5463 4663/1535/5457 5366/1542/5450
f 5357/1550/5441 4662/1548/5444 5370/1531/5463 5356/1532/5461
f 4662/1548/5444 5360/1544/5448 5352/1530/5464 5370/1531/5463
f 5370/1531/5463 5352/1530/5464 5368/1534/5458 4663/1535/5457
f 5352/1530/5464 5353/4957/5436 4659/1556/5433 5368/1534/5458
f 5360/1544/5448 4660/4992/5416 5353/4957/5436 5352/1530/5464
f 4676/3001/5465 5377/1529/5466 5371/2328/5467 5373/1528/5468
f 5373/1528/5468 5371/2328/5467 5374/1527/5469 4674/1526/5470
f 5371/2328/5467 5375/1525/5471 4666/1524/5472 5374/1527/5469
f 5377/1529/5466 4670/1523/5473 5375/1525/5471 5371/2328/5467
f 4669/1522/5474 5383/1521/5475 5380/3597/5476 5378/1520/5477
f 5378/1520/5477 5380/3597/5476 5379/1519/5478 4665/1518/5479
f 5380/3597/5476 5381/1517/5480 4673/1516/5481 5379/1519/5478
f 5383/1521/5475 4675/4483/5482 5381/1517/5480 5380/3597/5476
f 4673/1516/5481 5381/1517/5480 5372/2830/5483 5384/1515/5484
f 5384/1515/5484 5372/2830/5483 5373/1528/5468 4674/1526/5470
f 5372/2830/5483 5386/1514/5485 4676/3001/5465 5373/1528/5468
f 5381/1517/5480 4675/4483/5482 5386/1514/5485 5372/2830/5483
f 4667/1513/5486 5392/1512/5487 5388/1511/5488 5387/1510/5489
f 5387/1510/5489 5388/1511/5488 5390/1509/5490 4671/1508/5491
f 5388/1511/5488 5391/5159/5492 4678/1507/5493 5390/1509/5490
f 5392/1512/5487 4677/3161/5494 5391/5159/5492 5388/1511/5488
f 4677/3161/5494 5394/1506/5495 5376/1505/5496 5391/5159/5492
f 5391/5159/5492 5376/1505/5496 5393/1504/5497 4678/1507/5493
f 5376/1505/5496 5377/1529/5466 4676/3001/5465 5393/1504/5497
f 5394/1506/5495 4670/1523/5473 5377/1529/5466 5376/1505/5496
f 4672/1503/5498 5399/1502/5499 5397/1501/5500 5395/1500/5501
f 5395/1500/5501 5397/1501/5500 5396/1498/5502 4668/1497/5503
f 5397/1501/5500 5398/1496/5504 4680/1495/5505 5396/1498/5502
f 5399/1502/5499 4679/1494/5506 5398/1496/5504 5397/1501/5500
f 4679/1494/5506 5401/1650/5507 5382/2747/5508 5398/1496/5504
f 5398/1496/5504 5382/2747/5508 5400/3405/5509 4680/1495/5505
f 5382/2747/5508 5383/1521/5475 4669/1522/5474 5400/3405/5509
f 5401/1650/5507 4675/4483/5482 5383/1521/5475 5382/2747/5508
f 4671/1508/5491 5390/1509/5490 5389/1553/5510 5402/1493/5511
f 5402/1493/5511 5389/1553/5510 5399/1502/5499 4672/1503/5498
f 5389/1553/5510 5403/1492/5512 4679/1494/5506 5399/1502/5499
f 5390/1509/5490 4678/1507/5493 5403/1492/5512 5389/1553/5510
f 4678/1507/5493 5393/1504/5497 5385/1491/5513 5403/1492/5512
f 5403/1492/5512 5385/1491/5513 5401/1650/5507 4679/1494/5506
f 5385/1491/5513 5386/1514/5485 4675/4483/5482 5401/1650/5507
f 5393/1504/5497 4676/3001/5465 5386/1514/5485 5385/1491/5513
f 4692/1489/5514 5410/1488/5515 5404/1487/5516 5406/2732/5517
f 5406/2732/5517 5404/1487/5516 5407/1486/5518 4690/1485/5519
f 5404/1487/5516 5408/1484/5520 4682/1482/5521 5407/1486/5518
f 5410/1488/5515 4686/5394/5522 5408/1484/5520 5404/1487/5516
f 4685/1481/5523 5416/1480/5524 5413/2891/5525 5411/1479/5526
f 5411/1479/5526 5413/2891/5525 5412/1478/5527 4681/1477/5528
f 5413/2891/5525 5414/1476/5529 4689/5103/5530 5412/1478/5527
f 5416/1480/5524 4691/1475/5531 5414/1476/5529 5413/2891/5525
f 4689/5103/5530 5414/1476/5529 5405/1473/5532 5417/5343/5533
f 5417/5343/5533 5405/1473/5532 5406/2732/5517 4690/1485/5519
f 5405/1473/5532 5419/1472/5534 4692/1489/5514 5406/2732/5517
f 5414/1476/5529 4691/1475/5531 5419/1472/5534 5405/1473/5532
f 4683/1471/5535 5425/1470/5536 5421/1469/5537 5420/1468/5538
f 5420/1468/5538 5421/1469/5537 5423/1467/5539 4687/1466/5540
f 5421/1469/5537 5424/1465/5541 4694/1464/5542 5423/1467/5539
f 5425/1470/5536 4693/2259/5543 5424/1465/5541 5421/1469/5537
f 4693/2259/5543 5427/1463/5544 5409/1462/5545 5424/1465/5541
f 5424/1465/5541 5409/1462/5545 5426/1937/5546 4694/1464/5542
f 5409/1462/5545 5410/1488/5515 4692/1489/5514 5426/1937/5546
f 5427/1463/5544 4686/5394/5522 5410/1488/5515 5409/1462/5545
f 4688/5252/5547 5432/1461/5548 5430/1460/5549 5428/1546/5550
f 5428/1546/5550 5430/1460/5549 5429/5329/5551 4684/1459/5552
f 5430/1460/5549 5431/1458/5553 4696/1457/5554 5429/5329/5551
f 5432/1461/5548 4695/1456/5555 5431/1458/5553 5430/1460/5549
f 4695/1456/5555 5434/5240/5556 5415/1455/5557 5431/1458/5553
f 5431/1458/5553 5415/1455/5557 5433/1454/5558 4696/1457/5554
f 5415/1455/5557 5416/1480/5524 4685/1481/5523 5433/1454/5558
f 5434/5240/5556 4691/1475/5531 5416/1480/5524 5415/1455/5557
f 4687/1466/5540 5423/1467/5539 5422/1452/5559 5435/1451/5560
f 5435/1451/5560 5422/1452/5559 5432/1461/5548 4688/5252/5547
f 5422/1452/5559 5436/1450/5561 4695/1456/5555 5432/1461/5548
f 5423/1467/5539 4694/1464/5542 5436/1450/5561 5422/1452/5559
f 4694/1464/5542 5426/1937/5546 5418/1449/5562 5436/1450/5561
f 5436/1450/5561 5418/1449/5562 5434/5240/5556 4695/1456/5555
f 5418/1449/5562 5419/1472/5534 4691/1475/5531 5434/5240/5556
f 5426/1937/5546 4692/1489/5514 5419/1472/5534 5418/1449/5562
f 4697/1448/5563 5442/1446/5564 5439/1445/5565 5437/1444/5566
f 5437/1444/5566 5439/1445/5565 5438/1443/5567 4701/1442/5568
f 5439/1445/5565 5441/1441/5569 4702/1440/5570 5438/1443/5567
f 5442/1446/5564 4699/1439/5571 5441/1441/5569 5439/1445/5565
f 4700/5196/5572 5447/1957/5573 5443/1438/5574 5444/1437/5575
f 5444/1437/5575 5443/1438/5574 5445/1436/5576 4703/1435/5577
f 5443/1438/5574 5446/4544/5578 4704/2606/5579 5445/1436/5576
f 5447/1957/5573 4698/1612/5580 5446/4544/5578 5443/1438/5574
f 4699/1439/5571 5449/1434/5581 5440/1433/5582 5441/1441/5569
f 5441/1441/5569 5440/1433/5582 5448/1432/5583 4702/1440/5570
f 5440/1433/5582 5444/1437/5575 4703/1435/5577 5448/1432/5583
f 5449/1434/5581 4700/5196/5572 5444/1437/5575 5440/1433/5582
f 4705/1431/5584 5455/1430/5585 5452/1429/5586 5450/1428/5587
f 5450/1428/5587 5452/1429/5586 5451/1427/5588 4709/1426/5589
f 5452/1429/5586 5454/1425/5590 4710/1424/5591 5451/1427/5588
f 5455/1430/5585 4707/1423/5592 5454/1425/5590 5452/1429/5586
f 4708/1422/5593 5460/1421/5594 5456/1420/5595 5457/1419/5596
f 5457/1419/5596 5456/1420/5595 5458/1418/5597 4711/1417/5598
f 5456/1420/5595 5459/1416/5599 4712/5045/5600 5458/1418/5597
f 5460/1421/5594 4706/1415/5601 5459/1416/5599 5456/1420/5595
f 4707/1423/5592 5462/1414/5602 5453/1413/5603 5454/1425/5590
f 5454/1425/5590 5453/1413/5603 5461/1412/5604 4710/1424/5591
f 5453/1413/5603 5457/1419/5596 4711/1417/5598 5461/1412/5604
f 5462/1414/5602 4708/1422/5593 5457/1419/5596 5453/1413/5603
f 4713/1411/5605 5468/1410/5606 5465/1409/5607 5463/1408/5608
f 5463/1408/5608 5465/1409/5607 5464/1407/5609 4717/3307/5610
f 5465/1409/5607 5467/1406/5611 4718/1405/5612 5464/1407/5609
f 5468/1410/5606 4715/1404/5613 5467/1406/5611 5465/1409/5607
f 4716/1403/5614 5473/1402/5615 5469/1401/5616 5470/1400/5617
f 5470/1400/5617 5469/1401/5616 5471/1399/5618 4719/5010/5619
f 5469/1401/5616 5472/1398/5620 4720/1397/5621 5471/1399/5618
f 5473/1402/5615 4714/1396/5622 5472/1398/5620 5469/1401/5616
f 4715/1404/5613 5475/1395/5623 5466/1394/5624 5467/1406/5611
f 5467/1406/5611 5466/1394/5624 5474/1393/5625 4718/1405/5612
f 5466/1394/5624 5470/1400/5617 4719/5010/5619 5474/1393/5625
f 5475/1395/5623 4716/1403/5614 5470/1400/5617 5466/1394/5624
f 4721/1392/5626 5481/3509/5627 5478/1391/5628 5476/1390/5629
f 5476/1390/5629 5478/1391/5628 5477/1389/5630 4725/4182/5631
f 5478/1391/5628 5480/1388/5632 4726/1387/5633 5477/1389/5630
f 5481/3509/5627 4723/1386/5634 5480/1388/5632 5478/1391/5628
f 4724/1385/5635 5486/3027/5636 5482/1384/5637 5483/4867/5638
f 5483/4867/5638 5482/1384/5637 5484/2251/5639 4727/1383/5640
f 5482/1384/5637 5485/1382/5641 4728/1381/5642 5484/2251/5639
f 5486/3027/5636 4722/1380/5643 5485/1382/5641 5482/1384/5637
f 4723/1386/5634 5488/1379/5644 5479/5246/5645 5480/1388/5632
f 5480/1388/5632 5479/5246/5645 5487/1378/5646 4726/1387/5633
f 5479/5246/5645 5483/4867/5638 4727/1383/5640 5487/1378/5646
f 5488/1379/5644 4724/1385/5635 5483/4867/5638 5479/5246/5645
f 4729/1377/5647 5494/1633/5648 5491/1376/5649 5489/1375/5650
f 5489/1375/5650 5491/1376/5649 5490/1374/5651 4733/1373/5652
f 5491/1376/5649 5493/1372/5653 4734/1371/5654 5490/1374/5651
f 5494/1633/5648 4731/1370/5655 5493/1372/5653 5491/1376/5649
f 4732/1369/5656 5499/1368/5657 5495/1367/5658 5496/1366/5659
f 5496/1366/5659 5495/1367/5658 5497/1365/5660 4735/1364/5661
f 5495/1367/5658 5498/2780/5662 4736/5241/5663 5497/1365/5660
f 5499/1368/5657 4730/1363/5664 5498/2780/5662 5495/1367/5658
f 4731/1370/5655 5501/1362/5665 5492/2105/5666 5493/1372/5653
f 5493/1372/5653 5492/2105/5666 5500/1361/5667 4734/1371/5654
f 5492/2105/5666 5496/1366/5659 4735/1364/5661 5500/1361/5667
f 5501/1362/5665 4732/1369/5656 5496/1366/5659 5492/2105/5666
f 4737/1360/5668 5507/1359/5669 5504/1358/5670 5502/5036/5671
f 5502/5036/5671 5504/1358/5670 5503/1357/5672 4741/1356/5673
f 5504/1358/5670 5506/1355/5674 4742/3663/5675 5503/1357/5672
f 5507/1359/5669 4739/1354/5676 5506/1355/5674 5504/1358/5670
f 4740/1353/5677 5512/1352/5678 5508/4223/5679 5509/1351/5680
f 5509/1351/5680 5508/4223/5679 5510/1350/5681 4743/1349/5682
f 5508/4223/5679 5511/5328/5683 4744/1348/5684 5510/1350/5681
f 5512/1352/5678 4738/1347/5685 5511/5328/5683 5508/4223/5679
f 4739/1354/5676 5514/3443/5686 5505/1346/5687 5506/1355/5674
f 5506/1355/5674 5505/1346/5687 5513/1345/5688 4742/3663/5675
f 5505/1346/5687 5509/1351/5680 4743/1349/5682 5513/1345/5688
f 5514/3443/5686 4740/1353/5677 5509/1351/5680 5505/1346/5687
f 4745/4994/5689 5520/1344/5690 5517/1343/5691 5515/1342/5692
f 5515/1342/5692 5517/1343/5691 5516/1341/5693 4749/1340/5694
f 5517/1343/5691 5519/1339/5695 4750/5327/5696 5516/1341/5693
f 5520/1344/5690 4747/1338/5697 5519/1339/5695 5517/1343/5691
f 4748/1337/5698 5525/1335/5699 5521/1334/5700 5522/1333/5701
f 5522/1333/5701 5521/1334/5700 5523/5172/5702 4751/1332/5703
f 5521/1334/5700 5524/1331/5704 4752/5041/5705 5523/5172/5702
f 5525/1335/5699 4746/1330/5706 5524/1331/5704 5521/1334/5700
f 4747/1338/5697 5527/1329/5707 5518/1328/5708 5519/1339/5695
f 5519/1339/5695 5518/1328/5708 5526/1327/5709 4750/5327/5696
f 5518/1328/5708 5522/1333/5701 4751/1332/5703 5526/1327/5709
f 5527/1329/5707 4748/1337/5698 5522/1333/5701 5518/1328/5708
f 4753/1326/5710 5533/5057/5711 5530/1325/5712 5528/1324/5713
f 5528/1324/5713 5530/1325/5712 5529/1323/5714 4757/1322/5715
f 5530/1325/5712 5532/1321/5716 4758/1320/5717 5529/1323/5714
f 5533/5057/5711 4755/1319/5718 5532/1321/5716 5530/1325/5712
f 4756/5212/5719 5538/1318/5720 5534/1317/5721 5535/1316/5722
f 5535/1316/5722 5534/1317/5721 5536/1314/5723 4759/1313/5724
f 5534/1317/5721 5537/1312/5725 4760/1311/5726 5536/1314/5723
f 5538/1318/5720 4754/1310/5727 5537/1312/5725 5534/1317/5721
f 4755/1319/5718 5540/1309/5728 5531/1308/5729 5532/1321/5716
f 5532/1321/5716 5531/1308/5729 5539/1307/5730 4758/1320/5717
f 5531/1308/5729 5535/1316/5722 4759/1313/5724 5539/1307/5730
f 5540/1309/5728 4756/5212/5719 5535/1316/5722 5531/1308/5729
f 4761/1306/5731 5546/1305/5732 5543/1304/5733 5541/1303/5734
f 5541/1303/5734 5543/1304/5733 5542/1302/5735 4765/1301/5736
f 5543/1304/5733 5545/1300/5737 4766/1299/5738 5542/1302/5735
f 5546/1305/5732 4763/5128/5739 5545/1300/5737 5543/1304/5733
f 4764/1298/5740 5551/4459/5741 5547/1297/5742 5548/1296/5743
f 5548/1296/5743 5547/1297/5742 5549/1295/5744 4767/1294/5745
f 5547/1297/5742 5550/5166/5746 4768/1293/5747 5549/1295/5744
f 5551/4459/5741 4762/1292/5748 5550/5166/5746 5547/1297/5742
f 4763/5128/5739 5553/2285/5749 5544/1291/5750 5545/1300/5737
f 5545/1300/5737 5544/1291/5750 5552/1824/5751 4766/1299/5738
f 5544/1291/5750 5548/1296/5743 4767/1294/5745 5552/1824/5751
f 5553/2285/5749 4764/1298/5740 5548/1296/5743 5544/1291/5750
f 4769/1290/5752 5559/1289/5753 5556/1288/5754 5554/2609/5755
f 5554/2609/5755 5556/1288/5754 5555/1287/5756 4773/1286/5757
f 5556/1288/5754 5558/1285/5758 4774/3261/5759 5555/1287/5756
f 5559/1289/5753 4771/1284/5760 5558/1285/5758 5556/1288/5754
f 4772/1283/5761 5564/1282/5762 5560/1281/5763 5561/1280/5764
f 5561/1280/5764 5560/1281/5763 5562/5032/5765 4775/1279/5766
f 5560/1281/5763 5563/1278/5767 4776/1277/5768 5562/5032/5765
f 5564/1282/5762 4770/1276/5769 5563/1278/5767 5560/1281/5763
f 4771/1284/5760 5566/1275/5770 5557/3050/5771 5558/1285/5758
f 5558/1285/5758 5557/3050/5771 5565/5126/5772 4774/3261/5759
f 5557/3050/5771 5561/1280/5764 4775/1279/5766 5565/5126/5772
f 5566/1275/5770 4772/1283/5761 5561/1280/5764 5557/3050/5771
f 4781/1274/5773 5573/1273/5774 5567/1272/5775 5569/1271/5776
f 5569/1271/5776 5567/1272/5775 5571/1270/5777 4787/1269/5778
f 5567/1272/5775 5572/1268/5779 4785/1267/5780 5571/1270/5777
f 5573/1273/5774 4777/1266/5781 5572/1268/5779 5567/1272/5775
f 4785/1267/5780 5578/1265/5782 5570/1264/5783 5571/1270/5777
f 5571/1270/5777 5570/1264/5783 5575/1263/5784 4787/1269/5778
f 5570/1264/5783 5577/1262/5785 4788/5206/5786 5575/1263/5784
f 5578/1265/5782 4786/1261/5787 5577/1262/5785 5570/1264/5783
f 4784/1260/5788 5584/1259/5789 5579/5050/5790 5581/1258/5791
f 5584/1259/5789 4780/3518/5792 5583/1257/5793 5579/5050/5790
f 4791/1256/5794 5582/1255/5795 5568/1254/5796 5585/2822/5797
f 5585/2822/5797 5568/1254/5796 5569/1271/5776 4787/1269/5778
f 5568/1254/5796 5586/1253/5798 4781/1274/5773 5569/1271/5776
f 5582/1255/5795 4792/2836/5799 5586/1253/5798 5568/1254/5796
f 4783/1252/5800 5590/2925/5801 5580/1251/5802 5588/1250/5803
f 5590/2925/5801 4784/1260/5788 5581/1258/5791 5580/1251/5802
f 4790/1249/5804 5589/1248/5805 5574/1247/5806 5592/1246/5807
f 5592/1246/5807 5574/1247/5806 5575/1263/5784 4788/5206/5786
f 5574/1247/5806 5585/2822/5797 4787/1269/5778 5575/1263/5784
f 5589/1248/5805 4791/1256/5794 5585/2822/5797 5574/1247/5806
f 4788/5206/5786 5577/1262/5785 5576/1245/5808 5593/1244/5809
f 5593/1244/5809 5576/1245/5808 5595/1243/5810 4793/1242/5811
f 5576/1245/5808 5596/1241/5812 4794/1240/5813 5595/1243/5810
f 5577/1262/5785 4786/1261/5787 5596/1241/5812 5576/1245/5808
f 4793/1242/5811 5595/1243/5810 5594/1239/5814 5598/1238/5815
f 5598/1238/5815 5594/1239/5814 5599/1237/5816 4782/1236/5817
f 5594/1239/5814 5600/1235/5818 4778/1233/5819 5599/1237/5816
f 5595/1243/5810 4794/1240/5813 5600/1235/5818 5594/1239/5814
f 4783/1252/5800 5588/1250/5803 5587/1232/5820 5601/1231/5821
f 5601/1231/5821 5587/1232/5820 5603/4879/5822 4795/5149/5823
f 4795/5149/5823 5603/4879/5822 5602/1230/5824 5605/1229/5825
f 5605/1229/5825 5602/1230/5824 5606/1228/5826 4779/2508/5827
f 4790/1249/5804 5592/1246/5807 5591/1227/5828 5604/1226/5829
f 5604/1226/5829 5591/1227/5828 5608/1225/5830 4796/1224/5831
f 5591/1227/5828 5593/1244/5809 4793/1242/5811 5608/1225/5830
f 5592/1246/5807 4788/5206/5786 5593/1244/5809 5591/1227/5828
f 4796/1224/5831 5608/1225/5830 5597/1223/5832 5607/1453/5833
f 5607/1453/5833 5597/1223/5832 5609/1222/5834 4789/1220/5835
f 5597/1223/5832 5598/1238/5815 4782/1236/5817 5609/1222/5834
f 5608/1225/5830 4793/1242/5811 5598/1238/5815 5597/1223/5832
f 5611/1219/5836 5610/1218/5837 4861/4939/4709 4421/2203/4708
f 5610/1218/5837 5611/1219/5836 4859/2206/4705 4860/2207/4704
f 5610/1218/5837 5612/1217/5838 4422/2199/4713 4861/4939/4709
f 5612/1217/5838 5610/1218/5837 4860/2207/4704 4863/2204/4707
f 5614/1216/5839 5613/1215/5840 4869/2192/4721 4423/2193/4720
f 5613/1215/5840 5614/1216/5839 4868/5169/4717 4867/2196/4716
f 5613/1215/5840 5615/1214/5841 4424/4328/4725 4869/2192/4721
f 5615/1214/5841 5613/1215/5840 4867/2196/4716 4870/2194/4719
f 5612/1217/5838 5616/1213/5842 4874/4159/4728 4422/2199/4713
f 5616/1213/5842 5612/1217/5838 4863/2204/4707 4862/2188/4727
f 5616/1213/5842 5614/1216/5839 4423/2193/4720 4874/4159/4728
f 5614/1216/5839 5616/1213/5842 4862/2188/4727 4868/5169/4717
f 5618/1212/5843 5617/1211/5844 5582/1255/5795 4791/1256/5794
f 5617/1211/5844 5618/1212/5843 5581/1258/5791 5579/5050/5790
f 5617/1211/5844 5619/1210/5845 4792/2836/5799 5582/1255/5795
f 5619/1210/5845 5617/1211/5844 5579/5050/5790 5583/1257/5793
f 5621/1209/5846 5620/1208/5847 5589/1248/5805 4790/1249/5804
f 5620/1208/5847 5621/1209/5846 5588/1250/5803 5580/1251/5802
f 5620/1208/5847 5618/1212/5843 4791/1256/5794 5589/1248/5805
f 5618/1212/5843 5620/1208/5847 5580/1251/5802 5581/1258/5791
f 5623/1207/5848 5622/1206/5849 5604/1226/5829 4796/1224/5831
f 5622/1206/5849 5623/1207/5848 5603/4879/5822 5587/1232/5820
f 5622/1206/5849 5621/1209/5846 4790/1249/5804 5604/1226/5829
f 5621/1209/5846 5622/1206/5849 5587/1232/5820 5588/1250/5803
f 5625/1205/5850 5624/1204/5851 5607/1453/5833 4789/1220/5835
f 5624/1204/5851 5625/1205/5850 5606/1228/5826 5602/1230/5824
f 5624/1204/5851 5623/1207/5848 4796/1224/5831 5607/1453/5833
f 5623/1207/5848 5624/1204/5851 5602/1230/5824 5603/4879/5822
f 5626/1203/5852 5911/1202/5853 5906/1201/5854 5905/4910/5855
f 5905/4910/5855 5906/1201/5854 5908/1200/5856 5630/1199/5857
f 5906/1201/5854 5910/1198/5858 5634/1197/5859 5908/1200/5856
f 5911/1202/5853 5633/1196/5860 5910/1198/5858 5906/1201/5854
f 5630/1199/5857 5908/1200/5856 5907/4931/5861 5912/1195/5862
f 5912/1195/5862 5907/4931/5861 5913/5097/5863 5629/1194/5864
f 5907/4931/5861 5915/3487/5865 5631/1193/5866 5913/5097/5863
f 5908/1200/5856 5634/1197/5859 5915/3487/5865 5907/4931/5861
f 5634/1197/5859 5918/1192/5867 5914/1191/5868 5915/3487/5865
f 5915/3487/5865 5914/1191/5868 5916/1189/5869 5631/1193/5866
f 5914/1191/5868 5917/1188/5870 5628/1187/5871 5916/1189/5869
f 5918/1192/5867 5632/1186/5872 5917/1188/5870 5914/1191/5868
f 5633/1196/5860 5920/1185/5873 5909/1184/5874 5910/1198/5858
f 5910/1198/5858 5909/1184/5874 5918/1192/5867 5634/1197/5859
f 5909/1184/5874 5919/5164/5875 5632/1186/5872 5918/1192/5867
f 5920/1185/5873 5627/1183/5876 5919/5164/5875 5909/1184/5874
f 5635/1182/5877 5927/1181/5878 5922/1180/5879 5921/1179/5880
f 5921/1179/5880 5922/1180/5879 5924/1178/5881 5639/1177/5882
f 5922/1180/5879 5926/1176/5883 5643/1175/5884 5924/1178/5881
f 5927/1181/5878 5642/1174/5885 5926/1176/5883 5922/1180/5879
f 5639/1177/5882 5924/1178/5881 5923/5073/5886 5928/1173/5887
f 5928/1173/5887 5923/5073/5886 5929/1172/5888 5638/1171/5889
f 5923/5073/5886 5931/1170/5890 5640/1169/5891 5929/1172/5888
f 5924/1178/5881 5643/1175/5884 5931/1170/5890 5923/5073/5886
f 5643/1175/5884 5934/1168/5892 5930/1167/5893 5931/1170/5890
f 5931/1170/5890 5930/1167/5893 5932/1166/5894 5640/1169/5891
f 5930/1167/5893 5933/5332/5895 5637/1165/5896 5932/1166/5894
f 5934/1168/5892 5641/1164/5897 5933/5332/5895 5930/1167/5893
f 5642/1174/5885 5936/5181/5898 5925/1163/5899 5926/1176/5883
f 5926/1176/5883 5925/1163/5899 5934/1168/5892 5643/1175/5884
f 5925/1163/5899 5935/1162/5900 5641/1164/5897 5934/1168/5892
f 5936/5181/5898 5636/4130/5901 5935/1162/5900 5925/1163/5899
f 5644/1161/5902 5943/1160/5903 5938/1159/5904 5937/1158/5905
f 5937/1158/5905 5938/1159/5904 5940/1157/5906 5648/5089/5907
f 5938/1159/5904 5942/1156/5908 5652/1155/5909 5940/1157/5906
f 5943/1160/5903 5651/1153/5910 5942/1156/5908 5938/1159/5904
f 5648/5089/5907 5940/1157/5906 5939/1152/5911 5944/1151/5912
f 5944/1151/5912 5939/1152/5911 5945/1150/5913 5647/1149/5914
f 5939/1152/5911 5947/1148/5915 5649/1147/5916 5945/1150/5913
f 5940/1157/5906 5652/1155/5909 5947/1148/5915 5939/1152/5911
f 5652/1155/5909 5950/3482/5917 5946/1146/5918 5947/1148/5915
f 5947/1148/5915 5946/1146/5918 5948/1145/5919 5649/1147/5916
f 5946/1146/5918 5949/1144/5920 5646/1143/5921 5948/1145/5919
f 5950/3482/5917 5650/1142/5922 5949/1144/5920 5946/1146/5918
f 5651/1153/5910 5952/1663/5923 5941/1141/5924 5942/1156/5908
f 5942/1156/5908 5941/1141/5924 5950/3482/5917 5652/1155/5909
f 5941/1141/5924 5951/1140/5925 5650/1142/5922 5950/3482/5917
f 5952/1663/5923 5645/1139/5926 5951/1140/5925 5941/1141/5924
f 5657/2593/5927 5959/4895/5928 5953/1138/5929 5955/1136/5930
f 5955/1136/5930 5953/1138/5929 5957/1135/5931 5661/1133/5932
f 5953/1138/5929 5958/1132/5933 5658/1131/5934 5957/1135/5931
f 5959/4895/5928 5656/1130/5935 5958/1132/5933 5953/1138/5929
f 5661/1133/5932 5957/1135/5931 5956/1129/5936 5961/1128/5937
f 5961/1128/5937 5956/1129/5936 5962/1127/5938 5659/1126/5939
f 5956/1129/5936 5963/1125/5940 5655/4290/5941 5962/1127/5938
f 5957/1135/5931 5658/1131/5934 5963/1125/5940 5956/1129/5936
f 5653/1124/5942 5969/1123/5943 5965/1122/5944 5964/1221/5945
f 5964/1221/5945 5965/1122/5944 5967/1121/5946 5660/3097/5947
f 5965/1122/5944 5968/1119/5948 5663/1118/5949 5967/1121/5946
f 5969/1123/5943 5662/1117/5950 5968/1119/5948 5965/1122/5944
f 5662/1117/5950 5971/1116/5951 5954/1115/5952 5968/1119/5948
f 5968/1119/5948 5954/1115/5952 5970/1114/5953 5663/1118/5949
f 5954/1115/5952 5955/1136/5930 5661/1133/5932 5970/1114/5953
f 5971/1116/5951 5657/2593/5927 5955/1136/5930 5954/1115/5952
f 5660/3097/5947 5967/1121/5946 5966/1113/5954 5972/1112/5955
f 5972/1112/5955 5966/1113/5954 5973/1111/5956 5654/5051/5957
f 5966/1113/5954 5974/5255/5958 5664/1110/5959 5973/1111/5956
f 5967/1121/5946 5663/1118/5949 5974/5255/5958 5966/1113/5954
f 5663/1118/5949 5970/1114/5953 5960/1109/5960 5974/5255/5958
f 5974/5255/5958 5960/1109/5960 5975/1108/5961 5664/1110/5959
f 5960/1109/5960 5961/1128/5937 5659/1126/5939 5975/1108/5961
f 5970/1114/5953 5661/1133/5932 5961/1128/5937 5960/1109/5960
f 5669/1106/5962 5982/1105/5963 5976/1103/5964 5978/1102/5965
f 5978/1102/5965 5976/1103/5964 5980/1101/5966 5673/1100/5967
f 5976/1103/5964 5981/1099/5968 5670/1098/5969 5980/1101/5966
f 5982/1105/5963 5668/1097/5970 5981/1099/5968 5976/1103/5964
f 5673/1100/5967 5980/1101/5966 5979/1096/5971 5984/1095/5972
f 5984/1095/5972 5979/1096/5971 5985/1094/5973 5671/1104/5974
f 5979/1096/5971 5986/1093/5975 5667/1092/5976 5985/1094/5973
f 5980/1101/5966 5670/1098/5969 5986/1093/5975 5979/1096/5971
f 5665/1091/5977 5992/1090/5978 5988/3826/5979 5987/1089/5980
f 5987/1089/5980 5988/3826/5979 5990/1088/5981 5672/1087/5982
f 5988/3826/5979 5991/1137/5983 5675/1086/5984 5990/1088/5981
f 5992/1090/5978 5674/1085/5985 5991/1137/5983 5988/3826/5979
f 5674/1085/5985 5994/1084/5986 5977/1083/5987 5991/1137/5983
f 5991/1137/5983 5977/1083/5987 5993/1082/5988 5675/1086/5984
f 5977/1083/5987 5978/1102/5965 5673/1100/5967 5993/1082/5988
f 5994/1084/5986 5669/1106/5962 5978/1102/5965 5977/1083/5987
f 5672/1087/5982 5990/1088/5981 5989/1672/5989 5995/1081/5990
f 5995/1081/5990 5989/1672/5989 5996/1080/5991 5666/1079/5992
f 5989/1672/5989 5997/1078/5993 5676/1077/5994 5996/1080/5991
f 5990/1088/5981 5675/1086/5984 5997/1078/5993 5989/1672/5989
f 5675/1086/5984 5993/1082/5988 5983/5385/5995 5997/1078/5993
f 5997/1078/5993 5983/5385/5995 5998/1693/5996 5676/1077/5994
f 5983/5385/5995 5984/1095/5972 5671/1104/5974 5998/1693/5996
f 5993/1082/5988 5673/1100/5967 5984/1095/5972 5983/5385/5995
f 5681/1076/5997 6005/1075/5998 5999/1074/5999 6001/1073/6000
f 6001/1073/6000 5999/1074/5999 6003/1072/6001 5685/1071/6002
f 5999/1074/5999 6004/1069/6003 5682/1068/6004 6003/1072/6001
f 6005/1075/5998 5680/1067/6005 6004/1069/6003 5999/1074/5999
f 5685/1071/6002 6003/1072/6001 6002/1066/6006 6007/4689/6007
f 6007/4689/6007 6002/1066/6006 6008/1065/6008 5683/1064/6009
f 6002/1066/6006 6009/4218/6010 5679/5266/6011 6008/1065/6008
f 6003/1072/6001 5682/1068/6004 6009/4218/6010 6002/1066/6006
f 5677/1063/6012 6015/2810/6013 6011/1062/6014 6010/1561/6015
f 6010/1561/6015 6011/1062/6014 6013/1061/6016 5684/1060/6017
f 6011/1062/6014 6014/1059/6018 5687/1058/6019 6013/1061/6016
f 6015/2810/6013 5686/1057/6020 6014/1059/6018 6011/1062/6014
f 5686/1057/6020 6017/1056/6021 6000/1055/6022 6014/1059/6018
f 6014/1059/6018 6000/1055/6022 6016/5023/6023 5687/1058/6019
f 6000/1055/6022 6001/1073/6000 5685/1071/6002 6016/5023/6023
f 6017/1056/6021 5681/1076/5997 6001/1073/6000 6000/1055/6022
f 5684/1060/6017 6013/1061/6016 6012/1054/6024 6018/2729/6025
f 6018/2729/6025 6012/1054/6024 6019/3382/6026 5678/1053/6027
f 6012/1054/6024 6020/1051/6028 5688/1050/6029 6019/3382/6026
f 6013/1061/6016 5687/1058/6019 6020/1051/6028 6012/1054/6024
f 5687/1058/6019 6016/5023/6023 6006/1049/6030 6020/1051/6028
f 6020/1051/6028 6006/1049/6030 6021/1048/6031 5688/1050/6029
f 6006/1049/6030 6007/4689/6007 5683/1064/6009 6021/1048/6031
f 6016/5023/6023 5685/1071/6002 6007/4689/6007 6006/1049/6030
f 5693/1047/6032 6028/1046/6033 6022/1045/6034 6024/1044/6035
f 6024/1044/6035 6022/1045/6034 6026/1043/6036 5697/1042/6037
f 6022/1045/6034 6027/1041/6038 5694/1040/6039 6026/1043/6036
f 6028/1046/6033 5692/1039/6040 6027/1041/6038 6022/1045/6034
f 5697/1042/6037 6026/1043/6036 6025/1038/6041 6030/1037/6042
f 6030/1037/6042 6025/1038/6041 6031/1036/6043 5695/1035/6044
f 6025/1038/6041 6032/1034/6045 5691/1033/6046 6031/1036/6043
f 6026/1043/6036 5694/1040/6039 6032/1034/6045 6025/1038/6041
f 5689/1032/6047 6038/1031/6048 6034/1030/6049 6033/1029/6050
f 6033/1029/6050 6034/1030/6049 6036/1028/6051 5696/2786/6052
f 6034/1030/6049 6037/1027/6053 5699/1026/6054 6036/1028/6051
f 6038/1031/6048 5698/1025/6055 6037/1027/6053 6034/1030/6049
f 5698/1025/6055 6040/1024/6056 6023/1023/6057 6037/1027/6053
f 6037/1027/6053 6023/1023/6057 6039/4345/6058 5699/1026/6054
f 6023/1023/6057 6024/1044/6035 5697/1042/6037 6039/4345/6058
f 6040/1024/6056 5693/1047/6032 6024/1044/6035 6023/1023/6057
f 5696/2786/6052 6036/1028/6051 6035/1022/6059 6041/1021/6060
f 6041/1021/6060 6035/1022/6059 6042/5028/6061 5690/1020/6062
f 6035/1022/6059 6043/2381/6063 5700/1019/6064 6042/5028/6061
f 6036/1028/6051 5699/1026/6054 6043/2381/6063 6035/1022/6059
f 5699/1026/6054 6039/4345/6058 6029/1018/6065 6043/2381/6063
f 6043/2381/6063 6029/1018/6065 6044/1017/6066 5700/1019/6064
f 6029/1018/6065 6030/1037/6042 5695/1035/6044 6044/1017/6066
f 6039/4345/6058 5697/1042/6037 6030/1037/6042 6029/1018/6065
f 5701/1016/6067 6051/1015/6068 6046/1014/6069 6045/1013/6070
f 6045/1013/6070 6046/1014/6069 6048/1012/6071 5708/1011/6072
f 6046/1014/6069 6050/1010/6073 5709/1009/6074 6048/1012/6071
f 6051/1015/6068 5705/1008/6075 6050/1010/6073 6046/1014/6069
f 5705/1008/6075 6055/1007/6076 6049/4004/6077 6050/1010/6073
f 6050/1010/6073 6049/4004/6077 6053/1006/6078 5709/1009/6074
f 6049/4004/6077 6054/1005/6079 5706/1004/6080 6053/1006/6078
f 6055/1007/6076 5704/1003/6081 6054/1005/6079 6049/4004/6077
f 5709/1009/6074 6053/1006/6078 6052/1002/6082 6056/5116/6083
f 6056/5116/6083 6052/1002/6082 6057/1001/6084 5707/1000/6085
f 6052/1002/6082 6058/1234/6086 5703/5237/6087 6057/1001/6084
f 6053/1006/6078 5706/1004/6080 6058/1234/6086 6052/1002/6082
f 5708/1011/6072 6048/1012/6071 6047/999/6088 6059/998/6089
f 6059/998/6089 6047/999/6088 6060/5283/6090 5702/997/6091
f 6047/999/6088 6056/5116/6083 5707/1000/6085 6060/5283/6090
f 6048/1012/6071 5709/1009/6074 6056/5116/6083 6047/999/6088
f 5710/996/6092 6067/2825/6093 6062/995/6094 6061/994/6095
f 6061/994/6095 6062/995/6094 6064/993/6096 5717/992/6097
f 6062/995/6094 6066/991/6098 5718/1190/6099 6064/993/6096
f 6067/2825/6093 5714/990/6100 6066/991/6098 6062/995/6094
f 5714/990/6100 6071/989/6101 6065/988/6102 6066/991/6098
f 6066/991/6098 6065/988/6102 6069/987/6103 5718/1190/6099
f 6065/988/6102 6070/986/6104 5715/5389/6105 6069/987/6103
f 6071/989/6101 5713/985/6106 6070/986/6104 6065/988/6102
f 5718/1190/6099 6069/987/6103 6068/984/6107 6072/983/6108
f 6072/983/6108 6068/984/6107 6073/2816/6109 5716/3987/6110
f 6068/984/6107 6074/982/6111 5712/3717/6112 6073/2816/6109
f 6069/987/6103 5715/5389/6105 6074/982/6111 6068/984/6107
f 5717/992/6097 6064/993/6096 6063/981/6113 6075/980/6114
f 6075/980/6114 6063/981/6113 6076/5091/6115 5711/979/6116
f 6063/981/6113 6072/983/6108 5716/3987/6110 6076/5091/6115
f 6064/993/6096 5718/1190/6099 6072/983/6108 6063/981/6113
f 5719/978/6117 6083/977/6118 6078/976/6119 6077/975/6120
f 6077/975/6120 6078/976/6119 6080/974/6121 5726/1870/6122
f 6078/976/6119 6082/3395/6123 5727/973/6124 6080/974/6121
f 6083/977/6118 5723/972/6125 6082/3395/6123 6078/976/6119
f 5723/972/6125 6087/4944/6126 6081/3109/6127 6082/3395/6123
f 6082/3395/6123 6081/3109/6127 6085/970/6128 5727/973/6124
f 6081/3109/6127 6086/969/6129 5724/4624/6130 6085/970/6128
f 6087/4944/6126 5722/968/6131 6086/969/6129 6081/3109/6127
f 5727/973/6124 6085/970/6128 6084/967/6132 6088/966/6133
f 6088/966/6133 6084/967/6132 6089/965/6134 5725/964/6135
f 6084/967/6132 6090/963/6136 5721/3041/6137 6089/965/6134
f 6085/970/6128 5724/4624/6130 6090/963/6136 6084/967/6132
f 5726/1870/6122 6080/974/6121 6079/962/6138 6091/960/6139
f 6091/960/6139 6079/962/6138 6092/959/6140 5720/958/6141
f 6079/962/6138 6088/966/6133 5725/964/6135 6092/959/6140
f 6080/974/6121 5727/973/6124 6088/966/6133 6079/962/6138
f 5728/957/6142 6099/956/6143 6094/954/6144 6093/953/6145
f 6093/953/6145 6094/954/6144 6096/952/6146 5732/5136/6147
f 6094/954/6144 6098/951/6148 5736/950/6149 6096/952/6146
f 6099/956/6143 5735/949/6150 6098/951/6148 6094/954/6144
f 5732/5136/6147 6096/952/6146 6095/948/6151 6100/946/6152
f 6100/946/6152 6095/948/6151 6101/945/6153 5731/944/6154
f 6095/948/6151 6103/943/6155 5733/5369/6156 6101/945/6153
f 6096/952/6146 5736/950/6149 6103/943/6155 6095/948/6151
f 5736/950/6149 6106/942/6157 6102/941/6158 6103/943/6155
f 6103/943/6155 6102/941/6158 6104/940/6159 5733/5369/6156
f 6102/941/6158 6105/939/6160 5730/4601/6161 6104/940/6159
f 6106/942/6157 5734/938/6162 6105/939/6160 6102/941/6158
f 5735/949/6150 6108/937/6163 6097/935/6164 6098/951/6148
f 6098/951/6148 6097/935/6164 6106/942/6157 5736/950/6149
f 6097/935/6164 6107/934/6165 5734/938/6162 6106/942/6157
f 6108/937/6163 5729/933/6166 6107/934/6165 6097/935/6164
f 5737/932/6167 6115/931/6168 6110/930/6169 6109/929/6170
f 6109/929/6170 6110/930/6169 6112/3945/6171 5741/928/6172
f 6110/930/6169 6114/927/6173 5745/926/6174 6112/3945/6171
f 6115/931/6168 5744/925/6175 6114/927/6173 6110/930/6169
f 5741/928/6172 6112/3945/6171 6111/924/6176 6116/923/6177
f 6116/923/6177 6111/924/6176 6117/922/6178 5740/921/6179
f 6111/924/6176 6119/920/6180 5742/919/6181 6117/922/6178
f 6112/3945/6171 5745/926/6174 6119/920/6180 6111/924/6176
f 5745/926/6174 6122/918/6182 6118/917/6183 6119/920/6180
f 6119/920/6180 6118/917/6183 6120/916/6184 5742/919/6181
f 6118/917/6183 6121/915/6185 5739/914/6186 6120/916/6184
f 6122/918/6182 5743/913/6187 6121/915/6185 6118/917/6183
f 5744/925/6175 6124/912/6188 6113/911/6189 6114/927/6173
f 6114/927/6173 6113/911/6189 6122/918/6182 5745/926/6174
f 6113/911/6189 6123/910/6190 5743/913/6187 6122/918/6182
f 6124/912/6188 5738/4009/6191 6123/910/6190 6113/911/6189
f 5746/909/6192 6131/908/6193 6126/1490/6194 6125/907/6195
f 6125/907/6195 6126/1490/6194 6128/906/6196 5750/905/6197
f 6126/1490/6194 6130/904/6198 5754/961/6199 6128/906/6196
f 6131/908/6193 5753/903/6200 6130/904/6198 6126/1490/6194
f 5750/905/6197 6128/906/6196 6127/901/6201 6132/900/6202
f 6132/900/6202 6127/901/6201 6133/899/6203 5749/898/6204
f 6127/901/6201 6135/2323/6205 5751/897/6206 6133/899/6203
f 6128/906/6196 5754/961/6199 6135/2323/6205 6127/901/6201
f 5754/961/6199 6138/896/6207 6134/895/6208 6135/2323/6205
f 6135/2323/6205 6134/895/6208 6136/894/6209 5751/897/6206
f 6134/895/6208 6137/893/6210 5748/4935/6211 6136/894/6209
f 6138/896/6207 5752/1819/6212 6137/893/6210 6134/895/6208
f 5753/903/6200 6140/892/6213 6129/891/6214 6130/904/6198
f 6130/904/6198 6129/891/6214 6138/896/6207 5754/961/6199
f 6129/891/6214 6139/890/6215 5752/1819/6212 6138/896/6207
f 6140/892/6213 5747/889/6216 6139/890/6215 6129/891/6214
f 5759/888/6217 6147/887/6218 6143/886/6219 6141/885/6220
f 6141/885/6220 6143/886/6219 6142/883/6221 5758/882/6222
f 6143/886/6219 6145/881/6223 5760/880/6224 6142/883/6221
f 6147/887/6218 5763/879/6225 6145/881/6223 6143/886/6219
f 5763/879/6225 6151/878/6226 6144/2466/6227 6145/881/6223
f 6145/881/6223 6144/2466/6227 6148/877/6228 5760/880/6224
f 6144/2466/6227 6149/876/6229 5757/875/6230 6148/877/6228
f 6151/878/6226 5761/874/6231 6149/876/6229 6144/2466/6227
f 5755/873/6232 6157/872/6233 6153/5152/6234 6152/871/6235
f 6152/871/6235 6153/5152/6234 6154/1977/6236 5764/5359/6237
f 6153/5152/6234 6156/869/6238 5765/868/6239 6154/1977/6236
f 6157/872/6233 5762/867/6240 6156/869/6238 6153/5152/6234
f 5764/5359/6237 6154/1977/6236 6146/866/6241 6158/864/6242
f 6158/864/6242 6146/866/6241 6147/887/6218 5759/888/6217
f 6146/866/6241 6159/863/6243 5763/879/6225 6147/887/6218
f 6154/1977/6236 5765/868/6239 6159/863/6243 6146/866/6241
f 5762/867/6240 6162/862/6244 6155/861/6245 6156/869/6238
f 6156/869/6238 6155/861/6245 6160/4960/6246 5765/868/6239
f 6155/861/6245 6161/860/6247 5766/859/6248 6160/4960/6246
f 6162/862/6244 5756/858/6249 6161/860/6247 6155/861/6245
f 5765/868/6239 6160/4960/6246 6150/4977/6250 6159/863/6243
f 6159/863/6243 6150/4977/6250 6151/878/6226 5763/879/6225
f 6150/4977/6250 6163/857/6251 5761/874/6231 6151/878/6226
f 6160/4960/6246 5766/859/6248 6163/857/6251 6150/4977/6250
f 5771/3520/6252 6170/856/6253 6166/855/6254 6164/854/6255
f 6164/854/6255 6166/855/6254 6165/853/6256 5770/852/6257
f 6166/855/6254 6168/851/6258 5772/850/6259 6165/853/6256
f 6170/856/6253 5775/849/6260 6168/851/6258 6166/855/6254
f 5775/849/6260 6174/848/6261 6167/847/6262 6168/851/6258
f 6168/851/6258 6167/847/6262 6171/846/6263 5772/850/6259
f 6167/847/6262 6172/845/6264 5769/844/6265 6171/846/6263
f 6174/848/6261 5773/843/6266 6172/845/6264 6167/847/6262
f 5767/842/6267 6180/841/6268 6176/840/6269 6175/839/6270
f 6175/839/6270 6176/840/6269 6177/5093/6271 5776/838/6272
f 6176/840/6269 6179/4903/6273 5777/837/6274 6177/5093/6271
f 6180/841/6268 5774/835/6275 6179/4903/6273 6176/840/6269
f 5776/838/6272 6177/5093/6271 6169/834/6276 6181/833/6277
f 6181/833/6277 6169/834/6276 6170/856/6253 5771/3520/6252
f 6169/834/6276 6182/831/6278 5775/849/6260 6170/856/6253
f 6177/5093/6271 5777/837/6274 6182/831/6278 6169/834/6276
f 5774/835/6275 6185/2439/6279 6178/830/6280 6179/4903/6273
f 6179/4903/6273 6178/830/6280 6183/829/6281 5777/837/6274
f 6178/830/6280 6184/828/6282 5778/827/6283 6183/829/6281
f 6185/2439/6279 5768/826/6284 6184/828/6282 6178/830/6280
f 5777/837/6274 6183/829/6281 6173/825/6285 6182/831/6278
f 6182/831/6278 6173/825/6285 6174/848/6261 5775/849/6260
f 6173/825/6285 6186/824/6286 5773/843/6266 6174/848/6261
f 6183/829/6281 5778/827/6283 6186/824/6286 6173/825/6285
f 5783/2572/6287 6193/823/6288 6189/5321/6289 6187/822/6290
f 6187/822/6290 6189/5321/6289 6188/821/6291 5782/820/6292
f 6189/5321/6289 6191/5157/6293 5784/818/6294 6188/821/6291
f 6193/823/6288 5787/816/6295 6191/5157/6293 6189/5321/6289
f 5787/816/6295 6197/5139/6296 6190/815/6297 6191/5157/6293
f 6191/5157/6293 6190/815/6297 6194/814/6298 5784/818/6294
f 6190/815/6297 6195/813/6299 5781/812/6300 6194/814/6298
f 6197/5139/6296 5785/811/6301 6195/813/6299 6190/815/6297
f 5779/810/6302 6203/809/6303 6199/808/6304 6198/807/6305
f 6198/807/6305 6199/808/6304 6200/806/6306 5788/805/6307
f 6199/808/6304 6202/804/6308 5789/803/6309 6200/806/6306
f 6203/809/6303 5786/802/6310 6202/804/6308 6199/808/6304
f 5788/805/6307 6200/806/6306 6192/3033/6311 6204/801/6312
f 6204/801/6312 6192/3033/6311 6193/823/6288 5783/2572/6287
f 6192/3033/6311 6205/5151/6313 5787/816/6295 6193/823/6288
f 6200/806/6306 5789/803/6309 6205/5151/6313 6192/3033/6311
f 5786/802/6310 6208/936/6314 6201/4655/6315 6202/804/6308
f 6202/804/6308 6201/4655/6315 6206/800/6316 5789/803/6309
f 6201/4655/6315 6207/5199/6317 5790/4822/6318 6206/800/6316
f 6208/936/6314 5780/798/6319 6207/5199/6317 6201/4655/6315
f 5789/803/6309 6206/800/6316 6196/797/6320 6205/5151/6313
f 6205/5151/6313 6196/797/6320 6197/5139/6296 5787/816/6295
f 6196/797/6320 6209/796/6321 5785/811/6301 6197/5139/6296
f 6206/800/6316 5790/4822/6318 6209/796/6321 6196/797/6320
f 5795/795/6322 6216/794/6323 6212/793/6324 6210/3841/6325
f 6210/3841/6325 6212/793/6324 6211/792/6326 5794/4635/6327
f 6212/793/6324 6214/791/6328 5796/790/6329 6211/792/6326
f 6216/794/6323 5799/788/6330 6214/791/6328 6212/793/6324
f 5799/788/6330 6220/787/6331 6213/786/6332 6214/791/6328
f 6214/791/6328 6213/786/6332 6217/784/6333 5796/790/6329
f 6213/786/6332 6218/783/6334 5793/5077/6335 6217/784/6333
f 6220/787/6331 5797/782/6336 6218/783/6334 6213/786/6332
f 5791/781/6337 6226/2694/6338 6222/780/6339 6221/779/6340
f 6221/779/6340 6222/780/6339 6223/778/6341 5800/777/6342
f 6222/780/6339 6225/776/6343 5801/775/6344 6223/778/6341
f 6226/2694/6338 5798/774/6345 6225/776/6343 6222/780/6339
f 5800/777/6342 6223/778/6341 6215/773/6346 6227/771/6347
f 6227/771/6347 6215/773/6346 6216/794/6323 5795/795/6322
f 6215/773/6346 6228/770/6348 5799/788/6330 6216/794/6323
f 6223/778/6341 5801/775/6344 6228/770/6348 6215/773/6346
f 5798/774/6345 6231/769/6349 6224/2094/6350 6225/776/6343
f 6225/776/6343 6224/2094/6350 6229/768/6351 5801/775/6344
f 6224/2094/6350 6230/767/6352 5802/766/6353 6229/768/6351
f 6231/769/6349 5792/765/6354 6230/767/6352 6224/2094/6350
f 5801/775/6344 6229/768/6351 6219/764/6355 6228/770/6348
f 6228/770/6348 6219/764/6355 6220/787/6331 5799/788/6330
f 6219/764/6355 6232/763/6356 5797/782/6336 6220/787/6331
f 6229/768/6351 5802/766/6353 6232/763/6356 6219/764/6355
f 5807/5052/6357 6239/762/6358 6235/761/6359 6233/760/6360
f 6233/760/6360 6235/761/6359 6234/759/6361 5806/758/6362
f 6235/761/6359 6237/757/6363 5808/756/6364 6234/759/6361
f 6239/762/6358 5811/5185/6365 6237/757/6363 6235/761/6359
f 5811/5185/6365 6243/755/6366 6236/754/6367 6237/757/6363
f 6237/757/6363 6236/754/6367 6240/753/6368 5808/756/6364
f 6236/754/6367 6241/752/6369 5805/751/6370 6240/753/6368
f 6243/755/6366 5809/1447/6371 6241/752/6369 6236/754/6367
f 5803/750/6372 6249/749/6373 6245/748/6374 6244/747/6375
f 6244/747/6375 6245/748/6374 6246/746/6376 5812/745/6377
f 6245/748/6374 6248/744/6378 5813/5168/6379 6246/746/6376
f 6249/749/6373 5810/743/6380 6248/744/6378 6245/748/6374
f 5812/745/6377 6246/746/6376 6238/742/6381 6250/4693/6382
f 6250/4693/6382 6238/742/6381 6239/762/6358 5807/5052/6357
f 6238/742/6381 6251/741/6383 5811/5185/6365 6239/762/6358
f 6246/746/6376 5813/5168/6379 6251/741/6383 6238/742/6381
f 5810/743/6380 6254/740/6384 6247/739/6385 6248/744/6378
f 6248/744/6378 6247/739/6385 6252/738/6386 5813/5168/6379
f 6247/739/6385 6253/736/6387 5814/735/6388 6252/738/6386
f 6254/740/6384 5804/734/6389 6253/736/6387 6247/739/6385
f 5813/5168/6379 6252/738/6386 6242/733/6390 6251/741/6383
f 6251/741/6383 6242/733/6390 6243/755/6366 5811/5185/6365
f 6242/733/6390 6255/732/6391 5809/1447/6371 6243/755/6366
f 6252/738/6386 5814/735/6388 6255/732/6391 6242/733/6390
f 5815/731/6392 6262/730/6393 6257/729/6394 6256/5135/6395
f 6256/5135/6395 6257/729/6394 6259/2014/6396 5819/728/6397
f 6257/729/6394 6261/727/6398 5823/726/6399 6259/2014/6396
f 6262/730/6393 5822/725/6400 6261/727/6398 6257/729/6394
f 5819/728/6397 6259/2014/6396 6258/902/6401 6263/724/6402
f 6263/724/6402 6258/902/6401 6264/723/6403 5818/5380/6404
f 6258/902/6401 6266/722/6405 5820/721/6406 6264/723/6403
f 6259/2014/6396 5823/726/6399 6266/722/6405 6258/902/6401
f 5823/726/6399 6269/720/6407 6265/719/6408 6266/722/6405
f 6266/722/6405 6265/719/6408 6267/718/6409 5820/721/6406
f 6265/719/6408 6268/717/6410 5817/716/6411 6267/718/6409
f 6269/720/6407 5821/3478/6412 6268/717/6410 6265/719/6408
f 5822/725/6400 6271/715/6413 6260/714/6414 6261/727/6398
f 6261/727/6398 6260/714/6414 6269/720/6407 5823/726/6399
f 6260/714/6414 6270/785/6415 5821/3478/6412 6269/720/6407
f 6271/715/6413 5816/713/6416 6270/785/6415 6260/714/6414
f 5824/712/6417 6278/711/6418 6273/1938/6419 6272/710/6420
f 6272/710/6420 6273/1938/6419 6275/709/6421 5828/708/6422
f 6273/1938/6419 6277/707/6423 5832/706/6424 6275/709/6421
f 6278/711/6418 5831/5236/6425 6277/707/6423 6273/1938/6419
f 5828/708/6422 6275/709/6421 6274/1867/6426 6279/705/6427
f 6279/705/6427 6274/1867/6426 6280/947/6428 5827/704/6429
f 6274/1867/6426 6282/703/6430 5829/702/6431 6280/947/6428
f 6275/709/6421 5832/706/6424 6282/703/6430 6274/1867/6426
f 5832/706/6424 6285/701/6432 6281/2228/6433 6282/703/6430
f 6282/703/6430 6281/2228/6433 6283/700/6434 5829/702/6431
f 6281/2228/6433 6284/699/6435 5826/698/6436 6283/700/6434
f 6285/701/6432 5830/697/6437 6284/699/6435 6281/2228/6433
f 5831/5236/6425 6287/4308/6438 6276/696/6439 6277/707/6423
f 6277/707/6423 6276/696/6439 6285/701/6432 5832/706/6424
f 6276/696/6439 6286/695/6440 5830/697/6437 6285/701/6432
f 6287/4308/6438 5825/3068/6441 6286/695/6440 6276/696/6439
f 5833/694/6442 6294/693/6443 6289/692/6444 6288/691/6445
f 6288/691/6445 6289/692/6444 6291/690/6446 5837/689/6447
f 6289/692/6444 6293/688/6448 5841/687/6449 6291/690/6446
f 6294/693/6443 5840/686/6450 6293/688/6448 6289/692/6444
f 5837/689/6447 6291/690/6446 6290/4378/6451 6295/685/6452
f 6295/685/6452 6290/4378/6451 6296/684/6453 5836/3250/6454
f 6290/4378/6451 6298/683/6455 5838/682/6456 6296/684/6453
f 6291/690/6446 5841/687/6449 6298/683/6455 6290/4378/6451
f 5841/687/6449 6301/681/6457 6297/680/6458 6298/683/6455
f 6298/683/6455 6297/680/6458 6299/679/6459 5838/682/6456
f 6297/680/6458 6300/3690/6460 5835/678/6461 6299/679/6459
f 6301/681/6457 5839/677/6462 6300/3690/6460 6297/680/6458
f 5840/686/6450 6303/5312/6463 6292/676/6464 6293/688/6448
f 6293/688/6448 6292/676/6464 6301/681/6457 5841/687/6449
f 6292/676/6464 6302/675/6465 5839/677/6462 6301/681/6457
f 6303/5312/6463 5834/674/6466 6302/675/6465 6292/676/6464
f 5842/3554/6467 6310/673/6468 6305/672/6469 6304/3421/6470
f 6304/3421/6470 6305/672/6469 6307/671/6471 5846/670/6472
f 6305/672/6469 6309/4278/6473 5850/669/6474 6307/671/6471
f 6310/673/6468 5849/668/6475 6309/4278/6473 6305/672/6469
f 5846/670/6472 6307/671/6471 6306/2123/6476 6311/3868/6477
f 6311/3868/6477 6306/2123/6476 6312/667/6478 5845/666/6479
f 6306/2123/6476 6314/665/6480 5847/664/6481 6312/667/6478
f 6307/671/6471 5850/669/6474 6314/665/6480 6306/2123/6476
f 5850/669/6474 6317/663/6482 6313/2312/6483 6314/665/6480
f 6314/665/6480 6313/2312/6483 6315/662/6484 5847/664/6481
f 6313/2312/6483 6316/4696/6485 5844/661/6486 6315/662/6484
f 6317/663/6482 5848/660/6487 6316/4696/6485 6313/2312/6483
f 5849/668/6475 6319/659/6488 6308/2214/6489 6309/4278/6473
f 6309/4278/6473 6308/2214/6489 6317/663/6482 5850/669/6474
f 6308/2214/6489 6318/2919/6490 5848/660/6487 6317/663/6482
f 6319/659/6488 5843/658/6491 6318/2919/6490 6308/2214/6489
f 5851/657/6492 6326/656/6493 6321/5382/6494 6320/655/6495
f 6320/655/6495 6321/5382/6494 6323/654/6496 5855/653/6497
f 6321/5382/6494 6325/652/6498 5859/651/6499 6323/654/6496
f 6326/656/6493 5858/650/6500 6325/652/6498 6321/5382/6494
f 5855/653/6497 6323/654/6496 6322/4414/6501 6327/5224/6502
f 6327/5224/6502 6322/4414/6501 6328/649/6503 5854/648/6504
f 6322/4414/6501 6330/647/6505 5856/646/6506 6328/649/6503
f 6323/654/6496 5859/651/6499 6330/647/6505 6322/4414/6501
f 5859/651/6499 6333/645/6507 6329/644/6508 6330/647/6505
f 6330/647/6505 6329/644/6508 6331/643/6509 5856/646/6506
f 6329/644/6508 6332/5333/6510 5853/641/6511 6331/643/6509
f 6333/645/6507 5857/640/6512 6332/5333/6510 6329/644/6508
f 5858/650/6500 6335/4408/6513 6324/4349/6514 6325/652/6498
f 6325/652/6498 6324/4349/6514 6333/645/6507 5859/651/6499
f 6324/4349/6514 6334/3013/6515 5857/640/6512 6333/645/6507
f 6335/4408/6513 5852/639/6516 6334/3013/6515 6324/4349/6514
f 5860/638/6517 6342/5322/6518 6337/637/6519 6336/1107/6520
f 6336/1107/6520 6337/637/6519 6339/636/6521 5864/635/6522
f 6337/637/6519 6341/634/6523 5868/633/6524 6339/636/6521
f 6342/5322/6518 5867/632/6525 6341/634/6523 6337/637/6519
f 5864/635/6522 6339/636/6521 6338/631/6526 6343/630/6527
f 6343/630/6527 6338/631/6526 6344/629/6528 5863/628/6529
f 6338/631/6526 6346/627/6530 5865/626/6531 6344/629/6528
f 6339/636/6521 5868/633/6524 6346/627/6530 6338/631/6526
f 5868/633/6524 6349/4638/6532 6345/625/6533 6346/627/6530
f 6346/627/6530 6345/625/6533 6347/1744/6534 5865/626/6531
f 6345/625/6533 6348/624/6535 5862/623/6536 6347/1744/6534
f 6349/4638/6532 5866/5223/6537 6348/624/6535 6345/625/6533
f 5867/632/6525 6351/622/6538 6340/621/6539 6341/634/6523
f 6341/634/6523 6340/621/6539 6349/4638/6532 5868/633/6524
f 6340/621/6539 6350/620/6540 5866/5223/6537 6349/4638/6532
f 6351/622/6538 5861/619/6541 6350/620/6540 6340/621/6539
f 5869/618/6542 6358/3959/6543 6353/617/6544 6352/1483/6545
f 6352/1483/6545 6353/617/6544 6355/5114/6546 5873/2331/6547
f 6353/617/6544 6357/1761/6548 5877/616/6549 6355/5114/6546
f 6358/3959/6543 5876/615/6550 6357/1761/6548 6353/617/6544
f 5873/2331/6547 6355/5114/6546 6354/614/6551 6359/613/6552
f 6359/613/6552 6354/614/6551 6360/612/6553 5872/611/6554
f 6354/614/6551 6362/610/6555 5874/609/6556 6360/612/6553
f 6355/5114/6546 5877/616/6549 6362/610/6555 6354/614/6551
f 5877/616/6549 6365/5195/6557 6361/1711/6558 6362/610/6555
f 6362/610/6555 6361/1711/6558 6363/608/6559 5874/609/6556
f 6361/1711/6558 6364/607/6560 5871/606/6561 6363/608/6559
f 6365/5195/6557 5875/4449/6562 6364/607/6560 6361/1711/6558
f 5876/615/6550 6367/605/6563 6356/604/6564 6357/1761/6548
f 6357/1761/6548 6356/604/6564 6365/5195/6557 5877/616/6549
f 6356/604/6564 6366/603/6565 5875/4449/6562 6365/5195/6557
f 6367/605/6563 5870/602/6566 6366/603/6565 6356/604/6564
f 5878/601/6567 6374/600/6568 6369/2024/6569 6368/599/6570
f 6368/599/6570 6369/2024/6569 6371/598/6571 5882/597/6572
f 6369/2024/6569 6373/596/6573 5886/595/6574 6371/598/6571
f 6374/600/6568 5885/5123/6575 6373/596/6573 6369/2024/6569
f 5882/597/6572 6371/598/6571 6370/955/6576 6375/594/6577
f 6375/594/6577 6370/955/6576 6376/593/6578 5881/3364/6579
f 6370/955/6576 6378/592/6580 5883/1134/6581 6376/593/6578
f 6371/598/6571 5886/595/6574 6378/592/6580 6370/955/6576
f 5886/595/6574 6381/2409/6582 6377/591/6583 6378/592/6580
f 6378/592/6580 6377/591/6583 6379/590/6584 5883/1134/6581
f 6377/591/6583 6380/589/6585 5880/588/6586 6379/590/6584
f 6381/2409/6582 5884/587/6587 6380/589/6585 6377/591/6583
f 5885/5123/6575 6383/586/6588 6372/836/6589 6373/596/6573
f 6373/596/6573 6372/836/6589 6381/2409/6582 5886/595/6574
f 6372/836/6589 6382/5068/6590 5884/587/6587 6381/2409/6582
f 6383/586/6588 5879/585/6591 6382/5068/6590 6372/836/6589
f 5887/584/6592 6390/583/6593 6385/4176/6594 6384/581/6595
f 6384/581/6595 6385/4176/6594 6387/580/6596 5891/579/6597
f 6385/4176/6594 6389/578/6598 5895/5348/6599 6387/580/6596
f 6390/583/6593 5894/577/6600 6389/578/6598 6385/4176/6594
f 5891/579/6597 6387/580/6596 6386/576/6601 6391/575/6602
f 6391/575/6602 6386/576/6601 6392/574/6603 5890/573/6604
f 6386/576/6601 6394/572/6605 5892/571/6606 6392/574/6603
f 6387/580/6596 5895/5348/6599 6394/572/6605 6386/576/6601
f 5895/5348/6599 6397/570/6607 6393/568/6608 6394/572/6605
f 6394/572/6605 6393/568/6608 6395/567/6609 5892/571/6606
f 6393/568/6608 6396/4533/6610 5889/566/6611 6395/567/6609
f 6397/570/6607 5893/565/6612 6396/4533/6610 6393/568/6608
f 5894/577/6600 6399/799/6613 6388/564/6614 6389/578/6598
f 6389/578/6598 6388/564/6614 6397/570/6607 5895/5348/6599
f 6388/564/6614 6398/563/6615 5893/565/6612 6397/570/6607
f 6399/799/6613 5888/562/6616 6398/563/6615 6388/564/6614
f 5896/5364/6617 6406/5279/6618 6401/561/6619 6400/560/6620
f 6400/560/6620 6401/561/6619 6403/559/6621 5900/4726/6622
f 6401/561/6619 6405/558/6623 5904/557/6624 6403/559/6621
f 6406/5279/6618 5903/556/6625 6405/558/6623 6401/561/6619
f 5900/4726/6622 6403/559/6621 6402/555/6626 6407/554/6627
f 6407/554/6627 6402/555/6626 6408/553/6628 5899/1154/6629
f 6402/555/6626 6410/552/6630 5901/551/6631 6408/553/6628
f 6403/559/6621 5904/557/6624 6410/552/6630 6402/555/6626
f 5904/557/6624 6413/550/6632 6409/549/6633 6410/552/6630
f 6410/552/6630 6409/549/6633 6411/548/6634 5901/551/6631
f 6409/549/6633 6412/2906/6635 5898/547/6636 6411/548/6634
f 6413/550/6632 5902/546/6637 6412/2906/6635 6409/549/6633
f 5903/556/6625 6415/4293/6638 6404/4542/6639 6405/558/6623
f 6405/558/6623 6404/4542/6639 6413/550/6632 5904/557/6624
f 6404/4542/6639 6414/545/6640 5902/546/6637 6413/550/6632
f 6415/4293/6638 5897/544/6641 6414/545/6640 6404/4542/6639
f 6416/543/6642 6665/542/6643 6660/541/6644 6659/540/6645
f 6659/540/6645 6660/541/6644 6662/1834/6646 6420/539/6647
f 6660/541/6644 6664/538/6648 6424/537/6649 6662/1834/6646
f 6665/542/6643 6423/536/6650 6664/538/6648 6660/541/6644
f 6420/539/6647 6662/1834/6646 6661/535/6651 6666/1474/6652
f 6666/1474/6652 6661/535/6651 6667/534/6653 6419/533/6654
f 6661/535/6651 6669/4699/6655 6421/532/6656 6667/534/6653
f 6662/1834/6646 6424/537/6649 6669/4699/6655 6661/535/6651
f 6424/537/6649 6672/531/6657 6668/530/6658 6669/4699/6655
f 6669/4699/6655 6668/530/6658 6670/4504/6659 6421/532/6656
f 6668/530/6658 6671/529/6660 6418/528/6661 6670/4504/6659
f 6672/531/6657 6422/527/6662 6671/529/6660 6668/530/6658
f 6423/536/6650 6674/526/6663 6663/525/6664 6664/538/6648
f 6664/538/6648 6663/525/6664 6672/531/6657 6424/537/6649
f 6663/525/6664 6673/524/6665 6422/527/6662 6672/531/6657
f 6674/526/6663 6417/4474/6666 6673/524/6665 6663/525/6664
f 6425/1682/6667 6680/523/6668 6676/522/6669 6675/521/6670
f 6675/521/6670 6676/522/6671 6678/520/6672 6427/519/6673
f 6676/522/6674 6679/518/6675 6430/517/6676 6678/520/6672
f 6680/523/6668 6429/516/6677 6679/518/6675 6676/522/6671
f 6427/519/6673 6678/520/6672 6677/515/6678 6681/514/6679
f 6681/514/6679 6677/515/6678 6682/513/6680 6426/512/6681
f 6677/515/6678 6683/5059/6682 6428/511/6683 6682/513/6680
f 6678/520/6672 6430/517/6676 6683/5059/6682 6677/515/6678
f 6431/510/6684 6690/509/6685 6685/508/6686 6684/507/6687
f 6684/507/6687 6685/508/6686 6687/506/6688 6435/505/6689
f 6685/508/6686 6689/504/6690 6439/503/6691 6687/506/6688
f 6690/509/6685 6438/502/6692 6689/504/6690 6685/508/6686
f 6435/505/6689 6687/506/6688 6686/501/6693 6691/500/6694
f 6691/500/6694 6686/501/6693 6692/3428/6695 6434/499/6696
f 6686/501/6693 6694/498/6697 6436/497/6698 6692/3428/6695
f 6687/506/6688 6439/503/6691 6694/498/6697 6686/501/6693
f 6439/503/6691 6697/496/6699 6693/494/6700 6694/498/6697
f 6694/498/6697 6693/494/6700 6695/493/6701 6436/497/6698
f 6693/494/6700 6696/492/6702 6433/491/6703 6695/493/6701
f 6697/496/6699 6437/490/6704 6696/492/6702 6693/494/6700
f 6438/502/6692 6699/489/6705 6688/488/6706 6689/504/6690
f 6689/504/6690 6688/488/6706 6697/496/6699 6439/503/6691
f 6688/488/6706 6698/487/6707 6437/490/6704 6697/496/6699
f 6699/489/6705 6432/486/6708 6698/487/6707 6688/488/6706
f 6440/485/6709 6706/5290/6710 6701/4745/6711 6700/484/6712
f 6700/484/6712 6701/4745/6711 6703/483/6713 6444/482/6714
f 6701/4745/6711 6705/4231/6715 6448/481/6716 6703/483/6713
f 6706/5290/6710 6447/480/6717 6705/4231/6715 6701/4745/6711
f 6444/482/6714 6703/483/6713 6702/1499/6718 6707/479/6719
f 6707/479/6719 6702/1499/6718 6708/478/6720 6443/477/6721
f 6702/1499/6718 6710/476/6722 6445/475/6723 6708/478/6720
f 6703/483/6713 6448/481/6716 6710/476/6722 6702/1499/6718
f 6448/481/6716 6713/474/6724 6709/473/6725 6710/476/6722
f 6710/476/6722 6709/473/6725 6711/472/6726 6445/475/6723
f 6709/473/6725 6712/471/6727 6442/470/6728 6711/472/6726
f 6713/474/6724 6446/772/6729 6712/471/6727 6709/473/6725
f 6447/480/6717 6715/2744/6730 6704/469/6731 6705/4231/6715
f 6705/4231/6715 6704/469/6731 6713/474/6724 6448/481/6716
f 6704/469/6731 6714/468/6732 6446/772/6729 6713/474/6724
f 6715/2744/6730 6441/467/6733 6714/468/6732 6704/469/6731
f 6449/466/6734 6722/465/6735 6717/464/6736 6716/463/6737
f 6716/463/6737 6717/464/6736 6719/462/6738 6453/461/6739
f 6717/464/6736 6721/460/6740 6457/459/6741 6719/462/6738
f 6722/465/6735 6456/458/6742 6721/460/6740 6717/464/6736
f 6453/461/6739 6719/462/6738 6718/457/6743 6723/456/6744
f 6723/456/6744 6718/457/6743 6724/455/6745 6452/4970/6746
f 6718/457/6743 6726/454/6747 6454/453/6748 6724/455/6745
f 6719/462/6738 6457/459/6741 6726/454/6747 6718/457/6743
f 6457/459/6741 6729/2840/6749 6725/452/6750 6726/454/6747
f 6726/454/6747 6725/452/6750 6727/451/6751 6454/453/6748
f 6725/452/6750 6728/3521/6752 6451/450/6753 6727/451/6751
f 6729/2840/6749 6455/449/6754 6728/3521/6752 6725/452/6750
f 6456/458/6742 6731/5030/6755 6720/448/6756 6721/460/6740
f 6721/460/6740 6720/448/6756 6729/2840/6749 6457/459/6741
f 6720/448/6756 6730/447/6757 6455/449/6754 6729/2840/6749
f 6731/5030/6755 6450/446/6758 6730/447/6757 6720/448/6756
f 6458/569/6759 6738/445/6760 6733/444/6761 6732/443/6762
f 6732/443/6762 6733/444/6761 6735/442/6763 6462/441/6764
f 6733/444/6761 6737/440/6765 6466/5334/6766 6735/442/6763
f 6738/445/6760 6465/4302/6767 6737/440/6765 6733/444/6761
f 6462/441/6764 6735/442/6763 6734/439/6768 6739/438/6769
f 6739/438/6769 6734/439/6768 6740/437/6770 6461/1986/6771
f 6734/439/6768 6742/3876/6772 6463/3948/6773 6740/437/6770
f 6735/442/6763 6466/5334/6766 6742/3876/6772 6734/439/6768
f 6466/5334/6766 6745/436/6774 6741/435/6775 6742/3876/6772
f 6742/3876/6772 6741/435/6775 6743/434/6776 6463/3948/6773
f 6741/435/6775 6744/433/6777 6460/432/6778 6743/434/6776
f 6745/436/6774 6464/431/6779 6744/433/6777 6741/435/6775
f 6465/4302/6767 6747/430/6780 6736/429/6781 6737/440/6765
f 6737/440/6765 6736/429/6781 6745/436/6774 6466/5334/6766
f 6736/429/6781 6746/428/6782 6464/431/6779 6745/436/6774
f 6747/430/6780 6459/427/6783 6746/428/6782 6736/429/6781
f 6467/789/6784 6754/426/6785 6749/425/6786 6748/5053/6787
f 6748/5053/6787 6749/425/6786 6751/424/6788 6471/423/6789
f 6749/425/6786 6753/3854/6790 6475/495/6791 6751/424/6788
f 6754/426/6785 6474/422/6792 6753/3854/6790 6749/425/6786
f 6471/423/6789 6751/424/6788 6750/421/6793 6755/420/6794
f 6755/420/6794 6750/421/6793 6756/419/6795 6470/418/6796
f 6750/421/6793 6758/417/6797 6472/416/6798 6756/419/6795
f 6751/424/6788 6475/495/6791 6758/417/6797 6750/421/6793
f 6475/495/6791 6761/415/6799 6757/817/6800 6758/417/6797
f 6758/417/6797 6757/817/6800 6759/414/6801 6472/416/6798
f 6757/817/6800 6760/413/6802 6469/412/6803 6759/414/6801
f 6761/415/6799 6473/411/6804 6760/413/6802 6757/817/6800
f 6474/422/6792 6763/410/6805 6752/409/6806 6753/3854/6790
f 6753/3854/6790 6752/409/6806 6761/415/6799 6475/495/6791
f 6752/409/6806 6762/408/6807 6473/411/6804 6761/415/6799
f 6763/410/6805 6468/407/6808 6762/408/6807 6752/409/6806
f 6476/406/6809 6770/405/6810 6765/404/6811 6764/2335/6812
f 6764/2335/6812 6765/404/6811 6767/403/6813 6480/4631/6814
f 6765/404/6811 6769/402/6815 6484/401/6816 6767/403/6813
f 6770/405/6810 6483/400/6817 6769/402/6815 6765/404/6811
f 6480/4631/6814 6767/403/6813 6766/2699/6818 6771/399/6819
f 6771/399/6819 6766/2699/6818 6772/884/6820 6479/398/6821
f 6766/2699/6818 6774/642/6822 6481/397/6823 6772/884/6820
f 6767/403/6813 6484/401/6816 6774/642/6822 6766/2699/6818
f 6484/401/6816 6777/396/6824 6773/395/6825 6774/642/6822
f 6774/642/6822 6773/395/6825 6775/5155/6826 6481/397/6823
f 6773/395/6825 6776/394/6827 6478/393/6828 6775/5155/6826
f 6777/396/6824 6482/392/6829 6776/394/6827 6773/395/6825
f 6483/400/6817 6779/391/6830 6768/390/6831 6769/402/6815
f 6769/402/6815 6768/390/6831 6777/396/6824 6484/401/6816
f 6768/390/6831 6778/389/6832 6482/392/6829 6777/396/6824
f 6779/391/6830 6477/387/6833 6778/389/6832 6768/390/6831
f 6485/386/6834 6786/385/6835 6781/384/6836 6780/383/6837
f 6780/383/6837 6781/384/6836 6783/5349/6838 6489/382/6839
f 6781/384/6836 6785/381/6840 6493/380/6841 6783/5349/6838
f 6786/385/6835 6492/5011/6842 6785/381/6840 6781/384/6836
f 6489/382/6839 6783/5349/6838 6782/379/6843 6787/1336/6844
f 6787/1336/6844 6782/379/6843 6788/378/6845 6488/377/6846
f 6782/379/6843 6790/376/6847 6490/375/6848 6788/378/6845
f 6783/5349/6838 6493/380/6841 6790/376/6847 6782/379/6843
f 6493/380/6841 6793/374/6849 6789/373/6850 6790/376/6847
f 6790/376/6847 6789/373/6850 6791/2129/6851 6490/375/6848
f 6789/373/6850 6792/372/6852 6487/371/6853 6791/2129/6851
f 6793/374/6849 6491/370/6854 6792/372/6852 6789/373/6850
f 6492/5011/6842 6795/369/6855 6784/368/6856 6785/381/6840
f 6785/381/6840 6784/368/6856 6793/374/6849 6493/380/6841
f 6784/368/6856 6794/367/6857 6491/370/6854 6793/374/6849
f 6795/369/6855 6486/366/6858 6794/367/6857 6784/368/6856
f 6494/365/6859 6802/364/6860 6797/3575/6861 6796/1829/6862
f 6796/1829/6862 6797/3575/6861 6799/363/6863 6498/362/6864
f 6797/3575/6861 6801/361/6865 6502/360/6866 6799/363/6863
f 6802/364/6860 6501/359/6867 6801/361/6865 6797/3575/6861
f 6498/362/6864 6799/363/6863 6798/358/6868 6803/357/6869
f 6803/357/6869 6798/358/6868 6804/356/6870 6497/5176/6871
f 6798/358/6868 6806/355/6872 6499/354/6873 6804/356/6870
f 6799/363/6863 6502/360/6866 6806/355/6872 6798/358/6868
f 6502/360/6866 6809/3928/6874 6805/353/6875 6806/355/6872
f 6806/355/6872 6805/353/6875 6807/352/6876 6499/354/6873
f 6805/353/6875 6808/4492/6877 6496/351/6878 6807/352/6876
f 6809/3928/6874 6500/350/6879 6808/4492/6877 6805/353/6875
f 6501/359/6867 6811/349/6880 6800/348/6881 6801/361/6865
f 6801/361/6865 6800/348/6881 6809/3928/6874 6502/360/6866
f 6800/348/6881 6810/347/6882 6500/350/6879 6809/3928/6874
f 6811/349/6880 6495/346/6883 6810/347/6882 6800/348/6881
f 6503/345/6884 6818/344/6885 6813/343/6886 6812/342/6887
f 6812/342/6887 6813/343/6886 6815/340/6888 6507/339/6889
f 6813/343/6886 6817/338/6890 6511/337/6891 6815/340/6888
f 6818/344/6885 6510/336/6892 6817/338/6890 6813/343/6886
f 6507/339/6889 6815/340/6888 6814/335/6893 6819/334/6894
f 6819/334/6894 6814/335/6893 6820/333/6895 6506/3583/6896
f 6814/335/6893 6822/332/6897 6508/331/6898 6820/333/6895
f 6815/340/6888 6511/337/6891 6822/332/6897 6814/335/6893
f 6511/337/6891 6825/330/6899 6821/329/6900 6822/332/6897
f 6822/332/6897 6821/329/6900 6823/328/6901 6508/331/6898
f 6821/329/6900 6824/327/6902 6505/1120/6903 6823/328/6901
f 6825/330/6899 6509/326/6904 6824/327/6902 6821/329/6900
f 6510/336/6892 6827/325/6905 6816/2943/6906 6817/338/6890
f 6817/338/6890 6816/2943/6906 6825/330/6899 6511/337/6891
f 6816/2943/6906 6826/324/6907 6509/326/6904 6825/330/6899
f 6827/325/6905 6504/870/6908 6826/324/6907 6816/2943/6906
f 6512/4974/6909 6834/1912/6910 6829/323/6911 6828/322/6912
f 6828/322/6912 6829/323/6911 6831/321/6913 6516/320/6914
f 6829/323/6911 6833/319/6915 6520/318/6916 6831/321/6913
f 6834/1912/6910 6519/3629/6917 6833/319/6915 6829/323/6911
f 6516/320/6914 6831/321/6913 6830/317/6918 6835/316/6919
f 6835/316/6919 6830/317/6918 6836/2908/6920 6515/315/6921
f 6830/317/6918 6838/314/6922 6517/313/6923 6836/2908/6920
f 6831/321/6913 6520/318/6916 6838/314/6922 6830/317/6918
f 6520/318/6916 6841/312/6924 6837/311/6925 6838/314/6922
f 6838/314/6922 6837/311/6925 6839/310/6926 6517/313/6923
f 6837/311/6925 6840/309/6927 6514/1787/6928 6839/310/6926
f 6841/312/6924 6518/3906/6929 6840/309/6927 6837/311/6925
f 6519/3629/6917 6843/308/6930 6832/307/6931 6833/319/6915
f 6833/319/6915 6832/307/6931 6841/312/6924 6520/318/6916
f 6832/307/6931 6842/306/6932 6518/3906/6929 6841/312/6924
f 6843/308/6930 6513/305/6933 6842/306/6932 6832/307/6931
f 6521/304/6934 6850/4404/6935 6845/303/6936 6844/302/6937
f 6844/302/6937 6845/303/6936 6847/301/6938 6525/300/6939
f 6845/303/6936 6849/299/6940 6529/298/6941 6847/301/6938
f 6850/4404/6935 6528/297/6942 6849/299/6940 6845/303/6936
f 6525/300/6939 6847/301/6938 6846/296/6943 6851/295/6944
f 6851/295/6944 6846/296/6943 6852/294/6945 6524/293/6946
f 6846/296/6943 6854/292/6947 6526/291/6948 6852/294/6945
f 6847/301/6938 6529/298/6941 6854/292/6947 6846/296/6943
f 6529/298/6941 6857/290/6949 6853/289/6950 6854/292/6947
f 6854/292/6947 6853/289/6950 6855/288/6951 6526/291/6948
f 6853/289/6950 6856/3998/6952 6523/287/6953 6855/288/6951
f 6857/290/6949 6527/2626/6954 6856/3998/6952 6853/289/6950
f 6528/297/6942 6859/286/6955 6848/285/6956 6849/299/6940
f 6849/299/6940 6848/285/6956 6857/290/6949 6529/298/6941
f 6848/285/6956 6858/2215/6957 6527/2626/6954 6857/290/6949
f 6859/286/6955 6522/284/6958 6858/2215/6957 6848/285/6956
f 6530/5054/6959 6866/5357/6960 6861/283/6961 6860/4571/6962
f 6860/4571/6962 6861/283/6961 6863/282/6963 6534/281/6964
f 6861/283/6961 6865/280/6965 6538/279/6966 6863/282/6963
f 6866/5357/6960 6537/278/6967 6865/280/6965 6861/283/6961
f 6534/281/6964 6863/282/6963 6862/277/6968 6867/276/6969
f 6867/276/6969 6862/277/6968 6868/275/6970 6533/274/6971
f 6862/277/6968 6870/273/6972 6535/1988/6973 6868/275/6970
f 6863/282/6963 6538/279/6966 6870/273/6972 6862/277/6968
f 6538/279/6966 6873/272/6974 6869/271/6975 6870/273/6972
f 6870/273/6972 6869/271/6975 6871/270/6976 6535/1988/6973
f 6869/271/6975 6872/4451/6977 6532/269/6978 6871/270/6976
f 6873/272/6974 6536/3206/6979 6872/4451/6977 6869/271/6975
f 6537/278/6967 6875/4985/6980 6864/268/6981 6865/280/6965
f 6865/280/6965 6864/268/6981 6873/272/6974 6538/279/6966
f 6864/268/6981 6874/267/6982 6536/3206/6979 6873/272/6974
f 6875/4985/6980 6531/266/6983 6874/267/6982 6864/268/6981
f 6539/265/6984 6881/264/6985 6877/263/6986 6876/5167/6987
f 6876/5167/6987 6877/263/6986 6879/262/6988 6541/4980/6989
f 6877/263/6986 6880/261/6990 6544/260/6991 6879/262/6988
f 6881/264/6985 6543/2654/6992 6880/261/6990 6877/263/6986
f 6541/4980/6989 6879/262/6988 6878/259/6993 6882/5253/6994
f 6882/5253/6994 6878/259/6993 6883/258/6995 6540/257/6996
f 6878/259/6993 6884/256/6997 6542/255/6998 6883/258/6995
f 6879/262/6988 6544/260/6991 6884/256/6997 6878/259/6993
f 6545/2545/6999 6891/254/7000 6886/253/7001 6885/252/7002
f 6885/252/7002 6886/253/7001 6888/251/7003 6549/250/7004
f 6886/253/7001 6890/249/7005 6553/248/7006 6888/251/7003
f 6891/254/7000 6552/247/7007 6890/249/7005 6886/253/7001
f 6549/250/7004 6888/251/7003 6887/246/7008 6892/245/7009
f 6892/245/7009 6887/246/7008 6893/244/7010 6548/243/7011
f 6887/246/7008 6895/242/7012 6550/241/7013 6893/244/7010
f 6888/251/7003 6553/248/7006 6895/242/7012 6887/246/7008
f 6553/248/7006 6898/240/7014 6894/239/7015 6895/242/7012
f 6895/242/7012 6894/239/7015 6896/5094/7016 6550/241/7013
f 6894/239/7015 6897/238/7017 6547/819/7018 6896/5094/7016
f 6898/240/7014 6551/237/7019 6897/238/7017 6894/239/7015
f 6552/247/7007 6900/236/7020 6889/235/7021 6890/249/7005
f 6890/249/7005 6889/235/7021 6898/240/7014 6553/248/7006
f 6889/235/7021 6899/234/7022 6551/237/7019 6898/240/7014
f 6900/236/7020 6546/233/7023 6899/234/7022 6889/235/7021
f 6554/232/7024 6907/231/7025 6902/230/7026 6901/229/7027
f 6901/229/7027 6902/230/7026 6904/227/7028 6558/226/7029
f 6902/230/7026 6906/5284/7030 6562/225/7031 6904/227/7028
f 6907/231/7025 6561/224/7032 6906/5284/7030 6902/230/7026
f 6558/226/7029 6904/227/7028 6903/223/7033 6908/971/7034
f 6908/971/7034 6903/223/7033 6909/222/7035 6557/221/7036
f 6903/223/7033 6911/737/7037 6559/220/7038 6909/222/7035
f 6904/227/7028 6562/225/7031 6911/737/7037 6903/223/7033
f 6562/225/7031 6914/219/7039 6910/218/7040 6911/737/7037
f 6911/737/7037 6910/218/7040 6912/3715/7041 6559/220/7038
f 6910/218/7040 6913/582/7042 6556/5056/7043 6912/3715/7041
f 6914/219/7039 6560/217/7044 6913/582/7042 6910/218/7040
f 6561/224/7032 6916/3926/7045 6905/216/7046 6906/5284/7030
f 6906/5284/7030 6905/216/7046 6914/219/7039 6562/225/7031
f 6905/216/7046 6915/215/7047 6560/217/7044 6914/219/7039
f 6916/3926/7045 6555/214/7048 6915/215/7047 6905/216/7046
f 6563/213/7049 6923/2356/7050 6918/212/7051 6917/4790/7052
f 6917/4790/7052 6918/212/7051 6920/5281/7053 6567/211/7054
f 6918/212/7051 6922/210/7055 6571/209/7056 6920/5281/7053
f 6923/2356/7050 6570/4358/7057 6922/210/7055 6918/212/7051
f 6567/211/7054 6920/5281/7053 6919/3827/7058 6924/208/7059
f 6924/208/7059 6919/3827/7058 6925/207/7060 6566/206/7061
f 6919/3827/7058 6927/205/7062 6568/204/7063 6925/207/7060
f 6920/5281/7053 6571/209/7056 6927/205/7062 6919/3827/7058
f 6571/209/7056 6930/203/7064 6926/202/7065 6927/205/7062
f 6927/205/7062 6926/202/7065 6928/201/7066 6568/204/7063
f 6926/202/7065 6929/200/7067 6565/199/7068 6928/201/7066
f 6930/203/7064 6569/198/7069 6929/200/7067 6926/202/7065
f 6570/4358/7057 6932/197/7070 6921/196/7071 6922/210/7055
f 6922/210/7055 6921/196/7071 6930/203/7064 6571/209/7056
f 6921/196/7071 6931/195/7072 6569/198/7069 6930/203/7064
f 6932/197/7070 6564/194/7073 6931/195/7072 6921/196/7071
f 6572/193/7074 6939/1897/7074 6934/5002/7074 6933/191/7074
f 6933/191/7075 6934/5002/7076 6936/190/7077 6576/189/7078
f 6934/5002/7079 6938/188/7080 6580/186/7081 6936/190/7077
f 6939/1897/7082 6579/2661/7083 6938/188/7080 6934/5002/7084
f 6576/189/7078 6936/190/7077 6935/185/7085 6940/184/7086
f 6940/184/7086 6935/185/7085 6941/183/7087 6575/182/7088
f 6935/185/7085 6943/4521/7089 6577/181/7090 6941/183/7087
f 6936/190/7077 6580/186/7081 6943/4521/7089 6935/185/7085
f 6580/186/7081 6946/180/7091 6942/179/7092 6943/4521/7093
f 6943/4521/7094 6942/179/7092 6944/5282/7095 6577/181/7096
f 6942/179/7092 6945/178/7097 6574/177/7098 6944/5282/7095
f 6946/180/7091 6578/176/7099 6945/178/7097 6942/179/7092
f 6579/2661/7083 6948/175/7100 6937/1995/7101 6938/188/7080
f 6938/188/7080 6937/1995/7101 6946/180/7091 6580/186/7081
f 6937/1995/7101 6947/174/7102 6578/176/7099 6946/180/7091
f 6948/175/7100 6573/173/7103 6947/174/7102 6937/1995/7101
f 6581/172/7104 6955/171/7105 6950/170/7106 6949/169/7107
f 6949/169/7107 6950/170/7106 6952/168/7108 6585/167/7109
f 6950/170/7106 6954/166/7110 6589/165/7111 6952/168/7108
f 6955/171/7105 6588/164/7112 6954/166/7110 6950/170/7106
f 6585/167/7109 6952/168/7108 6951/163/7113 6956/5026/7114
f 6956/5026/7114 6951/163/7113 6957/162/7115 6584/161/7116
f 6951/163/7113 6959/160/7117 6586/159/7118 6957/162/7115
f 6952/168/7108 6589/165/7111 6959/160/7117 6951/163/7113
f 6589/165/7111 6962/158/7119 6958/157/7120 6959/160/7121
f 6959/160/7122 6958/157/7120 6960/156/7123 6586/159/7124
f 6958/157/7120 6961/155/7125 6583/3572/7126 6960/156/7123
f 6962/158/7119 6587/5351/7127 6961/155/7125 6958/157/7120
f 6588/164/7112 6964/154/7128 6953/153/7129 6954/166/7110
f 6954/166/7110 6953/153/7129 6962/158/7119 6589/165/7111
f 6953/153/7129 6963/152/7130 6587/5351/7127 6962/158/7119
f 6964/154/7128 6582/151/7131 6963/152/7130 6953/153/7129
f 6590/150/7132 6971/149/7133 6966/148/7134 6965/147/7135
f 6965/147/7135 6966/148/7134 6968/3943/7136 6594/146/7137
f 6966/148/7134 6970/145/7138 6598/5338/7139 6968/3943/7136
f 6971/149/7133 6597/144/7140 6970/145/7138 6966/148/7134
f 6594/146/7137 6968/3943/7136 6967/1315/7141 6972/4949/7142
f 6972/4949/7142 6967/1315/7141 6973/143/7143 6593/2168/7144
f 6967/1315/7141 6975/142/7145 6595/141/7146 6973/143/7143
f 6968/3943/7136 6598/5338/7139 6975/142/7145 6967/1315/7141
f 6598/5338/7139 6978/140/7147 6974/5337/7148 6975/142/7145
f 6975/142/7145 6974/5337/7148 6976/139/7149 6595/141/7146
f 6974/5337/7148 6977/138/7150 6592/137/7151 6976/139/7149
f 6978/140/7147 6596/341/7152 6977/138/7150 6974/5337/7148
f 6597/144/7140 6980/136/7153 6969/4976/7154 6970/145/7138
f 6970/145/7138 6969/4976/7154 6978/140/7147 6598/5338/7139
f 6969/4976/7154 6979/135/7155 6596/341/7152 6978/140/7147
f 6980/136/7153 6591/134/7156 6979/135/7155 6969/4976/7154
f 6599/133/7157 6987/132/7158 6982/131/7158 6981/130/7157
f 6981/130/7159 6982/131/7160 6984/129/7161 6603/128/7162
f 6982/131/7160 6986/127/7163 6607/126/7164 6984/129/7161
f 6987/132/7158 6606/125/7165 6986/127/7163 6982/131/7166
f 6603/128/7162 6984/129/7161 6983/124/7167 6988/123/7168
f 6988/123/7168 6983/124/7167 6989/122/7169 6602/121/7170
f 6983/124/7167 6991/120/7171 6604/119/7172 6989/122/7169
f 6984/129/7161 6607/126/7164 6991/120/7171 6983/124/7167
f 6607/126/7164 6994/118/7173 6990/117/7174 6991/120/7175
f 6991/120/7176 6990/117/7174 6992/116/7177 6604/119/7178
f 6990/117/7174 6993/115/7179 6601/2640/7180 6992/116/7177
f 6994/118/7173 6605/114/7181 6993/115/7179 6990/117/7174
f 6606/125/7165 6996/113/7182 6985/112/7183 6986/127/7163
f 6986/127/7163 6985/112/7183 6994/118/7173 6607/126/7164
f 6985/112/7183 6995/111/7184 6605/114/7181 6994/118/7173
f 6996/113/7182 6600/187/7185 6995/111/7184 6985/112/7183
f 6608/3184/7186 7003/110/7187 6998/109/7187 6997/5015/7186
f 6997/5015/7188 6998/109/7189 7000/108/7190 6612/107/7191
f 6998/109/7189 7002/106/7192 6616/1730/7193 7000/108/7190
f 7003/110/7187 6615/105/7194 7002/106/7195 6998/109/7196
f 6612/107/7191 7000/108/7190 6999/104/7197 7004/3899/7198
f 7004/3899/7198 6999/104/7197 7005/103/7199 6611/102/7200
f 6999/104/7197 7007/101/7201 6613/4760/7202 7005/103/7199
f 7000/108/7190 6616/1730/7193 7007/101/7201 6999/104/7197
f 6616/1730/7203 7010/3224/7204 7006/865/7205 7007/101/7206
f 7007/101/7206 7006/865/7205 7008/100/7207 6613/4760/7208
f 7006/865/7205 7009/5039/7209 6610/99/7210 7008/100/7207
f 7010/3224/7204 6614/98/7211 7009/5039/7209 7006/865/7205
f 6615/105/7194 7012/97/7212 7001/96/7213 7002/106/7195
f 7002/106/7214 7001/96/7213 7010/3224/7204 6616/1730/7203
f 7001/96/7213 7011/3103/7215 6614/98/7211 7010/3224/7204
f 7012/97/7212 6609/95/7216 7011/3103/7215 7001/96/7213
f 6617/94/7217 7019/93/7218 7014/92/7219 7013/91/7220
f 7013/91/7220 7014/92/7219 7016/90/7221 6621/3059/7222
f 7014/92/7219 7018/89/7223 6625/88/7224 7016/90/7221
f 7019/93/7218 6624/87/7225 7018/89/7226 7014/92/7219
f 6621/3059/7222 7016/90/7221 7015/86/7227 7020/85/7228
f 7020/85/7228 7015/86/7227 7021/1052/7229 6620/3122/7230
f 7015/86/7227 7023/84/7231 6622/3212/7232 7021/1052/7229
f 7016/90/7221 6625/88/7224 7023/84/7231 7015/86/7227
f 6625/88/7233 7026/83/7234 7022/82/7235 7023/84/7236
f 7023/84/7237 7022/82/7235 7024/81/7238 6622/3212/7232
f 7022/82/7235 7025/80/7239 6619/79/7240 7024/81/7238
f 7026/83/7234 6623/78/7241 7025/80/7239 7022/82/7235
f 6624/87/7225 7028/77/7242 7017/76/7243 7018/89/7226
f 7018/89/7244 7017/76/7243 7026/83/7234 6625/88/7233
f 7017/76/7243 7027/75/7245 6623/78/7241 7026/83/7234
f 7028/77/7242 6618/3892/7246 7027/75/7245 7017/76/7243
f 6626/74/7247 7034/73/7247 7030/72/7248 7029/71/7248
f 7029/71/7248 7030/72/7249 7032/228/7250 6628/70/7251
f 7030/72/7252 7033/69/7253 6631/68/7254 7032/228/7250
f 7034/73/7255 6630/67/7255 7033/69/7253 7030/72/7252
f 6628/70/7251 7032/228/7250 7031/66/7256 7035/4337/7257
f 7035/4337/7257 7031/66/7256 7036/3936/7258 6627/4705/7259
f 7031/66/7256 7037/3501/7260 6629/65/7261 7036/3936/7258
f 7032/228/7250 6631/68/7254 7037/3501/7260 7031/66/7256
f 6632/64/7262 7044/63/7262 7039/1566/7262 7038/62/7262
f 7038/62/7263 7039/1566/7264 7041/61/7265 6636/60/7266
f 7039/1566/7267 7043/59/7268 6640/58/7269 7041/61/7265
f 7044/63/7270 6639/57/7271 7043/59/7268 7039/1566/7272
f 6636/60/7266 7041/61/7265 7040/56/7273 7045/55/7274
f 7045/55/7274 7040/56/7273 7046/54/7275 6635/53/7276
f 7040/56/7273 7048/52/7277 6637/5147/7278 7046/54/7275
f 7041/61/7265 6640/58/7269 7048/52/7279 7040/56/7273
f 6640/58/7269 7051/51/7280 7047/50/7281 7048/52/7282
f 7048/52/7283 7047/50/7281 7049/49/7284 6637/5147/7285
f 7047/50/7281 7050/48/7286 6634/388/7287 7049/49/7284
f 7051/51/7280 6638/47/7288 7050/48/7286 7047/50/7281
f 6639/57/7271 7053/46/7289 7042/45/7290 7043/59/7268
f 7043/59/7268 7042/45/7290 7051/51/7280 6640/58/7269
f 7042/45/7290 7052/5318/7291 6638/47/7288 7051/51/7280
f 7053/46/7289 6633/44/7292 7052/5318/7291 7042/45/7290
f 6641/43/7293 7060/42/7294 7055/832/7294 7054/41/7293
f 7054/41/7295 7055/832/7296 7057/40/7297 6645/39/7298
f 7055/832/7296 7059/38/7299 6649/4194/7300 7057/40/7297
f 7060/42/7294 6648/37/7301 7059/38/7299 7055/832/7302
f 6645/39/7298 7057/40/7297 7056/36/7303 7061/35/7304
f 7061/35/7304 7056/36/7303 7062/34/7305 6644/33/7306
f 7056/36/7303 7064/32/7307 6646/31/7308 7062/34/7305
f 7057/40/7297 6649/4194/7300 7064/32/7307 7056/36/7303
f 6649/4194/7300 7067/30/7309 7063/29/7310 7064/32/7307
f 7064/32/7307 7063/29/7310 7065/28/7311 6646/31/7308
f 7063/29/7310 7066/27/7312 6643/26/7313 7065/28/7311
f 7067/30/7309 6647/4987/7314 7066/27/7312 7063/29/7310
f 6648/37/7301 7069/25/7315 7058/24/7316 7059/38/7299
f 7059/38/7299 7058/24/7316 7067/30/7309 6649/4194/7300
f 7058/24/7316 7068/23/7317 6647/4987/7314 7067/30/7309
f 7069/25/7315 6642/22/7318 7068/23/7317 7058/24/7316
f 6650/3043/7319 7076/21/7320 7071/5099/7321 7070/20/7322
f 7070/20/7322 7071/5099/7321 7073/19/7323 6654/5200/7324
f 7071/5099/7321 7075/18/7325 6658/17/7326 7073/19/7323
f 7076/21/7320 6657/16/7327 7075/18/7325 7071/5099/7321
f 6654/5200/7324 7073/19/7323 7072/15/7328 7077/14/7329
f 7077/14/7329 7072/15/7328 7078/13/7330 6653/12/7331
f 7072/15/7328 7080/11/7332 6655/10/7333 7078/13/7330
f 7073/19/7323 6658/17/7326 7080/11/7332 7072/15/7328
f 6658/17/7326 7083/9/7334 7079/8/7335 7080/11/7332
f 7080/11/7332 7079/8/7335 7081/1070/7336 6655/10/7333
f 7079/8/7335 7082/7/7337 6652/192/7338 7081/1070/7336
f 7083/9/7334 6656/6/7339 7082/7/7337 7079/8/7335
f 6657/16/7327 7085/5/7340 7074/4/7341 7075/18/7325
f 7075/18/7325 7074/4/7341 7083/9/7334 6658/17/7326
f 7074/4/7341 7084/3/7342 6656/6/7339 7083/9/7334
f 7085/5/7340 6651/2/7343 7084/3/7342 7074/4/7341
#5292 polygons

usemtl BODY
s 2
f 10/1/1 250/1/2 240/1/3 241/1/4
f 250/1/2 15/1/5 252/1/6 240/1/3
f 240/1/3 252/1/6 12/1/7 244/1/8
f 241/1/4 240/1/3 244/1/8 11/1/9
f 15/1/5 254/1/10 251/1/11 252/1/6
f 254/1/10 14/1/12 255/1/13 251/1/11
f 251/1/11 255/1/13 13/1/14 256/1/15
f 252/1/6 251/1/11 256/1/16 12/1/17
f 5/1/18 243/1/19 242/1/20 262/1/21
f 243/1/19 6/1/22 258/1/23 242/1/20
f 242/1/20 258/1/23 21/1/24 260/1/25
f 262/1/21 242/1/20 260/1/25 20/1/26
f 6/1/27 263/1/28 257/1/29 258/1/23
f 263/1/28 1/1/30 265/1/31 257/1/29
f 257/1/29 265/1/31 16/1/32 267/1/33
f 258/1/23 257/1/29 267/1/34 21/1/24
f 1/1/30 268/1/35 264/1/36 265/1/31
f 268/1/35 2/1/37 270/1/38 264/1/36
f 264/1/36 270/1/38 17/1/39 272/1/40
f 265/1/31 264/1/36 272/1/40 16/1/32
f 2/1/37 274/1/41 269/1/42 270/1/38
f 274/1/41 3/1/43 276/1/44 269/1/42
f 269/1/42 276/1/44 18/1/45 278/1/46
f 270/1/38 269/1/42 278/1/46 17/1/39
f 3/1/43 280/1/47 275/1/48 276/1/44
f 280/1/47 4/1/49 282/1/50 275/1/48
f 275/1/48 282/1/50 19/1/51 284/1/52
f 276/1/44 275/1/48 284/1/52 18/1/45
f 20/1/26 260/1/25 259/1/53 290/1/54
f 260/1/25 21/1/24 286/1/55 259/1/53
f 259/1/53 286/1/55 27/1/56 288/1/57
f 290/1/54 259/1/53 288/1/57 26/1/58
f 22/1/59 293/1/60 291/1/61 299/1/62
f 293/1/60 96/1/63 295/1/64 291/1/61
f 291/1/61 295/1/64 94/1/65 297/1/66
f 299/1/62 291/1/61 297/1/66 92/1/67
f 22/1/68 299/1/69 298/1/70 305/1/68
f 299/1/71 92/1/67 301/1/72 298/1/70
f 298/1/73 301/1/72 93/1/74 303/1/75
f 305/1/76 298/1/77 303/1/78 95/1/79
f 17/1/39 278/1/46 277/1/80 310/1/81
f 278/1/46 18/1/45 306/1/82 277/1/80
f 277/1/80 306/1/82 24/1/83 308/1/84
f 310/1/81 277/1/80 308/1/84 23/1/85
f 18/1/45 284/1/52 283/1/86 306/1/82
f 284/1/52 19/1/51 312/1/87 283/1/86
f 283/1/86 312/1/87 25/1/88 314/1/89
f 306/1/82 283/1/86 314/1/89 24/1/83
f 28/1/90 317/1/91 315/1/92 323/1/93
f 317/1/91 36/1/94 319/1/95 315/1/92
f 315/1/92 319/1/95 38/1/96 321/1/97
f 323/1/93 315/1/92 321/1/97 37/1/98
f 33/1/99 326/1/100 324/1/101 332/1/102
f 326/1/100 34/1/103 328/1/104 324/1/101
f 324/1/101 328/1/104 40/1/105 330/1/106
f 332/1/102 324/1/101 330/1/106 39/1/107
f 34/1/103 334/1/108 327/1/109 328/1/104
f 334/1/108 29/1/110 336/1/111 327/1/109
f 327/1/109 336/1/111 35/1/112 338/1/113
f 328/1/104 327/1/109 338/1/113 40/1/105
f 29/1/110 340/1/114 335/1/115 336/1/111
f 340/1/114 30/1/116 341/1/117 335/1/115
f 335/1/115 341/1/117 36/1/118 343/1/119
f 336/1/111 335/1/115 343/1/119 35/1/112
f 30/1/116 345/1/120 318/1/121 341/1/117
f 345/1/120 32/1/122 346/1/123 318/1/121
f 318/1/121 346/1/123 38/1/96 319/1/95
f 341/1/117 318/1/121 319/1/95 36/1/124
f 32/1/122 348/1/125 320/1/126 346/1/123
f 348/1/125 31/1/127 350/1/128 320/1/126
f 320/1/126 350/1/128 37/1/98 321/1/97
f 346/1/123 320/1/126 321/1/97 38/1/96
f 4/1/49 280/1/47 279/1/129 356/1/130
f 280/1/47 3/1/43 352/1/131 279/1/129
f 279/1/129 352/1/131 41/1/132 354/1/133
f 356/1/130 279/1/129 354/1/133 42/1/134
f 39/1/107 330/1/106 329/1/135 361/1/136
f 330/1/106 40/1/105 357/1/137 329/1/135
f 329/1/135 357/1/137 50/1/138 359/1/139
f 361/1/136 329/1/135 359/1/139 49/1/140
f 40/1/105 338/1/113 337/1/141 357/1/137
f 338/1/113 35/1/112 362/1/142 337/1/141
f 337/1/141 362/1/142 47/1/143 364/1/144
f 357/1/137 337/1/141 364/1/144 50/1/138
f 35/1/112 343/1/119 342/1/145 362/1/142
f 343/1/119 36/1/118 365/1/146 342/1/145
f 342/1/145 365/1/146 48/1/147 366/1/148
f 362/1/142 342/1/145 366/1/148 47/1/143
f 36/1/149 317/1/91 316/1/150 365/1/151
f 317/1/91 28/1/90 368/1/152 316/1/150
f 316/1/150 368/1/152 46/1/153 370/1/154
f 365/1/151 316/1/150 370/1/154 48/1/155
f 49/1/140 359/1/139 358/1/156 375/1/157
f 359/1/139 50/1/138 371/1/158 358/1/156
f 358/1/156 371/1/158 55/1/159 373/1/160
f 375/1/157 358/1/156 373/1/160 54/1/161
f 50/1/138 364/1/144 363/1/162 371/1/158
f 364/1/144 47/1/143 376/1/163 363/1/162
f 363/1/162 376/1/163 52/1/164 378/1/165
f 371/1/158 363/1/162 378/1/165 55/1/159
f 48/1/155 370/1/154 369/1/166 382/1/167
f 370/1/154 46/1/153 380/1/168 369/1/166
f 369/1/166 380/1/168 51/1/169 381/1/170
f 382/1/167 369/1/166 381/1/170 53/1/171
f 54/1/161 373/1/160 372/1/172 386/1/173
f 373/1/160 55/1/159 383/1/174 372/1/172
f 372/1/172 383/1/174 58/1/175 384/1/176
f 386/1/173 372/1/172 384/1/176 57/1/177
f 55/1/159 378/1/165 377/1/178 383/1/174
f 378/1/165 52/1/164 387/1/179 377/1/178
f 377/1/178 387/1/179 56/1/180 388/1/181
f 383/1/174 377/1/178 388/1/181 58/1/175
f 59/1/182 389/1/183 339/1/184 392/1/185
f 389/1/183 30/1/116 340/1/114 339/1/184
f 339/1/184 340/1/114 29/1/110 390/1/186
f 392/1/185 339/1/184 390/1/186 60/1/187
f 24/1/83 393/1/188 307/1/189 308/1/84
f 393/1/188 62/1/190 394/1/191 307/1/189
f 307/1/189 394/1/191 59/1/182 396/1/192
f 308/1/84 307/1/189 396/1/192 23/1/85
f 62/1/190 397/1/193 344/1/194 394/1/191
f 397/1/193 32/1/122 345/1/120 344/1/194
f 344/1/194 345/1/120 30/1/116 389/1/183
f 394/1/191 344/1/194 389/1/183 59/1/182
f 25/1/88 399/1/195 313/1/196 314/1/89
f 399/1/195 61/1/197 400/1/198 313/1/196
f 313/1/196 400/1/198 62/1/190 393/1/188
f 314/1/89 313/1/196 393/1/188 24/1/83
f 61/1/197 402/1/199 347/1/200 400/1/198
f 402/1/199 31/1/127 348/1/125 347/1/200
f 347/1/200 348/1/125 32/1/122 397/1/193
f 400/1/198 347/1/200 397/1/193 62/1/190
f 64/1/201 403/1/202 325/1/203 406/1/204
f 403/1/202 34/1/103 326/1/100 325/1/203
f 325/1/203 326/1/100 33/1/99 405/1/205
f 406/1/204 325/1/203 405/1/205 63/1/206
f 60/1/187 390/1/186 333/1/207 408/1/208
f 390/1/186 29/1/110 334/1/108 333/1/207
f 333/1/207 334/1/108 34/1/103 403/1/202
f 408/1/208 333/1/207 403/1/202 64/1/201
f 27/1/56 286/1/55 285/1/209 413/1/210
f 286/1/55 21/1/24 409/1/211 285/1/209
f 285/1/209 409/1/211 67/1/212 411/1/213
f 413/1/214 285/1/209 411/1/213 69/1/215
f 69/1/216 411/1/217 410/1/218 419/1/219
f 411/1/217 67/1/220 415/1/221 410/1/218
f 410/1/218 415/1/221 75/1/222 417/1/223
f 419/1/219 410/1/218 417/1/223 77/1/224
f 67/1/212 420/1/225 414/1/226 415/1/227
f 420/1/228 65/1/229 422/1/230 414/1/226
f 414/1/226 422/1/230 73/1/231 424/1/232
f 415/1/233 414/1/226 424/1/232 75/1/222
f 65/1/229 426/1/234 421/1/235 422/1/230
f 426/1/236 66/1/237 428/1/238 421/1/235
f 421/1/235 428/1/238 74/1/239 430/1/240
f 422/1/230 421/1/235 430/1/240 73/1/231
f 66/1/237 432/1/241 427/1/242 428/1/238
f 432/1/241 68/1/243 434/1/244 427/1/242
f 427/1/242 434/1/244 76/1/245 436/1/246
f 428/1/238 427/1/242 436/1/246 74/1/239
f 64/1/201 406/1/204 287/1/247 440/1/248
f 406/1/204 63/1/206 438/1/249 287/1/247
f 287/1/247 438/1/249 26/1/58 288/1/57
f 440/1/248 287/1/247 288/1/57 27/1/56
f 21/1/24 267/1/250 266/1/251 409/1/211
f 267/1/34 16/1/32 441/1/252 266/1/251
f 266/1/251 441/1/252 65/1/253 420/1/254
f 409/1/211 266/1/251 420/1/228 67/1/212
f 16/1/32 442/1/255 425/1/256 441/1/252
f 442/1/255 80/1/257 443/1/258 425/1/256
f 425/1/256 443/1/258 66/1/237 426/1/236
f 441/1/252 425/1/256 426/1/259 65/1/260
f 80/1/257 442/1/255 271/1/261 444/1/262
f 16/1/32 272/1/40 271/1/261 442/1/255
f 17/1/39 444/1/262 271/1/261 272/1/40
f 80/1/257 445/1/263 431/1/264 443/1/258
f 445/1/263 81/1/265 447/1/266 431/1/264
f 431/1/264 447/1/266 68/1/243 432/1/241
f 443/1/258 431/1/264 432/1/241 66/1/237
f 17/1/39 310/1/81 309/1/267 444/1/262
f 310/1/81 23/1/85 448/1/268 309/1/267
f 309/1/267 448/1/268 81/1/265 445/1/263
f 444/1/262 309/1/267 445/1/263 80/1/257
f 59/1/182 449/1/269 395/1/270 396/1/192
f 449/1/269 82/1/271 450/1/272 395/1/270
f 395/1/270 450/1/272 81/1/265 448/1/268
f 396/1/192 395/1/270 448/1/268 23/1/85
f 83/1/273 453/1/274 451/1/275 456/1/276
f 453/1/274 71/1/277 454/1/278 451/1/275
f 451/1/275 454/1/278 70/1/279 455/1/280
f 456/1/276 451/1/275 455/1/280 82/1/271
f 59/1/182 392/1/185 391/1/281 449/1/269
f 392/1/185 60/1/187 457/1/282 391/1/281
f 391/1/281 457/1/282 83/1/273 456/1/276
f 449/1/269 391/1/281 456/1/276 82/1/271
f 83/1/273 458/1/283 452/1/284 453/1/274
f 458/1/283 84/1/285 460/1/286 452/1/284
f 452/1/284 460/1/286 72/1/287 461/1/288
f 453/1/274 452/1/284 461/1/288 71/1/277
f 64/1/201 462/1/289 407/1/290 408/1/208
f 462/1/289 84/1/285 458/1/283 407/1/290
f 407/1/290 458/1/283 83/1/273 457/1/282
f 408/1/208 407/1/290 457/1/282 60/1/187
f 77/1/224 417/1/223 416/1/291 466/1/292
f 417/1/223 75/1/222 463/1/293 416/1/291
f 416/1/291 463/1/293 87/1/294 464/1/295
f 466/1/292 416/1/291 464/1/295 89/1/296
f 75/1/222 424/1/232 423/1/297 463/1/293
f 424/1/232 73/1/231 467/1/298 423/1/297
f 423/1/297 467/1/298 85/1/299 468/1/300
f 463/1/293 423/1/297 468/1/300 87/1/294
f 73/1/231 430/1/240 429/1/301 467/1/298
f 430/1/240 74/1/239 469/1/302 429/1/301
f 429/1/301 469/1/302 86/1/303 470/1/304
f 467/1/298 429/1/301 470/1/304 85/1/299
f 74/1/239 436/1/246 435/1/305 469/1/302
f 436/1/246 76/1/245 472/1/306 435/1/305
f 435/1/305 472/1/306 88/1/307 473/1/308
f 469/1/302 435/1/305 473/1/308 86/1/303
f 89/1/296 464/1/295 294/1/309 476/1/310
f 464/1/295 87/1/294 474/1/311 294/1/309
f 294/1/309 474/1/311 94/1/65 295/1/64
f 476/1/310 294/1/309 295/1/64 96/1/312
f 87/1/294 468/1/300 296/1/313 474/1/311
f 468/1/300 85/1/299 477/1/314 296/1/313
f 296/1/313 477/1/314 92/1/67 297/1/66
f 474/1/311 296/1/313 297/1/66 94/1/65
f 85/1/299 470/1/304 300/1/315 477/1/314
f 470/1/304 86/1/303 478/1/316 300/1/315
f 300/1/315 478/1/316 93/1/74 301/1/72
f 477/1/314 300/1/315 301/1/72 92/1/67
f 86/1/303 473/1/308 302/1/317 478/1/316
f 473/1/308 88/1/307 480/1/318 302/1/317
f 302/1/317 480/1/318 95/1/319 303/1/320
f 478/1/316 302/1/317 303/1/78 93/1/74
f 44/1/321 483/1/322 481/1/323 488/1/324
f 483/1/322 45/1/325 485/1/326 481/1/323
f 481/1/323 485/1/326 103/1/327 487/1/328
f 488/1/324 481/1/323 487/1/328 102/1/329
f 105/1/330 491/1/331 489/1/332 497/1/333
f 491/1/331 109/1/334 493/1/335 489/1/332
f 489/1/332 493/1/335 110/1/336 495/1/337
f 497/1/338 489/1/332 495/1/337 104/1/339
f 109/1/334 499/1/340 492/1/341 493/1/335
f 499/1/340 101/1/342 500/1/343 492/1/341
f 492/1/341 500/1/343 100/1/344 502/1/345
f 493/1/335 492/1/341 502/1/345 110/1/336
f 107/1/346 504/1/347 503/1/348 508/1/349
f 504/1/347 112/1/350 505/1/351 503/1/348
f 503/1/348 505/1/351 113/1/352 507/1/353
f 508/1/349 503/1/348 507/1/353 108/1/354
f 112/1/350 509/1/355 486/1/356 505/1/351
f 509/1/355 102/1/329 487/1/328 486/1/356
f 486/1/356 487/1/328 103/1/327 511/1/357
f 505/1/351 486/1/356 511/1/357 113/1/352
f 862/1/358 709/1/359 826/1/360 203/1/361
f 515/1/362 247/1/363 120/1/364 116/1/365
f 117/1/366 121/1/367 247/1/363 515/1/362
f 115/1/368 512/1/369 248/1/370 119/1/371
f 512/1/369 114/1/372 118/1/373 248/1/370
f 719/1/374 207/1/375 211/1/376 522/1/377
f 208/1/378 719/1/374 522/1/377 212/1/379
f 9/1/380 720/1/381 508/1/349 108/1/354
f 508/1/382 720/1/383 106/1/384 107/1/385
f 504/1/347 107/1/386 106/1/384 721/1/387
f 112/1/350 504/1/347 721/1/387 111/1/388
f 10/1/1 517/1/389 249/1/390 250/1/2
f 517/1/389 128/1/391 520/1/392 249/1/390
f 249/1/390 520/1/392 129/1/393 523/1/394
f 250/1/2 249/1/390 523/1/394 15/1/5
f 15/1/5 523/1/394 253/1/395 254/1/10
f 523/1/394 129/1/396 524/1/397 253/1/395
f 253/1/395 524/1/398 130/1/399 525/1/400
f 254/1/10 253/1/395 525/1/400 14/1/12
f 5/1/18 262/1/21 261/1/401 516/1/402
f 262/1/21 20/1/26 526/1/403 261/1/401
f 261/1/401 526/1/403 134/1/404 528/1/405
f 516/1/402 261/1/401 528/1/405 125/1/406
f 125/1/407 528/1/405 527/1/408 533/1/409
f 528/1/405 134/1/404 530/1/410 527/1/408
f 527/1/408 530/1/410 131/1/411 532/1/412
f 533/1/409 527/1/408 532/1/412 122/1/413
f 122/1/413 532/1/412 531/1/414 538/1/415
f 532/1/412 131/1/411 535/1/416 531/1/414
f 531/1/414 535/1/416 132/1/417 537/1/418
f 538/1/415 531/1/414 537/1/418 123/1/419
f 123/1/419 537/1/418 536/1/420 543/1/421
f 537/1/418 132/1/417 540/1/422 536/1/420
f 536/1/420 540/1/422 133/1/423 541/1/424
f 543/1/421 536/1/420 541/1/424 124/1/425
f 124/1/425 541/1/424 281/1/426 545/1/427
f 541/1/424 133/1/423 544/1/428 281/1/426
f 281/1/426 544/1/428 19/1/51 282/1/50
f 545/1/427 281/1/426 282/1/50 4/1/49
f 20/1/26 290/1/54 289/1/429 526/1/403
f 290/1/54 26/1/58 546/1/430 289/1/429
f 289/1/429 546/1/430 138/1/431 548/1/432
f 526/1/403 289/1/429 548/1/432 134/1/404
f 135/1/433 551/1/434 549/1/435 557/1/436
f 551/1/434 189/1/437 553/1/438 549/1/435
f 549/1/435 553/1/438 191/1/439 555/1/440
f 557/1/436 549/1/435 555/1/440 193/1/441
f 135/1/442 559/1/442 550/1/443 551/1/444
f 559/1/445 192/1/446 561/1/447 550/1/448
f 550/1/449 561/1/447 190/1/450 563/1/451
f 551/1/452 550/1/443 563/1/451 189/1/437
f 132/1/417 565/1/453 539/1/454 540/1/422
f 565/1/453 136/1/455 567/1/456 539/1/454
f 539/1/454 567/1/456 137/1/457 568/1/458
f 540/1/422 539/1/454 568/1/458 133/1/423
f 133/1/423 568/1/458 311/1/459 544/1/428
f 568/1/458 137/1/457 569/1/460 311/1/459
f 311/1/459 569/1/460 25/1/88 312/1/87
f 544/1/428 311/1/459 312/1/87 19/1/51
f 28/1/90 323/1/93 322/1/461 573/1/462
f 323/1/93 37/1/98 570/1/463 322/1/461
f 322/1/461 570/1/463 145/1/464 572/1/465
f 573/1/462 322/1/461 572/1/465 144/1/466
f 33/1/99 332/1/102 331/1/467 577/1/468
f 332/1/102 39/1/107 574/1/469 331/1/467
f 331/1/467 574/1/469 146/1/470 576/1/471
f 577/1/468 331/1/467 576/1/471 142/1/472
f 142/1/472 576/1/471 575/1/473 583/1/474
f 576/1/471 146/1/470 579/1/475 575/1/473
f 575/1/473 579/1/475 143/1/476 581/1/477
f 583/1/474 575/1/473 581/1/477 139/1/478
f 139/1/478 581/1/477 580/1/479 588/1/480
f 581/1/477 143/1/476 585/1/481 580/1/479
f 580/1/479 585/1/481 144/1/482 586/1/483
f 588/1/480 580/1/479 586/1/483 140/1/484
f 140/1/484 586/1/483 571/1/485 591/1/486
f 586/1/483 144/1/487 572/1/465 571/1/485
f 571/1/485 572/1/465 145/1/464 589/1/488
f 591/1/486 571/1/485 589/1/488 141/1/489
f 141/1/489 589/1/488 349/1/490 592/1/491
f 589/1/488 145/1/464 570/1/463 349/1/490
f 349/1/490 570/1/463 37/1/98 350/1/128
f 592/1/491 349/1/490 350/1/128 31/1/127
f 4/1/49 356/1/130 355/1/492 545/1/427
f 356/1/130 42/1/134 594/1/493 355/1/492
f 355/1/492 594/1/493 147/1/494 596/1/495
f 545/1/427 355/1/492 596/1/495 124/1/425
f 39/1/107 361/1/136 360/1/496 574/1/469
f 361/1/136 49/1/140 597/1/497 360/1/496
f 360/1/496 597/1/497 152/1/498 598/1/499
f 574/1/469 360/1/496 598/1/499 146/1/470
f 146/1/470 598/1/499 578/1/500 579/1/475
f 598/1/499 152/1/498 600/1/501 578/1/500
f 578/1/500 600/1/501 150/1/502 601/1/503
f 579/1/475 578/1/500 601/1/503 143/1/476
f 143/1/476 601/1/503 584/1/504 585/1/481
f 601/1/503 150/1/502 602/1/505 584/1/504
f 584/1/504 602/1/505 151/1/506 603/1/507
f 585/1/481 584/1/504 603/1/507 144/1/482
f 144/1/508 603/1/509 367/1/510 573/1/462
f 603/1/509 151/1/511 604/1/512 367/1/510
f 367/1/510 604/1/512 46/1/153 368/1/152
f 573/1/462 367/1/510 368/1/152 28/1/90
f 49/1/140 375/1/157 374/1/513 597/1/497
f 375/1/157 54/1/161 605/1/514 374/1/513
f 374/1/513 605/1/514 155/1/515 606/1/516
f 597/1/497 374/1/513 606/1/516 152/1/498
f 152/1/498 606/1/516 599/1/517 600/1/501
f 606/1/516 155/1/515 608/1/518 599/1/517
f 599/1/517 608/1/518 153/1/519 609/1/520
f 600/1/501 599/1/517 609/1/520 150/1/502
f 151/1/511 610/1/521 379/1/522 604/1/512
f 610/1/521 154/1/523 611/1/524 379/1/522
f 379/1/522 611/1/524 51/1/169 380/1/168
f 604/1/512 379/1/522 380/1/168 46/1/153
f 54/1/161 386/1/173 385/1/525 605/1/514
f 386/1/173 57/1/177 612/1/526 385/1/525
f 385/1/525 612/1/526 157/1/527 613/1/528
f 605/1/514 385/1/525 613/1/528 155/1/515
f 155/1/515 613/1/528 607/1/529 608/1/518
f 613/1/528 157/1/527 614/1/530 607/1/529
f 607/1/529 614/1/530 156/1/531 615/1/532
f 608/1/518 607/1/529 615/1/532 153/1/519
f 158/1/533 617/1/534 587/1/535 619/1/536
f 617/1/534 159/1/537 618/1/538 587/1/535
f 587/1/535 618/1/538 139/1/478 588/1/480
f 619/1/536 587/1/535 588/1/480 140/1/484
f 137/1/457 567/1/456 566/1/539 623/1/540
f 567/1/456 136/1/455 621/1/541 566/1/539
f 566/1/539 621/1/541 158/1/533 622/1/542
f 623/1/540 566/1/539 622/1/542 160/1/543
f 160/1/543 622/1/542 590/1/544 624/1/545
f 622/1/542 158/1/533 619/1/536 590/1/544
f 590/1/544 619/1/536 140/1/484 591/1/486
f 624/1/545 590/1/544 591/1/486 141/1/489
f 25/1/88 569/1/460 398/1/546 399/1/195
f 569/1/460 137/1/457 623/1/540 398/1/546
f 398/1/546 623/1/540 160/1/543 625/1/547
f 399/1/195 398/1/546 625/1/547 61/1/197
f 61/1/197 625/1/547 401/1/548 402/1/199
f 625/1/547 160/1/543 624/1/545 401/1/548
f 401/1/548 624/1/545 141/1/489 592/1/491
f 402/1/199 401/1/548 592/1/491 31/1/127
f 161/1/549 626/1/550 404/1/551 627/1/552
f 626/1/550 63/1/206 405/1/205 404/1/551
f 404/1/551 405/1/205 33/1/99 577/1/468
f 627/1/552 404/1/551 577/1/468 142/1/472
f 159/1/537 629/1/553 582/1/554 618/1/538
f 629/1/553 161/1/549 627/1/552 582/1/554
f 582/1/554 627/1/552 142/1/472 583/1/474
f 618/1/538 582/1/554 583/1/474 139/1/478
f 138/1/431 631/1/555 547/1/556 548/1/432
f 631/1/557 166/1/558 633/1/559 547/1/556
f 547/1/556 633/1/559 164/1/560 634/1/561
f 548/1/432 547/1/556 634/1/561 134/1/404
f 166/1/562 636/1/563 632/1/564 633/1/565
f 636/1/563 174/1/566 638/1/567 632/1/564
f 632/1/564 638/1/567 172/1/568 640/1/569
f 633/1/565 632/1/564 640/1/569 164/1/570
f 164/1/560 640/1/571 639/1/572 645/1/573
f 640/1/574 172/1/568 642/1/575 639/1/572
f 639/1/572 642/1/575 170/1/576 644/1/577
f 645/1/578 639/1/572 644/1/577 162/1/579
f 162/1/579 644/1/577 643/1/580 651/1/581
f 644/1/577 170/1/576 647/1/582 643/1/580
f 643/1/580 647/1/582 171/1/583 649/1/584
f 651/1/585 643/1/580 649/1/584 163/1/586
f 163/1/586 649/1/584 648/1/587 657/1/588
f 649/1/584 171/1/583 653/1/589 648/1/587
f 648/1/587 653/1/589 173/1/590 655/1/591
f 657/1/588 648/1/587 655/1/591 165/1/592
f 161/1/549 659/1/593 437/1/594 626/1/550
f 659/1/593 138/1/431 546/1/430 437/1/594
f 437/1/594 546/1/430 26/1/58 438/1/249
f 626/1/550 437/1/594 438/1/249 63/1/206
f 134/1/404 634/1/561 529/1/595 530/1/410
f 634/1/561 164/1/560 645/1/578 529/1/595
f 529/1/595 645/1/596 162/1/597 660/1/598
f 530/1/410 529/1/595 660/1/598 131/1/411
f 131/1/411 660/1/598 650/1/599 662/1/600
f 660/1/598 162/1/601 651/1/602 650/1/599
f 650/1/599 651/1/585 163/1/586 661/1/603
f 662/1/600 650/1/599 661/1/603 177/1/604
f 177/1/604 663/1/605 534/1/606 662/1/600
f 132/1/417 535/1/416 534/1/606 663/1/605
f 131/1/411 662/1/600 534/1/606 535/1/416
f 177/1/604 661/1/603 656/1/607 666/1/608
f 661/1/603 163/1/586 657/1/588 656/1/607
f 656/1/607 657/1/588 165/1/592 665/1/609
f 666/1/608 656/1/607 665/1/609 178/1/610
f 132/1/417 663/1/605 564/1/611 565/1/453
f 663/1/605 177/1/604 666/1/608 564/1/611
f 564/1/611 666/1/608 178/1/610 667/1/612
f 565/1/453 564/1/611 667/1/612 136/1/455
f 158/1/533 621/1/541 620/1/613 669/1/614
f 621/1/541 136/1/455 667/1/612 620/1/613
f 620/1/613 667/1/612 178/1/610 668/1/615
f 669/1/614 620/1/613 668/1/615 179/1/616
f 180/1/617 671/1/618 670/1/619 675/1/620
f 671/1/618 179/1/616 672/1/621 670/1/619
f 670/1/619 672/1/621 167/1/622 673/1/623
f 675/1/620 670/1/619 673/1/623 168/1/624
f 158/1/533 669/1/614 616/1/625 617/1/534
f 669/1/614 179/1/616 671/1/618 616/1/625
f 616/1/625 671/1/618 180/1/617 676/1/626
f 617/1/534 616/1/625 676/1/626 159/1/537
f 180/1/617 675/1/620 674/1/627 680/1/628
f 675/1/620 168/1/624 677/1/629 674/1/627
f 674/1/627 677/1/629 169/1/630 679/1/631
f 680/1/628 674/1/627 679/1/631 181/1/632
f 161/1/549 629/1/553 628/1/633 681/1/634
f 629/1/553 159/1/537 676/1/626 628/1/633
f 628/1/633 676/1/626 180/1/617 680/1/628
f 681/1/634 628/1/633 680/1/628 181/1/632
f 174/1/566 683/1/635 637/1/636 638/1/567
f 683/1/635 186/1/637 684/1/638 637/1/636
f 637/1/636 684/1/638 184/1/639 685/1/640
f 638/1/567 637/1/636 685/1/640 172/1/568
f 172/1/568 685/1/640 641/1/641 642/1/575
f 685/1/640 184/1/639 686/1/642 641/1/641
f 641/1/641 686/1/642 182/1/643 687/1/644
f 642/1/575 641/1/641 687/1/644 170/1/576
f 170/1/576 687/1/644 646/1/645 647/1/582
f 687/1/644 182/1/643 688/1/646 646/1/645
f 646/1/645 688/1/646 183/1/647 689/1/648
f 647/1/582 646/1/645 689/1/648 171/1/583
f 171/1/583 689/1/648 652/1/649 653/1/589
f 689/1/648 183/1/647 690/1/650 652/1/649
f 652/1/649 690/1/650 185/1/651 692/1/652
f 653/1/589 652/1/649 692/1/652 173/1/590
f 186/1/637 694/1/653 554/1/654 684/1/638
f 694/1/653 193/1/655 555/1/440 554/1/654
f 554/1/654 555/1/440 191/1/439 695/1/656
f 684/1/638 554/1/654 695/1/656 184/1/639
f 184/1/639 695/1/656 552/1/657 686/1/642
f 695/1/656 191/1/439 553/1/438 552/1/657
f 552/1/657 553/1/438 189/1/437 696/1/658
f 686/1/642 552/1/657 696/1/658 182/1/643
f 182/1/643 696/1/658 562/1/659 688/1/646
f 696/1/658 189/1/437 563/1/451 562/1/659
f 562/1/659 563/1/451 190/1/450 697/1/660
f 688/1/646 562/1/659 697/1/660 183/1/647
f 183/1/647 697/1/660 560/1/661 690/1/650
f 697/1/660 190/1/450 561/1/447 560/1/661
f 560/1/661 561/1/447 192/1/662 699/1/663
f 690/1/650 560/1/661 699/1/663 185/1/651
f 149/1/664 700/1/665 484/1/666 703/1/667
f 700/1/665 198/1/668 701/1/669 484/1/666
f 484/1/666 701/1/669 103/1/327 485/1/326
f 703/1/667 484/1/666 485/1/326 45/1/325
f 105/1/330 705/1/670 490/1/671 491/1/331
f 705/1/670 199/1/672 707/1/673 490/1/671
f 490/1/671 707/1/673 202/1/674 708/1/675
f 491/1/331 490/1/671 708/1/675 109/1/334
f 109/1/334 708/1/675 498/1/676 499/1/340
f 708/1/675 202/1/674 710/1/677 498/1/676
f 498/1/676 710/1/677 197/1/678 711/1/679
f 499/1/340 498/1/676 711/1/679 101/1/342
f 201/1/680 712/1/681 506/1/682 714/1/683
f 712/1/681 108/1/354 507/1/353 506/1/682
f 506/1/682 507/1/353 113/1/352 713/1/684
f 714/1/683 506/1/682 713/1/684 204/1/685
f 204/1/685 713/1/684 510/1/686 715/1/687
f 713/1/684 113/1/352 511/1/357 510/1/686
f 510/1/686 511/1/357 103/1/327 701/1/669
f 715/1/687 510/1/686 701/1/669 198/1/668
f 860/1/688 231/1/689 130/1/690 208/1/378
f 859/1/691 117/1/366 13/1/692 229/1/693
f 14/1/12 525/1/400 814/1/694 230/1/695
f 525/1/400 130/1/399 231/1/696 814/1/694
f 9/1/380 108/1/354 712/1/681 722/1/697
f 712/1/698 201/1/699 200/1/700 722/1/701
f 714/1/683 723/1/702 200/1/700 201/1/703
f 204/1/685 203/1/704 723/1/702 714/1/683
f 206/1/705 210/1/706 521/1/707 718/1/708
f 718/1/708 521/1/707 209/1/709 205/1/710
f 14/1/12 230/1/695 812/1/711 255/1/13
f 255/1/13 812/1/711 229/1/712 13/1/14
f 43/1/713 234/1/714 850/1/715 830/1/716
f 830/1/717 850/1/715 8/1/718 236/1/719
f 831/1/720 237/1/721 127/1/722 847/1/723
f 148/1/724 831/1/720 847/1/723 235/1/725
f 861/1/726 111/1/727 823/1/728 501/1/729
f 106/1/730 720/1/383 496/1/731 822/1/732
f 821/1/733 496/1/734 720/1/734 9/1/733
f 111/1/727 721/1/735 494/1/736 823/1/728
f 721/1/735 106/1/737 822/1/732 494/1/736
f 214/1/738 724/1/739 304/1/740 727/1/738
f 724/1/739 22/1/68 305/1/741 304/1/739
f 304/1/742 305/1/743 95/1/319 725/1/744
f 727/1/745 304/1/746 725/1/744 213/1/747
f 98/1/748 729/1/749 726/1/750 732/1/751
f 729/1/749 214/1/738 727/1/738 726/1/750
f 726/1/750 727/1/745 213/1/747 731/1/752
f 732/1/751 726/1/750 731/1/752 97/1/753
f 214/1/754 733/1/755 292/1/756 724/1/757
f 733/1/758 215/1/759 734/1/760 292/1/756
f 292/1/756 734/1/761 96/1/63 293/1/60
f 724/1/757 292/1/756 293/1/60 22/1/59
f 98/1/762 735/1/762 728/1/763 729/1/764
f 735/1/765 99/1/766 737/1/767 728/1/768
f 728/1/769 737/1/767 215/1/770 733/1/771
f 729/1/764 728/1/763 733/1/758 214/1/754
f 79/1/772 738/1/773 739/1/774 743/1/775
f 738/1/773 72/1/776 740/1/777 739/1/774
f 739/1/774 740/1/777 216/1/778 741/1/779
f 743/1/775 739/1/774 741/1/779 217/1/780
f 217/1/780 741/1/779 418/1/781 745/1/782
f 741/1/779 216/1/778 744/1/783 418/1/781
f 418/1/781 744/1/783 69/1/784 419/1/219
f 745/1/782 418/1/781 419/1/219 77/1/224
f 218/1/785 746/1/786 433/1/787 748/1/788
f 76/1/245 434/1/244 433/1/787 746/1/786
f 68/1/243 748/1/788 433/1/787 434/1/244
f 70/1/279 749/1/789 747/1/790 752/1/791
f 749/1/789 78/1/792 751/1/793 747/1/790
f 747/1/790 751/1/793 218/1/785 748/1/788
f 752/1/791 747/1/790 748/1/788 68/1/243
f 68/1/243 447/1/266 446/1/794 752/1/791
f 447/1/266 81/1/265 450/1/272 446/1/794
f 446/1/794 450/1/272 82/1/271 455/1/280
f 752/1/791 446/1/794 455/1/280 70/1/279
f 27/1/56 753/1/795 439/1/796 440/1/248
f 84/1/285 462/1/289 439/1/796 753/1/795
f 64/1/201 440/1/248 439/1/796 462/1/289
f 84/1/285 753/1/795 459/1/797 460/1/798
f 753/1/795 27/1/56 754/1/799 459/1/797
f 459/1/797 754/1/799 216/1/800 740/1/801
f 460/1/802 459/1/797 740/1/801 72/1/803
f 216/1/800 754/1/799 412/1/804 744/1/804
f 27/1/56 413/1/210 412/1/805 754/1/799
f 69/1/806 744/1/804 412/1/804 413/1/215
f 76/1/245 746/1/786 471/1/807 472/1/306
f 746/1/786 218/1/785 755/1/808 471/1/807
f 471/1/807 755/1/808 219/1/809 756/1/810
f 472/1/306 471/1/807 756/1/810 88/1/307
f 218/1/785 751/1/793 750/1/811 755/1/808
f 751/1/793 78/1/792 757/1/812 750/1/811
f 750/1/811 757/1/812 90/1/813 758/1/814
f 755/1/808 750/1/811 758/1/814 219/1/809
f 217/1/780 759/1/815 742/1/816 743/1/775
f 759/1/815 220/1/817 760/1/818 742/1/816
f 742/1/816 760/1/818 91/1/819 761/1/820
f 743/1/775 742/1/816 761/1/820 79/1/772
f 77/1/224 466/1/292 465/1/821 745/1/782
f 466/1/292 89/1/296 762/1/822 465/1/821
f 465/1/821 762/1/822 220/1/817 759/1/815
f 745/1/782 465/1/821 759/1/815 217/1/780
f 99/1/766 763/1/823 736/1/824 737/1/767
f 763/1/823 91/1/819 760/1/818 736/1/824
f 736/1/824 760/1/818 220/1/817 764/1/825
f 737/1/767 736/1/824 764/1/825 215/1/826
f 220/1/817 762/1/822 475/1/827 764/1/825
f 762/1/822 89/1/296 476/1/310 475/1/827
f 475/1/827 476/1/310 96/1/828 734/1/829
f 764/1/825 475/1/827 734/1/830 215/1/826
f 219/1/809 765/1/831 479/1/832 756/1/810
f 765/1/831 213/1/747 725/1/744 479/1/832
f 479/1/832 725/1/744 95/1/833 480/1/318
f 756/1/810 479/1/832 480/1/318 88/1/307
f 97/1/753 731/1/752 730/1/834 766/1/835
f 731/1/752 213/1/747 765/1/831 730/1/834
f 730/1/834 765/1/831 219/1/809 758/1/814
f 766/1/835 730/1/834 758/1/814 90/1/813
f 195/1/836 767/1/837 768/1/838 773/1/839
f 767/1/837 194/1/840 770/1/841 768/1/838
f 768/1/838 770/1/841 221/1/842 771/1/843
f 773/1/839 768/1/838 771/1/844 222/1/844
f 222/1/844 771/1/844 558/1/845 775/1/846
f 771/1/843 221/1/842 774/1/847 558/1/848
f 558/1/849 774/1/847 192/1/662 559/1/850
f 775/1/846 558/1/846 559/1/851 135/1/442
f 195/1/852 773/1/853 772/1/854 779/1/852
f 773/1/853 222/1/855 776/1/856 772/1/854
f 772/1/857 776/1/856 223/1/858 778/1/859
f 779/1/860 772/1/861 778/1/859 196/1/862
f 222/1/855 775/1/863 556/1/864 776/1/856
f 775/1/863 135/1/433 557/1/436 556/1/864
f 556/1/864 557/1/436 193/1/441 780/1/865
f 776/1/856 556/1/864 780/1/866 223/1/858
f 225/1/867 781/1/868 635/1/869 784/1/870
f 781/1/868 174/1/566 636/1/563 635/1/869
f 635/1/869 636/1/563 166/1/871 782/1/872
f 784/1/870 635/1/869 782/1/872 224/1/873
f 176/1/874 786/1/875 783/1/876 788/1/877
f 786/1/875 225/1/867 784/1/870 783/1/876
f 783/1/876 784/1/870 224/1/873 787/1/878
f 788/1/877 783/1/876 787/1/878 169/1/879
f 167/1/622 790/1/880 789/1/881 794/1/882
f 790/1/880 165/1/592 791/1/883 789/1/881
f 789/1/881 791/1/883 226/1/884 793/1/885
f 794/1/882 789/1/881 793/1/885 175/1/886
f 226/1/884 791/1/883 654/1/887 795/1/888
f 165/1/592 655/1/591 654/1/887 791/1/883
f 173/1/590 795/1/888 654/1/887 655/1/591
f 165/1/592 790/1/880 664/1/889 665/1/609
f 790/1/880 167/1/622 672/1/621 664/1/889
f 664/1/889 672/1/621 179/1/616 668/1/615
f 665/1/609 664/1/889 668/1/615 178/1/610
f 161/1/549 681/1/634 658/1/890 659/1/593
f 181/1/632 796/1/891 658/1/890 681/1/634
f 138/1/431 659/1/593 658/1/890 796/1/891
f 224/1/892 782/1/893 630/1/893 797/1/894
f 166/1/895 631/1/558 630/1/893 782/1/893
f 138/1/431 797/1/896 630/1/897 631/1/555
f 181/1/632 679/1/898 678/1/899 796/1/891
f 679/1/900 169/1/901 787/1/902 678/1/899
f 678/1/899 787/1/902 224/1/892 797/1/903
f 796/1/891 678/1/899 797/1/903 138/1/431
f 226/1/884 798/1/904 792/1/905 793/1/885
f 798/1/904 227/1/906 799/1/907 792/1/905
f 792/1/905 799/1/907 187/1/908 800/1/909
f 793/1/885 792/1/905 800/1/909 175/1/886
f 173/1/590 692/1/652 691/1/910 795/1/888
f 692/1/652 185/1/651 801/1/911 691/1/910
f 691/1/910 801/1/911 227/1/906 798/1/904
f 795/1/888 691/1/910 798/1/904 226/1/884
f 174/1/566 781/1/868 682/1/912 683/1/635
f 781/1/868 225/1/867 802/1/913 682/1/912
f 682/1/912 802/1/913 228/1/914 803/1/915
f 683/1/635 682/1/912 803/1/915 186/1/637
f 225/1/867 786/1/875 785/1/916 802/1/913
f 786/1/875 176/1/874 804/1/917 785/1/916
f 785/1/916 804/1/917 188/1/918 805/1/919
f 802/1/913 785/1/916 805/1/919 228/1/914
f 228/1/914 806/1/920 693/1/921 803/1/915
f 806/1/920 223/1/858 780/1/922 693/1/921
f 693/1/921 780/1/923 193/1/924 694/1/653
f 803/1/915 693/1/921 694/1/653 186/1/637
f 196/1/862 778/1/859 777/1/925 807/1/926
f 778/1/859 223/1/858 806/1/920 777/1/925
f 777/1/925 806/1/920 228/1/914 805/1/919
f 807/1/926 777/1/925 805/1/919 188/1/918
f 194/1/840 808/1/927 769/1/928 770/1/841
f 808/1/927 187/1/908 799/1/907 769/1/928
f 769/1/928 799/1/907 227/1/906 809/1/929
f 770/1/841 769/1/928 809/1/929 221/1/842
f 227/1/906 801/1/911 698/1/930 809/1/929
f 801/1/911 185/1/651 699/1/663 698/1/930
f 698/1/930 699/1/663 192/1/931 774/1/847
f 809/1/929 698/1/930 774/1/847 221/1/842
f 230/1/695 810/1/932 482/1/933 812/1/711
f 810/1/932 45/1/325 483/1/322 482/1/933
f 482/1/933 483/1/322 44/1/321 811/1/934
f 812/1/711 482/1/933 811/1/935 229/1/712
f 231/1/936 813/1/937 702/1/938 814/1/694
f 813/1/937 149/1/664 703/1/667 702/1/938
f 702/1/938 703/1/667 45/1/325 810/1/932
f 814/1/694 702/1/938 810/1/932 230/1/695
f 821/1/733 9/1/733 722/1/939 704/1/939
f 200/1/940 825/1/941 704/1/942 722/1/701
f 723/1/943 706/1/944 825/1/945 200/1/946
f 203/1/361 826/1/360 706/1/944 723/1/943
f 129/1/947 207/1/375 719/1/374 524/1/948
f 524/1/949 719/1/374 208/1/378 130/1/690
f 7/1/950 815/1/951 245/1/952 246/1/953
f 815/1/951 2/1/37 268/1/35 245/1/952
f 245/1/952 268/1/35 1/1/30 263/1/28
f 246/1/953 245/1/952 263/1/28 6/1/954
f 232/1/955 816/1/956 273/1/957 817/1/958
f 3/1/43 274/1/41 273/1/957 816/1/956
f 2/1/37 817/1/958 273/1/957 274/1/41
f 126/1/959 519/1/960 518/1/961 818/1/962
f 519/1/960 125/1/963 533/1/409 518/1/961
f 518/1/961 533/1/409 122/1/413 538/1/415
f 818/1/962 518/1/961 538/1/415 123/1/419
f 233/1/964 819/1/965 542/1/966 820/1/967
f 123/1/419 543/1/421 542/1/966 819/1/965
f 124/1/425 820/1/967 542/1/966 543/1/421
f 821/1/968 105/1/330 497/1/333 496/1/969
f 496/1/731 497/1/970 104/1/339 822/1/732
f 822/1/732 104/1/339 495/1/337 494/1/736
f 494/1/736 495/1/337 110/1/336 823/1/728
f 823/1/728 110/1/336 502/1/345 501/1/729
f 501/1/729 502/1/345 100/1/971 824/1/972
f 825/1/973 199/1/672 705/1/670 704/1/974
f 704/1/974 705/1/670 105/1/330 821/1/968
f 826/1/360 202/1/674 707/1/673 706/1/944
f 706/1/944 707/1/673 199/1/672 825/1/945
f 827/1/975 197/1/976 710/1/677 709/1/359
f 709/1/359 710/1/677 202/1/674 826/1/360
f 41/1/132 833/1/977 353/1/978 354/1/133
f 833/1/977 100/1/971 500/1/343 353/1/978
f 353/1/978 500/1/343 101/1/342 834/1/979
f 354/1/133 353/1/978 834/1/979 42/1/134
f 147/1/494 594/1/493 593/1/980 836/1/981
f 594/1/493 42/1/134 834/1/979 593/1/980
f 593/1/980 834/1/979 101/1/342 711/1/679
f 836/1/981 593/1/980 711/1/679 197/1/976
f 2/1/37 815/1/951 513/1/982 817/1/958
f 815/1/951 7/1/950 514/1/983 513/1/982
f 513/1/982 514/1/983 8/1/718 838/1/984
f 817/1/958 513/1/982 838/1/984 232/1/955
f 238/1/985 839/1/986 835/1/987 840/1/988
f 147/1/494 836/1/981 835/1/987 839/1/986
f 197/1/976 840/1/988 835/1/987 836/1/981
f 123/1/419 819/1/965 716/1/989 818/1/962
f 819/1/965 233/1/964 843/1/990 716/1/989
f 716/1/989 843/1/990 127/1/722 717/1/991
f 818/1/962 716/1/989 717/1/991 126/1/959
f 239/1/992 844/1/993 832/1/994 846/1/995
f 100/1/971 833/1/977 832/1/994 844/1/993
f 41/1/132 846/1/995 832/1/994 833/1/977
f 235/1/725 847/1/723 841/1/996 842/1/997
f 847/1/723 127/1/722 843/1/990 841/1/996
f 841/1/996 843/1/990 233/1/964 848/1/998
f 842/1/997 841/1/996 848/1/998 238/1/985
f 233/1/964 820/1/967 595/1/999 848/1/998
f 820/1/967 124/1/425 596/1/495 595/1/999
f 595/1/999 596/1/495 147/1/494 839/1/986
f 848/1/998 595/1/999 839/1/986 238/1/985
f 232/1/955 849/1/1000 351/1/1001 816/1/956
f 849/1/1000 239/1/992 846/1/995 351/1/1001
f 351/1/1001 846/1/995 41/1/132 352/1/131
f 816/1/956 351/1/1001 352/1/131 3/1/43
f 234/1/714 845/1/1002 837/1/1003 850/1/715
f 845/1/1002 239/1/992 849/1/1000 837/1/1003
f 837/1/1003 849/1/1000 232/1/955 838/1/984
f 850/1/715 837/1/1003 838/1/984 8/1/718
f 12/1/1004 256/1/1005 515/1/362 116/1/365
f 256/1/1006 13/1/692 117/1/366 515/1/362
f 8/1/718 115/1/368 236/1/719
f 127/1/722 237/1/721 206/1/705
f 717/1/991 127/1/722 206/1/705 718/1/708
f 126/1/959 717/1/991 718/1/708 205/1/710
f 514/1/983 512/1/369 115/1/368 8/1/718
f 7/1/950 114/1/372 512/1/369 514/1/983
f 852/1/1007 149/1/664 813/1/937 851/1/1008
f 853/1/1009 811/1/1010 44/1/1011 854/1/1012
f 856/1/1013 198/1/668 700/1/665 855/1/1014
f 855/1/1014 700/1/665 149/1/664 852/1/1007
f 857/1/1015 488/1/324 102/1/329 858/1/1016
f 854/1/1012 44/1/1017 488/1/324 857/1/1015
f 859/1/691 229/1/693 811/1/1018 853/1/1009
f 851/1/1008 813/1/937 231/1/1019 860/1/1020
f 858/1/1016 102/1/329 509/1/355 861/1/1021
f 861/1/1021 509/1/355 112/1/350 111/1/388
f 862/1/1022 715/1/687 198/1/668 856/1/1013
f 203/1/704 204/1/685 715/1/687 862/1/1022
f 43/1/713 828/1/1023 863/1/1024 234/1/714
f 234/1/714 863/1/1024 845/1/1002
f 863/1/1024 824/1/972 100/1/1025 844/1/993
f 845/1/1002 863/1/1024 844/1/993 239/1/992
f 148/1/724 235/1/725 864/1/1026 829/1/1027
f 235/1/725 842/1/997 864/1/1026
f 842/1/997 238/1/985 840/1/988 864/1/1026
f 864/1/1026 840/1/988 197/1/1028 827/1/975
f 866/1/1029 114/1/372 7/1/950 865/1/1030
f 865/1/1030 12/1/1031 116/1/365 866/1/1029
f 868/1/1032 126/1/959 205/1/710 867/1/1033
f 867/1/1033 207/1/375 129/1/1034 868/1/1032
f 867/1/1033 205/1/710 209/1/709 869/1/1035
f 869/1/1035 211/1/376 207/1/375 867/1/1033
f 871/1/1036 210/1/706 206/1/705 870/1/1037
f 870/1/1038 208/1/378 212/1/379 871/1/1039
f 872/1/1040 118/1/373 114/1/372 866/1/1029
f 866/1/1029 116/1/365 120/1/364 872/1/1041
f 874/1/1042 115/1/368 119/1/371 873/1/1043
f 873/1/1043 121/1/367 117/1/366 874/1/1042
f 875/1/1044 521/1/707 210/1/706 871/1/1039
f 871/1/1045 212/1/379 522/1/377 875/1/1044
f 869/1/1035 209/1/709 521/1/707 875/1/1044
f 875/1/1044 522/1/377 211/1/376 869/1/1035
f 876/1/1046 519/1/960 126/1/959 868/1/1032
f 868/1/1032 129/1/1034 520/1/1047 876/1/1046
f 877/1/1048 125/1/407 519/1/960 876/1/1046
f 876/1/1046 520/1/1049 128/1/391 877/1/1050
f 878/1/1051 516/1/402 125/1/406 877/1/1050
f 877/1/1052 128/1/391 517/1/389 878/1/1051
f 879/1/1053 5/1/18 516/1/402 878/1/1051
f 878/1/1051 517/1/389 10/1/1 879/1/1053
f 873/1/1043 119/1/371 248/1/370 880/1/1054
f 880/1/1054 247/1/363 121/1/367 873/1/1043
f 880/1/1054 248/1/370 118/1/373 872/1/1041
f 872/1/1055 120/1/364 247/1/363 880/1/1054
f 865/1/1030 7/1/950 246/1/953 881/1/1056
f 881/1/1056 244/1/8 12/1/1057 865/1/1030
f 881/1/1056 246/1/953 6/1/27 882/1/1058
f 882/1/1059 11/1/9 244/1/8 881/1/1056
f 883/1/1060 236/1/719 115/1/368 874/1/1042
f 874/1/1042 117/1/366 859/1/691 883/1/1060
f 870/1/1038 206/1/705 237/1/721 884/1/1061
f 884/1/1062 860/1/1020 208/1/378 870/1/1063
f 882/1/1059 6/1/22 243/1/19 885/1/1064
f 885/1/1064 241/1/4 11/1/9 882/1/1065
f 885/1/1064 243/1/19 5/1/18 879/1/1053
f 879/1/1053 10/1/1 241/1/4 885/1/1064
f 887/1/1066 831/1/720 148/1/1067 886/1/1067
f 886/1/1068 852/1/1007 851/1/1008 887/1/1069
f 889/1/1070 43/1/1071 830/1/1072 888/1/1073
f 888/1/1073 853/1/1009 854/1/1012 889/1/1070
f 886/1/1074 148/1/1067 829/1/1075 890/1/1076
f 890/1/1076 855/1/1014 852/1/1007 886/1/1077
f 891/1/1078 828/1/1079 43/1/1071 889/1/1070
f 889/1/1070 854/1/1012 857/1/1015 891/1/1078
f 888/1/1073 830/1/1072 236/1/719 883/1/1060
f 883/1/1060 859/1/691 853/1/1009 888/1/1073
f 884/1/1061 237/1/721 831/1/720 887/1/1080
f 887/1/1081 851/1/1008 860/1/1082 884/1/1083
f 892/1/1084 861/1/726 501/1/729 824/1/972
f 828/1/1023 892/1/1084 824/1/972 863/1/1024
f 892/1/1085 828/1/1079 891/1/1078
f 891/1/1078 857/1/1015 858/1/1016 892/1/1085
f 861/1/1021 892/1/1085 858/1/1016
f 893/1/1086 827/1/975 709/1/359 862/1/358
f 829/1/1027 864/1/1026 827/1/975 893/1/1086
f 890/1/1076 829/1/1075 893/1/1087
f 893/1/1087 856/1/1013 855/1/1014 890/1/1076
f 856/1/1013 893/1/1087 862/1/1022
f 896/1/1088 907/1/1089 901/1/1090 902/1/1091
f 894/1/1092 906/1/1093 901/1/1090 907/1/1089
f 898/1/1094 908/1/1095 901/1/1090 906/1/1093
f 899/1/1096 902/1/1091 901/1/1090 908/1/1095
f 910/1/1097 897/1/1098 909/1/1099 911/1/1100
f 911/1/1100 909/1/1099 895/1/1101 912/1/1102
f 932/1/1103 933/1/1104 934/1/1105 935/1/1106
f 936/1/1107 937/1/1108 934/1/1105 933/1/1104
f 938/1/1109 939/1/1110 934/1/1105 937/1/1108
f 940/1/1111 935/1/1106 934/1/1105 939/1/1110
f 945/1/1112 910/1/1097 911/1/1100 944/1/1113
f 944/1/1113 914/1/1114 913/1/1115 945/1/1112
f 944/1/1113 911/1/1100 912/1/1102 946/1/1116
f 946/1/1116 915/1/1117 914/1/1114 944/1/1113
f 951/1/1118 948/1/1119 947/1/1120 950/1/1121
f 950/1/1121 913/1/1115 914/1/1114 951/1/1118
f 952/1/1122 949/1/1123 948/1/1119 951/1/1118
f 951/1/1118 914/1/1114 915/1/1117 952/1/1122
f 953/1/1124 947/1/1120 948/1/1119 954/1/1125
f 954/1/1125 948/1/1119 949/1/1123 955/1/1126
f 957/1/1127 918/1/1128 916/1/1129 956/1/1130
f 956/1/1130 924/1/1131 926/1/1132 957/1/1127
f 956/1/1130 916/1/1129 917/1/1133 958/1/1134
f 958/1/1134 925/1/1135 924/1/1131 956/1/1130
f 958/1/1134 917/1/1133 919/1/1136 959/1/1137
f 959/1/1137 927/1/1138 925/1/1135 958/1/1134
f 959/1/1137 919/1/1136 920/1/1139 960/1/1140
f 960/1/1140 928/1/1141 927/1/1138 959/1/1137
f 960/1/1140 920/1/1139 921/1/1142 961/1/1143
f 961/1/1143 929/1/1144 928/1/1141 960/1/1140
f 961/1/1143 921/1/1142 922/1/1145 962/1/1146
f 962/1/1146 930/1/1147 929/1/1144 961/1/1143
f 962/1/1146 922/1/1145 923/1/1148 963/1/1149
f 963/1/1149 931/1/1150 930/1/1147 962/1/1146
f 963/1/1149 923/1/1148 918/1/1128 957/1/1127
f 957/1/1127 926/1/1132 931/1/1150 963/1/1149
f 964/1/1151 932/1/1103 935/1/1106 965/1/1152
f 968/1/1153 937/1/1108 936/1/1107 967/1/1154
f 969/1/1155 938/1/1109 937/1/1108 968/1/1153
f 970/1/1156 939/1/1110 938/1/1109 969/1/1155
f 971/1/1157 940/1/1111 939/1/1110 970/1/1156
f 965/1/1152 935/1/1106 940/1/1111 971/1/1157
f 972/1/1158 953/1/1124 954/1/1125 973/1/1159
f 973/1/1159 942/1/1160 941/1/1161 972/1/1158
f 973/1/1159 954/1/1125 955/1/1126 974/1/1162
f 974/1/1162 943/1/1163 942/1/1160 973/1/1159
f 976/1/1164 926/1/1132 924/1/1131 975/1/1165
f 975/1/1165 964/1/1151 965/1/1152 976/1/1164
f 975/1/1165 924/1/1131 925/1/1135 977/1/1166
f 977/1/1166 966/1/1167 964/1/1151 975/1/1165
f 977/1/1166 925/1/1135 927/1/1138 978/1/1168
f 978/1/1168 967/1/1154 966/1/1167 977/1/1166
f 978/1/1168 927/1/1138 928/1/1141 979/1/1169
f 979/1/1169 968/1/1153 967/1/1154 978/1/1168
f 979/1/1169 928/1/1141 929/1/1144 980/1/1170
f 980/1/1170 969/1/1155 968/1/1153 979/1/1169
f 980/1/1170 929/1/1144 930/1/1147 981/1/1171
f 981/1/1171 970/1/1156 969/1/1155 980/1/1170
f 981/1/1171 930/1/1147 931/1/1150 982/1/1172
f 982/1/1172 971/1/1157 970/1/1156 981/1/1171
f 982/1/1172 931/1/1150 926/1/1132 976/1/1164
f 976/1/1164 965/1/1152 971/1/1157 982/1/1172
f 985/1/1173 964/1/1151 966/1/1167 983/1/1174
f 984/1/1175 932/1/1103 964/1/1151 985/1/1173
f 983/1/1174 966/1/1167 967/1/1154 986/1/1176
f 986/1/1176 967/1/1154 936/1/1107 987/1/1177
f 988/1/1178 972/1/1158 941/1/1161 989/1/1179
f 990/1/1180 989/1/1179 941/1/1161 991/1/1181
f 992/1/1182 993/1/1183 988/1/1178 989/1/1179 990/1/1180
f 995/1/1184 933/1/1104 932/1/1103 996/1/1185
f 996/1/1185 932/1/1103 984/1/1175 997/1/1186
f 998/1/1187 987/1/1177 936/1/1107 999/1/1188
f 999/1/1188 936/1/1107 933/1/1104 995/1/1184
f 1001/1/1189 985/1/1173 983/1/1174 1000/1/1190
f 997/1/1186 984/1/1175 985/1/1173 1001/1/1189
f 1000/1/1190 983/1/1174 986/1/1176 1002/1/1191
f 1002/1/1191 986/1/1176 987/1/1177 998/1/1187
f 994/1/1192 995/1/1184 996/1/1185 997/1/1186
f 998/1/1187 999/1/1188 995/1/1184 994/1/1192
f 1000/1/1190 994/1/1192 997/1/1186 1001/1/1189
f 1002/1/1191 998/1/1187 994/1/1192 1000/1/1190
f 1009/1/1193 1007/1/1194 897/1/1098 910/1/1097
f 912/1/1102 895/1/1101 1008/1/1195 1010/1/1196
f 941/1/1161 942/1/1160 1019/1/1197 1020/1/1198
f 943/1/1163 1021/1/1199 1019/1/1197 942/1/1160
f 1016/1/1200 1009/1/1193 910/1/1097 945/1/1112
f 945/1/1112 913/1/1115 1014/1/1201 1016/1/1200
f 946/1/1116 912/1/1102 1010/1/1196 1017/1/1202
f 1017/1/1202 1015/1/1203 915/1/1117 946/1/1116
f 950/1/1121 947/1/1120 1029/1/1204 1018/1/1205
f 1018/1/1205 1014/1/1201 913/1/1115 950/1/1121
f 1012/1/1206 1011/1/1207 949/1/1123 952/1/1122
f 952/1/1122 915/1/1117 1015/1/1203 1012/1/1206
f 1030/1/1208 1029/1/1204 947/1/1120 953/1/1124
f 955/1/1126 949/1/1123 1011/1/1207 1013/1/1209
f 1022/1/1210 1030/1/1208 953/1/1124 972/1/1158
f 974/1/1162 955/1/1126 1013/1/1209 1023/1/1211
f 1023/1/1211 1021/1/1199 943/1/1163 974/1/1162
f 1024/1/1212 1022/1/1210 972/1/1158 988/1/1178
f 991/1/1181 941/1/1161 1020/1/1198 1025/1/1213
f 990/1/1180 991/1/1181 1025/1/1213 1026/1/1214
f 992/1/1182 990/1/1180 1026/1/1214 1027/1/1215
f 1028/1/1216 1024/1/1212 988/1/1178 993/1/1183
f 993/1/1183 992/1/1182 1027/1/1215 1028/1/1216
f 1033/1/1217 1031/1/1218 896/1/1088 900/1/1219
f 1031/1/1218 1032/1/1220 907/1/1089 896/1/1088
f 1032/1/1220 1035/1/1221 894/1/1092 907/1/1089
f 1006/1/1222 904/1/1223 1034/1/1224 1036/1/1225
f 1043/1/1226 900/1/1219 896/1/1088 902/1/1091
f 903/1/1227 1043/1/1226 902/1/1091 899/1/1096
f 1044/1/1228 903/1/1227 897/1/1098 1007/1/1194
f 903/1/1227 1044/1/1228 1004/1/1229 1043/1/1226
f 1005/1/1230 900/1/1219 1043/1/1226 1004/1/1229
f 1047/1/1231 1045/1/1232 1037/1/1233 1039/1/1234
f 1045/1/1232 1046/1/1235 1038/1/1236 1037/1/1233
f 1046/1/1235 1048/1/1237 1041/1/1238 1038/1/1236
f 1048/1/1237 1049/1/1239 1040/1/1240 1041/1/1238
f 1049/1/1239 1050/1/1241 1042/1/1242 1040/1/1240
f 1058/1/1243 1057/1/1244 909/1/1099 897/1/1098
f 1057/1/1244 1058/1/1243 916/1/1129 918/1/1128
f 1059/1/1245 1058/1/1243 897/1/1098 903/1/1227
f 1058/1/1243 1059/1/1245 917/1/1133 916/1/1129
f 1060/1/1246 1059/1/1245 903/1/1227 899/1/1096
f 1059/1/1245 1060/1/1246 919/1/1136 917/1/1133
f 1061/1/1247 1060/1/1246 899/1/1096 908/1/1095
f 1060/1/1246 1061/1/1247 920/1/1139 919/1/1136
f 1062/1/1248 1061/1/1247 908/1/1095 898/1/1094
f 1061/1/1247 1062/1/1248 921/1/1142 920/1/1139
f 1062/1/1248 1063/1/1249 922/1/1145 921/1/1142
f 1064/1/1250 1063/1/1249 905/1/1251 895/1/1101
f 1063/1/1249 1064/1/1250 923/1/1148 922/1/1145
f 1057/1/1244 1064/1/1250 895/1/1101 909/1/1099
f 1064/1/1250 1057/1/1244 918/1/1128 923/1/1148
f 1035/1/1221 1034/1/1224 904/1/1223 894/1/1092
f 1066/1/1252 1008/1/1195 895/1/1101 905/1/1251
f 1062/1/1248 898/1/1094 905/1/1251 1063/1/1249
f 1067/1/1253 1065/1/1254 1003/1/1255 1068/1/1256
f 904/1/1223 1067/1/1253 1068/1/1256 894/1/1092
f 894/1/1092 1068/1/1256 1069/1/1257 906/1/1093
f 1003/1/1255 1069/1/1257 1068/1/1256
f 905/1/1251 898/1/1094 906/1/1093 1069/1/1257
f 905/1/1251 1069/1/1257 1003/1/1255 1066/1/1252
f 1084/1/1258 1087/1/1259 1086/1/1260 1083/1/1261
f 1087/1/1259 1085/1/1262 1082/1/1263 1086/1/1260
f 1079/1/1264 1088/1/1265 1086/1/1260 1082/1/1263
f 1088/1/1265 1078/1/1266 1083/1/1261 1086/1/1260
f 1085/1/1262 1087/1/1259 1089/1/1267 1081/1/1268
f 1087/1/1259 1084/1/1258 1080/1/1269 1089/1/1267
f 1006/1/1222 1079/1/1264 1082/1/1263 904/1/1223
f 1067/1/1253 1085/1/1262 1081/1/1268 1065/1/1254
f 1067/1/1253 904/1/1223 1082/1/1263 1085/1/1262
f 1078/1/1266 1070/1/1270 1072/1/1271 1083/1/1261
f 1084/1/1258 1073/1/1272 1071/1/1273 1080/1/1269
f 1071/1/1273 1073/1/1272 1093/1/1274 1091/1/1275
f 1093/1/1274 1077/1/1276 1075/1/1277 1091/1/1275
f 1097/1/1278 1094/1/1279 1074/1/1280 1076/1/1281
f 1094/1/1279 1097/1/1278 1096/1/1282 1095/1/1283
f 1092/1/1284 1090/1/1285 1098/1/1286 1099/1/1287
f 1098/1/1286 1095/1/1283 1096/1/1282 1099/1/1287
f 1097/1/1278 1076/1/1281 1099/1/1287 1096/1/1282
f 1092/1/1284 1099/1/1287 1076/1/1281
f 1075/1/1277 1077/1/1276 1076/1/1281 1074/1/1280
f 1072/1/1271 1070/1/1270 1100/1/1288 1101/1/1289
f 1100/1/1288 1090/1/1285 1092/1/1284 1101/1/1289
f 1076/1/1281 1077/1/1276 1102/1/1290 1092/1/1284
f 1093/1/1274 1102/1/1290 1077/1/1276
f 1083/1/1261 1072/1/1271 1073/1/1272 1084/1/1258
f 1101/1/1289 1092/1/1284 1102/1/1290
f 1101/1/1289 1102/1/1290 1072/1/1271
f 1073/1/1272 1072/1/1271 1102/1/1290 1093/1/1274
f 1105/1/1291 1111/1/1292 1110/1/1293 1116/1/1294
f 1103/1/1295 1116/1/1294 1110/1/1293 1115/1/1296
f 1107/1/1297 1115/1/1296 1110/1/1293 1117/1/1298
f 1108/1/1299 1117/1/1298 1110/1/1293 1111/1/1292
f 1119/1/1300 1120/1/1301 1118/1/1302 1106/1/1303
f 1120/1/1301 1121/1/1304 1104/1/1305 1118/1/1302
f 1141/1/1306 1144/1/1307 1143/1/1308 1142/1/1309
f 1145/1/1310 1142/1/1309 1143/1/1308 1146/1/1311
f 1147/1/1312 1146/1/1311 1143/1/1308 1148/1/1313
f 1149/1/1314 1148/1/1313 1143/1/1308 1144/1/1307
f 1154/1/1315 1153/1/1316 1120/1/1301 1119/1/1300
f 1153/1/1316 1154/1/1315 1122/1/1317 1123/1/1318
f 1153/1/1316 1155/1/1319 1121/1/1304 1120/1/1301
f 1155/1/1319 1153/1/1316 1123/1/1318 1124/1/1320
f 1160/1/1321 1159/1/1322 1156/1/1323 1157/1/1324
f 1159/1/1322 1160/1/1321 1123/1/1318 1122/1/1317
f 1161/1/1325 1160/1/1321 1157/1/1324 1158/1/1326
f 1160/1/1321 1161/1/1325 1124/1/1320 1123/1/1318
f 1162/1/1327 1163/1/1328 1157/1/1324 1156/1/1323
f 1163/1/1328 1164/1/1329 1158/1/1326 1157/1/1324
f 1166/1/1330 1165/1/1331 1125/1/1332 1127/1/1333
f 1165/1/1331 1166/1/1330 1135/1/1334 1133/1/1335
f 1165/1/1331 1167/1/1336 1126/1/1337 1125/1/1332
f 1167/1/1336 1165/1/1331 1133/1/1335 1134/1/1338
f 1167/1/1336 1168/1/1339 1128/1/1340 1126/1/1337
f 1168/1/1339 1167/1/1336 1134/1/1338 1136/1/1341
f 1168/1/1339 1169/1/1342 1129/1/1343 1128/1/1340
f 1169/1/1342 1168/1/1339 1136/1/1341 1137/1/1344
f 1169/1/1342 1170/1/1345 1130/1/1346 1129/1/1343
f 1170/1/1345 1169/1/1342 1137/1/1344 1138/1/1347
f 1170/1/1345 1171/1/1348 1131/1/1349 1130/1/1346
f 1171/1/1348 1170/1/1345 1138/1/1347 1139/1/1350
f 1171/1/1348 1172/1/1351 1132/1/1352 1131/1/1349
f 1172/1/1351 1171/1/1348 1139/1/1350 1140/1/1353
f 1172/1/1351 1166/1/1330 1127/1/1333 1132/1/1352
f 1166/1/1330 1172/1/1351 1140/1/1353 1135/1/1334
f 1173/1/1354 1174/1/1355 1144/1/1307 1141/1/1306
f 1177/1/1356 1176/1/1357 1145/1/1310 1146/1/1311
f 1178/1/1358 1177/1/1356 1146/1/1311 1147/1/1312
f 1179/1/1359 1178/1/1358 1147/1/1312 1148/1/1313
f 1180/1/1360 1179/1/1359 1148/1/1313 1149/1/1314
f 1174/1/1355 1180/1/1360 1149/1/1314 1144/1/1307
f 1181/1/1361 1182/1/1362 1163/1/1328 1162/1/1327
f 1182/1/1362 1181/1/1361 1150/1/1363 1151/1/1364
f 1182/1/1362 1183/1/1365 1164/1/1329 1163/1/1328
f 1183/1/1365 1182/1/1362 1151/1/1364 1152/1/1366
f 1185/1/1367 1184/1/1368 1133/1/1335 1135/1/1334
f 1184/1/1368 1185/1/1367 1174/1/1355 1173/1/1354
f 1184/1/1368 1186/1/1369 1134/1/1338 1133/1/1335
f 1186/1/1369 1184/1/1368 1173/1/1354 1175/1/1370
f 1186/1/1369 1187/1/1371 1136/1/1341 1134/1/1338
f 1187/1/1371 1186/1/1369 1175/1/1370 1176/1/1357
f 1187/1/1371 1188/1/1372 1137/1/1344 1136/1/1341
f 1188/1/1372 1187/1/1371 1176/1/1357 1177/1/1356
f 1188/1/1372 1189/1/1373 1138/1/1347 1137/1/1344
f 1189/1/1373 1188/1/1372 1177/1/1356 1178/1/1358
f 1189/1/1373 1190/1/1374 1139/1/1350 1138/1/1347
f 1190/1/1374 1189/1/1373 1178/1/1358 1179/1/1359
f 1190/1/1374 1191/1/1375 1140/1/1353 1139/1/1350
f 1191/1/1375 1190/1/1374 1179/1/1359 1180/1/1360
f 1191/1/1375 1185/1/1367 1135/1/1334 1140/1/1353
f 1185/1/1367 1191/1/1375 1180/1/1360 1174/1/1355
f 1194/1/1376 1192/1/1377 1175/1/1370 1173/1/1354
f 1193/1/1378 1194/1/1376 1173/1/1354 1141/1/1306
f 1192/1/1377 1195/1/1379 1176/1/1357 1175/1/1370
f 1195/1/1379 1196/1/1380 1145/1/1310 1176/1/1357
f 1197/1/1381 1198/1/1382 1150/1/1363 1181/1/1361
f 1199/1/1383 1200/1/1384 1150/1/1363 1198/1/1382
f 1201/1/1385 1199/1/1383 1198/1/1382 1197/1/1381 1202/1/1386
f 1204/1/1387 1205/1/1388 1141/1/1306 1142/1/1309
f 1205/1/1388 1206/1/1389 1193/1/1378 1141/1/1306
f 1207/1/1390 1208/1/1391 1145/1/1310 1196/1/1380
f 1208/1/1391 1204/1/1387 1142/1/1309 1145/1/1310
f 1210/1/1392 1209/1/1393 1192/1/1377 1194/1/1376
f 1206/1/1389 1210/1/1392 1194/1/1376 1193/1/1378
f 1209/1/1393 1211/1/1394 1195/1/1379 1192/1/1377
f 1211/1/1394 1207/1/1390 1196/1/1380 1195/1/1379
f 1203/1/1395 1206/1/1389 1205/1/1388 1204/1/1387
f 1207/1/1390 1203/1/1395 1204/1/1387 1208/1/1391
f 1209/1/1393 1210/1/1392 1206/1/1389 1203/1/1395
f 1211/1/1394 1209/1/1393 1203/1/1395 1207/1/1390
f 1009/1/1193 1119/1/1300 1106/1/1303 1007/1/1194
f 1121/1/1304 1010/1/1196 1008/1/1195 1104/1/1305
f 1150/1/1363 1020/1/1198 1019/1/1197 1151/1/1364
f 1152/1/1366 1151/1/1364 1019/1/1197 1021/1/1199
f 1016/1/1200 1154/1/1315 1119/1/1300 1009/1/1193
f 1154/1/1315 1016/1/1200 1014/1/1201 1122/1/1317
f 1155/1/1319 1017/1/1202 1010/1/1196 1121/1/1304
f 1017/1/1202 1155/1/1319 1124/1/1320 1015/1/1203
f 1159/1/1322 1018/1/1205 1029/1/1204 1156/1/1323
f 1018/1/1205 1159/1/1322 1122/1/1317 1014/1/1201
f 1012/1/1206 1161/1/1325 1158/1/1326 1011/1/1207
f 1161/1/1325 1012/1/1206 1015/1/1203 1124/1/1320
f 1030/1/1208 1162/1/1327 1156/1/1323 1029/1/1204
f 1164/1/1329 1013/1/1209 1011/1/1207 1158/1/1326
f 1022/1/1210 1181/1/1361 1162/1/1327 1030/1/1208
f 1183/1/1365 1023/1/1211 1013/1/1209 1164/1/1329
f 1023/1/1211 1183/1/1365 1152/1/1366 1021/1/1199
f 1024/1/1212 1197/1/1381 1181/1/1361 1022/1/1210
f 1200/1/1384 1025/1/1213 1020/1/1198 1150/1/1363
f 1199/1/1383 1026/1/1214 1025/1/1213 1200/1/1384
f 1201/1/1385 1027/1/1215 1026/1/1214 1199/1/1383
f 1028/1/1216 1202/1/1386 1197/1/1381 1024/1/1212
f 1202/1/1386 1028/1/1216 1027/1/1215 1201/1/1385
f 1214/1/1396 1109/1/1397 1105/1/1291 1212/1/1398
f 1212/1/1398 1105/1/1291 1116/1/1294 1213/1/1399
f 1213/1/1399 1116/1/1294 1103/1/1295 1216/1/1400
f 1006/1/1222 1036/1/1225 1215/1/1401 1113/1/1402
f 1222/1/1403 1111/1/1292 1105/1/1291 1109/1/1397
f 1112/1/1404 1108/1/1299 1111/1/1292 1222/1/1403
f 1044/1/1228 1007/1/1194 1106/1/1303 1112/1/1404
f 1112/1/1404 1222/1/1403 1004/1/1229 1044/1/1228
f 1005/1/1230 1004/1/1229 1222/1/1403 1109/1/1397
f 1225/1/1405 1219/1/1406 1217/1/1407 1223/1/1408
f 1223/1/1408 1217/1/1407 1218/1/1409 1224/1/1410
f 1224/1/1410 1218/1/1409 1221/1/1411 1226/1/1412
f 1226/1/1412 1221/1/1411 1220/1/1413 1227/1/1414
f 1227/1/1414 1220/1/1413 1042/1/1242 1050/1/1241
f 1234/1/1415 1106/1/1303 1118/1/1302 1233/1/1416
f 1233/1/1416 1127/1/1333 1125/1/1332 1234/1/1415
f 1235/1/1417 1112/1/1404 1106/1/1303 1234/1/1415
f 1234/1/1415 1125/1/1332 1126/1/1337 1235/1/1417
f 1236/1/1418 1108/1/1299 1112/1/1404 1235/1/1417
f 1235/1/1417 1126/1/1337 1128/1/1340 1236/1/1418
f 1237/1/1419 1117/1/1298 1108/1/1299 1236/1/1418
f 1236/1/1418 1128/1/1340 1129/1/1343 1237/1/1419
f 1238/1/1420 1107/1/1297 1117/1/1298 1237/1/1419
f 1237/1/1419 1129/1/1343 1130/1/1346 1238/1/1420
f 1238/1/1420 1130/1/1346 1131/1/1349 1239/1/1421
f 1240/1/1422 1104/1/1305 1114/1/1423 1239/1/1421
f 1239/1/1421 1131/1/1349 1132/1/1352 1240/1/1422
f 1233/1/1416 1118/1/1302 1104/1/1305 1240/1/1422
f 1240/1/1422 1132/1/1352 1127/1/1333 1233/1/1416
f 1216/1/1400 1103/1/1295 1113/1/1402 1215/1/1401
f 1066/1/1252 1114/1/1423 1104/1/1305 1008/1/1195
f 1238/1/1420 1239/1/1421 1114/1/1423 1107/1/1297
f 1241/1/1424 1242/1/1425 1003/1/1255 1065/1/1254
f 1113/1/1402 1103/1/1295 1242/1/1425 1241/1/1424
f 1103/1/1295 1115/1/1296 1243/1/1426 1242/1/1425
f 1003/1/1255 1242/1/1425 1243/1/1426
f 1114/1/1423 1243/1/1426 1115/1/1296 1107/1/1297
f 1114/1/1423 1066/1/1252 1003/1/1255 1243/1/1426
f 1250/1/1427 1249/1/1428 1252/1/1429 1253/1/1430
f 1253/1/1430 1252/1/1429 1248/1/1431 1251/1/1432
f 1079/1/1264 1248/1/1431 1252/1/1429 1088/1/1265
f 1088/1/1265 1252/1/1429 1249/1/1428 1078/1/1266
f 1251/1/1432 1081/1/1268 1089/1/1267 1253/1/1430
f 1253/1/1430 1089/1/1267 1080/1/1269 1250/1/1427
f 1006/1/1222 1113/1/1402 1248/1/1431 1079/1/1264
f 1241/1/1424 1065/1/1254 1081/1/1268 1251/1/1432
f 1241/1/1424 1251/1/1432 1248/1/1431 1113/1/1402
f 1078/1/1266 1249/1/1428 1244/1/1433 1070/1/1270
f 1250/1/1427 1080/1/1269 1071/1/1273 1245/1/1434
f 1071/1/1273 1091/1/1275 1255/1/1435 1245/1/1434
f 1255/1/1435 1091/1/1275 1075/1/1277 1247/1/1436
f 1257/1/1437 1246/1/1438 1074/1/1280 1094/1/1279
f 1094/1/1279 1095/1/1283 1256/1/1439 1257/1/1437
f 1254/1/1440 1258/1/1441 1098/1/1286 1090/1/1285
f 1098/1/1286 1258/1/1441 1256/1/1439 1095/1/1283
f 1257/1/1437 1256/1/1439 1258/1/1441 1246/1/1438
f 1254/1/1440 1246/1/1438 1258/1/1441
f 1075/1/1277 1074/1/1280 1246/1/1438 1247/1/1436
f 1244/1/1433 1259/1/1442 1100/1/1288 1070/1/1270
f 1100/1/1288 1259/1/1442 1254/1/1440 1090/1/1285
f 1246/1/1438 1254/1/1440 1260/1/1443 1247/1/1436
f 1255/1/1435 1247/1/1436 1260/1/1443
f 1249/1/1428 1250/1/1427 1245/1/1434 1244/1/1433
f 1259/1/1442 1260/1/1443 1254/1/1440
f 1259/1/1442 1244/1/1433 1260/1/1443
f 1245/1/1434 1255/1/1435 1260/1/1443 1244/1/1433
f 1005/1/1230 1261/1/1444 1033/1/1217 900/1/1219
f 1005/1/1230 1109/1/1397 1214/1/1396 1261/1/1444
f 1263/1/1445 1047/1/1231 1039/1/1234 1262/1/1446
f 1263/1/1445 1262/1/1446 1219/1/1406 1225/1/1405
f 1031/1/1218 1033/1/1217 1265/1/1447 1266/1/1448
f 1031/1/1218 1266/1/1448 1267/1/1449 1032/1/1220
f 1035/1/1221 1032/1/1220 1267/1/1449 1268/1/1450
f 1035/1/1221 1268/1/1450 1269/1/1451 1034/1/1224
f 1034/1/1224 1269/1/1451 1270/1/1452 1036/1/1225
f 1212/1/1398 1272/1/1453 1271/1/1454 1214/1/1396
f 1212/1/1398 1213/1/1399 1273/1/1455 1272/1/1453
f 1216/1/1400 1274/1/1456 1273/1/1455 1213/1/1399
f 1216/1/1400 1215/1/1401 1275/1/1457 1274/1/1456
f 1215/1/1401 1036/1/1225 1270/1/1452 1275/1/1457
f 1033/1/1217 1261/1/1444 1276/1/1458 1265/1/1447
f 1214/1/1396 1271/1/1454 1276/1/1458 1261/1/1444
f 1269/1/1451 1040/1/1240 1042/1/1242 1270/1/1452
f 1267/1/1449 1038/1/1236 1041/1/1238 1268/1/1450
f 1273/1/1455 1218/1/1409 1217/1/1407 1272/1/1453
f 1267/1/1449 1266/1/1448 1037/1/1233 1038/1/1236
f 1266/1/1448 1265/1/1447 1039/1/1234 1037/1/1233
f 1268/1/1450 1041/1/1238 1040/1/1240 1269/1/1451
f 1271/1/1454 1219/1/1406 1262/1/1446 1276/1/1458
f 1274/1/1456 1275/1/1457 1220/1/1413 1221/1/1411
f 1275/1/1457 1270/1/1452 1042/1/1242 1220/1/1413
f 1272/1/1453 1217/1/1407 1219/1/1406 1271/1/1454
f 1265/1/1447 1276/1/1458 1262/1/1446 1039/1/1234
f 1273/1/1455 1274/1/1456 1221/1/1411 1218/1/1409
f 1278/1/1459 1045/1/1232 1047/1/1231 1277/1/1460
f 1277/1/1460 1053/1/1461 1051/1/1462 1278/1/1459
f 1279/1/1463 1046/1/1235 1045/1/1232 1278/1/1459
f 1278/1/1459 1051/1/1462 1052/1/1464 1279/1/1463
f 1280/1/1465 1048/1/1237 1046/1/1235 1279/1/1463
f 1279/1/1463 1052/1/1464 1054/1/1466 1280/1/1465
f 1281/1/1467 1049/1/1239 1048/1/1237 1280/1/1465
f 1280/1/1465 1054/1/1466 1055/1/1468 1281/1/1467
f 1282/1/1469 1050/1/1241 1049/1/1239 1281/1/1467
f 1281/1/1467 1055/1/1468 1056/1/1470 1282/1/1469
f 1284/1/1471 1225/1/1405 1223/1/1408 1283/1/1472
f 1283/1/1472 1228/1/1473 1230/1/1474 1284/1/1471
f 1283/1/1472 1223/1/1408 1224/1/1410 1285/1/1475
f 1285/1/1475 1229/1/1476 1228/1/1473 1283/1/1472
f 1285/1/1475 1224/1/1410 1226/1/1412 1286/1/1477
f 1286/1/1477 1231/1/1478 1229/1/1476 1285/1/1475
f 1286/1/1477 1226/1/1412 1227/1/1414 1287/1/1479
f 1287/1/1479 1232/1/1480 1231/1/1478 1286/1/1477
f 1287/1/1479 1227/1/1414 1050/1/1241 1282/1/1469
f 1282/1/1469 1056/1/1470 1232/1/1480 1287/1/1479
f 1277/1/1460 1047/1/1231 1263/1/1445 1288/1/1481
f 1288/1/1481 1264/1/1482 1053/1/1461 1277/1/1460
f 1288/1/1481 1263/1/1445 1225/1/1405 1284/1/1471
f 1284/1/1471 1230/1/1474 1264/1/1482 1288/1/1481
f 1291/1/1483 1297/1/1484 1296/1/1485 1302/1/1486
f 1289/1/1487 1302/1/1486 1296/1/1485 1301/1/1488
f 1293/1/1489 1301/1/1488 1296/1/1485 1303/1/1490
f 1294/1/1491 1303/1/1490 1296/1/1485 1297/1/1484
f 1305/1/1492 1306/1/1493 1304/1/1494 1292/1/1495
f 1306/1/1493 1307/1/1496 1290/1/1497 1304/1/1494
f 1327/1/1498 1330/1/1499 1329/1/1500 1328/1/1501
f 1331/1/1502 1328/1/1501 1329/1/1500 1332/1/1503
f 1333/1/1504 1332/1/1503 1329/1/1500 1334/1/1505
f 1335/1/1506 1334/1/1505 1329/1/1500 1330/1/1499
f 1340/1/1507 1339/1/1508 1306/1/1493 1305/1/1492
f 1339/1/1508 1340/1/1507 1308/1/1509 1309/1/1510
f 1339/1/1508 1341/1/1511 1307/1/1496 1306/1/1493
f 1341/1/1511 1339/1/1508 1309/1/1510 1310/1/1512
f 1346/1/1513 1345/1/1514 1342/1/1515 1343/1/1516
f 1345/1/1514 1346/1/1513 1309/1/1510 1308/1/1509
f 1347/1/1517 1346/1/1513 1343/1/1516 1344/1/1518
f 1346/1/1513 1347/1/1517 1310/1/1512 1309/1/1510
f 1348/1/1519 1349/1/1520 1343/1/1516 1342/1/1515
f 1349/1/1520 1350/1/1521 1344/1/1518 1343/1/1516
f 1352/1/1522 1351/1/1523 1311/1/1524 1313/1/1525
f 1351/1/1523 1352/1/1522 1321/1/1526 1319/1/1527
f 1351/1/1523 1353/1/1528 1312/1/1529 1311/1/1524
f 1353/1/1528 1351/1/1523 1319/1/1527 1320/1/1530
f 1353/1/1528 1354/1/1531 1314/1/1532 1312/1/1529
f 1354/1/1531 1353/1/1528 1320/1/1530 1322/1/1533
f 1354/1/1531 1355/1/1534 1315/1/1535 1314/1/1532
f 1355/1/1534 1354/1/1531 1322/1/1533 1323/1/1536
f 1355/1/1534 1356/1/1537 1316/1/1538 1315/1/1535
f 1356/1/1537 1355/1/1534 1323/1/1536 1324/1/1539
f 1356/1/1537 1357/1/1540 1317/1/1541 1316/1/1538
f 1357/1/1540 1356/1/1537 1324/1/1539 1325/1/1542
f 1357/1/1540 1358/1/1543 1318/1/1544 1317/1/1541
f 1358/1/1543 1357/1/1540 1325/1/1542 1326/1/1545
f 1358/1/1543 1352/1/1522 1313/1/1525 1318/1/1544
f 1352/1/1522 1358/1/1543 1326/1/1545 1321/1/1526
f 1359/1/1546 1360/1/1547 1330/1/1499 1327/1/1498
f 1363/1/1548 1362/1/1549 1331/1/1502 1332/1/1503
f 1364/1/1550 1363/1/1548 1332/1/1503 1333/1/1504
f 1365/1/1551 1364/1/1550 1333/1/1504 1334/1/1505
f 1366/1/1552 1365/1/1551 1334/1/1505 1335/1/1506
f 1360/1/1547 1366/1/1552 1335/1/1506 1330/1/1499
f 1367/1/1553 1368/1/1554 1349/1/1520 1348/1/1519
f 1368/1/1554 1367/1/1553 1336/1/1555 1337/1/1556
f 1368/1/1554 1369/1/1557 1350/1/1521 1349/1/1520
f 1369/1/1557 1368/1/1554 1337/1/1556 1338/1/1558
f 1371/1/1559 1370/1/1560 1319/1/1527 1321/1/1526
f 1370/1/1560 1371/1/1559 1360/1/1547 1359/1/1546
f 1370/1/1560 1372/1/1561 1320/1/1530 1319/1/1527
f 1372/1/1561 1370/1/1560 1359/1/1546 1361/1/1562
f 1372/1/1561 1373/1/1563 1322/1/1533 1320/1/1530
f 1373/1/1563 1372/1/1561 1361/1/1562 1362/1/1549
f 1373/1/1563 1374/1/1564 1323/1/1536 1322/1/1533
f 1374/1/1564 1373/1/1563 1362/1/1549 1363/1/1548
f 1374/1/1564 1375/1/1565 1324/1/1539 1323/1/1536
f 1375/1/1565 1374/1/1564 1363/1/1548 1364/1/1550
f 1375/1/1565 1376/1/1566 1325/1/1542 1324/1/1539
f 1376/1/1566 1375/1/1565 1364/1/1550 1365/1/1551
f 1376/1/1566 1377/1/1567 1326/1/1545 1325/1/1542
f 1377/1/1567 1376/1/1566 1365/1/1551 1366/1/1552
f 1377/1/1567 1371/1/1559 1321/1/1526 1326/1/1545
f 1371/1/1559 1377/1/1567 1366/1/1552 1360/1/1547
f 1380/1/1568 1378/1/1569 1361/1/1562 1359/1/1546
f 1379/1/1570 1380/1/1568 1359/1/1546 1327/1/1498
f 1378/1/1569 1381/1/1571 1362/1/1549 1361/1/1562
f 1381/1/1571 1382/1/1572 1331/1/1502 1362/1/1549
f 1383/1/1573 1384/1/1574 1336/1/1555 1367/1/1553
f 1385/1/1575 1386/1/1576 1336/1/1555 1384/1/1574
f 1387/1/1577 1385/1/1575 1384/1/1574 1383/1/1573 1388/1/1578
f 1390/1/1579 1391/1/1580 1327/1/1498 1328/1/1501
f 1391/1/1580 1392/1/1581 1379/1/1570 1327/1/1498
f 1393/1/1582 1394/1/1583 1331/1/1502 1382/1/1572
f 1394/1/1583 1390/1/1579 1328/1/1501 1331/1/1502
f 1396/1/1584 1395/1/1585 1378/1/1569 1380/1/1568
f 1392/1/1581 1396/1/1584 1380/1/1568 1379/1/1570
f 1395/1/1585 1397/1/1586 1381/1/1571 1378/1/1569
f 1397/1/1586 1393/1/1582 1382/1/1572 1381/1/1571
f 1389/1/1587 1392/1/1581 1391/1/1580 1390/1/1579
f 1393/1/1582 1389/1/1587 1390/1/1579 1394/1/1583
f 1395/1/1585 1396/1/1584 1392/1/1581 1389/1/1587
f 1397/1/1586 1395/1/1585 1389/1/1587 1393/1/1582
f 1404/1/1588 1305/1/1492 1292/1/1495 1402/1/1589
f 1307/1/1496 1405/1/1590 1403/1/1591 1290/1/1497
f 1336/1/1555 1415/1/1592 1414/1/1593 1337/1/1556
f 1338/1/1558 1337/1/1556 1414/1/1593 1416/1/1594
f 1411/1/1595 1340/1/1507 1305/1/1492 1404/1/1588
f 1340/1/1507 1411/1/1595 1409/1/1596 1308/1/1509
f 1341/1/1511 1412/1/1597 1405/1/1590 1307/1/1496
f 1412/1/1597 1341/1/1511 1310/1/1512 1410/1/1598
f 1345/1/1514 1413/1/1599 1424/1/1600 1342/1/1515
f 1413/1/1599 1345/1/1514 1308/1/1509 1409/1/1596
f 1407/1/1601 1347/1/1517 1344/1/1518 1406/1/1602
f 1347/1/1517 1407/1/1601 1410/1/1598 1310/1/1512
f 1425/1/1603 1348/1/1519 1342/1/1515 1424/1/1600
f 1350/1/1521 1408/1/1604 1406/1/1602 1344/1/1518
f 1417/1/1605 1367/1/1553 1348/1/1519 1425/1/1603
f 1369/1/1557 1418/1/1606 1408/1/1604 1350/1/1521
f 1418/1/1606 1369/1/1557 1338/1/1558 1416/1/1594
f 1419/1/1607 1383/1/1573 1367/1/1553 1417/1/1605
f 1386/1/1576 1420/1/1608 1415/1/1592 1336/1/1555
f 1385/1/1575 1421/1/1609 1420/1/1608 1386/1/1576
f 1387/1/1577 1422/1/1610 1421/1/1609 1385/1/1575
f 1423/1/1611 1388/1/1578 1383/1/1573 1419/1/1607
f 1388/1/1578 1423/1/1611 1422/1/1610 1387/1/1577
f 1428/1/1612 1295/1/1613 1291/1/1483 1426/1/1614
f 1426/1/1614 1291/1/1483 1302/1/1486 1427/1/1615
f 1427/1/1615 1302/1/1486 1289/1/1487 1430/1/1616
f 1401/1/1617 1431/1/1618 1429/1/1619 1299/1/1620
f 1438/1/1621 1297/1/1484 1291/1/1483 1295/1/1613
f 1298/1/1622 1294/1/1491 1297/1/1484 1438/1/1621
f 1439/1/1623 1402/1/1589 1292/1/1495 1298/1/1622
f 1298/1/1622 1438/1/1621 1399/1/1624 1439/1/1623
f 1400/1/1625 1399/1/1624 1438/1/1621 1295/1/1613
f 1442/1/1626 1434/1/1627 1432/1/1628 1440/1/1629
f 1440/1/1629 1432/1/1628 1433/1/1630 1441/1/1631
f 1441/1/1631 1433/1/1630 1436/1/1632 1443/1/1633
f 1443/1/1633 1436/1/1632 1435/1/1634 1444/1/1635
f 1444/1/1635 1435/1/1634 1437/1/1636 1445/1/1637
f 1453/1/1638 1292/1/1495 1304/1/1494 1452/1/1639
f 1452/1/1639 1313/1/1525 1311/1/1524 1453/1/1638
f 1454/1/1640 1298/1/1622 1292/1/1495 1453/1/1638
f 1453/1/1638 1311/1/1524 1312/1/1529 1454/1/1640
f 1455/1/1641 1294/1/1491 1298/1/1622 1454/1/1640
f 1454/1/1640 1312/1/1529 1314/1/1532 1455/1/1641
f 1456/1/1642 1303/1/1490 1294/1/1491 1455/1/1641
f 1455/1/1641 1314/1/1532 1315/1/1535 1456/1/1642
f 1457/1/1643 1293/1/1489 1303/1/1490 1456/1/1642
f 1456/1/1642 1315/1/1535 1316/1/1538 1457/1/1643
f 1457/1/1643 1316/1/1538 1317/1/1541 1458/1/1644
f 1459/1/1645 1290/1/1497 1300/1/1646 1458/1/1644
f 1458/1/1644 1317/1/1541 1318/1/1544 1459/1/1645
f 1452/1/1639 1304/1/1494 1290/1/1497 1459/1/1645
f 1459/1/1645 1318/1/1544 1313/1/1525 1452/1/1639
f 1430/1/1616 1289/1/1487 1299/1/1620 1429/1/1619
f 1461/1/1647 1300/1/1646 1290/1/1497 1403/1/1591
f 1457/1/1643 1458/1/1644 1300/1/1646 1293/1/1489
f 1462/1/1648 1463/1/1649 1398/1/1650 1460/1/1651
f 1299/1/1620 1289/1/1487 1463/1/1649 1462/1/1648
f 1289/1/1487 1301/1/1488 1464/1/1652 1463/1/1649
f 1398/1/1650 1463/1/1649 1464/1/1652
f 1300/1/1646 1464/1/1652 1301/1/1488 1293/1/1489
f 1300/1/1646 1461/1/1647 1398/1/1650 1464/1/1652
f 1479/1/1653 1478/1/1654 1481/1/1655 1482/1/1656
f 1482/1/1656 1481/1/1655 1477/1/1657 1480/1/1658
f 1474/1/1659 1477/1/1657 1481/1/1655 1483/1/1660
f 1483/1/1660 1481/1/1655 1478/1/1654 1473/1/1661
f 1480/1/1658 1476/1/1662 1484/1/1663 1482/1/1656
f 1482/1/1656 1484/1/1663 1475/1/1664 1479/1/1653
f 1401/1/1617 1299/1/1620 1477/1/1657 1474/1/1659
f 1462/1/1648 1460/1/1651 1476/1/1662 1480/1/1658
f 1462/1/1648 1480/1/1658 1477/1/1657 1299/1/1620
f 1473/1/1661 1478/1/1654 1467/1/1665 1465/1/1666
f 1479/1/1653 1475/1/1664 1466/1/1667 1468/1/1668
f 1466/1/1667 1486/1/1669 1488/1/1670 1468/1/1668
f 1488/1/1670 1486/1/1669 1470/1/1671 1472/1/1672
f 1492/1/1673 1471/1/1674 1469/1/1675 1489/1/1676
f 1489/1/1676 1490/1/1677 1491/1/1678 1492/1/1673
f 1487/1/1679 1494/1/1680 1493/1/1681 1485/1/1682
f 1493/1/1681 1494/1/1680 1491/1/1678 1490/1/1677
f 1492/1/1673 1491/1/1678 1494/1/1680 1471/1/1674
f 1487/1/1679 1471/1/1674 1494/1/1680
f 1470/1/1671 1469/1/1675 1471/1/1674 1472/1/1672
f 1467/1/1665 1496/1/1683 1495/1/1684 1465/1/1666
f 1495/1/1684 1496/1/1683 1487/1/1679 1485/1/1682
f 1471/1/1674 1487/1/1679 1497/1/1685 1472/1/1672
f 1488/1/1670 1472/1/1672 1497/1/1685
f 1478/1/1654 1479/1/1653 1468/1/1668 1467/1/1665
f 1496/1/1683 1497/1/1685 1487/1/1679
f 1496/1/1683 1467/1/1665 1497/1/1685
f 1468/1/1668 1488/1/1670 1497/1/1685 1467/1/1665
f 1500/1/1686 1511/1/1687 1505/1/1688 1506/1/1689
f 1498/1/1690 1510/1/1691 1505/1/1688 1511/1/1687
f 1502/1/1692 1512/1/1693 1505/1/1688 1510/1/1691
f 1503/1/1694 1506/1/1689 1505/1/1688 1512/1/1693
f 1514/1/1695 1501/1/1696 1513/1/1697 1515/1/1698
f 1515/1/1698 1513/1/1697 1499/1/1699 1516/1/1700
f 1536/1/1701 1537/1/1702 1538/1/1703 1539/1/1704
f 1540/1/1705 1541/1/1706 1538/1/1703 1537/1/1702
f 1542/1/1707 1543/1/1708 1538/1/1703 1541/1/1706
f 1544/1/1709 1539/1/1704 1538/1/1703 1543/1/1708
f 1549/1/1710 1514/1/1695 1515/1/1698 1548/1/1711
f 1548/1/1711 1518/1/1712 1517/1/1713 1549/1/1710
f 1548/1/1711 1515/1/1698 1516/1/1700 1550/1/1714
f 1550/1/1714 1519/1/1715 1518/1/1712 1548/1/1711
f 1555/1/1716 1552/1/1717 1551/1/1718 1554/1/1719
f 1554/1/1719 1517/1/1713 1518/1/1712 1555/1/1716
f 1556/1/1720 1553/1/1721 1552/1/1717 1555/1/1716
f 1555/1/1716 1518/1/1712 1519/1/1715 1556/1/1720
f 1557/1/1722 1551/1/1718 1552/1/1717 1558/1/1723
f 1558/1/1723 1552/1/1717 1553/1/1721 1559/1/1724
f 1561/1/1725 1522/1/1726 1520/1/1727 1560/1/1728
f 1560/1/1728 1528/1/1729 1530/1/1730 1561/1/1725
f 1560/1/1728 1520/1/1727 1521/1/1731 1562/1/1732
f 1562/1/1732 1529/1/1733 1528/1/1729 1560/1/1728
f 1562/1/1732 1521/1/1731 1523/1/1734 1563/1/1735
f 1563/1/1735 1531/1/1736 1529/1/1733 1562/1/1732
f 1563/1/1735 1523/1/1734 1524/1/1737 1564/1/1738
f 1564/1/1738 1532/1/1739 1531/1/1736 1563/1/1735
f 1564/1/1738 1524/1/1737 1525/1/1740 1565/1/1741
f 1565/1/1741 1533/1/1742 1532/1/1739 1564/1/1738
f 1565/1/1741 1525/1/1740 1526/1/1743 1566/1/1744
f 1566/1/1744 1534/1/1745 1533/1/1742 1565/1/1741
f 1566/1/1744 1526/1/1743 1527/1/1746 1567/1/1747
f 1567/1/1747 1535/1/1748 1534/1/1745 1566/1/1744
f 1567/1/1747 1527/1/1746 1522/1/1726 1561/1/1725
f 1561/1/1725 1530/1/1730 1535/1/1748 1567/1/1747
f 1568/1/1749 1536/1/1701 1539/1/1704 1569/1/1750
f 1572/1/1751 1541/1/1706 1540/1/1705 1571/1/1752
f 1573/1/1753 1542/1/1707 1541/1/1706 1572/1/1751
f 1574/1/1754 1543/1/1708 1542/1/1707 1573/1/1753
f 1575/1/1755 1544/1/1709 1543/1/1708 1574/1/1754
f 1569/1/1750 1539/1/1704 1544/1/1709 1575/1/1755
f 1576/1/1756 1557/1/1722 1558/1/1723 1577/1/1757
f 1577/1/1757 1546/1/1758 1545/1/1759 1576/1/1756
f 1577/1/1757 1558/1/1723 1559/1/1724 1578/1/1760
f 1578/1/1760 1547/1/1761 1546/1/1758 1577/1/1757
f 1580/1/1762 1530/1/1730 1528/1/1729 1579/1/1763
f 1579/1/1763 1568/1/1749 1569/1/1750 1580/1/1762
f 1579/1/1763 1528/1/1729 1529/1/1733 1581/1/1764
f 1581/1/1764 1570/1/1765 1568/1/1749 1579/1/1763
f 1581/1/1764 1529/1/1733 1531/1/1736 1582/1/1766
f 1582/1/1766 1571/1/1752 1570/1/1765 1581/1/1764
f 1582/1/1766 1531/1/1736 1532/1/1739 1583/1/1767
f 1583/1/1767 1572/1/1751 1571/1/1752 1582/1/1766
f 1583/1/1767 1532/1/1739 1533/1/1742 1584/1/1768
f 1584/1/1768 1573/1/1753 1572/1/1751 1583/1/1767
f 1584/1/1768 1533/1/1742 1534/1/1745 1585/1/1769
f 1585/1/1769 1574/1/1754 1573/1/1753 1584/1/1768
f 1585/1/1769 1534/1/1745 1535/1/1748 1586/1/1770
f 1586/1/1770 1575/1/1755 1574/1/1754 1585/1/1769
f 1586/1/1770 1535/1/1748 1530/1/1730 1580/1/1762
f 1580/1/1762 1569/1/1750 1575/1/1755 1586/1/1770
f 1589/1/1771 1568/1/1749 1570/1/1765 1587/1/1772
f 1588/1/1773 1536/1/1701 1568/1/1749 1589/1/1771
f 1587/1/1772 1570/1/1765 1571/1/1752 1590/1/1774
f 1590/1/1774 1571/1/1752 1540/1/1705 1591/1/1775
f 1592/1/1776 1576/1/1756 1545/1/1759 1593/1/1777
f 1594/1/1778 1593/1/1777 1545/1/1759 1595/1/1779
f 1596/1/1780 1597/1/1781 1592/1/1776 1593/1/1777 1594/1/1778
f 1599/1/1782 1537/1/1702 1536/1/1701 1600/1/1783
f 1600/1/1783 1536/1/1701 1588/1/1773 1601/1/1784
f 1602/1/1785 1591/1/1775 1540/1/1705 1603/1/1786
f 1603/1/1786 1540/1/1705 1537/1/1702 1599/1/1782
f 1605/1/1787 1589/1/1771 1587/1/1772 1604/1/1788
f 1601/1/1784 1588/1/1773 1589/1/1771 1605/1/1787
f 1604/1/1788 1587/1/1772 1590/1/1774 1606/1/1789
f 1606/1/1789 1590/1/1774 1591/1/1775 1602/1/1785
f 1598/1/1790 1599/1/1782 1600/1/1783 1601/1/1784
f 1602/1/1785 1603/1/1786 1599/1/1782 1598/1/1790
f 1604/1/1788 1598/1/1790 1601/1/1784 1605/1/1787
f 1606/1/1789 1602/1/1785 1598/1/1790 1604/1/1788
f 1404/1/1588 1402/1/1589 1501/1/1696 1514/1/1695
f 1516/1/1700 1499/1/1699 1403/1/1591 1405/1/1590
f 1545/1/1759 1546/1/1758 1414/1/1593 1415/1/1592
f 1547/1/1761 1416/1/1594 1414/1/1593 1546/1/1758
f 1411/1/1595 1404/1/1588 1514/1/1695 1549/1/1710
f 1549/1/1710 1517/1/1713 1409/1/1596 1411/1/1595
f 1550/1/1714 1516/1/1700 1405/1/1590 1412/1/1597
f 1412/1/1597 1410/1/1598 1519/1/1715 1550/1/1714
f 1554/1/1719 1551/1/1718 1424/1/1600 1413/1/1599
f 1413/1/1599 1409/1/1596 1517/1/1713 1554/1/1719
f 1407/1/1601 1406/1/1602 1553/1/1721 1556/1/1720
f 1556/1/1720 1519/1/1715 1410/1/1598 1407/1/1601
f 1425/1/1603 1424/1/1600 1551/1/1718 1557/1/1722
f 1559/1/1724 1553/1/1721 1406/1/1602 1408/1/1604
f 1417/1/1605 1425/1/1603 1557/1/1722 1576/1/1756
f 1578/1/1760 1559/1/1724 1408/1/1604 1418/1/1606
f 1418/1/1606 1416/1/1594 1547/1/1761 1578/1/1760
f 1419/1/1607 1417/1/1605 1576/1/1756 1592/1/1776
f 1595/1/1779 1545/1/1759 1415/1/1592 1420/1/1608
f 1594/1/1778 1595/1/1779 1420/1/1608 1421/1/1609
f 1596/1/1780 1594/1/1778 1421/1/1609 1422/1/1610
f 1423/1/1611 1419/1/1607 1592/1/1776 1597/1/1781
f 1597/1/1781 1596/1/1780 1422/1/1610 1423/1/1611
f 1609/1/1791 1607/1/1792 1500/1/1686 1504/1/1793
f 1607/1/1792 1608/1/1794 1511/1/1687 1500/1/1686
f 1608/1/1794 1611/1/1795 1498/1/1690 1511/1/1687
f 1401/1/1617 1508/1/1796 1610/1/1797 1431/1/1618
f 1617/1/1798 1504/1/1793 1500/1/1686 1506/1/1689
f 1507/1/1799 1617/1/1798 1506/1/1689 1503/1/1694
f 1439/1/1623 1507/1/1799 1501/1/1696 1402/1/1589
f 1507/1/1799 1439/1/1623 1399/1/1624 1617/1/1798
f 1400/1/1625 1504/1/1793 1617/1/1798 1399/1/1624
f 1620/1/1800 1618/1/1801 1612/1/1802 1614/1/1803
f 1618/1/1801 1619/1/1804 1613/1/1805 1612/1/1802
f 1619/1/1804 1621/1/1806 1616/1/1807 1613/1/1805
f 1621/1/1806 1622/1/1808 1615/1/1809 1616/1/1807
f 1622/1/1808 1445/1/1637 1437/1/1636 1615/1/1809
f 1629/1/1810 1628/1/1811 1513/1/1697 1501/1/1696
f 1628/1/1811 1629/1/1810 1520/1/1727 1522/1/1726
f 1630/1/1812 1629/1/1810 1501/1/1696 1507/1/1799
f 1629/1/1810 1630/1/1812 1521/1/1731 1520/1/1727
f 1631/1/1813 1630/1/1812 1507/1/1799 1503/1/1694
f 1630/1/1812 1631/1/1813 1523/1/1734 1521/1/1731
f 1632/1/1814 1631/1/1813 1503/1/1694 1512/1/1693
f 1631/1/1813 1632/1/1814 1524/1/1737 1523/1/1734
f 1633/1/1815 1632/1/1814 1512/1/1693 1502/1/1692
f 1632/1/1814 1633/1/1815 1525/1/1740 1524/1/1737
f 1633/1/1815 1634/1/1816 1526/1/1743 1525/1/1740
f 1635/1/1817 1634/1/1816 1509/1/1818 1499/1/1699
f 1634/1/1816 1635/1/1817 1527/1/1746 1526/1/1743
f 1628/1/1811 1635/1/1817 1499/1/1699 1513/1/1697
f 1635/1/1817 1628/1/1811 1522/1/1726 1527/1/1746
f 1611/1/1795 1610/1/1797 1508/1/1796 1498/1/1690
f 1461/1/1647 1403/1/1591 1499/1/1699 1509/1/1818
f 1633/1/1815 1502/1/1692 1509/1/1818 1634/1/1816
f 1636/1/1819 1460/1/1651 1398/1/1650 1637/1/1820
f 1508/1/1796 1636/1/1819 1637/1/1820 1498/1/1690
f 1498/1/1690 1637/1/1820 1638/1/1821 1510/1/1691
f 1398/1/1650 1638/1/1821 1637/1/1820
f 1509/1/1818 1502/1/1692 1510/1/1691 1638/1/1821
f 1509/1/1818 1638/1/1821 1398/1/1650 1461/1/1647
f 1645/1/1822 1648/1/1823 1647/1/1824 1644/1/1825
f 1648/1/1823 1646/1/1826 1643/1/1827 1647/1/1824
f 1474/1/1659 1483/1/1660 1647/1/1824 1643/1/1827
f 1483/1/1660 1473/1/1661 1644/1/1825 1647/1/1824
f 1646/1/1826 1648/1/1823 1484/1/1663 1476/1/1662
f 1648/1/1823 1645/1/1822 1475/1/1664 1484/1/1663
f 1401/1/1617 1474/1/1659 1643/1/1827 1508/1/1796
f 1636/1/1819 1646/1/1826 1476/1/1662 1460/1/1651
f 1636/1/1819 1508/1/1796 1643/1/1827 1646/1/1826
f 1473/1/1661 1465/1/1666 1639/1/1828 1644/1/1825
f 1645/1/1822 1640/1/1829 1466/1/1667 1475/1/1664
f 1466/1/1667 1640/1/1829 1650/1/1830 1486/1/1669
f 1650/1/1830 1642/1/1831 1470/1/1671 1486/1/1669
f 1652/1/1832 1489/1/1676 1469/1/1675 1641/1/1833
f 1489/1/1676 1652/1/1832 1651/1/1834 1490/1/1677
f 1649/1/1835 1485/1/1682 1493/1/1681 1653/1/1836
f 1493/1/1681 1490/1/1677 1651/1/1834 1653/1/1836
f 1652/1/1832 1641/1/1833 1653/1/1836 1651/1/1834
f 1649/1/1835 1653/1/1836 1641/1/1833
f 1470/1/1671 1642/1/1831 1641/1/1833 1469/1/1675
f 1639/1/1828 1465/1/1666 1495/1/1684 1654/1/1837
f 1495/1/1684 1485/1/1682 1649/1/1835 1654/1/1837
f 1641/1/1833 1642/1/1831 1655/1/1838 1649/1/1835
f 1650/1/1830 1655/1/1838 1642/1/1831
f 1644/1/1825 1639/1/1828 1640/1/1829 1645/1/1822
f 1654/1/1837 1649/1/1835 1655/1/1838
f 1654/1/1837 1655/1/1838 1639/1/1828
f 1640/1/1829 1639/1/1828 1655/1/1838 1650/1/1830
f 1400/1/1625 1295/1/1613 1428/1/1612 1656/1/1839
f 1400/1/1625 1656/1/1839 1609/1/1791 1504/1/1793
f 1658/1/1840 1657/1/1841 1434/1/1627 1442/1/1626
f 1658/1/1840 1620/1/1800 1614/1/1803 1657/1/1841
f 1426/1/1614 1661/1/1842 1660/1/1843 1428/1/1612
f 1426/1/1614 1427/1/1615 1662/1/1844 1661/1/1842
f 1430/1/1616 1663/1/1845 1662/1/1844 1427/1/1615
f 1430/1/1616 1429/1/1619 1664/1/1846 1663/1/1845
f 1429/1/1619 1431/1/1618 1665/1/1847 1664/1/1846
f 1607/1/1792 1609/1/1791 1666/1/1848 1667/1/1849
f 1607/1/1792 1667/1/1849 1668/1/1850 1608/1/1794
f 1611/1/1795 1608/1/1794 1668/1/1850 1669/1/1851
f 1611/1/1795 1669/1/1851 1670/1/1852 1610/1/1797
f 1610/1/1797 1670/1/1852 1665/1/1847 1431/1/1618
f 1428/1/1612 1660/1/1843 1671/1/1853 1656/1/1839
f 1609/1/1791 1656/1/1839 1671/1/1853 1666/1/1848
f 1664/1/1846 1665/1/1847 1437/1/1636 1435/1/1634
f 1662/1/1844 1663/1/1845 1436/1/1632 1433/1/1630
f 1668/1/1850 1667/1/1849 1612/1/1802 1613/1/1805
f 1662/1/1844 1433/1/1630 1432/1/1628 1661/1/1842
f 1661/1/1842 1432/1/1628 1434/1/1627 1660/1/1843
f 1663/1/1845 1664/1/1846 1435/1/1634 1436/1/1632
f 1666/1/1848 1671/1/1853 1657/1/1841 1614/1/1803
f 1669/1/1851 1616/1/1807 1615/1/1809 1670/1/1852
f 1670/1/1852 1615/1/1809 1437/1/1636 1665/1/1847
f 1667/1/1849 1666/1/1848 1614/1/1803 1612/1/1802
f 1660/1/1843 1434/1/1627 1657/1/1841 1671/1/1853
f 1668/1/1850 1613/1/1805 1616/1/1807 1669/1/1851
f 1673/1/1854 1672/1/1855 1442/1/1626 1440/1/1629
f 1672/1/1855 1673/1/1854 1446/1/1856 1448/1/1857
f 1674/1/1858 1673/1/1854 1440/1/1629 1441/1/1631
f 1673/1/1854 1674/1/1858 1447/1/1859 1446/1/1856
f 1675/1/1860 1674/1/1858 1441/1/1631 1443/1/1633
f 1674/1/1858 1675/1/1860 1449/1/1861 1447/1/1859
f 1676/1/1862 1675/1/1860 1443/1/1633 1444/1/1635
f 1675/1/1860 1676/1/1862 1450/1/1863 1449/1/1861
f 1677/1/1864 1676/1/1862 1444/1/1635 1445/1/1637
f 1676/1/1862 1677/1/1864 1451/1/1865 1450/1/1863
f 1679/1/1866 1678/1/1867 1618/1/1801 1620/1/1800
f 1678/1/1867 1679/1/1866 1625/1/1868 1623/1/1869
f 1678/1/1867 1680/1/1870 1619/1/1804 1618/1/1801
f 1680/1/1870 1678/1/1867 1623/1/1869 1624/1/1871
f 1680/1/1870 1681/1/1872 1621/1/1806 1619/1/1804
f 1681/1/1872 1680/1/1870 1624/1/1871 1626/1/1873
f 1681/1/1872 1682/1/1874 1622/1/1808 1621/1/1806
f 1682/1/1874 1681/1/1872 1626/1/1873 1627/1/1875
f 1682/1/1874 1677/1/1864 1445/1/1637 1622/1/1808
f 1677/1/1864 1682/1/1874 1627/1/1875 1451/1/1865
f 1672/1/1855 1683/1/1876 1658/1/1840 1442/1/1626
f 1683/1/1876 1672/1/1855 1448/1/1857 1659/1/1877
f 1683/1/1876 1679/1/1866 1620/1/1800 1658/1/1840
f 1679/1/1866 1683/1/1876 1659/1/1877 1625/1/1868
#5292 polygons

