mtllib korok.mtl
o Plane
usemtl Korok
v -10.979201644659042 200.32706044102756 -142.53425417656578
v -18.22672188282013 163.5902747594686 -146.80264499527848
v -12.631364166736603 164.24403035001282 -147.18895469361178
v -10.979201644659042 200.32706044102756 -142.53425417656578
v -12.631364166736603 164.24403035001282 -147.18895469361178
v 17.925313115119934 194.33820003862718 -146.08504499078842
v -18.22672188282013 163.5902747594686 -146.80264499527848
v -23.797878623008728 162.96648834633444 -146.69139880626625
v -23.403984308242798 118.67121438851932 -148.64618671794767
v -18.22672188282013 163.5902747594686 -146.80264499527848
v -23.403984308242798 118.67121438851932 -148.64618671794767
v -15.851803123950958 118.98983696046527 -148.6927737495193
v -76.04396939277649 168.65538188241862 -147.1692738332848
v -121.25415802001953 135.8768941339231 -141.81617646515517
v -57.50775933265686 135.93292156554503 -148.75691062155593
v -76.04396939277649 168.65538188241862 -147.1692738332848
v -57.50775933265686 135.93292156554503 -148.75691062155593
v -40.63209891319275 149.47533509402152 -146.66947440601223
v -26.68755054473877 383.12915048696254 -29.442432327852543
v -36.53825521469116 341.0707992513513 -59.358628674955874
v -7.095653563737869 332.46794071777623 -68.57511461130309
v -26.68755054473877 383.12915048696254 -29.442432327852543
v -7.095653563737869 332.46794071777623 -68.57511461130309
v 8.11818540096283 349.35500999577306 -60.3319497620219
v 61.86950206756592 174.0548947358789 -148.70509546718682
v 17.188623547554016 152.6987775744416 -149.9484335243312
v 46.90370559692383 141.0237653757942 -153.5700934947811
v 61.86950206756592 174.0548947358789 -148.70509546718682
v 46.90370559692383 141.0237653757942 -153.5700934947811
v 115.1623010635376 149.25911456060615 -137.2278128654185
v 2.210821211338043 306.30829491725467 -87.6958155697653
v 71.81929349899292 302.19860091047815 -99.4099512171282
v 8.11818540096283 349.35500999577306 -60.3319497620219
v 2.210821211338043 306.30829491725467 -87.6958155697653
v 8.11818540096283 349.35500999577306 -60.3319497620219
v -7.095653563737869 332.46794071777623 -68.57511461130309
v 2.210821211338043 306.30829491725467 -87.6958155697653
v 2.6794901117682457 272.76585083162377 -109.36883402191907
v 58.05655121803284 265.65706623195297 -117.71268434750779
v 2.210821211338043 306.30829491725467 -87.6958155697653
v 58.05655121803284 265.65706623195297 -117.71268434750779
v 71.81929349899292 302.19860091047815 -99.4099512171282
v 2.6794901117682457 272.76585083162377 -109.36883402191907
v -4.001376777887344 236.7301688128052 -127.8372323642827
v 43.664976954460144 227.8027751352671 -135.45500252958192
v 2.6794901117682457 272.76585083162377 -109.36883402191907
v 43.664976954460144 227.8027751352671 -135.45500252958192
v 58.05655121803284 265.65706623195297 -117.71268434750779
v -4.001376777887344 236.7301688128052 -127.8372323642827
v -10.979201644659042 200.32706044102756 -142.53425417656578
v 17.925313115119934 194.33820003862718 -146.08504499078842
v -4.001376777887344 236.7301688128052 -127.8372323642827
v 17.925313115119934 194.33820003862718 -146.08504499078842
v 43.664976954460144 227.8027751352671 -135.45500252958192
v 105.9683084487915 284.67428879408703 -90.40068923176158
v 108.19070339202881 247.96025933250507 -100.86606150989051
v 165.72918891906738 228.2778801958291 -73.12753037109673
v 105.9683084487915 284.67428879408703 -90.40068923176158
v 165.72918891906738 228.2778801958291 -73.12753037109673
v 140.1173233985901 267.15000173793925 -72.32327822855596
v 108.19070339202881 247.96025933250507 -100.86606150989051
v 94.72066164016724 205.59599284766836 -133.61684004766423
v 159.81874465942383 177.9352955673926 -93.18782374751613
v 108.19070339202881 247.96025933250507 -100.86606150989051
v 159.81874465942383 177.9352955673926 -93.18782374751613
v 165.72918891906738 228.2778801958291 -73.12753037109673
v 94.72066164016724 205.59599284766836 -133.61684004766423
v 61.86950206756592 174.0548947358789 -148.70509546718682
v 115.1623010635376 149.25911456060615 -137.2278128654185
v 94.72066164016724 205.59599284766836 -133.61684004766423
v 115.1623010635376 149.25911456060615 -137.2278128654185
v 159.81874465942383 177.9352955673926 -93.18782374751613
v -101.12545490264893 205.14073284849846 -131.6665283924857
v -76.04396939277649 168.65538188241862 -147.1692738332848
v -43.683695793151855 193.77802392224203 -144.32134353698888
v -101.12545490264893 205.14073284849846 -131.6665283924857
v -43.683695793151855 193.77802392224203 -144.32134353698888
v -53.188151121139526 230.53734186603938 -127.34605351329773
v -109.72491502761841 246.1663278513634 -90.65319912682354
v -101.12545490264893 205.14073284849846 -131.6665283924857
v -53.188151121139526 230.53734186603938 -127.34605351329773
v -109.72491502761841 246.1663278513634 -90.65319912682354
v -53.188151121139526 230.53734186603938 -127.34605351329773
v -63.83005976676941 272.3614460704284 -103.27444998276512
v -104.0367603302002 285.2968485703947 -81.44060351484457
v -109.72491502761841 246.1663278513634 -90.65319912682354
v -63.83005976676941 272.3614460704284 -103.27444998276512
v -104.0367603302002 285.2968485703947 -81.44060351484457
v -63.83005976676941 272.3614460704284 -103.27444998276512
v -52.95606851577759 315.5808712698713 -78.08286348178306
v -53.188151121139526 230.53734186603938 -127.34605351329773
v -43.683695793151855 193.77802392224203 -144.32134353698888
v -10.979201644659042 200.32706044102756 -142.53425417656578
v -53.188151121139526 230.53734186603938 -127.34605351329773
v -10.979201644659042 200.32706044102756 -142.53425417656578
v -4.001376777887344 236.7301688128052 -127.8372323642827
v -63.83005976676941 272.3614460704284 -103.27444998276512
v -53.188151121139526 230.53734186603938 -127.34605351329773
v -4.001376777887344 236.7301688128052 -127.8372323642827
v -63.83005976676941 272.3614460704284 -103.27444998276512
v -4.001376777887344 236.7301688128052 -127.8372323642827
v 2.6794901117682457 272.76585083162377 -109.36883402191907
v -52.95606851577759 315.5808712698713 -78.08286348178306
v -63.83005976676941 272.3614460704284 -103.27444998276512
v 2.6794901117682457 272.76585083162377 -109.36883402191907
v -52.95606851577759 315.5808712698713 -78.08286348178306
v 2.6794901117682457 272.76585083162377 -109.36883402191907
v 2.210821211338043 306.30829491725467 -87.6958155697653
v -52.95606851577759 315.5808712698713 -78.08286348178306
v 2.210821211338043 306.30829491725467 -87.6958155697653
v -7.095653563737869 332.46794071777623 -68.57511461130309
v -52.95606851577759 315.5808712698713 -78.08286348178306
v -7.095653563737869 332.46794071777623 -68.57511461130309
v -36.53825521469116 341.0707992513513 -59.358628674955874
v -12.631364166736603 164.24403035001282 -147.18895469361178
v -18.22672188282013 163.5902747594686 -146.80264499527848
v -15.851803123950958 118.98983696046527 -148.6927737495193
v -12.631364166736603 164.24403035001282 -147.18895469361178
v -15.851803123950958 118.98983696046527 -148.6927737495193
v -8.299623429775238 119.308459535243 -148.71828457941973
v -43.683695793151855 193.77802392224203 -144.32134353698888
v -23.797878623008728 162.96648834633444 -146.69139880626625
v -18.22672188282013 163.5902747594686 -146.80264499527848
v -43.683695793151855 193.77802392224203 -144.32134353698888
v -18.22672188282013 163.5902747594686 -146.80264499527848
v -10.979201644659042 200.32706044102756 -142.53425417656578
v 43.664976954460144 227.8027751352671 -135.45500252958192
v 17.925313115119934 194.33820003862718 -146.08504499078842
v 61.86950206756592 174.0548947358789 -148.70509546718682
v 43.664976954460144 227.8027751352671 -135.45500252958192
v 61.86950206756592 174.0548947358789 -148.70509546718682
v 94.72066164016724 205.59599284766836 -133.61684004766423
v 58.05655121803284 265.65706623195297 -117.71268434750779
v 43.664976954460144 227.8027751352671 -135.45500252958192
v 94.72066164016724 205.59599284766836 -133.61684004766423
v 58.05655121803284 265.65706623195297 -117.71268434750779
v 94.72066164016724 205.59599284766836 -133.61684004766423
v 108.19070339202881 247.96025933250507 -100.86606150989051
v 71.81929349899292 302.19860091047815 -99.4099512171282
v 58.05655121803284 265.65706623195297 -117.71268434750779
v 108.19070339202881 247.96025933250507 -100.86606150989051
v 71.81929349899292 302.19860091047815 -99.4099512171282
v 108.19070339202881 247.96025933250507 -100.86606150989051
v 105.9683084487915 284.67428879408703 -90.40068923176158
v 17.925313115119934 194.33820003862718 -146.08504499078842
v -12.631364166736603 164.24403035001282 -147.18895469361178
v 17.188623547554016 152.6987775744416 -149.9484335243312
v 17.925313115119934 194.33820003862718 -146.08504499078842
v 17.188623547554016 152.6987775744416 -149.9484335243312
v 61.86950206756592 174.0548947358789 -148.70509546718682
v -173.7911343574524 214.89570730287787 -78.83217568044908
v -163.94044160842896 170.92553921394907 -93.3983285224412
v -101.12545490264893 205.14073284849846 -131.6665283924857
v -173.7911343574524 214.89570730287787 -78.83217568044908
v -101.12545490264893 205.14073284849846 -131.6665283924857
v -109.72491502761841 246.1663278513634 -90.65319912682354
v -163.94044160842896 170.92553921394907 -93.3983285224412
v -121.25415802001953 135.8768941339231 -141.81617646515517
v -76.04396939277649 168.65538188241862 -147.1692738332848
v -163.94044160842896 170.92553921394907 -93.3983285224412
v -76.04396939277649 168.65538188241862 -147.1692738332848
v -101.12545490264893 205.14073284849846 -131.6665283924857
v -43.683695793151855 193.77802392224203 -144.32134353698888
v -76.04396939277649 168.65538188241862 -147.1692738332848
v -40.63209891319275 149.47533509402152 -146.66947440601223
v -43.683695793151855 193.77802392224203 -144.32134353698888
v -40.63209891319275 149.47533509402152 -146.66947440601223
v -23.797878623008728 162.96648834633444 -146.69139880626625
v -145.55248022079468 261.41479732233 -57.49666430084655
v -173.7911343574524 214.89570730287787 -78.83217568044908
v -109.72491502761841 246.1663278513634 -90.65319912682354
v -145.55248022079468 261.41479732233 -57.49666430084655
v -109.72491502761841 246.1663278513634 -90.65319912682354
v -104.0367603302002 285.2968485703947 -81.44060351484457
v -76.03499293327332 170.95473697405265 -156.77216621236482
v -40.63368737697601 151.7616129461667 -156.13000705462647
v -57.50828981399536 138.22049880624556 -158.16278581295654
v -76.03499293327332 170.95473697405265 -156.77216621236482
v -57.50828981399536 138.22049880624556 -158.16278581295654
v -121.25415802001953 138.165126956674 -151.73574830959305
v -26.68755054473877 385.4173949076471 -41.76597564285637
v 8.11818540096283 351.64325477365725 -69.99694421687501
v -7.095653563737869 334.75618548691443 -78.30520329648733
v -26.68755054473877 385.4173949076471 -41.76597564285637
v -7.095653563737869 334.75618548691443 -78.30520329648733
v -36.53825521469116 343.3590201919087 -68.98990478341048
v 61.87252402305603 176.3468827073556 -158.20613543177112
v 115.1623010635376 151.5473352853321 -148.46546985837267
v 46.90535068511963 143.3140248506379 -162.78826174564043
v 61.87252402305603 176.3468827073556 -158.20613543177112
v 46.90535068511963 143.3140248506379 -162.78826174564043
v 17.18912273645401 154.987642304539 -159.13762199770525
v 2.210821211338043 308.59651586146083 -97.29993580298974
v -7.095653563737869 334.75618548691443 -78.30520329648733
v 8.11818540096283 351.64325477365725 -69.99694421687501
v 2.210821211338043 308.59651586146083 -97.29993580298974
v 8.11818540096283 351.64325477365725 -69.99694421687501
v 71.81929349899292 304.486821882656 -108.80588435420708
v 2.210821211338043 308.59651586146083 -97.29993580298974
v 71.81929349899292 304.486821882656 -108.80588435420708
v 58.07604789733887 267.96939128083886 -127.41238658906101
v 2.210821211338043 308.59651586146083 -97.29993580298974
v 58.07604789733887 267.96939128083886 -127.41238658906101
v 2.7049286291003227 275.0855668452662 -119.14998004829872
v 105.9683084487915 286.96253363934443 -99.56424174821193
v 140.1173233985901 269.4382227510882 -81.41427401340152
v 165.72918891906738 230.56610101734313 -83.64481757288168
v 105.9683084487915 286.96253363934443 -99.56424174821193
v 165.72918891906738 230.56610101734313 -83.64481757288168
v 108.19461345672607 250.25332020681122 -110.22375230884079
v 108.19461345672607 250.25332020681122 -110.22375230884079
v 165.72918891906738 230.56610101734313 -83.64481757288168
v 159.81874465942383 180.22352828748444 -103.87146154671238
v 108.19461345672607 250.25332020681122 -110.22375230884079
v 159.81874465942383 180.22352828748444 -103.87146154671238
v 94.72754001617432 207.89272532903172 -143.26431669915783
v 94.72754001617432 207.89272532903172 -143.26431669915783
v 159.81874465942383 180.22352828748444 -103.87146154671238
v 115.1623010635376 151.5473352853321 -148.46546985837267
v 94.72754001617432 207.89272532903172 -143.26431669915783
v 115.1623010635376 151.5473352853321 -148.46546985837267
v 61.87252402305603 176.3468827073556 -158.20613543177112
v -109.70709323883057 248.4766022948416 -101.8838585376837
v -63.80462646484375 274.6811382450087 -113.03479398882698
v -53.16287875175476 232.85684329238882 -137.20593727270176
v -109.70709323883057 248.4766022948416 -101.8838585376837
v -53.16287875175476 232.85684329238882 -137.20593727270176
v -101.12521648406982 207.42926374148206 -141.23614945853663
v -104.0367603302002 287.58506951720994 -91.02530455546587
v -52.95606851577759 317.8690922255167 -87.60184444332454
v -63.80462646484375 274.6811382450087 -113.03479398882698
v -104.0367603302002 287.58506951720994 -91.02530455546587
v -63.80462646484375 274.6811382450087 -113.03479398882698
v -109.70709323883057 248.4766022948416 -101.8838585376837
v -52.95606851577759 317.8690922255167 -87.60184444332454
v 2.210821211338043 308.59651586146083 -97.29993580298974
v 2.7049286291003227 275.0855668452662 -119.14998004829872
v -52.95606851577759 317.8690922255167 -87.60184444332454
v 2.7049286291003227 275.0855668452662 -119.14998004829872
v -63.80462646484375 274.6811382450087 -113.03479398882698
v -52.95606851577759 317.8690922255167 -87.60184444332454
v -36.53825521469116 343.3590201919087 -68.98990478341048
v -7.095653563737869 334.75618548691443 -78.30520329648733
v -52.95606851577759 317.8690922255167 -87.60184444332454
v -7.095653563737869 334.75618548691443 -78.30520329648733
v 2.210821211338043 308.59651586146083 -97.29993580298974
v 43.69000792503357 230.12199046677284 -145.25950165491795
v 94.72754001617432 207.89272532903172 -143.26431669915783
v 61.87252402305603 176.3468827073556 -158.20613543177112
v 43.69000792503357 230.12199046677284 -145.25950165491795
v 61.87252402305603 176.3468827073556 -158.20613543177112
v 17.950525879859924 196.65762994135454 -155.93042098014107
v 58.07604789733887 267.96939128083886 -127.41238658906101
v 108.19461345672607 250.25332020681122 -110.22375230884079
v 94.72754001617432 207.89272532903172 -143.26431669915783
v 58.07604789733887 267.96939128083886 -127.41238658906101
v 94.72754001617432 207.89272532903172 -143.26431669915783
v 43.69000792503357 230.12199046677284 -145.25950165491795
v 71.81929349899292 304.486821882656 -108.80588435420708
v 105.9683084487915 286.96253363934443 -99.56424174821193
v 108.19461345672607 250.25332020681122 -110.22375230884079
v 71.81929349899292 304.486821882656 -108.80588435420708
v 108.19461345672607 250.25332020681122 -110.22375230884079
v 58.07604789733887 267.96939128083886 -127.41238658906101
v -173.7911343574524 217.18392798824567 -90.3627656505897
v -109.70709323883057 248.4766022948416 -101.8838585376837
v -101.12521648406982 207.42926374148206 -141.23614945853663
v -173.7911343574524 217.18392798824567 -90.3627656505897
v -101.12521648406982 207.42926374148206 -141.23614945853663
v -163.94044160842896 173.21377184901323 -104.71480669495
v -163.94044160842896 173.21377184901323 -104.71480669495
v -101.12521648406982 207.42926374148206 -141.23614945853663
v -76.03499293327332 170.95473697405265 -156.77216621236482
v -163.94044160842896 173.21377184901323 -104.71480669495
v -76.03499293327332 170.95473697405265 -156.77216621236482
v -121.25415802001953 138.165126956674 -151.73574830959305
v -145.55248022079468 263.70301795173185 -69.4437953562779
v -104.0367603302002 287.58506951720994 -91.02530455546587
v -109.70709323883057 248.4766022948416 -101.8838585376837
v -145.55248022079468 263.70301795173185 -69.4437953562779
v -109.70709323883057 248.4766022948416 -101.8838585376837
v -173.7911343574524 217.18392798824567 -90.3627656505897
v 105.9683084487915 284.67428879408703 -90.40068923176158
v 105.9683084487915 286.96253363934443 -99.56424174821193
v 71.81929349899292 304.486821882656 -108.80588435420708
v 105.9683084487915 284.67428879408703 -90.40068923176158
v 71.81929349899292 304.486821882656 -108.80588435420708
v 71.81929349899292 302.19860091047815 -99.4099512171282
v -163.94044160842896 170.92553921394907 -93.3983285224412
v -163.94044160842896 173.21377184901323 -104.71480669495
v -121.25415802001953 138.165126956674 -151.73574830959305
v -163.94044160842896 170.92553921394907 -93.3983285224412
v -121.25415802001953 138.165126956674 -151.73574830959305
v -121.25415802001953 135.8768941339231 -141.81617646515517
v -8.299623429775238 119.308459535243 -148.71828457941973
v -8.299623429775238 121.59669241235345 -158.23327202989952
v -12.630519270896912 166.533300392432 -156.37255225155172
v -8.299623429775238 119.308459535243 -148.71828457941973
v -12.630519270896912 166.533300392432 -156.37255225155172
v -12.631364166736603 164.24403035001282 -147.18895469361178
v 159.81874465942383 177.9352955673926 -93.18782374751613
v 159.81874465942383 180.22352828748444 -103.87146154671238
v 165.72918891906738 230.56610101734313 -83.64481757288168
v 159.81874465942383 177.9352955673926 -93.18782374751613
v 165.72918891906738 230.56610101734313 -83.64481757288168
v 165.72918891906738 228.2778801958291 -73.12753037109673
v -121.25415802001953 135.8768941339231 -141.81617646515517
v -121.25415802001953 138.165126956674 -151.73574830959305
v -57.50828981399536 138.22049880624556 -158.16278581295654
v -121.25415802001953 135.8768941339231 -141.81617646515517
v -57.50828981399536 138.22049880624556 -158.16278581295654
v -57.50775933265686 135.93292156554503 -148.75691062155593
v 71.81929349899292 302.19860091047815 -99.4099512171282
v 71.81929349899292 304.486821882656 -108.80588435420708
v 8.11818540096283 351.64325477365725 -69.99694421687501
v 71.81929349899292 302.19860091047815 -99.4099512171282
v 8.11818540096283 351.64325477365725 -69.99694421687501
v 8.11818540096283 349.35500999577306 -60.3319497620219
v -26.68755054473877 383.12915048696254 -29.442432327852543
v -26.68755054473877 385.4173949076471 -41.76597564285637
v -36.53825521469116 343.3590201919087 -68.98990478341048
v -26.68755054473877 383.12915048696254 -29.442432327852543
v -36.53825521469116 343.3590201919087 -68.98990478341048
v -36.53825521469116 341.0707992513513 -59.358628674955874
v 8.11818540096283 349.35500999577306 -60.3319497620219
v 8.11818540096283 351.64325477365725 -69.99694421687501
v -26.68755054473877 385.4173949076471 -41.76597564285637
v 8.11818540096283 349.35500999577306 -60.3319497620219
v -26.68755054473877 385.4173949076471 -41.76597564285637
v -26.68755054473877 383.12915048696254 -29.442432327852543
v -40.63209891319275 149.47533509402152 -146.66947440601223
v -40.63368737697601 151.7616129461667 -156.13000705462647
v -23.79651516675949 165.2564020797997 -156.16597430919742
v -40.63209891319275 149.47533509402152 -146.66947440601223
v -23.79651516675949 165.2564020797997 -156.16597430919742
v -23.797878623008728 162.96648834633444 -146.69139880626625
v -36.53825521469116 341.0707992513513 -59.358628674955874
v -36.53825521469116 343.3590201919087 -68.98990478341048
v -52.95606851577759 317.8690922255167 -87.60184444332454
v -36.53825521469116 341.0707992513513 -59.358628674955874
v -52.95606851577759 317.8690922255167 -87.60184444332454
v -52.95606851577759 315.5808712698713 -78.08286348178306
v 140.1173233985901 267.15000173793925 -72.32327822855596
v 140.1173233985901 269.4382227510882 -81.41427401340152
v 105.9683084487915 286.96253363934443 -99.56424174821193
v 140.1173233985901 267.15000173793925 -72.32327822855596
v 105.9683084487915 286.96253363934443 -99.56424174821193
v 105.9683084487915 284.67428879408703 -90.40068923176158
v 115.1623010635376 149.25911456060615 -137.2278128654185
v 115.1623010635376 151.5473352853321 -148.46546985837267
v 159.81874465942383 180.22352828748444 -103.87146154671238
v 115.1623010635376 149.25911456060615 -137.2278128654185
v 159.81874465942383 180.22352828748444 -103.87146154671238
v 159.81874465942383 177.9352955673926 -93.18782374751613
v -23.797878623008728 162.96648834633444 -146.69139880626625
v -23.79651516675949 165.2564020797997 -156.16597430919742
v -23.403984308242798 120.95944726523572 -158.16410671685003
v -23.797878623008728 162.96648834633444 -146.69139880626625
v -23.403984308242798 120.95944726523572 -158.16410671685003
v -23.403984308242798 118.67121438851932 -148.64618671794767
v -52.95606851577759 315.5808712698713 -78.08286348178306
v -52.95606851577759 317.8690922255167 -87.60184444332454
v -104.0367603302002 287.58506951720994 -91.02530455546587
v -52.95606851577759 315.5808712698713 -78.08286348178306
v -104.0367603302002 287.58506951720994 -91.02530455546587
v -104.0367603302002 285.2968485703947 -81.44060351484457
v 46.90370559692383 141.0237653757942 -153.5700934947811
v 46.90535068511963 143.3140248506379 -162.78826174564043
v 115.1623010635376 151.5473352853321 -148.46546985837267
v 46.90370559692383 141.0237653757942 -153.5700934947811
v 115.1623010635376 151.5473352853321 -148.46546985837267
v 115.1623010635376 149.25911456060615 -137.2278128654185
v -15.851803123950958 118.98983696046527 -148.6927737495193
v -15.851803123950958 121.27806983744276 -158.20875063706848
v -8.299623429775238 121.59669241235345 -158.23327202989952
v -15.851803123950958 118.98983696046527 -148.6927737495193
v -8.299623429775238 121.59669241235345 -158.23327202989952
v -8.299623429775238 119.308459535243 -148.71828457941973
v -57.50775933265686 135.93292156554503 -148.75691062155593
v -57.50828981399536 138.22049880624556 -158.16278581295654
v -40.63368737697601 151.7616129461667 -156.13000705462647
v -57.50775933265686 135.93292156554503 -148.75691062155593
v -40.63368737697601 151.7616129461667 -156.13000705462647
v -40.63209891319275 149.47533509402152 -146.66947440601223
v -23.403984308242798 118.67121438851932 -148.64618671794767
v -23.403984308242798 120.95944726523572 -158.16410671685003
v -15.851803123950958 121.27806983744276 -158.20875063706848
v -23.403984308242798 118.67121438851932 -148.64618671794767
v -15.851803123950958 121.27806983744276 -158.20875063706848
v -15.851803123950958 118.98983696046527 -148.6927737495193
v -104.0367603302002 285.2968485703947 -81.44060351484457
v -104.0367603302002 287.58506951720994 -91.02530455546587
v -145.55248022079468 263.70301795173185 -69.4437953562779
v -104.0367603302002 285.2968485703947 -81.44060351484457
v -145.55248022079468 263.70301795173185 -69.4437953562779
v -145.55248022079468 261.41479732233 -57.49666430084655
v 165.72918891906738 228.2778801958291 -73.12753037109673
v 165.72918891906738 230.56610101734313 -83.64481757288168
v 140.1173233985901 269.4382227510882 -81.41427401340152
v 165.72918891906738 228.2778801958291 -73.12753037109673
v 140.1173233985901 269.4382227510882 -81.41427401340152
v 140.1173233985901 267.15000173793925 -72.32327822855596
v -145.55248022079468 261.41479732233 -57.49666430084655
v -145.55248022079468 263.70301795173185 -69.4437953562779
v -173.7911343574524 217.18392798824567 -90.3627656505897
v -145.55248022079468 261.41479732233 -57.49666430084655
v -173.7911343574524 217.18392798824567 -90.3627656505897
v -173.7911343574524 214.89570730287787 -78.83217568044908
v 17.188623547554016 152.6987775744416 -149.9484335243312
v 17.18912273645401 154.987642304539 -159.13762199770525
v 46.90535068511963 143.3140248506379 -162.78826174564043
v 17.188623547554016 152.6987775744416 -149.9484335243312
v 46.90535068511963 143.3140248506379 -162.78826174564043
v 46.90370559692383 141.0237653757942 -153.5700934947811
v -173.7911343574524 214.89570730287787 -78.83217568044908
v -173.7911343574524 217.18392798824567 -90.3627656505897
v -163.94044160842896 173.21377184901323 -104.71480669495
v -173.7911343574524 214.89570730287787 -78.83217568044908
v -163.94044160842896 173.21377184901323 -104.71480669495
v -163.94044160842896 170.92553921394907 -93.3983285224412
v -10.95392182469368 202.6465618672969 -152.39473398239716
v 17.950525879859924 196.65762994135454 -155.93042098014107
v -12.630519270896912 166.533300392432 -156.37255225155172
v -10.95392182469368 202.6465618672969 -152.39473398239716
v -12.630519270896912 166.533300392432 -156.37255225155172
v -18.225763738155365 165.8796997598465 -156.0912778546672
v -18.225763738155365 165.8796997598465 -156.0912778546672
v -15.851803123950958 121.27806983744276 -158.20875063706848
v -23.403984308242798 120.95944726523572 -158.16410671685003
v -18.225763738155365 165.8796997598465 -156.0912778546672
v -23.403984308242798 120.95944726523572 -158.16410671685003
v -23.79651516675949 165.2564020797997 -156.16597430919742
v 2.7049286291003227 275.0855668452662 -119.14998004829872
v 58.07604789733887 267.96939128083886 -127.41238658906101
v 43.69000792503357 230.12199046677284 -145.25950165491795
v 2.7049286291003227 275.0855668452662 -119.14998004829872
v 43.69000792503357 230.12199046677284 -145.25950165491795
v -3.9763499051332474 239.04936030256115 -137.64093278740287
v -3.9763499051332474 239.04936030256115 -137.64093278740287
v 43.69000792503357 230.12199046677284 -145.25950165491795
v 17.950525879859924 196.65762994135454 -155.93042098014107
v -3.9763499051332474 239.04936030256115 -137.64093278740287
v 17.950525879859924 196.65762994135454 -155.93042098014107
v -10.95392182469368 202.6465618672969 -152.39473398239716
v -101.12521648406982 207.42926374148206 -141.23614945853663
v -53.16287875175476 232.85684329238882 -137.20593727270176
v -43.65878999233246 196.09707236448483 -154.09803113600222
v -101.12521648406982 207.42926374148206 -141.23614945853663
v -43.65878999233246 196.09707236448483 -154.09803113600222
v -76.03499293327332 170.95473697405265 -156.77216621236482
v -53.16287875175476 232.85684329238882 -137.20593727270176
v -3.9763499051332474 239.04936030256115 -137.64093278740287
v -10.95392182469368 202.6465618672969 -152.39473398239716
v -53.16287875175476 232.85684329238882 -137.20593727270176
v -10.95392182469368 202.6465618672969 -152.39473398239716
v -43.65878999233246 196.09707236448483 -154.09803113600222
v -63.80462646484375 274.6811382450087 -113.03479398882698
v 2.7049286291003227 275.0855668452662 -119.14998004829872
v -3.9763499051332474 239.04936030256115 -137.64093278740287
v -63.80462646484375 274.6811382450087 -113.03479398882698
v -3.9763499051332474 239.04936030256115 -137.64093278740287
v -53.16287875175476 232.85684329238882 -137.20593727270176
v -12.630519270896912 166.533300392432 -156.37255225155172
v -8.299623429775238 121.59669241235345 -158.23327202989952
v -15.851803123950958 121.27806983744276 -158.20875063706848
v -12.630519270896912 166.533300392432 -156.37255225155172
v -15.851803123950958 121.27806983744276 -158.20875063706848
v -18.225763738155365 165.8796997598465 -156.0912778546672
v -43.65878999233246 196.09707236448483 -154.09803113600222
v -10.95392182469368 202.6465618672969 -152.39473398239716
v -18.225763738155365 165.8796997598465 -156.0912778546672
v -43.65878999233246 196.09707236448483 -154.09803113600222
v -18.225763738155365 165.8796997598465 -156.0912778546672
v -23.79651516675949 165.2564020797997 -156.16597430919742
v 17.950525879859924 196.65762994135454 -155.93042098014107
v 61.87252402305603 176.3468827073556 -158.20613543177112
v 17.18912273645401 154.987642304539 -159.13762199770525
v 17.950525879859924 196.65762994135454 -155.93042098014107
v 17.18912273645401 154.987642304539 -159.13762199770525
v -12.630519270896912 166.533300392432 -156.37255225155172
v -43.65878999233246 196.09707236448483 -154.09803113600222
v -23.79651516675949 165.2564020797997 -156.16597430919742
v -40.63368737697601 151.7616129461667 -156.13000705462647
v -43.65878999233246 196.09707236448483 -154.09803113600222
v -40.63368737697601 151.7616129461667 -156.13000705462647
v -76.03499293327332 170.95473697405265 -156.77216621236482
v -12.631364166736603 164.24403035001282 -147.18895469361178
v -12.630519270896912 166.533300392432 -156.37255225155172
v 17.18912273645401 154.987642304539 -159.13762199770525
v -12.631364166736603 164.24403035001282 -147.18895469361178
v 17.18912273645401 154.987642304539 -159.13762199770525
v 17.188623547554016 152.6987775744416 -149.9484335243312
v -49.2717444896698 38.063036905211774 -38.31446551072741
v -24.02859479188919 37.59676697566262 -43.45610200132966
v 0.032286354689858854 36.019037921173165 -0.000005823242216922395
v -49.2717444896698 38.063036905211774 -38.31446551072741
v 0.032286354689858854 36.019037921173165 -0.000005823242216922395
v -49.70244765281677 36.902173062351665 -22.39057989869621
v 0 38.063031428639114 -56.89411480000449
v 24.02859628200531 37.59676697497309 -43.46123396106916
v 0.032286354689858854 36.019037921173165 -0.000005823242216922395
v 0 38.063031428639114 -56.89411480000449
v 0.032286354689858854 36.019037921173165 -0.000005823242216922395
v -24.02859479188919 37.59676697566262 -43.45610200132966
v 49.27174150943756 38.06303392127534 -38.342035638224175
v 49.84281659126282 36.97450924804674 -22.455543008532324
v 0.032286354689858854 36.019037921173165 -0.000005823242216922395
v 49.27174150943756 38.06303392127534 -38.342035638224175
v 0.032286354689858854 36.019037921173165 -0.000005823242216922395
v 24.02859628200531 37.59676697497309 -43.46123396106916
v 60.43838858604431 33.34759166595593 -14.369067068069668
v 45.481330156326294 32.48477466972462 -0.000005198828400917396
v 0.032286354689858854 36.019037921173165 -0.000005823242216922395
v 60.43838858604431 33.34759166595593 -14.369067068069668
v 0.032286354689858854 36.019037921173165 -0.000005823242216922395
v 49.84281659126282 36.97450924804674 -22.455543008532324
v 60.43838858604431 33.3475955271775 14.369056616864205
v 49.842819571495056 36.97451528224778 22.455533072825602
v 0.032286354689858854 36.019037921173165 -0.000005823242216922395
v 60.43838858604431 33.3475955271775 14.369056616864205
v 0.032286354689858854 36.019037921173165 -0.000005823242216922395
v 45.481330156326294 32.48477466972462 -0.000005198828400917396
v 49.2717444896698 38.063044224459254 38.3420313704753
v 24.02859479188919 37.59677865377553 43.46122385815
v 0.032286354689858854 36.019037921173165 -0.000005823242216922395
v 49.2717444896698 38.063044224459254 38.3420313704753
v 0.032286354689858854 36.019037921173165 -0.000005823242216922395
v 49.842819571495056 36.97451528224778 22.455533072825602
v 0 38.063046717094686 56.89410457179133
v -24.02859479188919 37.596778653086005 43.4560918984105
v 0.032286354689858854 36.019037921173165 -0.000005823242216922395
v 0 38.063046717094686 56.89410457179133
v 0.032286354689858854 36.019037921173165 -0.000005823242216922395
v 24.02859479188919 37.59677865377553 43.46122385815
v -49.2717444896698 38.063047200985906 38.31445230228131
v -49.702444672584534 36.90217907909576 22.390568492311438
v 0.032286354689858854 36.019037921173165 -0.000005823242216922395
v -49.2717444896698 38.063047200985906 38.31445230228131
v 0.032286354689858854 36.019037921173165 -0.000005823242216922395
v -24.02859479188919 37.596778653086005 43.4560918984105
v -59.31544303894043 32.76887614790168 14.20853990161829
v -44.405174255371094 31.85361514733718 -0.000005362826254139371
v 0.032286354689858854 36.019037921173165 -0.000005823242216922395
v -59.31544303894043 32.76887614790168 14.20853990161829
v 0.032286354689858854 36.019037921173165 -0.000005823242216922395
v -49.702444672584534 36.90217907909576 22.390568492311438
v -59.31544303894043 32.76887232981362 -14.208551687427674
v -49.70244765281677 36.902173062351665 -22.39057989869621
v 0.032286354689858854 36.019037921173165 -0.000005823242216922395
v -59.31544303894043 32.76887232981362 -14.208551687427674
v 0.032286354689858854 36.019037921173165 -0.000005823242216922395
v -44.405174255371094 31.85361514733718 -0.000005362826254139371
v 112.59194612503052 44.30763517576204 -26.068585211438457
v 109.22482013702393 48.81657748348967 -47.53212229877599
v 128.21568250656128 64.29851279812893 -55.62274533496756
v 112.59194612503052 44.30763517576204 -26.068585211438457
v 128.21568250656128 64.29851279812893 -55.62274533496756
v 131.2375545501709 63.90092937949387 -30.389829074845586
v 109.22482013702393 48.81657748348967 -47.53212229877599
v 92.83514022827148 49.332208356865586 -69.34283205165227
v 109.09194946289062 64.40375324087807 -81.4857839574145
v 109.22482013702393 48.81657748348967 -47.53212229877599
v 109.09194946289062 64.40375324087807 -81.4857839574145
v 128.21568250656128 64.29851279812893 -55.62274533496756
v 128.21568250656128 64.29851279812893 -55.62274533496756
v 109.09194946289062 64.40375324087807 -81.4857839574145
v 120.53744792938232 85.74033068471353 -90.03497609911246
v 128.21568250656128 64.29851279812893 -55.62274533496756
v 120.53744792938232 85.74033068471353 -90.03497609911246
v 141.63150787353516 85.74034048761465 -61.43666255429516
v 131.2375545501709 63.90092937949387 -30.389829074845586
v 128.21568250656128 64.29851279812893 -55.62274533496756
v 141.63150787353516 85.74034048761465 -61.43666255429516
v 131.2375545501709 63.90092937949387 -30.389829074845586
v 141.63150787353516 85.74034048761465 -61.43666255429516
v 144.64493989944458 85.74034424236699 -33.49096322301702
v -59.31544303894043 32.76887614790168 14.20853990161829
v -49.702444672584534 36.90217907909576 22.390568492311438
v -82.71010518074036 40.38324111424819 36.4410691286786
v -59.31544303894043 32.76887614790168 14.20853990161829
v -82.71010518074036 40.38324111424819 36.4410691286786
v -84.95074510574341 35.88251680907597 24.725477690455282
v -49.702444672584534 36.90217907909576 22.390568492311438
v -49.2717444896698 38.063047200985906 38.31445230228131
v -70.94827890396118 41.070788885479246 53.237997105546576
v -49.702444672584534 36.90217907909576 22.390568492311438
v -70.94827890396118 41.070788885479246 53.237997105546576
v -82.71010518074036 40.38324111424819 36.4410691286786
v -82.71010518074036 40.38324111424819 36.4410691286786
v -70.94827890396118 41.070788885479246 53.237997105546576
v -92.83514022827148 49.3322269846167 69.2989438176937
v -82.71010518074036 40.38324111424819 36.4410691286786
v -92.83514022827148 49.3322269846167 69.2989438176937
v -109.12480354309082 48.79243247637552 47.39713149043455
v -84.95074510574341 35.88251680907597 24.725477690455282
v -82.71010518074036 40.38324111424819 36.4410691286786
v -109.12480354309082 48.79243247637552 47.39713149043455
v -84.95074510574341 35.88251680907597 24.725477690455282
v -109.12480354309082 48.79243247637552 47.39713149043455
v -111.60374879837036 44.09234719915005 25.831078635139047
v 60.43838858604431 33.34759166595593 -14.369067068069668
v 49.84281659126282 36.97450924804674 -22.455543008532324
v 82.85567164421082 40.435975455167 -36.55327976694125
v 60.43838858604431 33.34759166595593 -14.369067068069668
v 82.85567164421082 40.435975455167 -36.55327976694125
v 86.15682125091553 36.31293313499247 -24.997087866105254
v 49.84281659126282 36.97450924804674 -22.455543008532324
v 49.27174150943756 38.06303392127534 -38.342035638224175
v 70.94827890396118 41.07077159464347 -53.27231061388721
v 49.84281659126282 36.97450924804674 -22.455543008532324
v 70.94827890396118 41.07077159464347 -53.27231061388721
v 82.85567164421082 40.435975455167 -36.55327976694125
v 82.85567164421082 40.435975455167 -36.55327976694125
v 70.94827890396118 41.07077159464347 -53.27231061388721
v 92.83514022827148 49.332208356865586 -69.34283205165227
v 82.85567164421082 40.435975455167 -36.55327976694125
v 92.83514022827148 49.332208356865586 -69.34283205165227
v 109.22482013702393 48.81657748348967 -47.53212229877599
v 86.15682125091553 36.31293313499247 -24.997087866105254
v 82.85567164421082 40.435975455167 -36.55327976694125
v 109.22482013702393 48.81657748348967 -47.53212229877599
v 86.15682125091553 36.31293313499247 -24.997087866105254
v 109.22482013702393 48.81657748348967 -47.53212229877599
v 112.59194612503052 44.30763517576204 -26.068585211438457
v -49.2717444896698 38.063047200985906 38.31445230228131
v -24.02859479188919 37.596778653086005 43.4560918984105
v -40.474167466163635 41.02481830417335 71.69331707671957
v -49.2717444896698 38.063047200985906 38.31445230228131
v -40.474167466163635 41.02481830417335 71.69331707671957
v -70.94827890396118 41.070788885479246 53.237997105546576
v -24.02859479188919 37.596778653086005 43.4560918984105
v 0 38.063046717094686 56.89410457179133
v 0 41.070786779233785 81.9240010007575
v -24.02859479188919 37.596778653086005 43.4560918984105
v 0 41.070786779233785 81.9240010007575
v -40.474167466163635 41.02481830417335 71.69331707671957
v -40.474167466163635 41.02481830417335 71.69331707671957
v 0 41.070786779233785 81.9240010007575
v 0 49.33222909629383 107.19677372205969
v -40.474167466163635 41.02481830417335 71.69331707671957
v 0 49.33222909629383 107.19677372205969
v -53.38020324707031 49.33222737959143 94.41977945419748
v -70.94827890396118 41.070788885479246 53.237997105546576
v -40.474167466163635 41.02481830417335 71.69331707671957
v -53.38020324707031 49.33222737959143 94.41977945419748
v -70.94827890396118 41.070788885479246 53.237997105546576
v -53.38020324707031 49.33222737959143 94.41977945419748
v -92.83514022827148 49.3322269846167 69.2989438176937
v 0 38.063031428639114 -56.89411480000449
v -24.02859479188919 37.59676697566262 -43.45610200132966
v -40.474167466163635 41.0247990389078 -71.69332214034844
v 0 38.063031428639114 -56.89411480000449
v -40.474167466163635 41.0247990389078 -71.69332214034844
v 0 41.07076476480135 -81.92401203720283
v -24.02859479188919 37.59676697566262 -43.45610200132966
v -49.2717444896698 38.063036905211774 -38.31446551072741
v -70.94827890396118 41.07077457948524 -53.23800218152922
v -24.02859479188919 37.59676697566262 -43.45610200132966
v -70.94827890396118 41.07077457948524 -53.23800218152922
v -40.474167466163635 41.0247990389078 -71.69332214034844
v -40.474167466163635 41.0247990389078 -71.69332214034844
v -70.94827890396118 41.07077457948524 -53.23800218152922
v -92.83514022827148 49.332208362760575 -69.29895707413488
v -40.474167466163635 41.0247990389078 -71.69332214034844
v -92.83514022827148 49.332208362760575 -69.29895707413488
v -53.38020324707031 49.33220200732237 -94.41978675017356
v 0 41.07076476480135 -81.92401203720283
v -40.474167466163635 41.0247990389078 -71.69332214034844
v -53.38020324707031 49.33220200732237 -94.41978675017356
v 0 41.07076476480135 -81.92401203720283
v -53.38020324707031 49.33220200732237 -94.41978675017356
v 0 49.33220029061917 -107.19678697850004
v 49.27174150943756 38.06303392127534 -38.342035638224175
v 24.02859628200531 37.59676697497309 -43.46123396106916
v 40.474167466163635 41.024799038309574 -71.69777460716075
v 49.27174150943756 38.06303392127534 -38.342035638224175
v 40.474167466163635 41.024799038309574 -71.69777460716075
v 70.94827890396118 41.07077159464347 -53.27231061388721
v 24.02859628200531 37.59676697497309 -43.46123396106916
v 0 38.063031428639114 -56.89411480000449
v 0 41.07076476480135 -81.92401203720283
v 24.02859628200531 37.59676697497309 -43.46123396106916
v 0 41.07076476480135 -81.92401203720283
v 40.474167466163635 41.024799038309574 -71.69777460716075
v 40.474167466163635 41.024799038309574 -71.69777460716075
v 0 41.07076476480135 -81.92401203720283
v 0 49.33220029061917 -107.19678697850004
v 40.474167466163635 41.024799038309574 -71.69777460716075
v 0 49.33220029061917 -107.19678697850004
v 53.38020324707031 49.3322020065856 -94.4252703773052
v 70.94827890396118 41.07077159464347 -53.27231061388721
v 40.474167466163635 41.024799038309574 -71.69777460716075
v 53.38020324707031 49.3322020065856 -94.4252703773052
v 70.94827890396118 41.07077159464347 -53.27231061388721
v 53.38020324707031 49.3322020065856 -94.4252703773052
v 92.83514022827148 49.332208356865586 -69.34283205165227
v 0 38.063046717094686 56.89410457179133
v 24.02859479188919 37.59677865377553 43.46122385815
v 40.474167466163635 41.02481830476998 71.69775762260335
v 0 38.063046717094686 56.89410457179133
v 40.474167466163635 41.02481830476998 71.69775762260335
v 0 41.070786779233785 81.9240010007575
v 24.02859479188919 37.59677865377553 43.46122385815
v 49.2717444896698 38.063044224459254 38.3420313704753
v 70.94827890396118 41.070785909855154 53.27229361697681
v 24.02859479188919 37.59677865377553 43.46122385815
v 70.94827890396118 41.070785909855154 53.27229361697681
v 40.474167466163635 41.02481830476998 71.69775762260335
v 40.474167466163635 41.02481830476998 71.69775762260335
v 70.94827890396118 41.070785909855154 53.27229361697681
v 92.83514022827148 49.33222699051169 69.34281879521109
v 40.474167466163635 41.02481830476998 71.69775762260335
v 92.83514022827148 49.33222699051169 69.34281879521109
v 53.38020324707031 49.3322273803274 94.42525712086484
v 0 41.070786779233785 81.9240010007575
v 40.474167466163635 41.02481830476998 71.69775762260335
v 53.38020324707031 49.3322273803274 94.42525712086484
v 0 41.070786779233785 81.9240010007575
v 53.38020324707031 49.3322273803274 94.42525712086484
v 0 49.33222909629383 107.19677372205969
v 120.53744792938232 85.74033068471353 -90.03497609911246
v 69.30903792381287 85.74033226949605 -122.60210054324097
v 73.90040159225464 112.33718638514179 -130.7238684986495
v 120.53744792938232 85.74033068471353 -90.03497609911246
v 73.90040159225464 112.33718638514179 -130.7238684986495
v 128.5224437713623 112.33717912976347 -95.99932420839791
v 69.30903792381287 85.74033226949605 -122.60210054324097
v 0 85.74031812055364 -139.18466051488798
v 0 112.33717208860114 -148.40496587776354
v 69.30903792381287 85.74033226949605 -122.60210054324097
v 0 112.33717208860114 -148.40496587776354
v 73.90040159225464 112.33718638514179 -130.7238684986495
v 73.90040159225464 112.33718638514179 -130.7238684986495
v 0 112.33717208860114 -148.40496587776354
v 0 143.4259398683496 -152.81115982251566
v 73.90040159225464 112.33718638514179 -130.7238684986495
v 0 143.4259398683496 -152.81115982251566
v 76.09453201293945 143.4259423144902 -134.60513627575958
v 128.5224437713623 112.33717912976347 -95.99932420839791
v 73.90040159225464 112.33718638514179 -130.7238684986495
v 76.09453201293945 143.4259423144902 -134.60513627575958
v 128.5224437713623 112.33717912976347 -95.99932420839791
v 76.09453201293945 143.4259423144902 -134.60513627575958
v 132.3383331298828 143.4259471185635 -98.84959855919008
v -92.83514022827148 49.3322269846167 69.2989438176937
v -53.38020324707031 49.33222737959143 94.41977945419748
v -62.72786259651184 64.40377313641656 110.95409340302079
v -92.83514022827148 49.3322269846167 69.2989438176937
v -62.72786259651184 64.40377313641656 110.95409340302079
v -109.09194946289062 64.40377513062354 81.43421459547999
v -53.38020324707031 49.33222737959143 94.41977945419748
v 0 49.33222909629383 107.19677372205969
v 0 64.40377515373712 125.96851482894877
v -53.38020324707031 49.33222737959143 94.41977945419748
v 0 64.40377515373712 125.96851482894877
v -62.72786259651184 64.40377313641656 110.95409340302079
v -62.72786259651184 64.40377313641656 110.95409340302079
v 0 64.40377515373712 125.96851482894877
v 0 85.7403555219355 139.18463747493996
v -62.72786259651184 64.40377313641656 110.95409340302079
v 0 85.7403555219355 139.18463747493996
v -69.30903792381287 85.74036521389397 122.59496070894716
v -109.09194946289062 64.40377513062354 81.43421459547999
v -62.72786259651184 64.40377313641656 110.95409340302079
v -69.30903792381287 85.74036521389397 122.59496070894716
v -109.09194946289062 64.40377513062354 81.43421459547999
v -69.30903792381287 85.74036521389397 122.59496070894716
v -120.53744792938232 85.7403548710489 89.97797698117226
v 0 49.33220029061917 -107.19678697850004
v -53.38020324707031 49.33220200732237 -94.41978675017356
v -62.72786259651184 64.40374332108458 -110.95409878852347
v 0 49.33220029061917 -107.19678697850004
v -62.72786259651184 64.40374332108458 -110.95409878852347
v 0 64.40374130376242 -125.96853213538
v -53.38020324707031 49.33220200732237 -94.41978675017356
v -92.83514022827148 49.332208362760575 -69.29895707413488
v -109.09194946289062 64.40375324780454 -81.43423190191281
v -53.38020324707031 49.33220200732237 -94.41978675017356
v -109.09194946289062 64.40375324780454 -81.43423190191281
v -62.72786259651184 64.40374332108458 -110.95409878852347
v -62.72786259651184 64.40374332108458 -110.95409878852347
v -109.09194946289062 64.40375324780454 -81.43423190191281
v -120.53744792938232 85.74033069236717 -89.97801194205041
v -62.72786259651184 64.40374332108458 -110.95409878852347
v -120.53744792938232 85.74033069236717 -89.97801194205041
v -69.30903196334839 85.74033227045226 -122.59498374889839
v 0 64.40374130376242 -125.96853213538
v -62.72786259651184 64.40374332108458 -110.95409878852347
v -69.30903196334839 85.74033227045226 -122.59498374889839
v 0 64.40374130376242 -125.96853213538
v -69.30903196334839 85.74033227045226 -122.59498374889839
v 0 85.74031812055364 -139.18466051488798
v 92.83514022827148 49.332208356865586 -69.34283205165227
v 53.38020324707031 49.3322020065856 -94.4252703773052
v 62.72786259651184 64.40374332021646 -110.96055993179597
v 92.83514022827148 49.332208356865586 -69.34283205165227
v 62.72786259651184 64.40374332021646 -110.96055993179597
v 109.09194946289062 64.40375324087807 -81.4857839574145
v 53.38020324707031 49.3322020065856 -94.4252703773052
v 0 49.33220029061917 -107.19678697850004
v 0 64.40374130376242 -125.96853213538
v 53.38020324707031 49.3322020065856 -94.4252703773052
v 0 64.40374130376242 -125.96853213538
v 62.72786259651184 64.40374332021646 -110.96055993179597
v 62.72786259651184 64.40374332021646 -110.96055993179597
v 0 64.40374130376242 -125.96853213538
v 0 85.74031812055364 -139.18466051488798
v 62.72786259651184 64.40374332021646 -110.96055993179597
v 0 85.74031812055364 -139.18466051488798
v 69.30903792381287 85.74033226949605 -122.60210054324097
v 109.09194946289062 64.40375324087807 -81.4857839574145
v 62.72786259651184 64.40374332021646 -110.96055993179597
v 69.30903792381287 85.74033226949605 -122.60210054324097
v 109.09194946289062 64.40375324087807 -81.4857839574145
v 69.30903792381287 85.74033226949605 -122.60210054324097
v 120.53744792938232 85.74033068471353 -90.03497609911246
v 0 49.33222909629383 107.19677372205969
v 53.38020324707031 49.3322273803274 94.42525712086484
v 62.72786259651184 64.40377313728146 110.9605307044362
v 0 49.33222909629383 107.19677372205969
v 62.72786259651184 64.40377313728146 110.9605307044362
v 0 64.40377515373712 125.96851482894877
v 53.38020324707031 49.3322273803274 94.42525712086484
v 92.83514022827148 49.33222699051169 69.34281879521109
v 109.09194946289062 64.40377513755162 81.48577857191022
v 53.38020324707031 49.3322273803274 94.42525712086484
v 109.09194946289062 64.40377513755162 81.48577857191022
v 62.72786259651184 64.40377313728146 110.9605307044362
v 62.72786259651184 64.40377313728146 110.9605307044362
v 109.09194946289062 64.40377513755162 81.48577857191022
v 120.53744792938232 85.74035487870174 90.03493517777002
v 62.72786259651184 64.40377313728146 110.9605307044362
v 120.53744792938232 85.74035487870174 90.03493517777002
v 69.30903196334839 85.74036521485176 122.60208942421829
v 0 64.40377515373712 125.96851482894877
v 62.72786259651184 64.40377313728146 110.9605307044362
v 69.30903196334839 85.74036521485176 122.60208942421829
v 0 64.40377515373712 125.96851482894877
v 69.30903196334839 85.74036521485176 122.60208942421829
v 0 85.7403555219355 139.18463747493996
v -111.60374879837036 44.09234719915005 25.831078635139047
v -109.12480354309082 48.79243247637552 47.39713149043455
v -128.197181224823 64.29477263305695 55.47837753354404
v -111.60374879837036 44.09234719915005 25.831078635139047
v -128.197181224823 64.29477263305695 55.47837753354404
v -131.13362789154053 63.88114878222383 30.22484115626071
v -109.12480354309082 48.79243247637552 47.39713149043455
v -92.83514022827148 49.3322269846167 69.2989438176937
v -109.09194946289062 64.40377513062354 81.43421459547999
v -109.12480354309082 48.79243247637552 47.39713149043455
v -109.09194946289062 64.40377513062354 81.43421459547999
v -128.197181224823 64.29477263305695 55.47837753354404
v -128.197181224823 64.29477263305695 55.47837753354404
v -109.09194946289062 64.40377513062354 81.43421459547999
v -120.53744792938232 85.7403548710489 89.97797698117226
v -128.197181224823 64.29477263305695 55.47837753354404
v -120.53744792938232 85.7403548710489 89.97797698117226
v -141.63150787353516 85.74035697568387 61.27998659230727
v -131.13362789154053 63.88114878222383 30.22484115626071
v -128.197181224823 64.29477263305695 55.47837753354404
v -141.63150787353516 85.74035697568387 61.27998659230727
v -131.13362789154053 63.88114878222383 30.22484115626071
v -141.63150787353516 85.74035697568387 61.27998659230727
v -144.64493989944458 85.74035321901752 33.32004175141541
v 164.97950553894043 142.4921056401189 -37.06621527168027
v 156.15578889846802 143.29777747264282 -67.7551319663642
v 154.6445608139038 177.54329118981516 -67.60883697195885
v 164.97950553894043 142.4921056401189 -37.06621527168027
v 154.6445608139038 177.54329118981516 -67.60883697195885
v 165.1025891304016 175.57197794244607 -45.11131762642159
v 156.15578889846802 143.29777747264282 -67.7551319663642
v 132.3383331298828 143.4259471185635 -98.84959855919008
v 130.7861328125 177.80483232044233 -97.6901796282769
v 156.15578889846802 143.29777747264282 -67.7551319663642
v 130.7861328125 177.80483232044233 -97.6901796282769
v 154.6445608139038 177.54329118981516 -67.60883697195885
v 154.6445608139038 177.54329118981516 -67.60883697195885
v 130.7861328125 177.80483232044233 -97.6901796282769
v 122.76462316513062 212.30187841532697 -91.69857060344617
v 154.6445608139038 177.54329118981516 -67.60883697195885
v 122.76462316513062 212.30187841532697 -91.69857060344617
v 145.1052188873291 212.0742402339546 -62.893905754893055
v 165.1025891304016 175.57197794244607 -45.11131762642159
v 154.6445608139038 177.54329118981516 -67.60883697195885
v 145.1052188873291 212.0742402339546 -62.893905754893055
v 165.1025891304016 175.57197794244607 -45.11131762642159
v 145.1052188873291 212.0742402339546 -62.893905754893055
v 155.7355284690857 209.78337534494443 -34.67297571752229
v 0 85.7403555219355 139.18463747493996
v 69.30903196334839 85.74036521485176 122.60208942421829
v 73.90040159225464 112.33722151295794 130.72383831165195
v 0 85.7403555219355 139.18463747493996
v 73.90040159225464 112.33722151295794 130.72383831165195
v 0 112.33721196764148 148.40493569076918
v 69.30903196334839 85.74036521485176 122.60208942421829
v 120.53744792938232 85.74035487870174 90.03493517777002
v 128.5224437713623 112.33720492647915 95.99929402140354
v 69.30903196334839 85.74036521485176 122.60208942421829
v 128.5224437713623 112.33720492647915 95.99929402140354
v 73.90040159225464 112.33722151295794 130.72383831165195
v 73.90040159225464 112.33722151295794 130.72383831165195
v 128.5224437713623 112.33720492647915 95.99929402140354
v 132.33832120895386 143.42597368119732 98.84956001809267
v 73.90040159225464 112.33722151295794 130.72383831165195
v 132.33832120895386 143.42597368119732 98.84956001809267
v 76.09454393386841 143.42597848527063 134.60509773466217
v 0 112.33721196764148 148.40493569076918
v 73.90040159225464 112.33722151295794 130.72383831165195
v 76.09454393386841 143.42597848527063 134.60509773466217
v 0 112.33721196764148 148.40493569076918
v 76.09454393386841 143.42597848527063 134.60509773466217
v 0 143.42598093141123 152.81112128141825
v -144.64493989944458 85.74035321901752 33.32004175141541
v -141.63150787353516 85.74035697568387 61.27998659230727
v -151.11260414123535 112.29810016425445 65.36052282615596
v -144.64493989944458 85.74035321901752 33.32004175141541
v -151.11260414123535 112.29810016425445 65.36052282615596
v -154.74878549575806 111.90818643629656 35.611526804561784
v -141.63150787353516 85.74035697568387 61.27998659230727
v -120.53744792938232 85.7403548710489 89.97797698117226
v -128.5224199295044 112.33720491831939 95.93856285092063
v -141.63150787353516 85.74035697568387 61.27998659230727
v -128.5224199295044 112.33720491831939 95.93856285092063
v -151.11260414123535 112.29810016425445 65.36052282615596
v -151.11260414123535 112.29810016425445 65.36052282615596
v -128.5224199295044 112.33720491831939 95.93856285092063
v -132.3383331298828 143.42596175186395 98.78700494554369
v -151.11260414123535 112.29810016425445 65.36052282615596
v -132.3383331298828 143.42596175186395 98.78700494554369
v -156.02833032608032 143.19280804026346 67.59384503382384
v -154.74878549575806 111.90818643629656 35.611526804561784
v -151.11260414123535 112.29810016425445 65.36052282615596
v -156.02833032608032 143.19280804026346 67.59384503382384
v -154.74878549575806 111.90818643629656 35.611526804561784
v -156.02833032608032 143.19280804026346 67.59384503382384
v -163.7218952178955 141.45598424187716 36.976400607850515
v 144.64493989944458 85.74034424236699 -33.49096322301702
v 141.63150787353516 85.74034048761465 -61.43666255429516
v 151.13612413406372 112.31746600832494 -65.52587244233803
v 144.64493989944458 85.74034424236699 -33.49096322301702
v 151.13612413406372 112.31746600832494 -65.52587244233803
v 154.88086938858032 112.01700299998616 -35.786937591679305
v 141.63150787353516 85.74034048761465 -61.43666255429516
v 120.53744792938232 85.74033068471353 -90.03497609911246
v 128.5224437713623 112.33717912976347 -95.99932420839791
v 141.63150787353516 85.74034048761465 -61.43666255429516
v 128.5224437713623 112.33717912976347 -95.99932420839791
v 151.13612413406372 112.31746600832494 -65.52587244233803
v 151.13612413406372 112.31746600832494 -65.52587244233803
v 128.5224437713623 112.33717912976347 -95.99932420839791
v 132.3383331298828 143.4259471185635 -98.84959855919008
v 151.13612413406372 112.31746600832494 -65.52587244233803
v 132.3383331298828 143.4259471185635 -98.84959855919008
v 156.15578889846802 143.29777747264282 -67.7551319663642
v 154.88086938858032 112.01700299998616 -35.786937591679305
v 151.13612413406372 112.31746600832494 -65.52587244233803
v 156.15578889846802 143.29777747264282 -67.7551319663642
v 154.88086938858032 112.01700299998616 -35.786937591679305
v 156.15578889846802 143.29777747264282 -67.7551319663642
v 164.97950553894043 142.4921056401189 -37.06621527168027
v -120.53744792938232 85.7403548710489 89.97797698117226
v -69.30903792381287 85.74036521389397 122.59496070894716
v -73.90040159225464 112.33722151193766 130.71624468016748
v -120.53744792938232 85.7403548710489 89.97797698117226
v -73.90040159225464 112.33722151193766 130.71624468016748
v -128.5224199295044 112.33720491831939 95.93856285092063
v -69.30903792381287 85.74036521389397 122.59496070894716
v 0 85.7403555219355 139.18463747493996
v 0 112.33721196764148 148.40493569076918
v -69.30903792381287 85.74036521389397 122.59496070894716
v 0 112.33721196764148 148.40493569076918
v -73.90040159225464 112.33722151193766 130.71624468016748
v -73.90040159225464 112.33722151193766 130.71624468016748
v 0 112.33721196764148 148.40493569076918
v 0 143.42598093141123 152.81112128141825
v -73.90040159225464 112.33722151193766 130.71624468016748
v 0 143.42598093141123 152.81112128141825
v -76.09453201293945 143.42597848421994 134.5972776055353
v -128.5224199295044 112.33720491831939 95.93856285092063
v -73.90040159225464 112.33722151193766 130.71624468016748
v -76.09453201293945 143.42597848421994 134.5972776055353
v -128.5224199295044 112.33720491831939 95.93856285092063
v -76.09453201293945 143.42597848421994 134.5972776055353
v -132.3383331298828 143.42596175186395 98.78700494554369
v 0 85.74031812055364 -139.18466051488798
v -69.30903196334839 85.74033227045226 -122.59498374889839
v -73.90040159225464 112.33718638616207 -130.71627486716503
v 0 85.74031812055364 -139.18466051488798
v -73.90040159225464 112.33718638616207 -130.71627486716503
v 0 112.33717208860114 -148.40496587776354
v -69.30903196334839 85.74033227045226 -122.59498374889839
v -120.53744792938232 85.74033069236717 -89.97801194205041
v -128.5224437713623 112.33717913792323 -95.938593037915
v -69.30903196334839 85.74033227045226 -122.59498374889839
v -128.5224437713623 112.33717913792323 -95.938593037915
v -73.90040159225464 112.33718638616207 -130.71627486716503
v -73.90040159225464 112.33718638616207 -130.71627486716503
v -128.5224437713623 112.33717913792323 -95.938593037915
v -132.33832120895386 143.42594712696675 -98.78705540756803
v -73.90040159225464 112.33718638616207 -130.71627486716503
v -132.33832120895386 143.42594712696675 -98.78705540756803
v -76.09454393386841 143.4259423155393 -134.59732806756125
v 0 112.33717208860114 -148.40496587776354
v -73.90040159225464 112.33718638616207 -130.71627486716503
v -76.09454393386841 143.4259423155393 -134.59732806756125
v 0 112.33717208860114 -148.40496587776354
v -76.09454393386841 143.4259423155393 -134.59732806756125
v 0 143.4259398683496 -152.81115982251566
v 0 212.30193362392242 141.75635814850955
v 70.58966159820557 212.3018836710263 124.86739455042269
v 62.2344434261322 244.1694562151708 109.9035731844859
v 0 212.30193362392242 141.75635814850955
v 62.2344434261322 244.1694562151708 109.9035731844859
v 0.10408845264464617 244.16945821241907 124.76860153386234
v 70.58966159820557 212.3018836710263 124.86739455042269
v 122.76462316513062 212.30192689820825 91.69851951462672
v 108.15688371658325 244.1694522926971 80.70956487970783
v 70.58966159820557 212.3018836710263 124.86739455042269
v 108.15688371658325 244.1694522926971 80.70956487970783
v 62.2344434261322 244.1694562151708 109.9035731844859
v 62.2344434261322 244.1694562151708 109.9035731844859
v 108.15688371658325 244.1694522926971 80.70956487970783
v 90.68520069122314 274.3262287231605 67.11492795236644
v 62.2344434261322 244.1694562151708 109.9035731844859
v 90.68520069122314 274.3262287231605 67.11492795236644
v 52.49788761138916 274.3263035105059 91.39151150823014
v 0.10408845264464617 244.16945821241907 124.76860153386234
v 62.2344434261322 244.1694562151708 109.9035731844859
v 52.49788761138916 274.3263035105059 91.39151150823014
v 0.10408845264464617 244.16945821241907 124.76860153386234
v 52.49788761138916 274.3263035105059 91.39151150823014
v 0.8327076211571693 274.32623364577034 103.75270378838113
v -132.3383331298828 143.42596175186395 98.78700494554369
v -76.09453201293945 143.42597848421994 134.5972776055353
v -75.20202398300171 177.80487523913447 133.018560577084
v -132.3383331298828 143.42596175186395 98.78700494554369
v -75.20202398300171 177.80487523913447 133.018560577084
v -130.78612089157104 177.80483472135825 97.62833375537915
v -76.09453201293945 143.42597848421994 134.5972776055353
v 0 143.42598093141123 152.81112128141825
v 0 177.80484189483636 151.01876929248021
v -76.09453201293945 143.42597848421994 134.5972776055353
v 0 177.80484189483636 151.01876929248021
v -75.20202398300171 177.80487523913447 133.018560577084
v -75.20202398300171 177.80487523913447 133.018560577084
v 0 177.80484189483636 151.01876929248021
v 0 212.30193362392242 141.75635814850955
v -75.20202398300171 177.80487523913447 133.018560577084
v 0 212.30193362392242 141.75635814850955
v -70.58966159820557 212.3018836700525 124.8601466258661
v -130.78612089157104 177.80483472135825 97.62833375537915
v -75.20202398300171 177.80487523913447 133.018560577084
v -70.58966159820557 212.3018836700525 124.8601466258661
v -130.78612089157104 177.80483472135825 97.62833375537915
v -70.58966159820557 212.3018836700525 124.8601466258661
v -122.76462316513062 212.30192689041286 91.64050035538827
v 0 143.4259398683496 -152.81115982251566
v -76.09454393386841 143.4259423155393 -134.59732806756125
v -75.20202398300171 177.80483949468342 -133.01860835640028
v 0 143.4259398683496 -152.81115982251566
v -75.20202398300171 177.80483949468342 -133.01860835640028
v 0 177.80480131341025 -151.01881707178688
v -76.09454393386841 143.4259423155393 -134.59732806756125
v -132.33832120895386 143.42594712696675 -98.78705540756803
v -130.7861328125 177.80480848688595 -97.62839941607864
v -76.09454393386841 143.4259423155393 -134.59732806756125
v -130.7861328125 177.80480848688595 -97.62839941607864
v -75.20202398300171 177.80483949468342 -133.01860835640028
v -75.20202398300171 177.80483949468342 -133.01860835640028
v -130.7861328125 177.80480848688595 -97.62839941607864
v -122.76462316513062 212.30190226497865 -91.6405574046752
v -75.20202398300171 177.80483949468342 -133.01860835640028
v -122.76462316513062 212.30190226497865 -91.6405574046752
v -70.58966159820557 212.30185011791062 -124.86020367514021
v 0 177.80480131341025 -151.01881707178688
v -75.20202398300171 177.80483949468342 -133.01860835640028
v -70.58966159820557 212.30185011791062 -124.86020367514021
v 0 177.80480131341025 -151.01881707178688
v -70.58966159820557 212.30185011791062 -124.86020367514021
v 0 212.30189553146909 -141.75641519779646
v 132.3383331298828 143.4259471185635 -98.84959855919008
v 76.09453201293945 143.4259423144902 -134.60513627575958
v 75.20202398300171 177.80483949364233 -133.02635695995585
v 132.3383331298828 143.4259471185635 -98.84959855919008
v 75.20202398300171 177.80483949364233 -133.02635695995585
v 130.7861328125 177.80483232044233 -97.6901796282769
v 76.09453201293945 143.4259423144902 -134.60513627575958
v 0 143.4259398683496 -152.81115982251566
v 0 177.80480131341025 -151.01881707178688
v 76.09453201293945 143.4259423144902 -134.60513627575958
v 0 177.80480131341025 -151.01881707178688
v 75.20202398300171 177.80483949364233 -133.02635695995585
v 75.20202398300171 177.80483949364233 -133.02635695995585
v 0 177.80480131341025 -151.01881707178688
v 0 212.30189553146909 -141.75641519779646
v 75.20202398300171 177.80483949364233 -133.02635695995585
v 0 212.30189553146909 -141.75641519779646
v 70.58966159820557 212.3018501169368 -124.8674515996968
v 130.7861328125 177.80483232044233 -97.6901796282769
v 75.20202398300171 177.80483949364233 -133.02635695995585
v 70.58966159820557 212.3018501169368 -124.8674515996968
v 130.7861328125 177.80483232044233 -97.6901796282769
v 70.58966159820557 212.3018501169368 -124.8674515996968
v 122.76462316513062 212.30187841532697 -91.69857060344617
v 0 143.42598093141123 152.81112128141825
v 76.09454393386841 143.42597848527063 134.60509773466217
v 75.20202398300171 177.80487524017235 133.0262853387825
v 0 143.42598093141123 152.81112128141825
v 75.20202398300171 177.80487524017235 133.0262853387825
v 0 177.80484189483636 151.01876929248021
v 76.09454393386841 143.42597848527063 134.60509773466217
v 132.33832120895386 143.42597368119732 98.84956001809267
v 130.7861328125 177.80483472966378 97.69014973035983
v 76.09454393386841 143.42597848527063 134.60509773466217
v 130.7861328125 177.80483472966378 97.69014973035983
v 75.20202398300171 177.80487524017235 133.0262853387825
v 75.20202398300171 177.80487524017235 133.0262853387825
v 130.7861328125 177.80483472966378 97.69014973035983
v 122.76462316513062 212.30192689820825 91.69851951462672
v 75.20202398300171 177.80487524017235 133.0262853387825
v 122.76462316513062 212.30192689820825 91.69851951462672
v 70.58966159820557 212.3018836710263 124.86739455042269
v 0 177.80484189483636 151.01876929248021
v 75.20202398300171 177.80487524017235 133.0262853387825
v 70.58966159820557 212.3018836710263 124.86739455042269
v 0 177.80484189483636 151.01876929248021
v 70.58966159820557 212.3018836710263 124.86739455042269
v 0 212.30193362392242 141.75635814850955
v -163.7218952178955 141.45598424187716 36.976400607850515
v -156.02833032608032 143.19280804026346 67.59384503382384
v -154.46865558624268 177.39849389722423 67.45779284094372
v -163.7218952178955 141.45598424187716 36.976400607850515
v -154.46865558624268 177.39849389722423 67.45779284094372
v -163.59951496124268 174.33453807368562 45.08790857366053
v -156.02833032608032 143.19280804026346 67.59384503382384
v -132.3383331298828 143.42596175186395 98.78700494554369
v -130.78612089157104 177.80483472135825 97.62833375537915
v -156.02833032608032 143.19280804026346 67.59384503382384
v -130.78612089157104 177.80483472135825 97.62833375537915
v -154.46865558624268 177.39849389722423 67.45779284094372
v -154.46865558624268 177.39849389722423 67.45779284094372
v -130.78612089157104 177.80483472135825 97.62833375537915
v -122.76462316513062 212.30192689041286 91.64050035538827
v -154.46865558624268 177.39849389722423 67.45779284094372
v -122.76462316513062 212.30192689041286 91.64050035538827
v -144.99547481536865 211.9839918436572 62.744706041859885
v -163.59951496124268 174.33453807368562 45.08790857366053
v -154.46865558624268 177.39849389722423 67.45779284094372
v -144.99547481536865 211.9839918436572 62.744706041859885
v -163.59951496124268 174.33453807368562 45.08790857366053
v -144.99547481536865 211.9839918436572 62.744706041859885
v -154.6905279159546 208.92383801947352 34.592906188090204
v -89.019775390625 274.3262287174537 67.07245368395333
v -50.83247423171997 274.326255826079 91.38620669503311
v -38.684242963790894 303.9139503223471 72.9744954717571
v -89.019775390625 274.3262287174537 67.07245368395333
v -38.684242963790894 303.9139503223471 72.9744954717571
v -69.61004734039307 304.1292396552988 53.35087083604602
v -50.83247423171997 274.326255826079 91.38620669503311
v 0.8327076211571693 274.32623364577034 103.75270378838113
v 2.6941558346152306 303.8303144242802 82.92262360432227
v -50.83247423171997 274.326255826079 91.38620669503311
v 2.6941558346152306 303.8303144242802 82.92262360432227
v -38.684242963790894 303.9139503223471 72.9744954717571
v -38.684242963790894 303.9139503223471 72.9744954717571
v 2.6941558346152306 303.8303144242802 82.92262360432227
v 5.731796473264694 330.6287500720466 64.6071861747538
v -38.684242963790894 303.9139503223471 72.9744954717571
v 5.731796473264694 330.6287500720466 64.6071861747538
v -26.825451850891113 331.02559671640165 56.66594632100055
v -69.61004734039307 304.1292396552988 53.35087083604602
v -38.684242963790894 303.9139503223471 72.9744954717571
v -26.825451850891113 331.02559671640165 56.66594632100055
v -69.61004734039307 304.1292396552988 53.35087083604602
v -26.825451850891113 331.02559671640165 56.66594632100055
v -53.834497928619385 334.58868834546723 38.89209767859139
v -154.6905279159546 208.92383801947352 34.592906188090204
v -144.99547481536865 211.9839918436572 62.744706041859885
v -127.01073884963989 244.10912893435963 54.95845783809831
v -154.6905279159546 208.92383801947352 34.592906188090204
v -127.01073884963989 244.10912893435963 54.95845783809831
v -130.3152561187744 244.04735132536123 29.971139589853856
v -144.99547481536865 211.9839918436572 62.744706041859885
v -122.76462316513062 212.30192689041286 91.64050035538827
v -107.94869661331177 244.1694046021221 80.65850158228298
v -144.99547481536865 211.9839918436572 62.744706041859885
v -107.94869661331177 244.1694046021221 80.65850158228298
v -127.01073884963989 244.10912893435963 54.95845783809831
v -127.01073884963989 244.10912893435963 54.95845783809831
v -107.94869661331177 244.1694046021221 80.65850158228298
v -89.019775390625 274.3262287174537 67.07245368395333
v -127.01073884963989 244.10912893435963 54.95845783809831
v -89.019775390625 274.3262287174537 67.07245368395333
v -104.74395751953125 274.3262496850522 45.68005236330167
v -130.3152561187744 244.04735132536123 29.971139589853856
v -127.01073884963989 244.10912893435963 54.95845783809831
v -104.74395751953125 274.3262496850522 45.68005236330167
v -130.3152561187744 244.04735132536123 29.971139589853856
v -104.74395751953125 274.3262496850522 45.68005236330167
v -106.9902777671814 274.32624688471213 24.837809345679542
v 155.7355284690857 209.78337534494443 -34.67297571752229
v 145.1052188873291 212.0742402339546 -62.893905754893055
v 127.23802328109741 244.12480208935713 -55.09733072865502
v 155.7355284690857 209.78337534494443 -34.67297571752229
v 127.23802328109741 244.12480208935713 -55.09733072865502
v 130.62855005264282 244.13379382568772 -30.117913068712866
v 145.1052188873291 212.0742402339546 -62.893905754893055
v 122.76462316513062 212.30187841532697 -91.69857060344617
v 108.1568956375122 244.16938292088366 -80.70963049235758
v 145.1052188873291 212.0742402339546 -62.893905754893055
v 108.1568956375122 244.16938292088366 -80.70963049235758
v 127.23802328109741 244.12480208935713 -55.09733072865502
v 127.23802328109741 244.12480208935713 -55.09733072865502
v 108.1568956375122 244.16938292088366 -80.70963049235758
v 90.68520069122314 274.3262106881816 -67.11498974775482
v 127.23802328109741 244.12480208935713 -55.09733072865502
v 90.68520069122314 274.3262106881816 -67.11498974775482
v 106.40939474105835 274.32623739431335 -45.79689753520755
v 130.62855005264282 244.13379382568772 -30.117913068712866
v 127.23802328109741 244.12480208935713 -55.09733072865502
v 106.40939474105835 274.32623739431335 -45.79689753520755
v 130.62855005264282 244.13379382568772 -30.117913068712866
v 106.40939474105835 274.32623739431335 -45.79689753520755
v 108.65569114685059 274.3262401932271 -24.965270104456568
v -122.76462316513062 212.30192689041286 91.64050035538827
v -70.58966159820557 212.3018836700525 124.8601466258661
v -62.02626824378967 244.1694562143123 109.89718356678468
v -122.76462316513062 212.30192689041286 91.64050035538827
v -62.02626824378967 244.1694562143123 109.89718356678468
v -107.94869661331177 244.1694046021221 80.65850158228298
v -70.58966159820557 212.3018836700525 124.8601466258661
v 0 212.30193362392242 141.75635814850955
v 0.10408845264464617 244.16945821241907 124.76860153386234
v -70.58966159820557 212.3018836700525 124.8601466258661
v 0.10408845264464617 244.16945821241907 124.76860153386234
v -62.02626824378967 244.1694562143123 109.89718356678468
v -62.02626824378967 244.1694562143123 109.89718356678468
v 0.10408845264464617 244.16945821241907 124.76860153386234
v 0.8327076211571693 274.32623364577034 103.75270378838113
v -62.02626824378967 244.1694562143123 109.89718356678468
v 0.8327076211571693 274.32623364577034 103.75270378838113
v -50.83247423171997 274.326255826079 91.38620669503311
v -107.94869661331177 244.1694046021221 80.65850158228298
v -62.02626824378967 244.1694562143123 109.89718356678468
v -50.83247423171997 274.326255826079 91.38620669503311
v -107.94869661331177 244.1694046021221 80.65850158228298
v -50.83247423171997 274.326255826079 91.38620669503311
v -89.019775390625 274.3262287174537 67.07245368395333
v 0 212.30189553146909 -141.75641519779646
v -70.58966159820557 212.30185011791062 -124.86020367514021
v -62.02626824378967 244.16942668298262 -109.89724917944083
v 0 212.30189553146909 -141.75641519779646
v -62.02626824378967 244.16942668298262 -109.89724917944083
v 0.10408845264464617 244.16942468487585 -124.7686671465185
v -70.58966159820557 212.30185011791062 -124.86020367514021
v -122.76462316513062 212.30190226497865 -91.6405574046752
v -107.94869661331177 244.16943061145864 -80.65856719493273
v -70.58966159820557 212.30185011791062 -124.86020367514021
v -107.94869661331177 244.16943061145864 -80.65856719493273
v -62.02626824378967 244.16942668298262 -109.89724917944083
v -62.02626824378967 244.16942668298262 -109.89724917944083
v -107.94869661331177 244.16943061145864 -80.65856719493273
v -89.01978731155396 274.3262106938868 -67.07252740027026
v -62.02626824378967 244.16942668298262 -109.89724917944083
v -89.01978731155396 274.3262106938868 -67.07252740027026
v -50.83248019218445 274.32627895268996 -91.38628041136285
v 0.10408845264464617 244.16942468487585 -124.7686671465185
v -62.02626824378967 244.16942668298262 -109.89724917944083
v -50.83248019218445 274.32627895268996 -91.38628041136285
v 0.10408845264464617 244.16942468487585 -124.7686671465185
v -50.83248019218445 274.32627895268996 -91.38628041136285
v 0.8327076211571693 274.3262057655702 -103.75277750469806
v 122.76462316513062 212.30187841532697 -91.69857060344617
v 70.58966159820557 212.3018501169368 -124.8674515996968
v 62.2344434261322 244.16942668212573 -109.9036268762135
v 122.76462316513062 212.30187841532697 -91.69857060344617
v 62.2344434261322 244.16942668212573 -109.9036268762135
v 108.1568956375122 244.16938292088366 -80.70963049235758
v 70.58966159820557 212.3018501169368 -124.8674515996968
v 0 212.30189553146909 -141.75641519779646
v 0.10408845264464617 244.16942468487585 -124.7686671465185
v 70.58966159820557 212.3018501169368 -124.8674515996968
v 0.10408845264464617 244.16942468487585 -124.7686671465185
v 62.2344434261322 244.16942668212573 -109.9036268762135
v 62.2344434261322 244.16942668212573 -109.9036268762135
v 0.10408845264464617 244.16942468487585 -124.7686671465185
v 0.8327076211571693 274.3262057655702 -103.75277750469806
v 62.2344434261322 244.16942668212573 -109.9036268762135
v 0.8327076211571693 274.3262057655702 -103.75277750469806
v 52.49788761138916 274.3262789519772 -91.39158522456628
v 108.1568956375122 244.16938292088366 -80.70963049235758
v 62.2344434261322 244.16942668212573 -109.9036268762135
v 52.49788761138916 274.3262789519772 -91.39158522456628
v 108.1568956375122 244.16938292088366 -80.70963049235758
v 52.49788761138916 274.3262789519772 -91.39158522456628
v 90.68520069122314 274.3262106881816 -67.11498974775482
v -22.238057851791382 373.73460126549037 -23.63371574214613
v -35.824400186538696 355.91538680921633 -32.557668304230205
v -47.32734560966492 362.7173744161148 -24.032852281612215
v -22.238057851791382 373.73460126549037 -23.63371574214613
v -47.32734560966492 362.7173744161148 -24.032852281612215
v -37.15536892414093 372.5954618388829 -18.695517132078525
v -35.824400186538696 355.91538680921633 -32.557668304230205
v -53.834497928619385 334.5886302107467 -38.892175667565276
v -58.23087692260742 352.45145194422565 -26.093675464400217
v -35.824400186538696 355.91538680921633 -32.557668304230205
v -58.23087692260742 352.45145194422565 -26.093675464400217
v -47.32734560966492 362.7173744161148 -24.032852281612215
v -47.32734560966492 362.7173744161148 -24.032852281612215
v -58.23087692260742 352.45145194422565 -26.093675464400217
v -62.9805326461792 366.359934055259 -18.731304411894403
v -47.32734560966492 362.7173744161148 -24.032852281612215
v -62.9805326461792 366.359934055259 -18.731304411894403
v -55.00681400299072 372.68088738399314 -17.42174804691192
v -37.15536892414093 372.5954618388829 -18.695517132078525
v -47.32734560966492 362.7173744161148 -24.032852281612215
v -55.00681400299072 372.68088738399314 -17.42174804691192
v -37.15536892414093 372.5954618388829 -18.695517132078525
v -55.00681400299072 372.68088738399314 -17.42174804691192
v -47.03308343887329 379.0019125587282 -13.727313068558846
v 0.8327076211571693 274.3262057655702 -103.75277750469806
v -50.83248019218445 274.32627895268996 -91.38628041136285
v -38.68425190448761 303.9139783965109 -72.97457117836109
v 0.8327076211571693 274.3262057655702 -103.75277750469806
v -38.68425190448761 303.9139783965109 -72.97457117836109
v 2.6941558346152306 303.8302921414907 -82.92270524890932
v -50.83248019218445 274.32627895268996 -91.38628041136285
v -89.01978731155396 274.3262106938868 -67.07252740027026
v -69.61004734039307 304.12927300267916 -53.35094064003852
v -50.83248019218445 274.32627895268996 -91.38628041136285
v -69.61004734039307 304.12927300267916 -53.35094064003852
v -38.68425190448761 303.9139783965109 -72.97457117836109
v -38.68425190448761 303.9139783965109 -72.97457117836109
v -69.61004734039307 304.12927300267916 -53.35094064003852
v -53.834497928619385 334.5886302107467 -38.892175667565276
v -38.68425190448761 303.9139783965109 -72.97457117836109
v -53.834497928619385 334.5886302107467 -38.892175667565276
v -26.825454831123352 331.02562917296154 -56.66602335252074
v 2.6941558346152306 303.8302921414907 -82.92270524890932
v -38.68425190448761 303.9139783965109 -72.97457117836109
v -26.825454831123352 331.02562917296154 -56.66602335252074
v 2.6941558346152306 303.8302921414907 -82.92270524890932
v -26.825454831123352 331.02562917296154 -56.66602335252074
v 5.731796473264694 330.62873271094116 -64.6072571391633
v 90.68520069122314 274.3262106881816 -67.11498974775482
v 52.49788761138916 274.3262789519772 -91.39158522456628
v 43.98670792579651 303.8302457851692 -73.04324763647038
v 90.68520069122314 274.3262106881816 -67.11498974775482
v 43.98670792579651 303.8302457851692 -73.04324763647038
v 74.50729608535767 303.83024839208986 -53.64057744030513
v 52.49788761138916 274.3262789519772 -91.39158522456628
v 0.8327076211571693 274.3262057655702 -103.75277750469806
v 2.6941558346152306 303.8302921414907 -82.92270524890932
v 52.49788761138916 274.3262789519772 -91.39158522456628
v 2.6941558346152306 303.8302921414907 -82.92270524890932
v 43.98670792579651 303.8302457851692 -73.04324763647038
v 43.98670792579651 303.8302457851692 -73.04324763647038
v 2.6941558346152306 303.8302921414907 -82.92270524890932
v 5.731796473264694 330.62873271094116 -64.6072571391633
v 43.98670792579651 303.8302457851692 -73.04324763647038
v 5.731796473264694 330.62873271094116 -64.6072571391633
v 37.903910875320435 330.6287099032904 -56.90991357633505
v 74.50729608535767 303.83024839208986 -53.64057744030513
v 43.98670792579651 303.8302457851692 -73.04324763647038
v 37.903910875320435 330.6287099032904 -56.90991357633505
v 74.50729608535767 303.83024839208986 -53.64057744030513
v 37.903910875320435 330.6287099032904 -56.90991357633505
v 61.68329119682312 330.6287357762677 -41.792784410281094
v 0.8327076211571693 274.32623364577034 103.75270378838113
v 52.49788761138916 274.3263035105059 91.39151150823014
v 43.98670792579651 303.8302654131725 73.04316003143187
v 0.8327076211571693 274.32623364577034 103.75270378838113
v 43.98670792579651 303.8302654131725 73.04316003143187
v 2.6941558346152306 303.8303144242802 82.92262360432227
v 52.49788761138916 274.3263035105059 91.39151150823014
v 90.68520069122314 274.3262287231605 67.11492795236644
v 74.50729012489319 303.8302628062535 53.64050175619515
v 52.49788761138916 274.3263035105059 91.39151150823014
v 74.50729012489319 303.8302628062535 53.64050175619515
v 43.98670792579651 303.8302654131725 73.04316003143187
v 43.98670792579651 303.8302654131725 73.04316003143187
v 74.50729012489319 303.8302628062535 53.64050175619515
v 61.6832971572876 330.6287470067184 41.792701524943055
v 43.98670792579651 303.8302654131725 73.04316003143187
v 61.6832971572876 330.6287470067184 41.792701524943055
v 37.90390491485596 330.62872519598244 56.90983665146769
v 2.6941558346152306 303.8303144242802 82.92262360432227
v 43.98670792579651 303.8302654131725 73.04316003143187
v 37.90390491485596 330.62872519598244 56.90983665146769
v 2.6941558346152306 303.8303144242802 82.92262360432227
v 37.90390491485596 330.62872519598244 56.90983665146769
v 5.731796473264694 330.6287500720466 64.6071861747538
v -106.9902777671814 274.32624688471213 24.837809345679542
v -104.74395751953125 274.3262496850522 45.68005236330167
v -82.51044154167175 303.73525069654767 36.45379807924426
v -106.9902777671814 274.32624688471213 24.837809345679542
v -82.51044154167175 303.73525069654767 36.45379807924426
v -84.36756730079651 303.6157769208286 19.85779131624663
v -104.74395751953125 274.3262496850522 45.68005236330167
v -89.019775390625 274.3262287174537 67.07245368395333
v -69.61004734039307 304.1292396552988 53.35087083604602
v -104.74395751953125 274.3262496850522 45.68005236330167
v -69.61004734039307 304.1292396552988 53.35087083604602
v -82.51044154167175 303.73525069654767 36.45379807924426
v -82.51044154167175 303.73525069654767 36.45379807924426
v -69.61004734039307 304.1292396552988 53.35087083604602
v -53.834497928619385 334.58868834546723 38.89209767859139
v -82.51044154167175 303.73525069654767 36.45379807924426
v -53.834497928619385 334.58868834546723 38.89209767859139
v -66.92487597465515 329.4881268853641 28.126939602276167
v -84.36756730079651 303.6157769208286 19.85779131624663
v -82.51044154167175 303.73525069654767 36.45379807924426
v -66.92487597465515 329.4881268853641 28.126939602276167
v -84.36756730079651 303.6157769208286 19.85779131624663
v -66.92487597465515 329.4881268853641 28.126939602276167
v -68.49775910377502 328.9124873937328 15.51927326107032
v 108.65569114685059 274.3262401932271 -24.965270104456568
v 106.40939474105835 274.32623739431335 -45.79689753520755
v 87.07459568977356 303.83025068131724 -36.60242044121352
v 108.65569114685059 274.3262401932271 -24.965270104456568
v 87.07459568977356 303.83025068131724 -36.60242044121352
v 88.86991739273071 303.83025291830194 -19.953092838888978
v 106.40939474105835 274.32623739431335 -45.79689753520755
v 90.68520069122314 274.3262106881816 -67.11498974775482
v 74.50729608535767 303.83024839208986 -53.64057744030513
v 106.40939474105835 274.32623739431335 -45.79689753520755
v 74.50729608535767 303.83024839208986 -53.64057744030513
v 87.07459568977356 303.83025068131724 -36.60242044121352
v 87.07459568977356 303.83025068131724 -36.60242044121352
v 74.50729608535767 303.83024839208986 -53.64057744030513
v 61.68329119682312 330.6287357762677 -41.792784410281094
v 87.07459568977356 303.83025068131724 -36.60242044121352
v 61.68329119682312 330.6287357762677 -41.792784410281094
v 71.47480249404907 330.6287137180057 -28.517924482577023
v 88.86991739273071 303.83025291830194 -19.953092838888978
v 87.07459568977356 303.83025068131724 -36.60242044121352
v 71.47480249404907 330.6287137180057 -28.517924482577023
v 88.86991739273071 303.83025291830194 -19.953092838888978
v 71.47480249404907 330.6287137180057 -28.517924482577023
v 72.87359237670898 330.6287393027575 -15.545987270188236
v 14.616899192333221 373.513656775043 -38.524855365703225
v -4.890715330839157 373.6491268405514 -33.80987184358586
v 5.415629968047142 394.7572062277817 -25.227446875682357
v 14.616899192333221 373.513656775043 -38.524855365703225
v 5.415629968047142 394.7572062277817 -25.227446875682357
v 19.73603069782257 394.63992766306177 -28.723116105202518
v -4.890715330839157 373.6491268405514 -33.80987184358586
v -22.238057851791382 373.73460126549037 -23.63371574214613
v -4.909715056419373 395.2758390858532 -18.22601887891113
v -4.890715330839157 373.6491268405514 -33.80987184358586
v -4.909715056419373 395.2758390858532 -18.22601887891113
v 5.415629968047142 394.7572062277817 -25.227446875682357
v 5.415629968047142 394.7572062277817 -25.227446875682357
v -4.909715056419373 395.2758390858532 -18.22601887891113
v 6.298854202032089 416.17253622855446 -12.170654155825401
v 5.415629968047142 394.7572062277817 -25.227446875682357
v 6.298854202032089 416.17253622855446 -12.170654155825401
v 14.345130324363708 413.84590393826244 -18.302804074735395
v 19.73603069782257 394.63992766306177 -28.723116105202518
v 5.415629968047142 394.7572062277817 -25.227446875682357
v 14.345130324363708 413.84590393826244 -18.302804074735395
v 19.73603069782257 394.63992766306177 -28.723116105202518
v 14.345130324363708 413.84590393826244 -18.302804074735395
v 24.808041751384735 413.58264180074895 -20.918787734021272
v 72.87359237670898 330.6287393027575 -15.545987270188236
v 71.47480249404907 330.6287137180057 -28.517924482577023
v 60.81098914146423 352.98193379858895 -22.119096397064776
v 72.87359237670898 330.6287393027575 -15.545987270188236
v 60.81098914146423 352.98193379858895 -22.119096397064776
v 61.89592480659485 352.9819351504133 -12.0577999208078
v 71.47480249404907 330.6287137180057 -28.517924482577023
v 61.68329119682312 330.6287357762677 -41.792784410281094
v 53.216493129730225 352.9819324151953 -32.41535586510002
v 71.47480249404907 330.6287137180057 -28.517924482577023
v 53.216493129730225 352.9819324151953 -32.41535586510002
v 60.81098914146423 352.98193379858895 -22.119096397064776
v 60.81098914146423 352.98193379858895 -22.119096397064776
v 53.216493129730225 352.9819324151953 -32.41535586510002
v 47.98036515712738 373.51358707730424 -24.920746842103785
v 60.81098914146423 352.98193379858895 -22.119096397064776
v 47.98036515712738 373.51358707730424 -24.920746842103785
v 53.818970918655396 373.5136358245629 -17.00504614097292
v 61.89592480659485 352.9819351504133 -12.0577999208078
v 60.81098914146423 352.98193379858895 -22.119096397064776
v 53.818970918655396 373.5136358245629 -17.00504614097292
v 61.89592480659485 352.9819351504133 -12.0577999208078
v 53.818970918655396 373.5136358245629 -17.00504614097292
v 54.65306043624878 373.51358918012386 -9.269976564580258
v -53.834497928619385 334.58868834546723 38.89209767859139
v -26.825451850891113 331.02559671640165 56.66594632100055
v -15.461325645446777 353.3298907591235 44.1073017243226
v -53.834497928619385 334.58868834546723 38.89209767859139
v -15.461325645446777 353.3298907591235 44.1073017243226
v -35.824400186538696 355.9154670835988 32.55758458437589
v -26.825451850891113 331.02559671640165 56.66594632100055
v 5.731796473264694 330.6287500720466 64.6071861747538
v 9.819352626800537 352.9819673451524 50.11064860480616
v -26.825451850891113 331.02559671640165 56.66594632100055
v 9.819352626800537 352.9819673451524 50.11064860480616
v -15.461325645446777 353.3298907591235 44.1073017243226
v -15.461325645446777 353.3298907591235 44.1073017243226
v 9.819352626800537 352.9819673451524 50.11064860480616
v 14.616899192333221 373.51366712734205 38.524763936659156
v -15.461325645446777 353.3298907591235 44.1073017243226
v 14.616899192333221 373.51366712734205 38.524763936659156
v -4.890716075897217 373.64918360956585 33.809786338596616
v -35.824400186538696 355.9154670835988 32.55758458437589
v -15.461325645446777 353.3298907591235 44.1073017243226
v -4.890716075897217 373.64918360956585 33.809786338596616
v -35.824400186538696 355.9154670835988 32.55758458437589
v -4.890716075897217 373.64918360956585 33.809786338596616
v -22.238057851791382 373.7345599325624 23.63362574385337
v 5.731796473264694 330.62873271094116 -64.6072571391633
v -26.825454831123352 331.02562917296154 -56.66602335252074
v -15.461324155330658 353.32992659041247 -44.10738772963447
v 5.731796473264694 330.62873271094116 -64.6072571391633
v -15.461324155330658 353.32992659041247 -44.10738772963447
v 9.819351881742477 352.98195387952023 -50.110743457314626
v -26.825454831123352 331.02562917296154 -56.66602335252074
v -53.834497928619385 334.5886302107467 -38.892175667565276
v -35.824400186538696 355.91538680921633 -32.557668304230205
v -26.825454831123352 331.02562917296154 -56.66602335252074
v -35.824400186538696 355.91538680921633 -32.557668304230205
v -15.461324155330658 353.32992659041247 -44.10738772963447
v -15.461324155330658 353.32992659041247 -44.10738772963447
v -35.824400186538696 355.91538680921633 -32.557668304230205
v -22.238057851791382 373.73460126549037 -23.63371574214613
v -15.461324155330658 353.32992659041247 -44.10738772963447
v -22.238057851791382 373.73460126549037 -23.63371574214613
v -4.890715330839157 373.6491268405514 -33.80987184358586
v 9.819351881742477 352.98195387952023 -50.110743457314626
v -15.461324155330658 353.32992659041247 -44.10738772963447
v -4.890715330839157 373.6491268405514 -33.80987184358586
v 9.819351881742477 352.98195387952023 -50.110743457314626
v -4.890715330839157 373.6491268405514 -33.80987184358586
v 14.616899192333221 373.513656775043 -38.524855365703225
v 61.68329119682312 330.6287357762677 -41.792784410281094
v 37.903910875320435 330.6287099032904 -56.90991357633505
v 34.772709012031555 352.9819308398165 -44.140512963078244
v 61.68329119682312 330.6287357762677 -41.792784410281094
v 34.772709012031555 352.9819308398165 -44.140512963078244
v 53.216493129730225 352.9819324151953 -32.41535586510002
v 37.903910875320435 330.6287099032904 -56.90991357633505
v 5.731796473264694 330.62873271094116 -64.6072571391633
v 9.819351881742477 352.98195387952023 -50.110743457314626
v 37.903910875320435 330.6287099032904 -56.90991357633505
v 9.819351881742477 352.98195387952023 -50.110743457314626
v 34.772709012031555 352.9819308398165 -44.140512963078244
v 34.772709012031555 352.9819308398165 -44.140512963078244
v 9.819351881742477 352.98195387952023 -50.110743457314626
v 14.616899192333221 373.513656775043 -38.524855365703225
v 34.772709012031555 352.9819308398165 -44.140512963078244
v 14.616899192333221 373.513656775043 -38.524855365703225
v 33.800891041755676 373.51365739173355 -33.93497899025341
v 53.216493129730225 352.9819324151953 -32.41535586510002
v 34.772709012031555 352.9819308398165 -44.140512963078244
v 33.800891041755676 373.51365739173355 -33.93497899025341
v 53.216493129730225 352.9819324151953 -32.41535586510002
v 33.800891041755676 373.51365739173355 -33.93497899025341
v 47.98036515712738 373.51358707730424 -24.920746842103785
v 5.731796473264694 330.6287500720466 64.6071861747538
v 37.90390491485596 330.62872519598244 56.90983665146769
v 34.772709012031555 352.98194270114345 44.140430031504735
v 5.731796473264694 330.6287500720466 64.6071861747538
v 34.772709012031555 352.98194270114345 44.140430031504735
v 9.819352626800537 352.9819673451524 50.11064860480616
v 37.90390491485596 330.62872519598244 56.90983665146769
v 61.6832971572876 330.6287470067184 41.792701524943055
v 53.216493129730225 352.9819411257647 32.4152729335265
v 37.90390491485596 330.62872519598244 56.90983665146769
v 53.216493129730225 352.9819411257647 32.4152729335265
v 34.772709012031555 352.98194270114345 44.140430031504735
v 34.772709012031555 352.98194270114345 44.140430031504735
v 53.216493129730225 352.9819411257647 32.4152729335265
v 47.98036515712738 373.513641457653 24.92065988342073
v 34.772709012031555 352.98194270114345 44.140430031504735
v 47.98036515712738 373.513641457653 24.92065988342073
v 33.800894021987915 373.5136665106519 33.934890541441476
v 9.819352626800537 352.9819673451524 50.11064860480616
v 34.772709012031555 352.98194270114345 44.140430031504735
v 33.800894021987915 373.5136665106519 33.934890541441476
v 9.819352626800537 352.9819673451524 50.11064860480616
v 33.800894021987915 373.5136665106519 33.934890541441476
v 14.616899192333221 373.51366712734205 38.524763936659156
v 46.54744267463684 413.5825962513552 -5.033565201995509
v 46.094533801078796 413.5826433707493 -9.233661114104011
v 45.31886279582977 427.7218186335233 -6.764913217538466
v 46.54744267463684 413.5825962513552 -5.033565201995509
v 45.31886279582977 427.7218186335233 -6.764913217538466
v 45.650577545166016 427.7215329446723 -3.687824653881855
v 46.094533801078796 413.5826433707493 -9.233661114104011
v 42.92420446872711 413.5825951095367 -13.531839818581641
v 42.99689829349518 427.72343945678597 -9.91334518596736
v 46.094533801078796 413.5826433707493 -9.233661114104011
v 42.99689829349518 427.72343945678597 -9.91334518596736
v 45.31886279582977 427.7218186335233 -6.764913217538466
v 45.31886279582977 427.7218186335233 -6.764913217538466
v 42.99689829349518 427.72343945678597 -9.91334518596736
v 44.76885199546814 440.27670212970696 -6.995566245332728
v 45.31886279582977 427.7218186335233 -6.764913217538466
v 44.76885199546814 440.27670212970696 -6.995566245332728
v 46.4030921459198 440.2634940390117 -4.776621740146448
v 45.650577545166016 427.7215329446723 -3.687824653881855
v 45.31886279582977 427.7218186335233 -6.764913217538466
v 46.4030921459198 440.2634940390117 -4.776621740146448
v 45.650577545166016 427.7215329446723 -3.687824653881855
v 46.4030921459198 440.2634940390117 -4.776621740146448
v 46.63655161857605 440.26163466603197 -2.60427819508495
v 47.98036515712738 373.51358707730424 -24.920746842103785
v 33.800891041755676 373.51365739173355 -33.93497899025341
v 34.039103984832764 394.63983275542114 -25.30102879136881
v 47.98036515712738 373.51358707730424 -24.920746842103785
v 34.039103984832764 394.63983275542114 -25.30102879136881
v 44.610944390296936 394.6399051839875 -18.580258125939544
v 33.800891041755676 373.51365739173355 -33.93497899025341
v 14.616899192333221 373.513656775043 -38.524855365703225
v 19.73603069782257 394.63992766306177 -28.723116105202518
v 33.800891041755676 373.51365739173355 -33.93497899025341
v 19.73603069782257 394.63992766306177 -28.723116105202518
v 34.039103984832764 394.63983275542114 -25.30102879136881
v 34.039103984832764 394.63983275542114 -25.30102879136881
v 19.73603069782257 394.63992766306177 -28.723116105202518
v 24.808041751384735 413.58264180074895 -20.918787734021272
v 34.039103984832764 394.63983275542114 -25.30102879136881
v 24.808041751384735 413.58264180074895 -20.918787734021272
v 35.2248340845108 413.58268981932207 -18.426514965483243
v 44.610944390296936 394.6399051839875 -18.580258125939544
v 34.039103984832764 394.63983275542114 -25.30102879136881
v 35.2248340845108 413.58268981932207 -18.426514965483243
v 44.610944390296936 394.6399051839875 -18.580258125939544
v 35.2248340845108 413.58268981932207 -18.426514965483243
v 42.92420446872711 413.5825951095367 -13.531839818581641
v 14.616899192333221 373.51366712734205 38.524763936659156
v 33.800894021987915 373.5136665106519 33.934890541441476
v 34.039103984832764 394.6398395542433 25.30093466557946
v 14.616899192333221 373.51366712734205 38.524763936659156
v 34.039103984832764 394.6398395542433 25.30093466557946
v 19.73603367805481 394.63991153960194 28.723018999158608
v 33.800894021987915 373.5136665106519 33.934890541441476
v 47.98036515712738 373.513641457653 24.92065988342073
v 44.610944390296936 394.63986249310534 18.58016400013738
v 33.800894021987915 373.5136665106519 33.934890541441476
v 44.610944390296936 394.63986249310534 18.58016400013738
v 34.039103984832764 394.6398395542433 25.30093466557946
v 34.039103984832764 394.6398395542433 25.30093466557946
v 44.610944390296936 394.63986249310534 18.58016400013738
v 42.92420446872711 413.5826464294829 13.531742092646422
v 34.039103984832764 394.6398395542433 25.30093466557946
v 42.92420446872711 413.5826464294829 13.531742092646422
v 35.2248340845108 413.58269477083945 18.4264127691806
v 19.73603367805481 394.63991153960194 28.723018999158608
v 34.039103984832764 394.6398395542433 25.30093466557946
v 35.2248340845108 413.58269477083945 18.4264127691806
v 19.73603367805481 394.63991153960194 28.723018999158608
v 35.2248340845108 413.58269477083945 18.4264127691806
v 24.808043241500854 413.5826474219848 20.918690008079647
v -24.177825450897217 373.47391876039336 8.819444660097442
v -23.98468554019928 373.63881002289725 16.104718953798475
v -7.748847454786301 395.76255085792496 12.299344737638291
v -24.177825450897217 373.47391876039336 8.819444660097442
v -7.748847454786301 395.76255085792496 12.299344737638291
v -6.893337517976761 396.5589634849262 6.588001686714064
v -23.98468554019928 373.63881002289725 16.104718953798475
v -22.238057851791382 373.7345599325624 23.63362574385337
v -4.909715056419373 395.2758678253517 18.22592309209659
v -23.98468554019928 373.63881002289725 16.104718953798475
v -4.909715056419373 395.2758678253517 18.22592309209659
v -7.748847454786301 395.76255085792496 12.299344737638291
v -7.748847454786301 395.76255085792496 12.299344737638291
v -4.909715056419373 395.2758678253517 18.22592309209659
v 6.298854202032089 416.1724918152974 12.170554988881932
v -7.748847454786301 395.76255085792496 12.299344737638291
v 6.298854202032089 416.1724918152974 12.170554988881932
v 3.1821679323911667 414.1857493771103 8.549379494565413
v -6.893337517976761 396.5589634849262 6.588001686714064
v -7.748847454786301 395.76255085792496 12.299344737638291
v 3.1821679323911667 414.1857493771103 8.549379494565413
v -6.893337517976761 396.5589634849262 6.588001686714064
v 3.1821679323911667 414.1857493771103 8.549379494565413
v 4.6459924429655075 415.14795850664916 4.537256752330869
v 54.65306043624878 373.51358918012386 -9.269976564580258
v 53.818970918655396 373.5136358245629 -17.00504614097292
v 48.96405041217804 394.63983445136694 -12.678520816779857
v 54.65306043624878 373.51358918012386 -9.269976564580258
v 48.96405041217804 394.63983445136694 -12.678520816779857
v 49.58592653274536 394.63990675179383 -6.911460942957628
v 53.818970918655396 373.5136358245629 -17.00504614097292
v 47.98036515712738 373.51358707730424 -24.920746842103785
v 44.610944390296936 394.6399051839875 -18.580258125939544
v 53.818970918655396 373.5136358245629 -17.00504614097292
v 44.610944390296936 394.6399051839875 -18.580258125939544
v 48.96405041217804 394.63983445136694 -12.678520816779857
v 48.96405041217804 394.63983445136694 -12.678520816779857
v 44.610944390296936 394.6399051839875 -18.580258125939544
v 42.92420446872711 413.5825951095367 -13.531839818581641
v 48.96405041217804 394.63983445136694 -12.678520816779857
v 42.92420446872711 413.5825951095367 -13.531839818581641
v 46.094533801078796 413.5826433707493 -9.233661114104011
v 49.58592653274536 394.63990675179383 -6.911460942957628
v 48.96405041217804 394.63983445136694 -12.678520816779857
v 46.094533801078796 413.5826433707493 -9.233661114104011
v 49.58592653274536 394.63990675179383 -6.911460942957628
v 46.094533801078796 413.5826433707493 -9.233661114104011
v 46.54744267463684 413.5825962513552 -5.033565201995509
v -22.238057851791382 373.7345599325624 23.63362574385337
v -4.890716075897217 373.64918360956585 33.809786338596616
v 5.415629222989082 394.7572368486882 25.227352718349472
v -22.238057851791382 373.7345599325624 23.63362574385337
v 5.415629222989082 394.7572368486882 25.227352718349472
v -4.909715056419373 395.2758678253517 18.22592309209659
v -4.890716075897217 373.64918360956585 33.809786338596616
v 14.616899192333221 373.51366712734205 38.524763936659156
v 19.73603367805481 394.63991153960194 28.723018999158608
v -4.890716075897217 373.64918360956585 33.809786338596616
v 19.73603367805481 394.63991153960194 28.723018999158608
v 5.415629222989082 394.7572368486882 25.227352718349472
v 5.415629222989082 394.7572368486882 25.227352718349472
v 19.73603367805481 394.63991153960194 28.723018999158608
v 24.808043241500854 413.5826474219848 20.918690008079647
v 5.415629222989082 394.7572368486882 25.227352718349472
v 24.808043241500854 413.5826474219848 20.918690008079647
v 14.345128834247589 413.8459565402513 18.30270627804425
v -4.909715056419373 395.2758678253517 18.22592309209659
v 5.415629222989082 394.7572368486882 25.227352718349472
v 14.345128834247589 413.8459565402513 18.30270627804425
v -4.909715056419373 395.2758678253517 18.22592309209659
v 14.345128834247589 413.8459565402513 18.30270627804425
v 6.298854202032089 416.1724918152974 12.170554988881932
v 6.298854202032089 416.1724918152974 12.170554988881932
v 14.345128834247589 413.8459565402513 18.30270627804425
v 21.921563148498535 427.8397431752655 13.453737071247637
v 6.298854202032089 416.1724918152974 12.170554988881932
v 21.921563148498535 427.8397431752655 13.453737071247637
v 15.025988221168518 428.5360679475738 9.68784114387617
v 14.345128834247589 413.8459565402513 18.30270627804425
v 24.808043241500854 413.5826474219848 20.918690008079647
v 29.729288816452026 427.7323597020092 15.322579563879303
v 14.345128834247589 413.8459565402513 18.30270627804425
v 29.729288816452026 427.7323597020092 15.322579563879303
v 21.921563148498535 427.8397431752655 13.453737071247637
v 21.921563148498535 427.8397431752655 13.453737071247637
v 29.729288816452026 427.7323597020092 15.322579563879303
v 35.43667495250702 440.34780093801254 10.795973311812585
v 21.921563148498535 427.8397431752655 13.453737071247637
v 35.43667495250702 440.34780093801254 10.795973311812585
v 29.86709177494049 440.35843422707666 9.46223300245159
v 15.025988221168518 428.5360679475738 9.68784114387617
v 21.921563148498535 427.8397431752655 13.453737071247637
v 29.86709177494049 440.35843422707666 9.46223300245159
v 15.025988221168518 428.5360679475738 9.68784114387617
v 29.86709177494049 440.35843422707666 9.46223300245159
v 24.02355521917343 440.09994041182176 6.480361772746746
v 24.808041751384735 413.58264180074895 -20.918787734021272
v 14.345130324363708 413.84590393826244 -18.302804074735395
v 21.921561658382416 427.83964419256563 -13.453840118427086
v 24.808041751384735 413.58264180074895 -20.918787734021272
v 21.921561658382416 427.83964419256563 -13.453840118427086
v 29.729288816452026 427.7323555845469 -15.322681092099584
v 14.345130324363708 413.84590393826244 -18.302804074735395
v 6.298854202032089 416.17253622855446 -12.170654155825401
v 15.025989711284637 428.53606534426564 -9.687942143009272
v 14.345130324363708 413.84590393826244 -18.302804074735395
v 15.025989711284637 428.53606534426564 -9.687942143009272
v 21.921561658382416 427.83964419256563 -13.453840118427086
v 21.921561658382416 427.83964419256563 -13.453840118427086
v 15.025989711284637 428.53606534426564 -9.687942143009272
v 24.023553729057312 440.09993867041965 -6.480466624355467
v 21.921561658382416 427.83964419256563 -13.453840118427086
v 24.023553729057312 440.09993867041965 -6.480466624355467
v 29.86709177494049 440.3583840006786 -9.4623386685737
v 29.729288816452026 427.7323555845469 -15.322681092099584
v 21.921561658382416 427.83964419256563 -13.453840118427086
v 29.86709177494049 440.3583840006786 -9.4623386685737
v 29.729288816452026 427.7323555845469 -15.322681092099584
v 29.86709177494049 440.3583840006786 -9.4623386685737
v 35.43667495250702 440.34779803692896 -10.796078975083699
v 42.92420446872711 413.5825951095367 -13.531839818581641
v 35.2248340845108 413.58268981932207 -18.426514965483243
v 37.35792636871338 427.7273967234295 -13.49802949535346
v 42.92420446872711 413.5825951095367 -13.531839818581641
v 37.35792636871338 427.7273967234295 -13.49802949535346
v 42.99689829349518 427.72343945678597 -9.91334518596736
v 35.2248340845108 413.58268981932207 -18.426514965483243
v 24.808041751384735 413.58264180074895 -20.918787734021272
v 29.729288816452026 427.7323555845469 -15.322681092099584
v 35.2248340845108 413.58268981932207 -18.426514965483243
v 29.729288816452026 427.7323555845469 -15.322681092099584
v 37.35792636871338 427.7273967234295 -13.49802949535346
v 37.35792636871338 427.7273967234295 -13.49802949535346
v 29.729288816452026 427.7323555845469 -15.322681092099584
v 35.43667495250702 440.34779803692896 -10.796078975083699
v 37.35792636871338 427.7273967234295 -13.49802949535346
v 35.43667495250702 440.34779803692896 -10.796078975083699
v 40.80078601837158 440.3081253585792 -9.517005804963638
v 42.99689829349518 427.72343945678597 -9.91334518596736
v 37.35792636871338 427.7273967234295 -13.49802949535346
v 40.80078601837158 440.3081253585792 -9.517005804963638
v 42.99689829349518 427.72343945678597 -9.91334518596736
v 40.80078601837158 440.3081253585792 -9.517005804963638
v 44.76885199546814 440.27670212970696 -6.995566245332728
v 24.808043241500854 413.5826474219848 20.918690008079647
v 35.2248340845108 413.58269477083945 18.4264127691806
v 37.35792636871338 427.7274003505754 13.497926478349708
v 24.808043241500854 413.5826474219848 20.918690008079647
v 37.35792636871338 427.7274003505754 13.497926478349708
v 29.729288816452026 427.7323597020092 15.322579563879303
v 35.2248340845108 413.58269477083945 18.4264127691806
v 42.92420446872711 413.5826464294829 13.531742092646422
v 42.99689829349518 427.7234421206639 9.913243660143195
v 35.2248340845108 413.58269477083945 18.4264127691806
v 42.99689829349518 427.7234421206639 9.913243660143195
v 37.35792636871338 427.7274003505754 13.497926478349708
v 37.35792636871338 427.7274003505754 13.497926478349708
v 42.99689829349518 427.7234421206639 9.913243660143195
v 44.76885199546814 440.2767040095258 6.995463581398617
v 37.35792636871338 427.7274003505754 13.497926478349708
v 44.76885199546814 440.2767040095258 6.995463581398617
v 40.80078601837158 440.30812791595343 9.516902387527425
v 29.729288816452026 427.7323597020092 15.322579563879303
v 37.35792636871338 427.7274003505754 13.497926478349708
v 40.80078601837158 440.30812791595343 9.516902387527425
v 29.729288816452026 427.7323597020092 15.322579563879303
v 40.80078601837158 440.30812791595343 9.516902387527425
v 35.43667495250702 440.34780093801254 10.795973311812585
v 4.6459924429655075 415.14795850664916 4.537256752330869
v 3.1821679323911667 414.1857493771103 8.549379494565413
v 4.880686104297638 423.6485343919421 5.70553156725746
v 4.6459924429655075 415.14795850664916 4.537256752330869
v 4.880686104297638 423.6485343919421 5.70553156725746
v 6.052251905202866 424.293885427745 3.085534717054693
v 3.1821679323911667 414.1857493771103 8.549379494565413
v 6.298854202032089 416.1724918152974 12.170554988881932
v 5.5628277361392975 424.9971253896674 7.142396294093935
v 3.1821679323911667 414.1857493771103 8.549379494565413
v 5.5628277361392975 424.9971253896674 7.142396294093935
v 4.880686104297638 423.6485343919421 5.70553156725746
v 4.880686104297638 423.6485343919421 5.70553156725746
v 5.5628277361392975 424.9971253896674 7.142396294093935
v 2.7787359431385994 429.1649200782716 4.537337942998688
v 4.880686104297638 423.6485343919421 5.70553156725746
v 2.7787359431385994 429.1649200782716 4.537337942998688
v 2.060067653656006 428.1112052508041 3.7086811861871847
v 6.052251905202866 424.293885427745 3.085534717054693
v 4.880686104297638 423.6485343919421 5.70553156725746
v 2.060067653656006 428.1112052508041 3.7086811861871847
v 6.052251905202866 424.293885427745 3.085534717054693
v 2.060067653656006 428.1112052508041 3.7086811861871847
v 2.4029966443777084 428.2473420326188 2.0549568744653657
v -47.03308343887329 379.0019125587282 -13.727313068558846
v -55.00681400299072 372.68088738399314 -17.42174804691192
v -62.89681792259216 384.113249528525 -10.47719999188504
v -47.03308343887329 379.0019125587282 -13.727313068558846
v -62.89681792259216 384.113249528525 -10.47719999188504
v -57.77601599693298 387.55641929120475 -8.343188841701256
v -55.00681400299072 372.68088738399314 -17.42174804691192
v -62.9805326461792 366.359934055259 -18.731304411894403
v -67.81546473503113 380.37940001160865 -11.364889199290669
v -55.00681400299072 372.68088738399314 -17.42174804691192
v -67.81546473503113 380.37940001160865 -11.364889199290669
v -62.89681792259216 384.113249528525 -10.47719999188504
v -62.89681792259216 384.113249528525 -10.47719999188504
v -67.81546473503113 380.37940001160865 -11.364889199290669
v -70.6275224685669 389.47905075092643 -6.394693212442852
v -62.89681792259216 384.113249528525 -10.47719999188504
v -70.6275224685669 389.47905075092643 -6.394693212442852
v -68.95226240158081 392.83147830573955 -5.003219552927523
v -57.77601599693298 387.55641929120475 -8.343188841701256
v -62.89681792259216 384.113249528525 -10.47719999188504
v -68.95226240158081 392.83147830573955 -5.003219552927523
v -57.77601599693298 387.55641929120475 -8.343188841701256
v -68.95226240158081 392.83147830573955 -5.003219552927523
v -65.22645950317383 393.2360031213226 -4.80771563404949
v -24.177826941013336 373.4739163904407 -8.81953086305526
v -23.9846870303154 373.63880569526214 -16.104805946123268
v -33.3917498588562 376.13271201012134 -13.283229782473706
v -24.177826941013336 373.4739163904407 -8.81953086305526
v -33.3917498588562 376.13271201012134 -13.283229782473706
v -32.929813861846924 376.54756112836645 -7.293241149970386
v -23.9846870303154 373.63880569526214 -16.104805946123268
v -22.238057851791382 373.73460126549037 -23.63371574214613
v -37.15536892414093 372.5954618388829 -18.695517132078525
v -23.9846870303154 373.63880569526214 -16.104805946123268
v -37.15536892414093 372.5954618388829 -18.695517132078525
v -33.3917498588562 376.13271201012134 -13.283229782473706
v -33.3917498588562 376.13271201012134 -13.283229782473706
v -37.15536892414093 372.5954618388829 -18.695517132078525
v -47.03308343887329 379.0019125587282 -13.727313068558846
v -33.3917498588562 376.13271201012134 -13.283229782473706
v -47.03308343887329 379.0019125587282 -13.727313068558846
v -43.54458749294281 381.7673300913025 -9.795816537275828
v -32.929813861846924 376.54756112836645 -7.293241149970386
v -33.3917498588562 376.13271201012134 -13.283229782473706
v -43.54458749294281 381.7673300913025 -9.795816537275828
v -32.929813861846924 376.54756112836645 -7.293241149970386
v -43.54458749294281 381.7673300913025 -9.795816537275828
v -43.04622709751129 382.16239025652783 -5.380950621846858
v -53.834497928619385 334.58868834546723 38.89209767859139
v -35.824400186538696 355.9154670835988 32.55758458437589
v -47.327348589897156 362.7173808741567 24.032766733953206
v -53.834497928619385 334.58868834546723 38.89209767859139
v -47.327348589897156 362.7173808741567 24.032766733953206
v -58.2308828830719 352.4514112723334 26.09359267538284
v -35.824400186538696 355.9154670835988 32.55758458437589
v -22.238057851791382 373.7345599325624 23.63362574385337
v -37.15536892414093 372.595466862688 18.695430420118626
v -35.824400186538696 355.9154670835988 32.55758458437589
v -37.15536892414093 372.595466862688 18.695430420118626
v -47.327348589897156 362.7173808741567 24.032766733953206
v -47.327348589897156 362.7173808741567 24.032766733953206
v -37.15536892414093 372.595466862688 18.695430420118626
v -47.03308939933777 379.0018685637742 13.727223144962615
v -47.327348589897156 362.7173808741567 24.032766733953206
v -47.03308939933777 379.0018685637742 13.727223144962615
v -55.006808042526245 372.6808920655142 17.421662802112778
v -58.2308828830719 352.4514112723334 26.09359267538284
v -47.327348589897156 362.7173808741567 24.032766733953206
v -55.006808042526245 372.6808920655142 17.421662802112778
v -58.2308828830719 352.4514112723334 26.09359267538284
v -55.006808042526245 372.6808920655142 17.421662802112778
v -62.98052668571472 366.35991524682333 18.73121490518632
v -68.49775910377502 328.9124873937328 15.51927326107032
v -66.92487597465515 329.4881268853641 28.126939602276167
v -63.48281502723694 348.1929450267033 21.445708143669645
v -68.49775910377502 328.9124873937328 15.51927326107032
v -63.48281502723694 348.1929450267033 21.445708143669645
v -64.28415775299072 347.6165430303316 12.073308049488126
v -66.92487597465515 329.4881268853641 28.126939602276167
v -53.834497928619385 334.58868834546723 38.89209767859139
v -58.2308828830719 352.4514112723334 26.09359267538284
v -66.92487597465515 329.4881268853641 28.126939602276167
v -58.2308828830719 352.4514112723334 26.09359267538284
v -63.48281502723694 348.1929450267033 21.445708143669645
v -63.48281502723694 348.1929450267033 21.445708143669645
v -58.2308828830719 352.4514112723334 26.09359267538284
v -62.98052668571472 366.35991524682333 18.73121490518632
v -63.48281502723694 348.1929450267033 21.445708143669645
v -62.98052668571472 366.35991524682333 18.73121490518632
v -66.46902561187744 363.5944978235283 15.613056506578749
v -64.28415775299072 347.6165430303316 12.073308049488126
v -63.48281502723694 348.1929450267033 21.445708143669645
v -66.46902561187744 363.5944978235283 15.613056506578749
v -64.28415775299072 347.6165430303316 12.073308049488126
v -66.46902561187744 363.5944978235283 15.613056506578749
v -66.96738600730896 363.19941349939205 8.838437569859774
v -72.43218421936035 391.55059936238126 2.3440016676912356
v -72.13670611381531 391.18624837686656 4.387760724477548
v -71.46489024162292 396.4436398445432 2.2889263203805537
v -72.43218421936035 391.55059936238126 2.3440016676912356
v -71.46489024162292 396.4436398445432 2.2889263203805537
v -71.82589173316956 396.9626053891819 1.1075508695060268
v -72.13670611381531 391.18624837686656 4.387760724477548
v -70.6275224685669 389.47905246928127 6.394599728389734
v -68.95226240158081 392.8314081246094 5.003125540556386
v -72.13670611381531 391.18624837686656 4.387760724477548
v -68.95226240158081 392.8314081246094 5.003125540556386
v -71.46489024162292 396.4436398445432 2.2889263203805537
v -71.46489024162292 396.4436398445432 2.2889263203805537
v -68.95226240158081 392.8314081246094 5.003125540556386
v -65.22645950317383 393.23595672951427 4.807622630559221
v -71.46489024162292 396.4436398445432 2.2889263203805537
v -65.22645950317383 393.23595672951427 4.807622630559221
v -66.30210280418396 395.24472831054055 2.9723978322844165
v -71.82589173316956 396.9626053891819 1.1075508695060268
v -71.46489024162292 396.4436398445432 2.2889263203805537
v -66.30210280418396 395.24472831054055 2.9723978322844165
v -71.82589173316956 396.9626053891819 1.1075508695060268
v -66.30210280418396 395.24472831054055 2.9723978322844165
v -66.54092073440552 395.64851380919663 1.5352815060463467
v -43.04622709751129 382.16239025652783 -5.380950621846858
v -43.54458749294281 381.7673300913025 -9.795816537275828
v -55.84360957145691 389.2663576099569 -5.902229939832885
v -43.04622709751129 382.16239025652783 -5.380950621846858
v -55.84360957145691 389.2663576099569 -5.902229939832885
v -55.60991168022156 389.54282814451324 -3.225120976138677
v -43.54458749294281 381.7673300913025 -9.795816537275828
v -47.03308343887329 379.0019125587282 -13.727313068558846
v -57.77601599693298 387.55641929120475 -8.343188841701256
v -43.54458749294281 381.7673300913025 -9.795816537275828
v -57.77601599693298 387.55641929120475 -8.343188841701256
v -55.84360957145691 389.2663576099569 -5.902229939832885
v -55.84360957145691 389.2663576099569 -5.902229939832885
v -57.77601599693298 387.55641929120475 -8.343188841701256
v -65.22645950317383 393.2360031213226 -4.80771563404949
v -55.84360957145691 389.2663576099569 -5.902229939832885
v -65.22645950317383 393.2360031213226 -4.80771563404949
v -66.30210876464844 395.244751353649 -2.972491934357598
v -55.60991168022156 389.54282814451324 -3.225120976138677
v -55.84360957145691 389.2663576099569 -5.902229939832885
v -66.30210876464844 395.244751353649 -2.972491934357598
v -55.60991168022156 389.54282814451324 -3.225120976138677
v -66.30210876464844 395.244751353649 -2.972491934357598
v -66.54091477394104 395.64851339662675 -1.535374971562662
v -62.98052668571472 366.35991524682333 18.73121490518632
v -55.006808042526245 372.6808920655142 17.421662802112778
v -62.89681792259216 384.11325234392194 10.477107949717656
v -62.98052668571472 366.35991524682333 18.73121490518632
v -62.89681792259216 384.11325234392194 10.477107949717656
v -67.81545877456665 380.3794507492577 11.364798160468384
v -55.006808042526245 372.6808920655142 17.421662802112778
v -47.03308939933777 379.0018685637742 13.727223144962615
v -57.776010036468506 387.5564215331551 8.343097364409282
v -55.006808042526245 372.6808920655142 17.421662802112778
v -57.776010036468506 387.5564215331551 8.343097364409282
v -62.89681792259216 384.11325234392194 10.477107949717656
v -62.89681792259216 384.11325234392194 10.477107949717656
v -57.776010036468506 387.5564215331551 8.343097364409282
v -65.22645950317383 393.23595672951427 4.807622630559221
v -62.89681792259216 384.11325234392194 10.477107949717656
v -65.22645950317383 393.23595672951427 4.807622630559221
v -68.95226240158081 392.8314081246094 5.003125540556386
v -67.81545877456665 380.3794507492577 11.364798160468384
v -62.89681792259216 384.11325234392194 10.477107949717656
v -68.95226240158081 392.8314081246094 5.003125540556386
v -67.81545877456665 380.3794507492577 11.364798160468384
v -68.95226240158081 392.8314081246094 5.003125540556386
v -70.6275224685669 389.47905246928127 6.394599728389734
v -66.96738600730896 363.19941349939205 8.838437569859774
v -66.46902561187744 363.5944978235283 15.613056506578749
v -70.05111575126648 379.1054131630389 9.365062567880289
v -66.96738600730896 363.19941349939205 8.838437569859774
v -70.05111575126648 379.1054131630389 9.365062567880289
v -70.38588523864746 378.97430624135836 5.2751190334003
v -66.46902561187744 363.5944978235283 15.613056506578749
v -62.98052668571472 366.35991524682333 18.73121490518632
v -67.81545877456665 380.3794507492577 11.364798160468384
v -66.46902561187744 363.5944978235283 15.613056506578749
v -67.81545877456665 380.3794507492577 11.364798160468384
v -70.05111575126648 379.1054131630389 9.365062567880289
v -70.05111575126648 379.1054131630389 9.365062567880289
v -67.81545877456665 380.3794507492577 11.364798160468384
v -70.6275224685669 389.47905246928127 6.394599728389734
v -70.05111575126648 379.1054131630389 9.365062567880289
v -70.6275224685669 389.47905246928127 6.394599728389734
v -72.13670611381531 391.18624837686656 4.387760724477548
v -70.38588523864746 378.97430624135836 5.2751190334003
v -70.05111575126648 379.1054131630389 9.365062567880289
v -72.13670611381531 391.18624837686656 4.387760724477548
v -70.38588523864746 378.97430624135836 5.2751190334003
v -72.13670611381531 391.18624837686656 4.387760724477548
v -72.43218421936035 391.55059936238126 2.3440016676912356
v 44.13723349571228 463.49032692769794 -2.244591325280191
v 45.47930657863617 465.54411231963445 -1.2164650650882713
v 50.354939699172974 469.85357583653973 -0.00005593940969420015
v 44.13723349571228 463.49032692769794 -2.244591325280191
v 50.354939699172974 469.85357583653973 -0.00005593940969420015
v 46.4947909116745 465.08520408759375 -2.4571251180185723
v 44.24867630004883 464.1776401795288 -0.7893647406070838
v 45.741936564445496 465.8778984823871 -0.00005482989233124249
v 50.354939699172974 469.85357583653973 -0.00005593940969420015
v 44.24867630004883 464.1776401795288 -0.7893647406070838
v 50.354939699172974 469.85357583653973 -0.00005593940969420015
v 45.47930657863617 465.54411231963445 -1.2164650650882713
v 44.24867331981659 464.1776403916304 0.7892554678030549
v 45.47931253910065 465.54411264650537 1.2163548662954202
v 50.354939699172974 469.85357583653973 -0.00005593940969420015
v 44.24867331981659 464.1776403916304 0.7892554678030549
v 50.354939699172974 469.85357583653973 -0.00005593940969420015
v 45.741936564445496 465.8778984823871 -0.00005482989233124249
v 44.13723051548004 463.49037521455875 2.244481119575903
v 46.4947909116745 465.0851570641376 2.4570131799037727
v 50.354939699172974 469.85357583653973 -0.00005593940969420015
v 44.13723051548004 463.49037521455875 2.244481119575903
v 50.354939699172974 469.85357583653973 -0.00005593940969420015
v 45.47931253910065 465.54411264650537 1.2163548662954202
v 46.85364365577698 463.1327475234804 3.47501361522404
v 49.12344217300415 464.83043066851536 2.4984762525247284
v 50.354939699172974 469.85357583653973 -0.00005593940969420015
v 46.85364365577698 463.1327475234804 3.47501361522404
v 50.354939699172974 469.85357583653973 -0.00005593940969420015
v 46.4947909116745 465.0851570641376 2.4570131799037727
v 49.79715943336487 462.903102601066 2.3222483071803555
v 50.58189034461975 464.6868071600554 1.2977728745487136
v 50.354939699172974 469.85357583653973 -0.00005593940969420015
v 49.79715943336487 462.903102601066 2.3222483071803555
v 50.354939699172974 469.85357583653973 -0.00005593940969420015
v 49.12344217300415 464.83043066851536 2.4984762525247284
v 50.43341517448425 462.8352007954663 0.8590344308928048
v 50.68979859352112 464.6728356574237 -0.00005447680781432777
v 50.354939699172974 469.85357583653973 -0.00005593940969420015
v 50.43341517448425 462.8352007954663 0.8590344308928048
v 50.354939699172974 469.85357583653973 -0.00005593940969420015
v 50.58189034461975 464.6868071600554 1.2977728745487136
v 50.43341517448425 462.8352482483281 -0.8591428773046559
v 50.58189034461975 464.686759127592 -1.2978825635652145
v 50.354939699172974 469.85357583653973 -0.00005593940969420015
v 50.43341517448425 462.8352482483281 -0.8591428773046559
v 50.354939699172974 469.85357583653973 -0.00005593940969420015
v 50.68979859352112 464.6728356574237 -0.00005447680781432777
v 49.79715943336487 462.9031019770219 -2.322358355080488
v 49.12344813346863 464.8304299971155 -2.498587935919114
v 50.354939699172974 469.85357583653973 -0.00005593940969420015
v 49.79715943336487 462.9031019770219 -2.322358355080488
v 50.354939699172974 469.85357583653973 -0.00005593940969420015
v 50.58189034461975 464.686759127592 -1.2978825635652145
v 46.85364067554474 463.13274658966776 -3.4751246561563343
v 46.4947909116745 465.08520408759375 -2.4571251180185723
v 50.354939699172974 469.85357583653973 -0.00005593940969420015
v 46.85364067554474 463.13274658966776 -3.4751246561563343
v 50.354939699172974 469.85357583653973 -0.00005593940969420015
v 49.12344813346863 464.8304299971155 -2.498587935919114
v 35.43667495250702 440.34779803692896 -10.796078975083699
v 29.86709177494049 440.3583840006786 -9.4623386685737
v 39.19760286808014 454.3421582308022 -5.5654091219564945
v 35.43667495250702 440.34779803692896 -10.796078975083699
v 39.19760286808014 454.3421582308022 -5.5654091219564945
v 42.22850203514099 454.0481880186263 -6.415415246287121
v 29.86709177494049 440.3583840006786 -9.4623386685737
v 24.023553729057312 440.09993867041965 -6.480466624355467
v 36.900320649147034 454.50003921235043 -4.048045557420555
v 29.86709177494049 440.3583840006786 -9.4623386685737
v 36.900320649147034 454.50003921235043 -4.048045557420555
v 39.19760286808014 454.3421582308022 -5.5654091219564945
v 39.19760286808014 454.3421582308022 -5.5654091219564945
v 36.900320649147034 454.50003921235043 -4.048045557420555
v 44.13723349571228 463.49032692769794 -2.244591325280191
v 39.19760286808014 454.3421582308022 -5.5654091219564945
v 44.13723349571228 463.49032692769794 -2.244591325280191
v 46.4947909116745 465.08520408759375 -2.4571251180185723
v 42.22850203514099 454.0481880186263 -6.415415246287121
v 39.19760286808014 454.3421582308022 -5.5654091219564945
v 46.4947909116745 465.08520408759375 -2.4571251180185723
v 42.22850203514099 454.0481880186263 -6.415415246287121
v 46.4947909116745 465.08520408759375 -2.4571251180185723
v 46.85364067554474 463.13274658966776 -3.4751246561563343
v 44.76885199546814 440.27670212970696 -6.995566245332728
v 40.80078601837158 440.3081253585792 -9.517005804963638
v 45.44682502746582 454.11933222788537 -5.6139026842891795
v 44.76885199546814 440.27670212970696 -6.995566245332728
v 45.44682502746582 454.11933222788537 -5.6139026842891795
v 47.73482382297516 453.8547354898805 -4.184705505465506
v 40.80078601837158 440.3081253585792 -9.517005804963638
v 35.43667495250702 440.34779803692896 -10.796078975083699
v 42.22850203514099 454.0481880186263 -6.415415246287121
v 40.80078601837158 440.3081253585792 -9.517005804963638
v 42.22850203514099 454.0481880186263 -6.415415246287121
v 45.44682502746582 454.11933222788537 -5.6139026842891795
v 45.44682502746582 454.11933222788537 -5.6139026842891795
v 42.22850203514099 454.0481880186263 -6.415415246287121
v 46.85364067554474 463.13274658966776 -3.4751246561563343
v 45.44682502746582 454.11933222788537 -5.6139026842891795
v 46.85364067554474 463.13274658966776 -3.4751246561563343
v 49.12344813346863 464.8304299971155 -2.498587935919114
v 47.73482382297516 453.8547354898805 -4.184705505465506
v 45.44682502746582 454.11933222788537 -5.6139026842891795
v 49.12344813346863 464.8304299971155 -2.498587935919114
v 47.73482382297516 453.8547354898805 -4.184705505465506
v 49.12344813346863 464.8304299971155 -2.498587935919114
v 49.79715943336487 462.9031019770219 -2.322358355080488
v 46.63655161857605 440.26163466603197 -2.60427819508495
v 46.4030921459198 440.2634940390117 -4.776621740146448
v 48.728278279304504 453.9961178836356 -2.8361739519054066
v 46.63655161857605 440.26163466603197 -2.60427819508495
v 48.728278279304504 453.9961178836356 -2.8361739519054066
v 48.84266257286072 453.8096270487067 -1.5615200737888253
v 46.4030921459198 440.2634940390117 -4.776621740146448
v 44.76885199546814 440.27670212970696 -6.995566245332728
v 47.73482382297516 453.8547354898805 -4.184705505465506
v 46.4030921459198 440.2634940390117 -4.776621740146448
v 47.73482382297516 453.8547354898805 -4.184705505465506
v 48.728278279304504 453.9961178836356 -2.8361739519054066
v 48.728278279304504 453.9961178836356 -2.8361739519054066
v 47.73482382297516 453.8547354898805 -4.184705505465506
v 49.79715943336487 462.9031019770219 -2.322358355080488
v 48.728278279304504 453.9961178836356 -2.8361739519054066
v 49.79715943336487 462.9031019770219 -2.322358355080488
v 50.58189034461975 464.686759127592 -1.2978825635652145
v 48.84266257286072 453.8096270487067 -1.5615200737888253
v 48.728278279304504 453.9961178836356 -2.8361739519054066
v 50.58189034461975 464.686759127592 -1.2978825635652145
v 48.84266257286072 453.8096270487067 -1.5615200737888253
v 50.58189034461975 464.686759127592 -1.2978825635652145
v 50.43341517448425 462.8352482483281 -0.8591428773046559
v 35.43667495250702 440.34780093801254 10.795973311812585
v 40.80078601837158 440.30812791595343 9.516902387527425
v 45.44681906700134 454.1193814201401 5.61379406541458
v 35.43667495250702 440.34780093801254 10.795973311812585
v 45.44681906700134 454.1193814201401 5.61379406541458
v 42.228496074676514 454.04814205883304 6.415305156426946
v 40.80078601837158 440.30812791595343 9.516902387527425
v 44.76885199546814 440.2767040095258 6.995463581398617
v 47.734829783439636 453.85473661437067 4.184598820344282
v 40.80078601837158 440.30812791595343 9.516902387527425
v 47.734829783439636 453.85473661437067 4.184598820344282
v 45.44681906700134 454.1193814201401 5.61379406541458
v 45.44681906700134 454.1193814201401 5.61379406541458
v 47.734829783439636 453.85473661437067 4.184598820344282
v 49.79715943336487 462.903102601066 2.3222483071803555
v 45.44681906700134 454.1193814201401 5.61379406541458
v 49.79715943336487 462.903102601066 2.3222483071803555
v 49.12344217300415 464.83043066851536 2.4984762525247284
v 42.228496074676514 454.04814205883304 6.415305156426946
v 45.44681906700134 454.1193814201401 5.61379406541458
v 49.12344217300415 464.83043066851536 2.4984762525247284
v 42.228496074676514 454.04814205883304 6.415305156426946
v 49.12344217300415 464.83043066851536 2.4984762525247284
v 46.85364365577698 463.1327475234804 3.47501361522404
v 24.02355521917343 440.09994041182176 6.480361772746746
v 29.86709177494049 440.35843422707666 9.46223300245159
v 39.19760584831238 454.3422074100258 5.5653004432046
v 24.02355521917343 440.09994041182176 6.480361772746746
v 39.19760584831238 454.3422074100258 5.5653004432046
v 36.900320649147034 454.4999926164034 4.047937953843162
v 29.86709177494049 440.35843422707666 9.46223300245159
v 35.43667495250702 440.34780093801254 10.795973311812585
v 42.228496074676514 454.04814205883304 6.415305156426946
v 29.86709177494049 440.35843422707666 9.46223300245159
v 42.228496074676514 454.04814205883304 6.415305156426946
v 39.19760584831238 454.3422074100258 5.5653004432046
v 39.19760584831238 454.3422074100258 5.5653004432046
v 42.228496074676514 454.04814205883304 6.415305156426946
v 46.85364365577698 463.1327475234804 3.47501361522404
v 39.19760584831238 454.3422074100258 5.5653004432046
v 46.85364365577698 463.1327475234804 3.47501361522404
v 46.4947909116745 465.0851570641376 2.4570131799037727
v 36.900320649147034 454.4999926164034 4.047937953843162
v 39.19760584831238 454.3422074100258 5.5653004432046
v 46.4947909116745 465.0851570641376 2.4570131799037727
v 36.900320649147034 454.4999926164034 4.047937953843162
v 46.4947909116745 465.0851570641376 2.4570131799037727
v 44.13723051548004 463.49037521455875 2.244481119575903
v 27.28116810321808 445.6284849944967 1.9571785244184259
v 26.170337200164795 444.38384492707854 3.7458320637467755
v 37.02920973300934 455.64368630942283 2.6205381094125055
v 27.28116810321808 445.6284849944967 1.9571785244184259
v 37.02920973300934 455.64368630942283 2.6205381094125055
v 37.5235378742218 456.1928594816209 1.3991296618474829
v 26.170337200164795 444.38384492707854 3.7458320637467755
v 24.02355521917343 440.09994041182176 6.480361772746746
v 36.900320649147034 454.4999926164034 4.047937953843162
v 26.170337200164795 444.38384492707854 3.7458320637467755
v 36.900320649147034 454.4999926164034 4.047937953843162
v 37.02920973300934 455.64368630942283 2.6205381094125055
v 37.02920973300934 455.64368630942283 2.6205381094125055
v 36.900320649147034 454.4999926164034 4.047937953843162
v 44.13723051548004 463.49037521455875 2.244481119575903
v 37.02920973300934 455.64368630942283 2.6205381094125055
v 44.13723051548004 463.49037521455875 2.244481119575903
v 45.47931253910065 465.54411264650537 1.2163548662954202
v 37.5235378742218 456.1928594816209 1.3991296618474829
v 37.02920973300934 455.64368630942283 2.6205381094125055
v 45.47931253910065 465.54411264650537 1.2163548662954202
v 37.5235378742218 456.1928594816209 1.3991296618474829
v 45.47931253910065 465.54411264650537 1.2163548662954202
v 44.24867331981659 464.1776403916304 0.7892554678030549
v 24.023553729057312 440.09993867041965 -6.480466624355467
v 26.170337200164795 444.38384392049323 -3.745935086284522
v 37.0292067527771 455.6436856052233 -2.6206456477852913
v 24.023553729057312 440.09993867041965 -6.480466624355467
v 37.0292067527771 455.6436856052233 -2.6206456477852913
v 36.900320649147034 454.50003921235043 -4.048045557420555
v 26.170337200164795 444.38384392049323 -3.745935086284522
v 27.28116810321808 445.62848446855423 -1.9572820676775895
v 37.5235378742218 456.1929067893498 -1.3992364164767404
v 26.170337200164795 444.38384392049323 -3.745935086284522
v 37.5235378742218 456.1929067893498 -1.3992364164767404
v 37.0292067527771 455.6436856052233 -2.6206456477852913
v 37.0292067527771 455.6436856052233 -2.6206456477852913
v 37.5235378742218 456.1929067893498 -1.3992364164767404
v 44.24867630004883 464.1776401795288 -0.7893647406070838
v 37.0292067527771 455.6436856052233 -2.6206456477852913
v 44.24867630004883 464.1776401795288 -0.7893647406070838
v 45.47930657863617 465.54411231963445 -1.2164650650882713
v 36.900320649147034 454.50003921235043 -4.048045557420555
v 37.0292067527771 455.6436856052233 -2.6206456477852913
v 45.47930657863617 465.54411231963445 -1.2164650650882713
v 36.900320649147034 454.50003921235043 -4.048045557420555
v 45.47930657863617 465.54411231963445 -1.2164650650882713
v 44.13723349571228 463.49032692769794 -2.244591325280191
v 27.28116810321808 445.62848446855423 -1.9572820676775895
v 27.64083743095398 445.94772719801523 -0.00005167004798652448
v 37.91828155517578 456.5824829222598 -0.00005330747446654099
v 27.28116810321808 445.62848446855423 -1.9572820676775895
v 37.91828155517578 456.5824829222598 -0.00005330747446654099
v 37.5235378742218 456.1929067893498 -1.3992364164767404
v 27.64083743095398 445.94772719801523 -0.00005167004798652448
v 27.28116810321808 445.6284849944967 1.9571785244184259
v 37.5235378742218 456.1928594816209 1.3991296618474829
v 27.64083743095398 445.94772719801523 -0.00005167004798652448
v 37.5235378742218 456.1928594816209 1.3991296618474829
v 37.91828155517578 456.5824829222598 -0.00005330747446654099
v 37.91828155517578 456.5824829222598 -0.00005330747446654099
v 37.5235378742218 456.1928594816209 1.3991296618474829
v 44.24867331981659 464.1776403916304 0.7892554678030549
v 37.91828155517578 456.5824829222598 -0.00005330747446654099
v 44.24867331981659 464.1776403916304 0.7892554678030549
v 45.741936564445496 465.8778984823871 -0.00005482989233124249
v 37.5235378742218 456.1929067893498 -1.3992364164767404
v 37.91828155517578 456.5824829222598 -0.00005330747446654099
v 45.741936564445496 465.8778984823871 -0.00005482989233124249
v 37.5235378742218 456.1929067893498 -1.3992364164767404
v 45.741936564445496 465.8778984823871 -0.00005482989233124249
v 44.24867630004883 464.1776401795288 -0.7893647406070838
v -62.9805326461792 366.359934055259 -18.731304411894403
v -66.46903157234192 363.5944936280114 -15.61314527016707
v -70.051109790802 379.1054106464684 -9.365154009410606
v -62.9805326461792 366.359934055259 -18.731304411894403
v -70.051109790802 379.1054106464684 -9.365154009410606
v -67.81546473503113 380.37940001160865 -11.364889199290669
v -66.46903157234192 363.5944936280114 -15.61314527016707
v -66.96738600730896 363.19941112433537 -8.83852622728218
v -70.38588523864746 378.9743048238281 -5.275210439700014
v -66.46903157234192 363.5944936280114 -15.61314527016707
v -70.38588523864746 378.9743048238281 -5.275210439700014
v -70.051109790802 379.1054106464684 -9.365154009410606
v -70.051109790802 379.1054106464684 -9.365154009410606
v -70.38588523864746 378.9743048238281 -5.275210439700014
v -72.43218421936035 391.5505987324939 -2.344095149612337
v -70.051109790802 379.1054106464684 -9.365154009410606
v -72.43218421936035 391.5505987324939 -2.344095149612337
v -72.13670611381531 391.1862233559278 -4.387854667281331
v -67.81546473503113 380.37940001160865 -11.364889199290669
v -70.051109790802 379.1054106464684 -9.365154009410606
v -72.13670611381531 391.1862233559278 -4.387854667281331
v -67.81546473503113 380.37940001160865 -11.364889199290669
v -72.13670611381531 391.1862233559278 -4.387854667281331
v -70.6275224685669 389.47905075092643 -6.394693212442852
v -66.96738600730896 363.19941112433537 -8.83852622728218
v -66.96738004684448 363.1993884700067 -0.000044186198355686667
v -70.38588523864746 378.97432937445035 -0.000045821822574337116
v -66.96738600730896 363.19941112433537 -8.83852622728218
v -70.38588523864746 378.97432937445035 -0.000045821822574337116
v -70.38588523864746 378.9743048238281 -5.275210439700014
v -66.96738004684448 363.1993884700067 -0.000044186198355686667
v -66.96738600730896 363.19941349939205 8.838437569859774
v -70.38588523864746 378.97430624135836 5.2751190334003
v -66.96738004684448 363.1993884700067 -0.000044186198355686667
v -70.38588523864746 378.97430624135836 5.2751190334003
v -70.38588523864746 378.97432937445035 -0.000045821822574337116
v -70.38588523864746 378.97432937445035 -0.000045821822574337116
v -70.38588523864746 378.97430624135836 5.2751190334003
v -72.43218421936035 391.55059936238126 2.3440016676912356
v -70.38588523864746 378.97432937445035 -0.000045821822574337116
v -72.43218421936035 391.55059936238126 2.3440016676912356
v -72.43217825889587 391.55067057300886 -0.000046622472242143904
v -70.38588523864746 378.9743048238281 -5.275210439700014
v -70.38588523864746 378.97432937445035 -0.000045821822574337116
v -72.43217825889587 391.55067057300886 -0.000046622472242143904
v -70.38588523864746 378.9743048238281 -5.275210439700014
v -72.43217825889587 391.55067057300886 -0.000046622472242143904
v -72.43218421936035 391.5505987324939 -2.344095149612337
v -47.03308939933777 379.0018685637742 13.727223144962615
v -43.54458749294281 381.7673327236 9.7957273606727
v -55.84360361099243 389.26638303783557 5.9021387481050995
v -47.03308939933777 379.0018685637742 13.727223144962615
v -55.84360361099243 389.26638303783557 5.9021387481050995
v -57.776010036468506 387.5564215331551 8.343097364409282
v -43.54458749294281 381.7673327236 9.7957273606727
v -43.04622709751129 382.1623917024727 5.380861711613239
v -55.60991168022156 389.54282901114817 3.2250300826506777
v -43.54458749294281 381.7673327236 9.7957273606727
v -55.60991168022156 389.54282901114817 3.2250300826506777
v -55.84360361099243 389.26638303783557 5.9021387481050995
v -55.84360361099243 389.26638303783557 5.9021387481050995
v -55.60991168022156 389.54282901114817 3.2250300826506777
v -66.54092073440552 395.64851380919663 1.5352815060463467
v -55.84360361099243 389.26638303783557 5.9021387481050995
v -66.54092073440552 395.64851380919663 1.5352815060463467
v -66.30210280418396 395.24472831054055 2.9723978322844165
v -57.776010036468506 387.5564215331551 8.343097364409282
v -55.84360361099243 389.26638303783557 5.9021387481050995
v -66.30210280418396 395.24472831054055 2.9723978322844165
v -57.776010036468506 387.5564215331551 8.343097364409282
v -66.30210280418396 395.24472831054055 2.9723978322844165
v -65.22645950317383 393.23595672951427 4.807622630559221
v -43.04622709751129 382.1623917024727 5.380861711613239
v -43.04623007774353 382.16243866321446 -0.00004415870042879591
v -55.60990571975708 389.5428285778307 -0.000045450801198706975
v -43.04622709751129 382.1623917024727 5.380861711613239
v -55.60990571975708 389.5428285778307 -0.000045450801198706975
v -55.60991168022156 389.54282901114817 3.2250300826506777
v -43.04623007774353 382.16243866321446 -0.00004415870042879591
v -43.04622709751129 382.16239025652783 -5.380950621846858
v -55.60991168022156 389.54282814451324 -3.225120976138677
v -43.04623007774353 382.16243866321446 -0.00004415870042879591
v -55.60991168022156 389.54282814451324 -3.225120976138677
v -55.60990571975708 389.5428285778307 -0.000045450801198706975
v -55.60990571975708 389.5428285778307 -0.000045450801198706975
v -55.60991168022156 389.54282814451324 -3.225120976138677
v -66.54091477394104 395.64851339662675 -1.535374971562662
v -55.60990571975708 389.5428285778307 -0.000045450801198706975
v -66.54091477394104 395.64851339662675 -1.535374971562662
v -66.54091477394104 395.6484659191975 -0.00004663154204714477
v -55.60991168022156 389.54282901114817 3.2250300826506777
v -55.60990571975708 389.5428285778307 -0.000045450801198706975
v -66.54091477394104 395.6484659191975 -0.00004663154204714477
v -55.60991168022156 389.54282901114817 3.2250300826506777
v -66.54091477394104 395.6484659191975 -0.00004663154204714477
v -66.54092073440552 395.64851380919663 1.5352815060463467
v -70.6275224685669 389.47905075092643 -6.394693212442852
v -72.13670611381531 391.1862233559278 -4.387854667281331
v -71.46489024162292 396.4436392294555 -2.289020558354825
v -70.6275224685669 389.47905075092643 -6.394693212442852
v -71.46489024162292 396.4436392294555 -2.289020558354825
v -68.95226240158081 392.83147830573955 -5.003219552927523
v -72.13670611381531 391.1862233559278 -4.387854667281331
v -72.43218421936035 391.5505987324939 -2.344095149612337
v -71.82589173316956 396.9626050915507 -1.1076449675388165
v -72.13670611381531 391.1862233559278 -4.387854667281331
v -71.82589173316956 396.9626050915507 -1.1076449675388165
v -71.46489024162292 396.4436392294555 -2.289020558354825
v -71.46489024162292 396.4436392294555 -2.289020558354825
v -71.82589173316956 396.9626050915507 -1.1076449675388165
v -66.54091477394104 395.64851339662675 -1.535374971562662
v -71.46489024162292 396.4436392294555 -2.289020558354825
v -66.54091477394104 395.64851339662675 -1.535374971562662
v -66.30210876464844 395.244751353649 -2.972491934357598
v -68.95226240158081 392.83147830573955 -5.003219552927523
v -71.46489024162292 396.4436392294555 -2.289020558354825
v -66.30210876464844 395.244751353649 -2.972491934357598
v -68.95226240158081 392.83147830573955 -5.003219552927523
v -66.30210876464844 395.244751353649 -2.972491934357598
v -65.22645950317383 393.2360031213226 -4.80771563404949
v -72.43218421936035 391.5505987324939 -2.344095149612337
v -72.43217825889587 391.55067057300886 -0.000046622472242143904
v -71.82589173316956 396.96265292408054 -0.00004697870678441765
v -72.43218421936035 391.5505987324939 -2.344095149612337
v -71.82589173316956 396.96265292408054 -0.00004697870678441765
v -71.82589173316956 396.9626050915507 -1.1076449675388165
v -72.43217825889587 391.55067057300886 -0.000046622472242143904
v -72.43218421936035 391.55059936238126 2.3440016676912356
v -71.82589173316956 396.9626053891819 1.1075508695060268
v -72.43217825889587 391.55067057300886 -0.000046622472242143904
v -71.82589173316956 396.9626053891819 1.1075508695060268
v -71.82589173316956 396.96265292408054 -0.00004697870678441765
v -71.82589173316956 396.96265292408054 -0.00004697870678441765
v -71.82589173316956 396.9626053891819 1.1075508695060268
v -66.54092073440552 395.64851380919663 1.5352815060463467
v -71.82589173316956 396.96265292408054 -0.00004697870678441765
v -66.54092073440552 395.64851380919663 1.5352815060463467
v -66.54091477394104 395.6484659191975 -0.00004663154204714477
v -71.82589173316956 396.9626050915507 -1.1076449675388165
v -71.82589173316956 396.96265292408054 -0.00004697870678441765
v -66.54091477394104 395.6484659191975 -0.00004663154204714477
v -71.82589173316956 396.9626050915507 -1.1076449675388165
v -66.54091477394104 395.6484659191975 -0.00004663154204714477
v -66.54091477394104 395.64851339662675 -1.535374971562662
v -53.834497928619385 334.5886302107467 -38.892175667565276
v -66.92487001419067 329.4880954852896 -28.127016220642382
v -63.48281502723694 348.19293926385046 -21.445789788355434
v -53.834497928619385 334.5886302107467 -38.892175667565276
v -63.48281502723694 348.19293926385046 -21.445789788355434
v -58.23087692260742 352.45145194422565 -26.093675464400217
v -66.92487001419067 329.4880954852896 -28.127016220642382
v -68.49775910377502 328.9124832234188 -15.519349724755656
v -64.28415775299072 347.61653978600845 -12.073392519516954
v -66.92487001419067 329.4880954852896 -28.127016220642382
v -64.28415775299072 347.61653978600845 -12.073392519516954
v -63.48281502723694 348.19293926385046 -21.445789788355434
v -63.48281502723694 348.19293926385046 -21.445789788355434
v -64.28415775299072 347.61653978600845 -12.073392519516954
v -66.96738600730896 363.19941112433537 -8.83852622728218
v -63.48281502723694 348.19293926385046 -21.445789788355434
v -66.96738600730896 363.19941112433537 -8.83852622728218
v -66.46903157234192 363.5944936280114 -15.61314527016707
v -58.23087692260742 352.45145194422565 -26.093675464400217
v -63.48281502723694 348.19293926385046 -21.445789788355434
v -66.46903157234192 363.5944936280114 -15.61314527016707
v -58.23087692260742 352.45145194422565 -26.093675464400217
v -66.46903157234192 363.5944936280114 -15.61314527016707
v -62.9805326461792 366.359934055259 -18.731304411894403
v -68.49775910377502 328.9124832234188 -15.519349724755656
v -68.4977650642395 328.91248530857564 -0.000039443158120787495
v -64.28415775299072 347.61658909188424 -0.000042093082809355915
v -68.49775910377502 328.9124832234188 -15.519349724755656
v -64.28415775299072 347.61658909188424 -0.000042093082809355915
v -64.28415775299072 347.61653978600845 -12.073392519516954
v -68.4977650642395 328.91248530857564 -0.000039443158120787495
v -68.49775910377502 328.9124873937328 15.51927326107032
v -64.28415775299072 347.6165430303316 12.073308049488126
v -68.4977650642395 328.91248530857564 -0.000039443158120787495
v -64.28415775299072 347.6165430303316 12.073308049488126
v -64.28415775299072 347.61658909188424 -0.000042093082809355915
v -64.28415775299072 347.61658909188424 -0.000042093082809355915
v -64.28415775299072 347.6165430303316 12.073308049488126
v -66.96738600730896 363.19941349939205 8.838437569859774
v -64.28415775299072 347.61658909188424 -0.000042093082809355915
v -66.96738600730896 363.19941349939205 8.838437569859774
v -66.96738004684448 363.1993884700067 -0.000044186198355686667
v -64.28415775299072 347.61653978600845 -12.073392519516954
v -64.28415775299072 347.61658909188424 -0.000042093082809355915
v -66.96738004684448 363.1993884700067 -0.000044186198355686667
v -64.28415775299072 347.61653978600845 -12.073392519516954
v -66.96738004684448 363.1993884700067 -0.000044186198355686667
v -66.96738600730896 363.19941112433537 -8.83852622728218
v -22.238057851791382 373.7345599325624 23.63362574385337
v -23.98468554019928 373.63881002289725 16.104718953798475
v -33.3917498588562 376.1326678958348 13.283143610114665
v -22.238057851791382 373.7345599325624 23.63362574385337
v -33.3917498588562 376.1326678958348 13.283143610114665
v -37.15536892414093 372.595466862688 18.695430420118626
v -23.98468554019928 373.63881002289725 16.104718953798475
v -24.177825450897217 373.47391876039336 8.819444660097442
v -32.929813861846924 376.547563088178 7.2931548661278445
v -23.98468554019928 373.63881002289725 16.104718953798475
v -32.929813861846924 376.547563088178 7.2931548661278445
v -33.3917498588562 376.1326678958348 13.283143610114665
v -33.3917498588562 376.1326678958348 13.283143610114665
v -32.929813861846924 376.547563088178 7.2931548661278445
v -43.04622709751129 382.1623917024727 5.380861711613239
v -33.3917498588562 376.1326678958348 13.283143610114665
v -43.04622709751129 382.1623917024727 5.380861711613239
v -43.54458749294281 381.7673327236 9.7957273606727
v -37.15536892414093 372.595466862688 18.695430420118626
v -33.3917498588562 376.1326678958348 13.283143610114665
v -43.54458749294281 381.7673327236 9.7957273606727
v -37.15536892414093 372.595466862688 18.695430420118626
v -43.54458749294281 381.7673327236 9.7957273606727
v -47.03308939933777 379.0018685637742 13.727223144962615
v -24.177825450897217 373.47391876039336 8.819444660097442
v -24.1534560918808 373.48958167552786 -0.00004282740622596047
v -32.929813861846924 376.54756210827225 -0.000043040696645803186
v -24.177825450897217 373.47391876039336 8.819444660097442
v -32.929813861846924 376.54756210827225 -0.000043040696645803186
v -32.929813861846924 376.547563088178 7.2931548661278445
v -24.1534560918808 373.48958167552786 -0.00004282740622596047
v -24.177826941013336 373.4739163904407 -8.81953086305526
v -32.929813861846924 376.54756112836645 -7.293241149970386
v -24.1534560918808 373.48958167552786 -0.00004282740622596047
v -32.929813861846924 376.54756112836645 -7.293241149970386
v -32.929813861846924 376.54756210827225 -0.000043040696645803186
v -32.929813861846924 376.54756210827225 -0.000043040696645803186
v -32.929813861846924 376.54756112836645 -7.293241149970386
v -43.04622709751129 382.16239025652783 -5.380950621846858
v -32.929813861846924 376.54756210827225 -0.000043040696645803186
v -43.04622709751129 382.16239025652783 -5.380950621846858
v -43.04623007774353 382.16243866321446 -0.00004415870042879591
v -32.929813861846924 376.547563088178 7.2931548661278445
v -32.929813861846924 376.54756210827225 -0.000043040696645803186
v -43.04623007774353 382.16243866321446 -0.00004415870042879591
v -32.929813861846924 376.547563088178 7.2931548661278445
v -43.04623007774353 382.16243866321446 -0.00004415870042879591
v -43.04622709751129 382.1623917024727 5.380861711613239
v 24.02355521917343 440.09994041182176 6.480361772746746
v 26.170337200164795 444.38384492707854 3.7458320637467755
v 16.77631288766861 438.4707305416891 3.44769602319982
v 24.02355521917343 440.09994041182176 6.480361772746746
v 16.77631288766861 438.4707305416891 3.44769602319982
v 14.381459355354309 435.6649256437328 5.027822184617327
v 26.170337200164795 444.38384492707854 3.7458320637467755
v 27.28116810321808 445.6284849944967 1.9571785244184259
v 17.656077444553375 439.36069916889426 1.8519488599180443
v 26.170337200164795 444.38384492707854 3.7458320637467755
v 17.656077444553375 439.36069916889426 1.8519488599180443
v 16.77631288766861 438.4707305416891 3.44769602319982
v 16.77631288766861 438.4707305416891 3.44769602319982
v 17.656077444553375 439.36069916889426 1.8519488599180443
v 9.004512429237366 436.4058346958896 1.3146399453648085
v 16.77631288766861 438.4707305416891 3.44769602319982
v 9.004512429237366 436.4058346958896 1.3146399453648085
v 8.897320926189423 436.27060382877943 2.403719324918538
v 14.381459355354309 435.6649256437328 5.027822184617327
v 16.77631288766861 438.4707305416891 3.44769602319982
v 8.897320926189423 436.27060382877943 2.403719324918538
v 14.381459355354309 435.6649256437328 5.027822184617327
v 8.897320926189423 436.27060382877943 2.403719324918538
v 8.16526710987091 435.3305195396866 3.4168786096467874
v 6.298854202032089 416.1724918152974 12.170554988881932
v 15.025988221168518 428.5360679475738 9.68784114387617
v 9.665492177009583 430.11244343630835 6.572213869110426
v 6.298854202032089 416.1724918152974 12.170554988881932
v 9.665492177009583 430.11244343630835 6.572213869110426
v 5.5628277361392975 424.9971253896674 7.142396294093935
v 15.025988221168518 428.5360679475738 9.68784114387617
v 24.02355521917343 440.09994041182176 6.480361772746746
v 14.381459355354309 435.6649256437328 5.027822184617327
v 15.025988221168518 428.5360679475738 9.68784114387617
v 14.381459355354309 435.6649256437328 5.027822184617327
v 9.665492177009583 430.11244343630835 6.572213869110426
v 9.665492177009583 430.11244343630835 6.572213869110426
v 14.381459355354309 435.6649256437328 5.027822184617327
v 8.16526710987091 435.3305195396866 3.4168786096467874
v 9.665492177009583 430.11244343630835 6.572213869110426
v 8.16526710987091 435.3305195396866 3.4168786096467874
v 5.397208780050278 432.20470914078226 4.289710418861674
v 5.5628277361392975 424.9971253896674 7.142396294093935
v 9.665492177009583 430.11244343630835 6.572213869110426
v 5.397208780050278 432.20470914078226 4.289710418861674
v 5.5628277361392975 424.9971253896674 7.142396294093935
v 5.397208780050278 432.20470914078226 4.289710418861674
v 2.7787359431385994 429.1649200782716 4.537337942998688
v -22.238057851791382 373.73460126549037 -23.63371574214613
v -23.9846870303154 373.63880569526214 -16.104805946123268
v -7.74884819984436 395.7624998691468 -12.299434694765925
v -22.238057851791382 373.73460126549037 -23.63371574214613
v -7.74884819984436 395.7624998691468 -12.299434694765925
v -4.909715056419373 395.2758390858532 -18.22601887891113
v -23.9846870303154 373.63880569526214 -16.104805946123268
v -24.177826941013336 373.4739163904407 -8.81953086305526
v -6.893337517976761 396.55891403088674 -6.588094093026194
v -23.9846870303154 373.63880569526214 -16.104805946123268
v -6.893337517976761 396.55891403088674 -6.588094093026194
v -7.74884819984436 395.7624998691468 -12.299434694765925
v -7.74884819984436 395.7624998691468 -12.299434694765925
v -6.893337517976761 396.55891403088674 -6.588094093026194
v 4.645992070436478 415.1480049711089 -4.537354526377306
v -7.74884819984436 395.7624998691468 -12.299434694765925
v 4.645992070436478 415.1480049711089 -4.537354526377306
v 3.1821679323911667 414.1857470797275 -8.549476637513635
v -4.909715056419373 395.2758390858532 -18.22601887891113
v -7.74884819984436 395.7624998691468 -12.299434694765925
v 3.1821679323911667 414.1857470797275 -8.549476637513635
v -4.909715056419373 395.2758390858532 -18.22601887891113
v 3.1821679323911667 414.1857470797275 -8.549476637513635
v 6.298854202032089 416.17253622855446 -12.170654155825401
v -24.177826941013336 373.4739163904407 -8.81953086305526
v -24.1534560918808 373.48958167552786 -0.00004282740622596047
v -6.357227265834808 396.9038350626295 -0.00004611235338020004
v -24.177826941013336 373.4739163904407 -8.81953086305526
v -6.357227265834808 396.9038350626295 -0.00004611235338020004
v -6.893337517976761 396.55891403088674 -6.588094093026194
v -24.1534560918808 373.48958167552786 -0.00004282740622596047
v -24.177825450897217 373.47391876039336 8.819444660097442
v -6.893337517976761 396.5589634849262 6.588001686714064
v -24.1534560918808 373.48958167552786 -0.00004282740622596047
v -6.893337517976761 396.5589634849262 6.588001686714064
v -6.357227265834808 396.9038350626295 -0.00004611235338020004
v -6.357227265834808 396.9038350626295 -0.00004611235338020004
v -6.893337517976761 396.5589634849262 6.588001686714064
v 4.6459924429655075 415.14795850664916 4.537256752330869
v -6.357227265834808 396.9038350626295 -0.00004611235338020004
v 4.6459924429655075 415.14795850664916 4.537256752330869
v 5.425788089632988 415.6496382539957 -0.00004857247724484357
v -6.893337517976761 396.55891403088674 -6.588094093026194
v -6.357227265834808 396.9038350626295 -0.00004611235338020004
v 5.425788089632988 415.6496382539957 -0.00004857247724484357
v -6.893337517976761 396.55891403088674 -6.588094093026194
v 5.425788089632988 415.6496382539957 -0.00004857247724484357
v 4.645992070436478 415.1480049711089 -4.537354526377306
v -89.01978731155396 274.3262106938868 -67.07252740027026
v -104.7439694404602 274.32623741000384 -45.68011713892859
v -82.5104296207428 303.7351932170417 -36.45387373781701
v -89.01978731155396 274.3262106938868 -67.07252740027026
v -82.5104296207428 303.7351932170417 -36.45387373781701
v -69.61004734039307 304.12927300267916 -53.35094064003852
v -104.7439694404602 274.32623741000384 -45.68011713892859
v -106.9902777671814 274.3262163684863 -24.8378771015354
v -84.36756730079651 303.61577158467855 -19.85786247237346
v -104.7439694404602 274.32623741000384 -45.68011713892859
v -84.36756730079651 303.61577158467855 -19.85786247237346
v -82.5104296207428 303.7351932170417 -36.45387373781701
v -82.5104296207428 303.7351932170417 -36.45387373781701
v -84.36756730079651 303.61577158467855 -19.85786247237346
v -68.49775910377502 328.9124832234188 -15.519349724755656
v -82.5104296207428 303.7351932170417 -36.45387373781701
v -68.49775910377502 328.9124832234188 -15.519349724755656
v -66.92487001419067 329.4880954852896 -28.127016220642382
v -69.61004734039307 304.12927300267916 -53.35094064003852
v -82.5104296207428 303.7351932170417 -36.45387373781701
v -66.92487001419067 329.4880954852896 -28.127016220642382
v -69.61004734039307 304.12927300267916 -53.35094064003852
v -66.92487001419067 329.4880954852896 -28.127016220642382
v -53.834497928619385 334.5886302107467 -38.892175667565276
v -106.9902777671814 274.3262163684863 -24.8378771015354
v -106.9902777671814 274.3262912312419 -0.000034179911614583245
v -84.36757922172546 303.61577425275345 -0.00003649709996454793
v -106.9902777671814 274.3262163684863 -24.8378771015354
v -84.36757922172546 303.61577425275345 -0.00003649709996454793
v -84.36756730079651 303.61577158467855 -19.85786247237346
v -106.9902777671814 274.3262912312419 -0.000034179911614583245
v -106.9902777671814 274.32624688471213 24.837809345679542
v -84.36756730079651 303.6157769208286 19.85779131624663
v -106.9902777671814 274.3262912312419 -0.000034179911614583245
v -84.36756730079651 303.6157769208286 19.85779131624663
v -84.36757922172546 303.61577425275345 -0.00003649709996454793
v -84.36757922172546 303.61577425275345 -0.00003649709996454793
v -84.36756730079651 303.6157769208286 19.85779131624663
v -68.49775910377502 328.9124873937328 15.51927326107032
v -84.36757922172546 303.61577425275345 -0.00003649709996454793
v -68.49775910377502 328.9124873937328 15.51927326107032
v -68.4977650642395 328.91248530857564 -0.000039443158120787495
v -84.36756730079651 303.61577158467855 -19.85786247237346
v -84.36757922172546 303.61577425275345 -0.00003649709996454793
v -68.4977650642395 328.91248530857564 -0.000039443158120787495
v -84.36756730079651 303.61577158467855 -19.85786247237346
v -68.4977650642395 328.91248530857564 -0.000039443158120787495
v -68.49775910377502 328.9124832234188 -15.519349724755656
v -122.76462316513062 212.30190226497865 -91.6405574046752
v -144.9954867362976 211.98397498303586 -62.7447570452488
v -127.01073884963989 244.10911416604003 -54.95851747408116
v -122.76462316513062 212.30190226497865 -91.6405574046752
v -127.01073884963989 244.10911416604003 -54.95851747408116
v -107.94869661331177 244.16943061145864 -80.65856719493273
v -144.9954867362976 211.98397498303586 -62.7447570452488
v -154.6905279159546 208.9238287237394 -34.592959349394704
v -130.3152561187744 244.04734327157647 -29.97120218946902
v -144.9954867362976 211.98397498303586 -62.7447570452488
v -130.3152561187744 244.04734327157647 -29.97120218946902
v -127.01073884963989 244.10911416604003 -54.95851747408116
v -127.01073884963989 244.10911416604003 -54.95851747408116
v -130.3152561187744 244.04734327157647 -29.97120218946902
v -106.9902777671814 274.3262163684863 -24.8378771015354
v -127.01073884963989 244.10911416604003 -54.95851747408116
v -106.9902777671814 274.3262163684863 -24.8378771015354
v -104.7439694404602 274.32623741000384 -45.68011713892859
v -107.94869661331177 244.16943061145864 -80.65856719493273
v -127.01073884963989 244.10911416604003 -54.95851747408116
v -104.7439694404602 274.32623741000384 -45.68011713892859
v -107.94869661331177 244.16943061145864 -80.65856719493273
v -104.7439694404602 274.32623741000384 -45.68011713892859
v -89.01978731155396 274.3262106938868 -67.07252740027026
v -154.6905279159546 208.9238287237394 -34.592959349394704
v -154.31421995162964 216.1931917577355 -0.000028110813024560172
v -130.444073677063 244.52535269134827 -0.00003045396180843666
v -154.6905279159546 208.9238287237394 -34.592959349394704
v -130.444073677063 244.52535269134827 -0.00003045396180843666
v -130.3152561187744 244.04734327157647 -29.97120218946902
v -154.31421995162964 216.1931917577355 -0.000028110813024560172
v -154.6905279159546 208.92383801947352 34.592906188090204
v -130.3152561187744 244.04735132536123 29.971139589853856
v -154.31421995162964 216.1931917577355 -0.000028110813024560172
v -130.3152561187744 244.04735132536123 29.971139589853856
v -130.444073677063 244.52535269134827 -0.00003045396180843666
v -130.444073677063 244.52535269134827 -0.00003045396180843666
v -130.3152561187744 244.04735132536123 29.971139589853856
v -106.9902777671814 274.32624688471213 24.837809345679542
v -130.444073677063 244.52535269134827 -0.00003045396180843666
v -106.9902777671814 274.32624688471213 24.837809345679542
v -106.9902777671814 274.3262912312419 -0.000034179911614583245
v -130.3152561187744 244.04734327157647 -29.97120218946902
v -130.444073677063 244.52535269134827 -0.00003045396180843666
v -106.9902777671814 274.3262912312419 -0.000034179911614583245
v -130.3152561187744 244.04734327157647 -29.97120218946902
v -106.9902777671814 274.3262912312419 -0.000034179911614583245
v -106.9902777671814 274.3262163684863 -24.8378771015354
v -132.33832120895386 143.42594712696675 -98.78705540756803
v -156.02834224700928 143.19277795566563 -67.59388351226502
v -154.46865558624268 177.39848769104276 -67.45783455059782
v -132.33832120895386 143.42594712696675 -98.78705540756803
v -154.46865558624268 177.39848769104276 -67.45783455059782
v -130.7861328125 177.80480848688595 -97.62839941607864
v -156.02834224700928 143.19277795566563 -67.59388351226502
v -163.7218952178955 141.4559743056579 -36.97643861957906
v -163.59951496124268 174.3345140368307 -45.08795542043729
v -156.02834224700928 143.19277795566563 -67.59388351226502
v -163.59951496124268 174.3345140368307 -45.08795542043729
v -154.46865558624268 177.39848769104276 -67.45783455059782
v -154.46865558624268 177.39848769104276 -67.45783455059782
v -163.59951496124268 174.3345140368307 -45.08795542043729
v -154.6905279159546 208.9238287237394 -34.592959349394704
v -154.46865558624268 177.39848769104276 -67.45783455059782
v -154.6905279159546 208.9238287237394 -34.592959349394704
v -144.9954867362976 211.98397498303586 -62.7447570452488
v -130.7861328125 177.80480848688595 -97.62839941607864
v -154.46865558624268 177.39848769104276 -67.45783455059782
v -144.9954867362976 211.98397498303586 -62.7447570452488
v -130.7861328125 177.80480848688595 -97.62839941607864
v -144.9954867362976 211.98397498303586 -62.7447570452488
v -122.76462316513062 212.30190226497865 -91.6405574046752
v -154.6905279159546 208.92383801947352 34.592906188090204
v -154.31421995162964 216.1931917577355 -0.000028110813024560172
v -178.66774797439575 193.26010280957826 -0.00002415143238401081
v -154.6905279159546 208.92383801947352 34.592906188090204
v -178.66774797439575 193.26010280957826 -0.00002415143238401081
v -178.49606275558472 186.1803021375765 22.546319208797033
v -154.31421995162964 216.1931917577355 -0.000028110813024560172
v -154.6905279159546 208.9238287237394 -34.592959349394704
v -178.49606275558472 186.18031992083135 -22.54636923874615
v -154.31421995162964 216.1931917577355 -0.000028110813024560172
v -178.49606275558472 186.18031992083135 -22.54636923874615
v -178.66774797439575 193.26010280957826 -0.00002415143238401081
v -178.66774797439575 193.26010280957826 -0.00002415143238401081
v -178.49606275558472 186.18031992083135 -22.54636923874615
v -200.00958442687988 169.20156873138208 -16.276141826032664
v -178.66774797439575 193.26010280957826 -0.00002415143238401081
v -200.00958442687988 169.20156873138208 -16.276141826032664
v -201.19144916534424 174.3655979555165 -0.000019827284102034384
v -178.49606275558472 186.1803021375765 22.546319208797033
v -178.66774797439575 193.26010280957826 -0.00002415143238401081
v -201.19144916534424 174.3655979555165 -0.000019827284102034384
v -178.49606275558472 186.1803021375765 22.546319208797033
v -201.19144916534424 174.3655979555165 -0.000019827284102034384
v -200.00958442687988 169.2015850259933 16.276103809150662
v -120.53744792938232 85.74033069236717 -89.97801194205041
v -141.6314959526062 85.74034050866236 -61.28000963225848
v -151.11258029937744 112.29808260071958 -65.3605530026433
v -120.53744792938232 85.74033069236717 -89.97801194205041
v -151.11258029937744 112.29808260071958 -65.3605530026433
v -128.5224437713623 112.33717913792323 -95.938593037915
v -141.6314959526062 85.74034050866236 -61.28000963225848
v -144.64493989944458 85.7403442653283 -33.32006777159876
v -154.74878549575806 111.90817686684295 -35.61156581696987
v -141.6314959526062 85.74034050866236 -61.28000963225848
v -154.74878549575806 111.90817686684295 -35.61156581696987
v -151.11258029937744 112.29808260071958 -65.3605530026433
v -151.11258029937744 112.29808260071958 -65.3605530026433
v -154.74878549575806 111.90817686684295 -35.61156581696987
v -163.7218952178955 141.4559743056579 -36.97643861957906
v -151.11258029937744 112.29808260071958 -65.3605530026433
v -163.7218952178955 141.4559743056579 -36.97643861957906
v -156.02834224700928 143.19277795566563 -67.59388351226502
v -128.5224437713623 112.33717913792323 -95.938593037915
v -151.11258029937744 112.29808260071958 -65.3605530026433
v -156.02834224700928 143.19277795566563 -67.59388351226502
v -128.5224437713623 112.33717913792323 -95.938593037915
v -156.02834224700928 143.19277795566563 -67.59388351226502
v -132.33832120895386 143.42594712696675 -98.78705540756803
v -144.64493989944458 85.7403442653283 -33.32006777159876
v -144.64493989944458 85.74034874217271 -0.000014447031797480211
v -154.93203401565552 111.16855956079742 -0.000016926879236143714
v -144.64493989944458 85.7403442653283 -33.32006777159876
v -154.93203401565552 111.16855956079742 -0.000016926879236143714
v -154.74878549575806 111.90817686684295 -35.61156581696987
v -144.64493989944458 85.74034874217271 -0.000014447031797480211
v -144.64493989944458 85.74035321901752 33.32004175141541
v -154.74878549575806 111.90818643629656 35.611526804561784
v -144.64493989944458 85.74034874217271 -0.000014447031797480211
v -154.74878549575806 111.90818643629656 35.611526804561784
v -154.93203401565552 111.16855956079742 -0.000016926879236143714
v -154.93203401565552 111.16855956079742 -0.000016926879236143714
v -154.74878549575806 111.90818643629656 35.611526804561784
v -163.7218952178955 141.45598424187716 36.976400607850515
v -154.93203401565552 111.16855956079742 -0.000016926879236143714
v -163.7218952178955 141.45598424187716 36.976400607850515
v -164.69037532806396 132.60061287002586 -0.000016879409324784112
v -154.74878549575806 111.90817686684295 -35.61156581696987
v -154.93203401565552 111.16855956079742 -0.000016926879236143714
v -164.69037532806396 132.60061287002586 -0.000016879409324784112
v -154.74878549575806 111.90817686684295 -35.61156581696987
v -164.69037532806396 132.60061287002586 -0.000016879409324784112
v -163.7218952178955 141.4559743056579 -36.97643861957906
v -92.83514022827148 49.332208362760575 -69.29895707413488
v -109.12480354309082 48.79241973992374 -47.39715056228843
v -128.197181224823 64.29475772503137 -55.4783948106869
v -92.83514022827148 49.332208362760575 -69.29895707413488
v -128.197181224823 64.29475772503137 -55.4783948106869
v -109.09194946289062 64.40375324780454 -81.43423190191281
v -109.12480354309082 48.79241973992374 -47.39715056228843
v -111.60374879837036 44.0923372776465 -25.831099424229237
v -131.13362789154053 63.881140660270255 -30.224864282720688
v -109.12480354309082 48.79241973992374 -47.39715056228843
v -131.13362789154053 63.881140660270255 -30.224864282720688
v -128.197181224823 64.29475772503137 -55.4783948106869
v -128.197181224823 64.29475772503137 -55.4783948106869
v -131.13362789154053 63.881140660270255 -30.224864282720688
v -144.64493989944458 85.7403442653283 -33.32006777159876
v -128.197181224823 64.29475772503137 -55.4783948106869
v -144.64493989944458 85.7403442653283 -33.32006777159876
v -141.6314959526062 85.74034050866236 -61.28000963225848
v -109.09194946289062 64.40375324780454 -81.43423190191281
v -128.197181224823 64.29475772503137 -55.4783948106869
v -141.6314959526062 85.74034050866236 -61.28000963225848
v -109.09194946289062 64.40375324780454 -81.43423190191281
v -141.6314959526062 85.74034050866236 -61.28000963225848
v -120.53744792938232 85.74033069236717 -89.97801194205041
v -111.60374879837036 44.0923372776465 -25.831099424229237
v -117.82429218292236 44.961528431200605 -0.000010080317370398426
v -131.60547018051147 63.83933206436813 -0.000012792340988427197
v -111.60374879837036 44.0923372776465 -25.831099424229237
v -131.60547018051147 63.83933206436813 -0.000012792340988427197
v -131.13362789154053 63.881140660270255 -30.224864282720688
v -117.82429218292236 44.961528431200605 -0.000010080317370398426
v -111.60374879837036 44.09234719915005 25.831078635139047
v -131.13362789154053 63.88114878222383 30.22484115626071
v -117.82429218292236 44.961528431200605 -0.000010080317370398426
v -131.13362789154053 63.88114878222383 30.22484115626071
v -131.60547018051147 63.83933206436813 -0.000012792340988427197
v -131.60547018051147 63.83933206436813 -0.000012792340988427197
v -131.13362789154053 63.88114878222383 30.22484115626071
v -144.64493989944458 85.74035321901752 33.32004175141541
v -131.60547018051147 63.83933206436813 -0.000012792340988427197
v -144.64493989944458 85.74035321901752 33.32004175141541
v -144.64493989944458 85.74034874217271 -0.000014447031797480211
v -131.13362789154053 63.881140660270255 -30.224864282720688
v -131.60547018051147 63.83933206436813 -0.000012792340988427197
v -144.64493989944458 85.74034874217271 -0.000014447031797480211
v -131.13362789154053 63.881140660270255 -30.224864282720688
v -144.64493989944458 85.74034874217271 -0.000014447031797480211
v -144.64493989944458 85.7403442653283 -33.32006777159876
v -49.2717444896698 38.063036905211774 -38.31446551072741
v -49.70244765281677 36.902173062351665 -22.39057989869621
v -82.71009922027588 40.383231321885646 -36.44107998036986
v -49.2717444896698 38.063036905211774 -38.31446551072741
v -82.71009922027588 40.383231321885646 -36.44107998036986
v -70.94827890396118 41.07077457948524 -53.23800218152922
v -49.70244765281677 36.902173062351665 -22.39057989869621
v -59.31544303894043 32.76887232981362 -14.208551687427674
v -84.95075702667236 35.88251016489983 -24.72549329318685
v -49.70244765281677 36.902173062351665 -22.39057989869621
v -84.95075702667236 35.88251016489983 -24.72549329318685
v -82.71009922027588 40.383231321885646 -36.44107998036986
v -82.71009922027588 40.383231321885646 -36.44107998036986
v -84.95075702667236 35.88251016489983 -24.72549329318685
v -111.60374879837036 44.0923372776465 -25.831099424229237
v -82.71009922027588 40.383231321885646 -36.44107998036986
v -111.60374879837036 44.0923372776465 -25.831099424229237
v -109.12480354309082 48.79241973992374 -47.39715056228843
v -70.94827890396118 41.07077457948524 -53.23800218152922
v -82.71009922027588 40.383231321885646 -36.44107998036986
v -109.12480354309082 48.79241973992374 -47.39715056228843
v -70.94827890396118 41.07077457948524 -53.23800218152922
v -109.12480354309082 48.79241973992374 -47.39715056228843
v -92.83514022827148 49.332208362760575 -69.29895707413488
v -59.31544303894043 32.76887614790168 14.20853990161829
v -84.95074510574341 35.88251680907597 24.725477690455282
v -83.70022773742676 25.139267802481193 17.940339924661163
v -59.31544303894043 32.76887614790168 14.20853990161829
v -83.70022773742676 25.139267802481193 17.940339924661163
v -65.72819352149963 23.35938575814907 10.605306402077032
v -84.95074510574341 35.88251680907597 24.725477690455282
v -111.60374879837036 44.09234719915005 25.831078635139047
v -101.52965784072876 27.321292154761995 15.779242178907758
v -84.95074510574341 35.88251680907597 24.725477690455282
v -101.52965784072876 27.321292154761995 15.779242178907758
v -83.70022773742676 25.139267802481193 17.940339924661163
v -83.70022773742676 25.139267802481193 17.940339924661163
v -101.52965784072876 27.321292154761995 15.779242178907758
v -95.9202527999878 14.165340023223688 12.163092111598077
v -83.70022773742676 25.139267802481193 17.940339924661163
v -95.9202527999878 14.165340023223688 12.163092111598077
v -81.86662793159485 13.338743104624193 14.149209070618072
v -65.72819352149963 23.35938575814907 10.605306402077032
v -83.70022773742676 25.139267802481193 17.940339924661163
v -81.86662793159485 13.338743104624193 14.149209070618072
v -65.72819352149963 23.35938575814907 10.605306402077032
v -81.86662793159485 13.338743104624193 14.149209070618072
v -67.81299114227295 12.512146639191966 8.417570856908158
v 44.76885199546814 440.2767040095258 6.995463581398617
v 46.40308320522308 440.26349532256074 4.776518707232648
v 48.72828125953674 453.9961186457515 2.836067601321293
v 44.76885199546814 440.2767040095258 6.995463581398617
v 48.72828125953674 453.9961186457515 2.836067601321293
v 47.734829783439636 453.85473661437067 4.184598820344282
v 46.40308320522308 440.26349532256074 4.776518707232648
v 46.63654863834381 440.2616353658341 2.6041770253159604
v 48.84266257286072 453.8096274683007 1.5614145183761847
v 46.40308320522308 440.26349532256074 4.776518707232648
v 48.84266257286072 453.8096274683007 1.5614145183761847
v 48.72828125953674 453.9961186457515 2.836067601321293
v 48.72828125953674 453.9961186457515 2.836067601321293
v 48.84266257286072 453.8096274683007 1.5614145183761847
v 50.43341517448425 462.8352007954663 0.8590344308928048
v 48.72828125953674 453.9961186457515 2.836067601321293
v 50.43341517448425 462.8352007954663 0.8590344308928048
v 50.58189034461975 464.6868071600554 1.2977728745487136
v 47.734829783439636 453.85473661437067 4.184598820344282
v 48.72828125953674 453.9961186457515 2.836067601321293
v 50.58189034461975 464.6868071600554 1.2977728745487136
v 47.734829783439636 453.85473661437067 4.184598820344282
v 50.58189034461975 464.6868071600554 1.2977728745487136
v 49.79715943336487 462.903102601066 2.3222483071803555
v 46.63654863834381 440.2616353658341 2.6041770253159604
v 46.63655161857605 440.2615396485047 -0.00005032064642639982
v 48.86975884437561 453.9900147492775 -0.0000524871654515852
v 46.63654863834381 440.2616353658341 2.6041770253159604
v 48.86975884437561 453.9900147492775 -0.0000524871654515852
v 48.84266257286072 453.8096274683007 1.5614145183761847
v 46.63655161857605 440.2615396485047 -0.00005032064642639982
v 46.63655161857605 440.26163466603197 -2.60427819508495
v 48.84266257286072 453.8096270487067 -1.5615200737888253
v 46.63655161857605 440.2615396485047 -0.00005032064642639982
v 48.84266257286072 453.8096270487067 -1.5615200737888253
v 48.86975884437561 453.9900147492775 -0.0000524871654515852
v 48.86975884437561 453.9900147492775 -0.0000524871654515852
v 48.84266257286072 453.8096270487067 -1.5615200737888253
v 50.43341517448425 462.8352482483281 -0.8591428773046559
v 48.86975884437561 453.9900147492775 -0.0000524871654515852
v 50.43341517448425 462.8352482483281 -0.8591428773046559
v 50.68979859352112 464.6728356574237 -0.00005447680781432777
v 48.84266257286072 453.8096274683007 1.5614145183761847
v 48.86975884437561 453.9900147492775 -0.0000524871654515852
v 50.68979859352112 464.6728356574237 -0.00005447680781432777
v 48.84266257286072 453.8096274683007 1.5614145183761847
v 50.68979859352112 464.6728356574237 -0.00005447680781432777
v 50.43341517448425 462.8352007954663 0.8590344308928048
v 47.98036515712738 373.513641457653 24.92065988342073
v 53.818970918655396 373.5136642359656 17.00495918228025
v 48.96405041217804 394.6398378582981 12.67843116133871
v 47.98036515712738 373.513641457653 24.92065988342073
v 48.96405041217804 394.6398378582981 12.67843116133871
v 44.610944390296936 394.63986249310534 18.58016400013738
v 53.818970918655396 373.5136642359656 17.00495918228025
v 54.65306043624878 373.5136393548337 9.269891841071304
v 49.58592653274536 394.63986092529944 6.9113697973876
v 53.818970918655396 373.5136642359656 17.00495918228025
v 49.58592653274536 394.63986092529944 6.9113697973876
v 48.96405041217804 394.6398378582981 12.67843116133871
v 48.96405041217804 394.6398378582981 12.67843116133871
v 49.58592653274536 394.63986092529944 6.9113697973876
v 46.54744267463684 413.5825976039507 5.033471201356868
v 48.96405041217804 394.6398378582981 12.67843116133871
v 46.54744267463684 413.5825976039507 5.033471201356868
v 46.09453082084656 413.58269353569887 9.233564878272047
v 44.610944390296936 394.63986249310534 18.58016400013738
v 48.96405041217804 394.6398378582981 12.67843116133871
v 46.09453082084656 413.58269353569887 9.233564878272047
v 44.610944390296936 394.63986249310534 18.58016400013738
v 46.09453082084656 413.58269353569887 9.233564878272047
v 42.92420446872711 413.5826464294829 13.531742092646422
v 54.65306043624878 373.5136393548337 9.269891841071304
v 54.65306043624878 373.51359042562166 -0.000042750137472672544
v 49.58592355251312 394.6398361548325 -0.00004502060449774785
v 54.65306043624878 373.5136393548337 9.269891841071304
v 49.58592355251312 394.6398361548325 -0.00004502060449774785
v 49.58592653274536 394.63986092529944 6.9113697973876
v 54.65306043624878 373.51359042562166 -0.000042750137472672544
v 54.65306043624878 373.51358918012386 -9.269976564580258
v 49.58592653274536 394.63990675179383 -6.911460942957628
v 54.65306043624878 373.51359042562166 -0.000042750137472672544
v 49.58592653274536 394.63990675179383 -6.911460942957628
v 49.58592355251312 394.6398361548325 -0.00004502060449774785
v 49.58592355251312 394.6398361548325 -0.00004502060449774785
v 49.58592653274536 394.63990675179383 -6.911460942957628
v 46.54744267463684 413.5825962513552 -5.033565201995509
v 49.58592355251312 394.6398361548325 -0.00004502060449774785
v 46.54744267463684 413.5825962513552 -5.033565201995509
v 46.5474396944046 413.58264461136713 -0.000047101983073095566
v 49.58592653274536 394.63986092529944 6.9113697973876
v 49.58592355251312 394.6398361548325 -0.00004502060449774785
v 46.5474396944046 413.58264461136713 -0.000047101983073095566
v 49.58592653274536 394.63986092529944 6.9113697973876
v 46.5474396944046 413.58264461136713 -0.000047101983073095566
v 46.54744267463684 413.5825976039507 5.033471201356868
v 42.92420446872711 413.5826464294829 13.531742092646422
v 46.09453082084656 413.58269353569887 9.233564878272047
v 45.31886577606201 427.72177276764796 6.7648146723885025
v 42.92420446872711 413.5826464294829 13.531742092646422
v 45.31886577606201 427.72177276764796 6.7648146723885025
v 42.99689829349518 427.7234421206639 9.913243660143195
v 46.09453082084656 413.58269353569887 9.233564878272047
v 46.54744267463684 413.5825976039507 5.033471201356868
v 45.650577545166016 427.72153393564304 3.6877275989184324
v 46.09453082084656 413.58269353569887 9.233564878272047
v 45.650577545166016 427.72153393564304 3.6877275989184324
v 45.31886577606201 427.72177276764796 6.7648146723885025
v 45.31886577606201 427.72177276764796 6.7648146723885025
v 45.650577545166016 427.72153393564304 3.6877275989184324
v 46.63654863834381 440.2616353658341 2.6041770253159604
v 45.31886577606201 427.72177276764796 6.7648146723885025
v 46.63654863834381 440.2616353658341 2.6041770253159604
v 46.40308320522308 440.26349532256074 4.776518707232648
v 42.99689829349518 427.7234421206639 9.913243660143195
v 45.31886577606201 427.72177276764796 6.7648146723885025
v 46.40308320522308 440.26349532256074 4.776518707232648
v 42.99689829349518 427.7234421206639 9.913243660143195
v 46.40308320522308 440.26349532256074 4.776518707232648
v 44.76885199546814 440.2767040095258 6.995463581398617
v 46.54744267463684 413.5825976039507 5.033471201356868
v 46.5474396944046 413.58264461136713 -0.000047101983073095566
v 45.65057456493378 427.72153344015766 -0.00004860145560235443
v 46.54744267463684 413.5825976039507 5.033471201356868
v 45.65057456493378 427.72153344015766 -0.00004860145560235443
v 45.650577545166016 427.72153393564304 3.6877275989184324
v 46.5474396944046 413.58264461136713 -0.000047101983073095566
v 46.54744267463684 413.5825962513552 -5.033565201995509
v 45.650577545166016 427.7215329446723 -3.687824653881855
v 46.5474396944046 413.58264461136713 -0.000047101983073095566
v 45.650577545166016 427.7215329446723 -3.687824653881855
v 45.65057456493378 427.72153344015766 -0.00004860145560235443
v 45.65057456493378 427.72153344015766 -0.00004860145560235443
v 45.650577545166016 427.7215329446723 -3.687824653881855
v 46.63655161857605 440.26163466603197 -2.60427819508495
v 45.65057456493378 427.72153344015766 -0.00004860145560235443
v 46.63655161857605 440.26163466603197 -2.60427819508495
v 46.63655161857605 440.2615396485047 -0.00005032064642639982
v 45.650577545166016 427.72153393564304 3.6877275989184324
v 45.65057456493378 427.72153344015766 -0.00004860145560235443
v 46.63655161857605 440.2615396485047 -0.00005032064642639982
v 45.650577545166016 427.72153393564304 3.6877275989184324
v 46.63655161857605 440.2615396485047 -0.00005032064642639982
v 46.63654863834381 440.2616353658341 2.6041770253159604
v 61.6832971572876 330.6287470067184 41.792701524943055
v 71.47480249404907 330.6287213812671 28.51784755770966
v 60.81098914146423 352.9819397423714 22.1190164457234
v 61.6832971572876 330.6287470067184 41.792701524943055
v 60.81098914146423 352.9819397423714 22.1190164457234
v 53.216493129730225 352.9819411257647 32.4152729335265
v 71.47480249404907 330.6287213812671 28.51784755770966
v 72.87359237670898 330.62874348022945 15.54591034531447
v 61.89591884613037 352.9819383905468 12.057717734292321
v 71.47480249404907 330.6287213812671 28.51784755770966
v 61.89591884613037 352.9819383905468 12.057717734292321
v 60.81098914146423 352.9819397423714 22.1190164457234
v 60.81098914146423 352.9819397423714 22.1190164457234
v 61.89591884613037 352.9819383905468 12.057717734292321
v 54.65306043624878 373.5136393548337 9.269891841071304
v 60.81098914146423 352.9819397423714 22.1190164457234
v 54.65306043624878 373.5136393548337 9.269891841071304
v 53.818970918655396 373.5136642359656 17.00495918228025
v 53.216493129730225 352.9819411257647 32.4152729335265
v 60.81098914146423 352.9819397423714 22.1190164457234
v 53.818970918655396 373.5136642359656 17.00495918228025
v 53.216493129730225 352.9819411257647 32.4152729335265
v 53.818970918655396 373.5136642359656 17.00495918228025
v 47.98036515712738 373.513641457653 24.92065988342073
v 72.87359237670898 330.62874348022945 15.54591034531447
v 72.87359237670898 330.6287175496364 -0.00003829803256995145
v 61.89592480659485 352.98193677048016 -0.00004026593946524064
v 72.87359237670898 330.62874348022945 15.54591034531447
v 61.89592480659485 352.98193677048016 -0.00004026593946524064
v 61.89591884613037 352.9819383905468 12.057717734292321
v 72.87359237670898 330.6287175496364 -0.00003829803256995145
v 72.87359237670898 330.6287393027575 -15.545987270188236
v 61.89592480659485 352.9819351504133 -12.0577999208078
v 72.87359237670898 330.6287175496364 -0.00003829803256995145
v 61.89592480659485 352.9819351504133 -12.0577999208078
v 61.89592480659485 352.98193677048016 -0.00004026593946524064
v 61.89592480659485 352.98193677048016 -0.00004026593946524064
v 61.89592480659485 352.9819351504133 -12.0577999208078
v 54.65306043624878 373.51358918012386 -9.269976564580258
v 61.89592480659485 352.98193677048016 -0.00004026593946524064
v 54.65306043624878 373.51358918012386 -9.269976564580258
v 54.65306043624878 373.51359042562166 -0.000042750137472672544
v 61.89591884613037 352.9819383905468 12.057717734292321
v 61.89592480659485 352.98193677048016 -0.00004026593946524064
v 54.65306043624878 373.51359042562166 -0.000042750137472672544
v 61.89591884613037 352.9819383905468 12.057717734292321
v 54.65306043624878 373.51359042562166 -0.000042750137472672544
v 54.65306043624878 373.5136393548337 9.269891841071304
v 90.68520069122314 274.3262287231605 67.11492795236644
v 106.4093828201294 274.3262973844564 45.79682977934209
v 87.07459568977356 303.8302605170273 36.60235369779995
v 90.68520069122314 274.3262287231605 67.11492795236644
v 87.07459568977356 303.8302605170273 36.60235369779995
v 74.50729012489319 303.8302628062535 53.64050175619515
v 106.4093828201294 274.3262973844564 45.79682977934209
v 108.65570306777954 274.3262230599716 24.965203838716782
v 88.86991739273071 303.8302582800416 19.953018644895067
v 106.4093828201294 274.3262973844564 45.79682977934209
v 88.86991739273071 303.8302582800416 19.953018644895067
v 87.07459568977356 303.8302605170273 36.60235369779995
v 87.07459568977356 303.8302605170273 36.60235369779995
v 88.86991739273071 303.8302582800416 19.953018644895067
v 72.87359237670898 330.62874348022945 15.54591034531447
v 87.07459568977356 303.8302605170273 36.60235369779995
v 72.87359237670898 330.62874348022945 15.54591034531447
v 71.47480249404907 330.6287213812671 28.51784755770966
v 74.50729012489319 303.8302628062535 53.64050175619515
v 87.07459568977356 303.8302605170273 36.60235369779995
v 71.47480249404907 330.6287213812671 28.51784755770966
v 74.50729012489319 303.8302628062535 53.64050175619515
v 71.47480249404907 330.6287213812671 28.51784755770966
v 61.6832971572876 330.6287470067184 41.792701524943055
v 108.65570306777954 274.3262230599716 24.965203838716782
v 108.65570306777954 274.326291231242 -0.000033638406303652675
v 88.86992931365967 303.83025559917195 -0.00003587098854530393
v 108.65570306777954 274.3262230599716 24.965203838716782
v 88.86992931365967 303.83025559917195 -0.00003587098854530393
v 88.86991739273071 303.8302582800416 19.953018644895067
v 108.65570306777954 274.326291231242 -0.000033638406303652675
v 108.65569114685059 274.3262401932271 -24.965270104456568
v 88.86991739273071 303.83025291830194 -19.953092838888978
v 108.65570306777954 274.326291231242 -0.000033638406303652675
v 88.86991739273071 303.83025291830194 -19.953092838888978
v 88.86992931365967 303.83025559917195 -0.00003587098854530393
v 88.86992931365967 303.83025559917195 -0.00003587098854530393
v 88.86991739273071 303.83025291830194 -19.953092838888978
v 72.87359237670898 330.6287393027575 -15.545987270188236
v 88.86992931365967 303.83025559917195 -0.00003587098854530393
v 72.87359237670898 330.6287393027575 -15.545987270188236
v 72.87359237670898 330.6287175496364 -0.00003829803256995145
v 88.86991739273071 303.8302582800416 19.953018644895067
v 88.86992931365967 303.83025559917195 -0.00003587098854530393
v 72.87359237670898 330.6287175496364 -0.00003829803256995145
v 88.86991739273071 303.8302582800416 19.953018644895067
v 72.87359237670898 330.6287175496364 -0.00003829803256995145
v 72.87359237670898 330.62874348022945 15.54591034531447
v 122.76462316513062 212.30192689820825 91.69851951462672
v 145.10523080825806 212.07425713465406 62.89384876678399
v 127.23802328109741 244.12481689497756 55.09726512799225
v 122.76462316513062 212.30192689820825 91.69851951462672
v 127.23802328109741 244.12481689497756 55.09726512799225
v 108.15688371658325 244.1694522926971 80.70956487970783
v 145.10523080825806 212.07425713465406 62.89384876678399
v 155.73550462722778 209.78338466217951 34.67291636477811
v 130.62855005264282 244.1338019188963 30.117850445866903
v 145.10523080825806 212.07425713465406 62.89384876678399
v 130.62855005264282 244.1338019188963 30.117850445866903
v 127.23802328109741 244.12481689497756 55.09726512799225
v 127.23802328109741 244.12481689497756 55.09726512799225
v 130.62855005264282 244.1338019188963 30.117850445866903
v 108.65570306777954 274.3262230599716 24.965203838716782
v 127.23802328109741 244.12481689497756 55.09726512799225
v 108.65570306777954 274.3262230599716 24.965203838716782
v 106.4093828201294 274.3262973844564 45.79682977934209
v 108.15688371658325 244.1694522926971 80.70956487970783
v 127.23802328109741 244.12481689497756 55.09726512799225
v 106.4093828201294 274.3262973844564 45.79682977934209
v 108.15688371658325 244.1694522926971 80.70956487970783
v 106.4093828201294 274.3262973844564 45.79682977934209
v 90.68520069122314 274.3262287231605 67.11492795236644
v 155.73550462722778 209.78338466217951 34.67291636477811
v 155.62427043914795 217.27031917753186 -0.00002968979219047631
v 130.80525398254395 244.6511423293765 -0.0000315831441009874
v 155.73550462722778 209.78338466217951 34.67291636477811
v 130.80525398254395 244.6511423293765 -0.0000315831441009874
v 130.62855005264282 244.1338019188963 30.117850445866903
v 155.62427043914795 217.27031917753186 -0.00002968979219047631
v 155.7355284690857 209.78337534494443 -34.67297571752229
v 130.62855005264282 244.13379382568772 -30.117913068712866
v 155.62427043914795 217.27031917753186 -0.00002968979219047631
v 130.62855005264282 244.13379382568772 -30.117913068712866
v 130.80525398254395 244.6511423293765 -0.0000315831441009874
v 130.80525398254395 244.6511423293765 -0.0000315831441009874
v 130.62855005264282 244.13379382568772 -30.117913068712866
v 108.65569114685059 274.3262401932271 -24.965270104456568
v 130.80525398254395 244.6511423293765 -0.0000315831441009874
v 108.65569114685059 274.3262401932271 -24.965270104456568
v 108.65570306777954 274.326291231242 -0.000033638406303652675
v 130.62855005264282 244.1338019188963 30.117850445866903
v 130.80525398254395 244.6511423293765 -0.0000315831441009874
v 108.65570306777954 274.326291231242 -0.000033638406303652675
v 130.62855005264282 244.1338019188963 30.117850445866903
v 108.65570306777954 274.326291231242 -0.000033638406303652675
v 108.65570306777954 274.3262230599716 24.965203838716782
v 120.53744792938232 85.74035487870174 90.03493517777002
v 141.6314959526062 85.74035699673158 61.436639514343945
v 151.13612413406372 112.31748361628408 65.52584226064201
v 120.53744792938232 85.74035487870174 90.03493517777002
v 151.13612413406372 112.31748361628408 65.52584226064201
v 128.5224437713623 112.33720492647915 95.99929402140354
v 141.6314959526062 85.74035699673158 61.436639514343945
v 144.64493989944458 85.74035324198005 33.490946143530074
v 154.88086938858032 112.01701261656687 35.786910470956244
v 141.6314959526062 85.74035699673158 61.436639514343945
v 154.88086938858032 112.01701261656687 35.786910470956244
v 151.13612413406372 112.31748361628408 65.52584226064201
v 151.13612413406372 112.31748361628408 65.52584226064201
v 154.88086938858032 112.01701261656687 35.786910470956244
v 164.97948169708252 142.4921156004615 37.066168040828444
v 151.13612413406372 112.31748361628408 65.52584226064201
v 164.97948169708252 142.4921156004615 37.066168040828444
v 156.15578889846802 143.2977956796424 67.75509345970939
v 128.5224437713623 112.33720492647915 95.99929402140354
v 151.13612413406372 112.31748361628408 65.52584226064201
v 156.15578889846802 143.2977956796424 67.75509345970939
v 128.5224437713623 112.33720492647915 95.99929402140354
v 156.15578889846802 143.2977956796424 67.75509345970939
v 132.33832120895386 143.42597368119732 98.84956001809267
v 144.64493989944458 85.74035324198005 33.490946143530074
v 144.64493989944458 85.74034874217313 -0.000011402893360435018
v 155.13086318969727 111.33238888181958 -0.000015660986485014667
v 144.64493989944458 85.74035324198005 33.490946143530074
v 155.13086318969727 111.33238888181958 -0.000015660986485014667
v 154.88086938858032 112.01701261656687 35.786910470956244
v 144.64493989944458 85.74034874217313 -0.000011402893360435018
v 144.64493989944458 85.74034424236699 -33.49096322301702
v 154.88086938858032 112.01700299998616 -35.786937591679305
v 144.64493989944458 85.74034874217313 -0.000011402893360435018
v 154.88086938858032 112.01700299998616 -35.786937591679305
v 155.13086318969727 111.33238888181958 -0.000015660986485014667
v 155.13086318969727 111.33238888181958 -0.000015660986485014667
v 154.88086938858032 112.01700299998616 -35.786937591679305
v 164.97950553894043 142.4921056401189 -37.06621527168027
v 155.13086318969727 111.33238888181958 -0.000015660986485014667
v 164.97950553894043 142.4921056401189 -37.06621527168027
v 166.38648509979248 133.99841326773745 -0.00001981864913711802
v 154.88086938858032 112.01701261656687 35.786910470956244
v 155.13086318969727 111.33238888181958 -0.000015660986485014667
v 166.38648509979248 133.99841326773745 -0.00001981864913711802
v 154.88086938858032 112.01701261656687 35.786910470956244
v 166.38648509979248 133.99841326773745 -0.00001981864913711802
v 164.97948169708252 142.4921156004615 37.066168040828444
v 132.33832120895386 143.42597368119732 98.84956001809267
v 156.15578889846802 143.2977956796424 67.75509345970939
v 154.64454889297485 177.54329743657127 67.60877734200064
v 132.33832120895386 143.42597368119732 98.84956001809267
v 154.64454889297485 177.54329743657127 67.60877734200064
v 130.7861328125 177.80483472966378 97.69014973035983
v 156.15578889846802 143.2977956796424 67.75509345970939
v 164.97948169708252 142.4921156004615 37.066168040828444
v 165.10260105133057 175.57199006464944 45.11126448665368
v 156.15578889846802 143.2977956796424 67.75509345970939
v 165.10260105133057 175.57199006464944 45.11126448665368
v 154.64454889297485 177.54329743657127 67.60877734200064
v 154.64454889297485 177.54329743657127 67.60877734200064
v 165.10260105133057 175.57199006464944 45.11126448665368
v 155.73550462722778 209.78338466217951 34.67291636477811
v 154.64454889297485 177.54329743657127 67.60877734200064
v 155.73550462722778 209.78338466217951 34.67291636477811
v 145.10523080825806 212.07425713465406 62.89384876678399
v 130.7861328125 177.80483472966378 97.69014973035983
v 154.64454889297485 177.54329743657127 67.60877734200064
v 145.10523080825806 212.07425713465406 62.89384876678399
v 130.7861328125 177.80483472966378 97.69014973035983
v 145.10523080825806 212.07425713465406 62.89384876678399
v 122.76462316513062 212.30192689820825 91.69851951462672
v 155.73550462722778 209.78338466217951 34.67291636477811
v 165.10260105133057 175.57199006464944 45.11126448665368
v 183.00321102142334 170.50101586872134 30.77002155733936
v 155.73550462722778 209.78338466217951 34.67291636477811
v 183.00321102142334 170.50101586872134 30.77002155733936
v 182.73440599441528 190.0177682005817 22.207129533018332
v 165.10260105133057 175.57199006464944 45.11126448665368
v 164.97948169708252 142.4921156004615 37.066168040828444
v 182.53668546676636 151.06270105395328 23.012834564685733
v 165.10260105133057 175.57199006464944 45.11126448665368
v 182.53668546676636 151.06270105395328 23.012834564685733
v 183.00321102142334 170.50101586872134 30.77002155733936
v 183.00321102142334 170.50101586872134 30.77002155733936
v 182.53668546676636 151.06270105395328 23.012834564685733
v 201.63257122039795 150.86075960794398 16.19212780213737
v 183.00321102142334 170.50101586872134 30.77002155733936
v 201.63257122039795 150.86075960794398 16.19212780213737
v 204.15823459625244 164.1811940158622 21.925889987760993
v 182.73440599441528 190.0177682005817 22.207129533018332
v 183.00321102142334 170.50101586872134 30.77002155733936
v 204.15823459625244 164.1811940158622 21.925889987760993
v 182.73440599441528 190.0177682005817 22.207129533018332
v 204.15823459625244 164.1811940158622 21.925889987760993
v 206.68389797210693 177.5016029750469 15.700065545183799
v 49.2717444896698 38.063044224459254 38.3420313704753
v 49.842819571495056 36.97451528224778 22.455533072825602
v 82.85565376281738 40.43598527767882 36.55326294061244
v 49.2717444896698 38.063044224459254 38.3420313704753
v 82.85565376281738 40.43598527767882 36.55326294061244
v 70.94827890396118 41.070785909855154 53.27229361697681
v 49.842819571495056 36.97451528224778 22.455533072825602
v 60.43838858604431 33.3475955271775 14.369056616864205
v 86.15682721138 36.31293985215168 24.99707810817567
v 49.842819571495056 36.97451528224778 22.455533072825602
v 86.15682721138 36.31293985215168 24.99707810817567
v 82.85565376281738 40.43598527767882 36.55326294061244
v 82.85565376281738 40.43598527767882 36.55326294061244
v 86.15682721138 36.31293985215168 24.99707810817567
v 112.59194612503052 44.307642180852085 26.068579265654982
v 82.85565376281738 40.43598527767882 36.55326294061244
v 112.59194612503052 44.307642180852085 26.068579265654982
v 109.22483205795288 48.816590256211946 47.5321121611269
v 70.94827890396118 41.070785909855154 53.27229361697681
v 82.85565376281738 40.43598527767882 36.55326294061244
v 109.22483205795288 48.816590256211946 47.5321121611269
v 70.94827890396118 41.070785909855154 53.27229361697681
v 109.22483205795288 48.816590256211946 47.5321121611269
v 92.83514022827148 49.33222699051169 69.34281879521109
v 112.59194612503052 44.30763517576204 -26.068585211438457
v 119.16030645370483 45.19121790221362 -0.000004520500767756247
v 112.00910806655884 28.734611481360936 -0.000002104515820426721
v 112.59194612503052 44.30763517576204 -26.068585211438457
v 112.00910806655884 28.734611481360936 -0.000002104515820426721
v 105.43988943099976 28.144886931633852 -16.187763461310794
v 119.16030645370483 45.19121790221362 -0.000004520500767756247
v 112.59194612503052 44.307642180852085 26.068579265654982
v 105.43988943099976 28.144891281572363 16.187760368628506
v 119.16030645370483 45.19121790221362 -0.000004520500767756247
v 105.43988943099976 28.144891281572363 16.187760368628506
v 112.00910806655884 28.734611481360936 -0.000002104515820426721
v 112.00910806655884 28.734611481360936 -0.000002104515820426721
v 105.43988943099976 28.144891281572363 16.187760368628506
v 101.45766735076904 15.14024849992049 12.453054411414636
v 112.00910806655884 28.734611481360936 -0.000002104515820426721
v 101.45766735076904 15.14024849992049 12.453054411414636
v 106.80731534957886 15.211384967846758 5.15507605324328e-9
v 105.43988943099976 28.144886931633852 -16.187763461310794
v 112.00910806655884 28.734611481360936 -0.000002104515820426721
v 106.80731534957886 15.211384967846758 5.15507605324328e-9
v 105.43988943099976 28.144886931633852 -16.187763461310794
v 106.80731534957886 15.211384967846758 5.15507605324328e-9
v 101.45765542984009 15.140246643679996 -12.453055499635342
v 92.83514022827148 49.33222699051169 69.34281879521109
v 109.22483205795288 48.816590256211946 47.5321121611269
v 128.21568250656128 64.29852774494483 55.62273401727992
v 92.83514022827148 49.33222699051169 69.34281879521109
v 128.21568250656128 64.29852774494483 55.62273401727992
v 109.09194946289062 64.40377513755162 81.48577857191022
v 109.22483205795288 48.816590256211946 47.5321121611269
v 112.59194612503052 44.307642180852085 26.068579265654982
v 131.2375545501709 63.90093754577761 30.38981488376443
v 109.22483205795288 48.816590256211946 47.5321121611269
v 131.2375545501709 63.90093754577761 30.38981488376443
v 128.21568250656128 64.29852774494483 55.62273401727992
v 128.21568250656128 64.29852774494483 55.62273401727992
v 131.2375545501709 63.90093754577761 30.38981488376443
v 144.64493989944458 85.74035324198005 33.490946143530074
v 128.21568250656128 64.29852774494483 55.62273401727992
v 144.64493989944458 85.74035324198005 33.490946143530074
v 141.6314959526062 85.74035699673158 61.436639514343945
v 109.09194946289062 64.40377513755162 81.48577857191022
v 128.21568250656128 64.29852774494483 55.62273401727992
v 141.6314959526062 85.74035699673158 61.436639514343945
v 109.09194946289062 64.40377513755162 81.48577857191022
v 141.6314959526062 85.74035699673158 61.436639514343945
v 120.53744792938232 85.74035487870174 90.03493517777002
v 112.59194612503052 44.307642180852085 26.068579265654982
v 119.16030645370483 45.19121790221362 -0.000004520500767756247
v 131.76205158233643 63.86593361642155 -0.000007644296098897564
v 112.59194612503052 44.307642180852085 26.068579265654982
v 131.76205158233643 63.86593361642155 -0.000007644296098897564
v 131.2375545501709 63.90093754577761 30.38981488376443
v 119.16030645370483 45.19121790221362 -0.000004520500767756247
v 112.59194612503052 44.30763517576204 -26.068585211438457
v 131.2375545501709 63.90092937949387 -30.389829074845586
v 119.16030645370483 45.19121790221362 -0.000004520500767756247
v 131.2375545501709 63.90092937949387 -30.389829074845586
v 131.76205158233643 63.86593361642155 -0.000007644296098897564
v 131.76205158233643 63.86593361642155 -0.000007644296098897564
v 131.2375545501709 63.90092937949387 -30.389829074845586
v 144.64493989944458 85.74034424236699 -33.49096322301702
v 131.76205158233643 63.86593361642155 -0.000007644296098897564
v 144.64493989944458 85.74034424236699 -33.49096322301702
v 144.64493989944458 85.74034874217313 -0.000011402893360435018
v 131.2375545501709 63.90093754577761 30.38981488376443
v 131.76205158233643 63.86593361642155 -0.000007644296098897564
v 144.64493989944458 85.74034874217313 -0.000011402893360435018
v 131.2375545501709 63.90093754577761 30.38981488376443
v 144.64493989944458 85.74034874217313 -0.000011402893360435018
v 144.64493989944458 85.74035324198005 33.490946143530074
v -200.00958442687988 169.2015850259933 16.276103809150662
v -201.19144916534424 174.3655979555165 -0.000019827284102034384
v -219.6387767791748 157.51383957541879 -0.000016139591243133414
v -200.00958442687988 169.2015850259933 16.276103809150662
v -219.6387767791748 157.51383957541879 -0.000016139591243133414
v -218.3516025543213 153.88490782874808 11.602004406157043
v -201.19144916534424 174.3655979555165 -0.000019827284102034384
v -200.00958442687988 169.20156873138208 -16.276141826032664
v -218.3516025543213 153.88490471107934 -11.602038307178212
v -201.19144916534424 174.3655979555165 -0.000019827284102034384
v -218.3516025543213 153.88490471107934 -11.602038307178212
v -219.6387767791748 157.51383957541879 -0.000016139591243133414
v -219.6387767791748 157.51383957541879 -0.000016139591243133414
v -218.3516025543213 153.88490471107934 -11.602038307178212
v -232.61280059814453 141.7141974219975 -8.075612176064931
v -219.6387767791748 157.51383957541879 -0.000016139591243133414
v -232.61280059814453 141.7141974219975 -8.075612176064931
v -233.57458114624023 144.23242313701707 -0.00001407910280815087
v -218.3516025543213 153.88490782874808 11.602004406157043
v -219.6387767791748 157.51383957541879 -0.000016139591243133414
v -233.57458114624023 144.23242313701707 -0.00001407910280815087
v -218.3516025543213 153.88490782874808 11.602004406157043
v -233.57458114624023 144.23242313701707 -0.00001407910280815087
v -232.61280059814453 141.71419959205411 8.07558601587684
v -163.7218952178955 141.4559743056579 -36.97643861957906
v -164.69037532806396 132.60061287002586 -0.000016879409324784112
v -177.10360288619995 139.35378312913969 -0.000016615935079989774
v -163.7218952178955 141.4559743056579 -36.97643861957906
v -177.10360288619995 139.35378312913969 -0.000016615935079989774
v -177.4505376815796 146.5384163372139 -23.361864203595808
v -164.69037532806396 132.60061287002586 -0.000016879409324784112
v -163.7218952178955 141.45598424187716 36.976400607850515
v -177.4505376815796 146.53843453588487 23.361830786588172
v -164.69037532806396 132.60061287002586 -0.000016879409324784112
v -177.4505376815796 146.53843453588487 23.361830786588172
v -177.10360288619995 139.35378312913969 -0.000016615935079989774
v -177.10360288619995 139.35378312913969 -0.000016615935079989774
v -177.4505376815796 146.53843453588487 23.361830786588172
v -193.7061905860901 141.66012743051547 16.786218943278158
v -177.10360288619995 139.35378312913969 -0.000016615935079989774
v -193.7061905860901 141.66012743051547 16.786218943278158
v -192.52426624298096 136.49609813784303 -0.000014241581423311137
v -177.4505376815796 146.5384163372139 -23.361864203595808
v -177.10360288619995 139.35378312913969 -0.000016615935079989774
v -192.52426624298096 136.49609813784303 -0.000014241581423311137
v -177.4505376815796 146.5384163372139 -23.361864203595808
v -192.52426624298096 136.49609813784303 -0.000014241581423311137
v -193.70617866516113 141.66012291975684 -16.786249559283995
v -163.7218952178955 141.45598424187716 36.976400607850515
v -163.59951496124268 174.33453807368562 45.08790857366053
v -178.31695079803467 166.3003668158838 31.25272138022848
v -163.7218952178955 141.45598424187716 36.976400607850515
v -178.31695079803467 166.3003668158838 31.25272138022848
v -177.4505376815796 146.53843453588487 23.361830786588172
v -163.59951496124268 174.33453807368562 45.08790857366053
v -154.6905279159546 208.92383801947352 34.592906188090204
v -178.49606275558472 186.1803021375765 22.546319208797033
v -163.59951496124268 174.33453807368562 45.08790857366053
v -178.49606275558472 186.1803021375765 22.546319208797033
v -178.31695079803467 166.3003668158838 31.25272138022848
v -178.31695079803467 166.3003668158838 31.25272138022848
v -178.49606275558472 186.1803021375765 22.546319208797033
v -200.00958442687988 169.2015850259933 16.276103809150662
v -178.31695079803467 166.3003668158838 31.25272138022848
v -200.00958442687988 169.2015850259933 16.276103809150662
v -196.8578815460205 155.43085110070658 22.73035416481929
v -177.4505376815796 146.53843453588487 23.361830786588172
v -178.31695079803467 166.3003668158838 31.25272138022848
v -196.8578815460205 155.43085110070658 22.73035416481929
v -177.4505376815796 146.53843453588487 23.361830786588172
v -196.8578815460205 155.43085110070658 22.73035416481929
v -193.7061905860901 141.66012743051547 16.786218943278158
v -154.6905279159546 208.9238287237394 -34.592959349394704
v -163.59951496124268 174.3345140368307 -45.08795542043729
v -178.31695079803467 166.30038225957517 -31.252763087854202
v -154.6905279159546 208.9238287237394 -34.592959349394704
v -178.31695079803467 166.30038225957517 -31.252763087854202
v -178.49606275558472 186.18031992083135 -22.54636923874615
v -163.59951496124268 174.3345140368307 -45.08795542043729
v -163.7218952178955 141.4559743056579 -36.97643861957906
v -177.4505376815796 146.5384163372139 -23.361864203595808
v -163.59951496124268 174.3345140368307 -45.08795542043729
v -177.4505376815796 146.5384163372139 -23.361864203595808
v -178.31695079803467 166.30038225957517 -31.252763087854202
v -178.31695079803467 166.30038225957517 -31.252763087854202
v -177.4505376815796 146.5384163372139 -23.361864203595808
v -193.70617866516113 141.66012291975684 -16.786249559283995
v -178.31695079803467 166.30038225957517 -31.252763087854202
v -193.70617866516113 141.66012291975684 -16.786249559283995
v -196.85786962509155 155.43084499265296 -22.730388481262406
v -178.49606275558472 186.18031992083135 -22.54636923874615
v -178.31695079803467 166.30038225957517 -31.252763087854202
v -196.85786962509155 155.43084499265296 -22.730388481262406
v -178.49606275558472 186.18031992083135 -22.54636923874615
v -196.85786962509155 155.43084499265296 -22.730388481262406
v -200.00958442687988 169.20156873138208 -16.276141826032664
v -232.61280059814453 141.7141974219975 -8.075612176064931
v -230.0481081008911 134.998911443542 -11.277963091952218
v -240.44921398162842 129.59082768785447 -7.915703956710791
v -232.61280059814453 141.7141974219975 -8.075612176064931
v -240.44921398162842 129.59082768785447 -7.915703956710791
v -242.17114448547363 134.35332238774822 -5.691432928238038
v -230.0481081008911 134.998911443542 -11.277963091952218
v -227.4834156036377 128.28365013346644 -8.328707330824319
v -238.558030128479 124.89296883710638 -5.863639528301197
v -230.0481081008911 134.998911443542 -11.277963091952218
v -238.558030128479 124.89296883710638 -5.863639528301197
v -240.44921398162842 129.59082768785447 -7.915703956710791
v -240.44921398162842 129.59082768785447 -7.915703956710791
v -238.558030128479 124.89296883710638 -5.863639528301197
v -243.97683143615723 124.35955522333829 -3.9657531261398065
v -240.44921398162842 129.59082768785447 -7.915703956710791
v -243.97683143615723 124.35955522333829 -3.9657531261398065
v -246.06146812438965 127.24229791810856 -4.623190860186126
v -242.17114448547363 134.35332238774822 -5.691432928238038
v -240.44921398162842 129.59082768785447 -7.915703956710791
v -246.06146812438965 127.24229791810856 -4.623190860186126
v -242.17114448547363 134.35332238774822 -5.691432928238038
v -246.06146812438965 127.24229791810856 -4.623190860186126
v -246.4292049407959 130.780727634317 -3.8771840974798146
v -200.00958442687988 169.20156873138208 -16.276141826032664
v -196.85786962509155 155.43084499265296 -22.730388481262406
v -214.919114112854 144.20767311236762 -16.202784524183162
v -200.00958442687988 169.20156873138208 -16.276141826032664
v -214.919114112854 144.20767311236762 -16.202784524183162
v -218.3516025543213 153.88490471107934 -11.602038307178212
v -196.85786962509155 155.43084499265296 -22.730388481262406
v -193.70617866516113 141.66012291975684 -16.786249559283995
v -211.48667335510254 134.53046654296008 -11.965653829744095
v -196.85786962509155 155.43084499265296 -22.730388481262406
v -211.48667335510254 134.53046654296008 -11.965653829744095
v -214.919114112854 144.20767311236762 -16.202784524183162
v -214.919114112854 144.20767311236762 -16.202784524183162
v -211.48667335510254 134.53046654296008 -11.965653829744095
v -227.4834156036377 128.28365013346644 -8.328707330824319
v -214.919114112854 144.20767311236762 -16.202784524183162
v -227.4834156036377 128.28365013346644 -8.328707330824319
v -230.0481081008911 134.998911443542 -11.277963091952218
v -218.3516025543213 153.88490471107934 -11.602038307178212
v -214.919114112854 144.20767311236762 -16.202784524183162
v -230.0481081008911 134.998911443542 -11.277963091952218
v -218.3516025543213 153.88490471107934 -11.602038307178212
v -230.0481081008911 134.998911443542 -11.277963091952218
v -232.61280059814453 141.7141974219975 -8.075612176064931
v -193.70617866516113 141.66012291975684 -16.786249559283995
v -192.52426624298096 136.49609813784303 -0.000014241581423311137
v -210.1994752883911 130.90149908235935 -0.000013060900908720878
v -193.70617866516113 141.66012291975684 -16.786249559283995
v -210.1994752883911 130.90149908235935 -0.000013060900908720878
v -211.48667335510254 134.53046654296008 -11.965653829744095
v -192.52426624298096 136.49609813784303 -0.000014241581423311137
v -193.7061905860901 141.66012743051547 16.786218943278158
v -211.48664951324463 134.53046975834 11.965628854893628
v -192.52426624298096 136.49609813784303 -0.000014241581423311137
v -211.48664951324463 134.53046975834 11.965628854893628
v -210.1994752883911 130.90149908235935 -0.000013060900908720878
v -210.1994752883911 130.90149908235935 -0.000013060900908720878
v -211.48664951324463 134.53046975834 11.965628854893628
v -227.4834156036377 128.28365237153457 8.32868403460426
v -210.1994752883911 130.90149908235935 -0.000013060900908720878
v -227.4834156036377 128.28365237153457 8.32868403460426
v -226.5216588973999 125.76540278065204 -0.000011592406752369786
v -211.48667335510254 134.53046654296008 -11.965653829744095
v -210.1994752883911 130.90149908235935 -0.000013060900908720878
v -226.5216588973999 125.76540278065204 -0.000011592406752369786
v -211.48667335510254 134.53046654296008 -11.965653829744095
v -226.5216588973999 125.76540278065204 -0.000011592406752369786
v -227.4834156036377 128.28365013346644 -8.328707330824319
v -193.7061905860901 141.66012743051547 16.786218943278158
v -196.8578815460205 155.43085110070658 22.73035416481929
v -214.919114112854 144.20767746633896 16.202754713721525
v -193.7061905860901 141.66012743051547 16.786218943278158
v -214.919114112854 144.20767746633896 16.202754713721525
v -211.48664951324463 134.53046975834 11.965628854893628
v -196.8578815460205 155.43085110070658 22.73035416481929
v -200.00958442687988 169.2015850259933 16.276103809150662
v -218.3516025543213 153.88490782874808 11.602004406157043
v -196.8578815460205 155.43085110070658 22.73035416481929
v -218.3516025543213 153.88490782874808 11.602004406157043
v -214.919114112854 144.20767746633896 16.202754713721525
v -214.919114112854 144.20767746633896 16.202754713721525
v -218.3516025543213 153.88490782874808 11.602004406157043
v -232.61280059814453 141.71419959205411 8.07558601587684
v -214.919114112854 144.20767746633896 16.202754713721525
v -232.61280059814453 141.71419959205411 8.07558601587684
v -230.0481081008911 134.99891447412747 11.27794022639643
v -211.48664951324463 134.53046975834 11.965628854893628
v -214.919114112854 144.20767746633896 16.202754713721525
v -230.0481081008911 134.99891447412747 11.27794022639643
v -211.48664951324463 134.53046975834 11.965628854893628
v -230.0481081008911 134.99891447412747 11.27794022639643
v -227.4834156036377 128.28365237153457 8.32868403460426
v -243.97683143615723 124.35955522333829 -3.9657531261398065
v -244.61584091186523 123.45720106980254 -0.00001090907962978554
v -247.86298274993896 126.5542702272526 -0.000011281292459451834
v -243.97683143615723 124.35955522333829 -3.9657531261398065
v -247.86298274993896 126.5542702272526 -0.000011281292459451834
v -246.06146812438965 127.24229791810856 -4.623190860186126
v -244.61584091186523 123.45720106980254 -0.00001090907962978554
v -243.97685527801514 124.35955628900341 3.9657305118647344
v -246.06146812438965 127.24229916043873 4.62316747126698
v -244.61584091186523 123.45720106980254 -0.00001090907962978554
v -246.06146812438965 127.24229916043873 4.62316747126698
v -247.86298274993896 126.5542702272526 -0.000011281292459451834
v -247.86298274993896 126.5542702272526 -0.000011281292459451834
v -246.06146812438965 127.24229916043873 4.62316747126698
v -246.4292049407959 130.78072867618187 3.877160130250938
v -247.86298274993896 126.5542702272526 -0.000011281292459451834
v -246.4292049407959 130.78072867618187 3.877160130250938
v -247.50709533691406 131.02738408781624 -0.000012035965436830841
v -246.06146812438965 127.24229791810856 -4.623190860186126
v -247.86298274993896 126.5542702272526 -0.000011281292459451834
v -247.50709533691406 131.02738408781624 -0.000012035965436830841
v -246.06146812438965 127.24229791810856 -4.623190860186126
v -247.50709533691406 131.02738408781624 -0.000012035965436830841
v -246.4292049407959 130.780727634317 -3.8771840974798146
v -227.4834156036377 128.28365013346644 -8.328707330824319
v -226.5216588973999 125.76540278065204 -0.000011592406752369786
v -237.97411918640137 123.11008747236977 -0.00001087707724564436
v -227.4834156036377 128.28365013346644 -8.328707330824319
v -237.97411918640137 123.11008747236977 -0.00001087707724564436
v -238.558030128479 124.89296883710638 -5.863639528301197
v -226.5216588973999 125.76540278065204 -0.000011592406752369786
v -227.4834156036377 128.28365237153457 8.32868403460426
v -238.558030128479 124.89295849183864 5.863616770689965
v -226.5216588973999 125.76540278065204 -0.000011592406752369786
v -238.558030128479 124.89295849183864 5.863616770689965
v -237.97411918640137 123.11008747236977 -0.00001087707724564436
v -237.97411918640137 123.11008747236977 -0.00001087707724564436
v -238.558030128479 124.89295849183864 5.863616770689965
v -243.97685527801514 124.35955628900341 3.9657305118647344
v -237.97411918640137 123.11008747236977 -0.00001087707724564436
v -243.97685527801514 124.35955628900341 3.9657305118647344
v -244.61584091186523 123.45720106980254 -0.00001090907962978554
v -238.558030128479 124.89296883710638 -5.863639528301197
v -237.97411918640137 123.11008747236977 -0.00001087707724564436
v -244.61584091186523 123.45720106980254 -0.00001090907962978554
v -238.558030128479 124.89296883710638 -5.863639528301197
v -244.61584091186523 123.45720106980254 -0.00001090907962978554
v -243.97683143615723 124.35955522333829 -3.9657531261398065
v -227.4834156036377 128.28365237153457 8.32868403460426
v -230.0481081008911 134.99891447412747 11.27794022639643
v -240.4491901397705 129.59082981494115 7.9156795641709365
v -227.4834156036377 128.28365237153457 8.32868403460426
v -240.4491901397705 129.59082981494115 7.9156795641709365
v -238.558030128479 124.89295849183864 5.863616770689965
v -230.0481081008911 134.99891447412747 11.27794022639643
v -232.61280059814453 141.71419959205411 8.07558601587684
v -242.17112064361572 134.35333583806235 5.691408373516986
v -230.0481081008911 134.99891447412747 11.27794022639643
v -242.17112064361572 134.35333583806235 5.691408373516986
v -240.4491901397705 129.59082981494115 7.9156795641709365
v -240.4491901397705 129.59082981494115 7.9156795641709365
v -242.17112064361572 134.35333583806235 5.691408373516986
v -246.4292049407959 130.78072867618187 3.877160130250938
v -240.4491901397705 129.59082981494115 7.9156795641709365
v -246.4292049407959 130.78072867618187 3.877160130250938
v -246.06146812438965 127.24229916043873 4.62316747126698
v -238.558030128479 124.89295849183864 5.863616770689965
v -240.4491901397705 129.59082981494115 7.9156795641709365
v -246.06146812438965 127.24229916043873 4.62316747126698
v -238.558030128479 124.89295849183864 5.863616770689965
v -246.06146812438965 127.24229916043873 4.62316747126698
v -243.97685527801514 124.35955628900341 3.9657305118647344
v -232.61280059814453 141.71419959205411 8.07558601587684
v -233.57458114624023 144.23242313701707 -0.00001407910280815087
v -242.9243564605713 136.071570030426 -0.000012684426063772197
v -232.61280059814453 141.71419959205411 8.07558601587684
v -242.9243564605713 136.071570030426 -0.000012684426063772197
v -242.17112064361572 134.35333583806235 5.691408373516986
v -233.57458114624023 144.23242313701707 -0.00001407910280815087
v -232.61280059814453 141.7141974219975 -8.075612176064931
v -242.17114448547363 134.35332238774822 -5.691432928238038
v -233.57458114624023 144.23242313701707 -0.00001407910280815087
v -242.17114448547363 134.35332238774822 -5.691432928238038
v -242.9243564605713 136.071570030426 -0.000012684426063772197
v -242.9243564605713 136.071570030426 -0.000012684426063772197
v -242.17114448547363 134.35332238774822 -5.691432928238038
v -246.4292049407959 130.780727634317 -3.8771840974798146
v -242.9243564605713 136.071570030426 -0.000012684426063772197
v -246.4292049407959 130.780727634317 -3.8771840974798146
v -247.50709533691406 131.02738408781624 -0.000012035965436830841
v -242.17112064361572 134.35333583806235 5.691408373516986
v -242.9243564605713 136.071570030426 -0.000012684426063772197
v -247.50709533691406 131.02738408781624 -0.000012035965436830841
v -242.17112064361572 134.35333583806235 5.691408373516986
v -247.50709533691406 131.02738408781624 -0.000012035965436830841
v -246.4292049407959 130.78072867618187 3.877160130250938
v 2.7787359431385994 429.1649200782716 4.537337942998688
v 5.397208780050278 432.20470914078226 4.289710418861674
v 2.055586688220501 434.5595214460445 2.5316851348348606
v 2.7787359431385994 429.1649200782716 4.537337942998688
v 2.055586688220501 434.5595214460445 2.5316851348348606
v 0.44612367637455463 432.7090595693572 2.6791476421167406
v 5.397208780050278 432.20470914078226 4.289710418861674
v 8.16526710987091 435.3305195396866 3.4168786096467874
v 3.742767870426178 436.35519469305257 2.0710529501967025
v 5.397208780050278 432.20470914078226 4.289710418861674
v 3.742767870426178 436.35519469305257 2.0710529501967025
v 2.055586688220501 434.5595214460445 2.5316851348348606
v 2.055586688220501 434.5595214460445 2.5316851348348606
v 3.742767870426178 436.35519469305257 2.0710529501967025
v 1.2522478587925434 437.0775074941153 1.31591343869681
v 2.055586688220501 434.5595214460445 2.5316851348348606
v 1.2522478587925434 437.0775074941153 1.31591343869681
v -0.017882326210383326 436.3528104139643 1.3760565763634525
v 0.44612367637455463 432.7090595693572 2.6791476421167406
v 2.055586688220501 434.5595214460445 2.5316851348348606
v -0.017882326210383326 436.3528104139643 1.3760565763634525
v 0.44612367637455463 432.7090595693572 2.6791476421167406
v -0.017882326210383326 436.3528104139643 1.3760565763634525
v -0.623920513316989 435.0219579868142 1.642817799397978
v 2.4029966443777084 428.2473420326188 2.0549568744653657
v 2.060067653656006 428.1112052508041 3.7086811861871847
v -0.2385582309216261 432.0242736839822 2.188531116428773
v 2.4029966443777084 428.2473420326188 2.0549568744653657
v -0.2385582309216261 432.0242736839822 2.188531116428773
v -0.2864736597985029 431.974730175753 1.2270188288023227
v 2.060067653656006 428.1112052508041 3.7086811861871847
v 2.7787359431385994 429.1649200782716 4.537337942998688
v 0.44612367637455463 432.7090595693572 2.6791476421167406
v 2.060067653656006 428.1112052508041 3.7086811861871847
v 0.44612367637455463 432.7090595693572 2.6791476421167406
v -0.2385582309216261 432.0242736839822 2.188531116428773
v -0.2385582309216261 432.0242736839822 2.188531116428773
v 0.44612367637455463 432.7090595693572 2.6791476421167406
v -0.623920513316989 435.0219579868142 1.642817799397978
v -0.2385582309216261 432.0242736839822 2.188531116428773
v -0.623920513316989 435.0219579868142 1.642817799397978
v -1.160357054322958 435.27487234555645 1.1864893703808836
v -0.2864736597985029 431.974730175753 1.2270188288023227
v -0.2385582309216261 432.0242736839822 2.188531116428773
v -1.160357054322958 435.27487234555645 1.1864893703808836
v -0.2864736597985029 431.974730175753 1.2270188288023227
v -1.160357054322958 435.27487234555645 1.1864893703808836
v -1.2668456882238388 435.3319019949798 0.6450606252819466
v 8.16526710987091 435.3305195396866 3.4168786096467874
v 8.897320926189423 436.27060382877943 2.403719324918538
v 4.325118660926819 437.1102185452306 1.4884530425370006
v 8.16526710987091 435.3305195396866 3.4168786096467874
v 4.325118660926819 437.1102185452306 1.4884530425370006
v 3.742767870426178 436.35519469305257 2.0710529501967025
v 8.897320926189423 436.27060382877943 2.403719324918538
v 9.004512429237366 436.4058346958896 1.3146399453648085
v 4.387533292174339 437.2157425143985 0.8161454408592421
v 8.897320926189423 436.27060382877943 2.403719324918538
v 4.387533292174339 437.2157425143985 0.8161454408592421
v 4.325118660926819 437.1102185452306 1.4884530425370006
v 4.325118660926819 437.1102185452306 1.4884530425370006
v 4.387533292174339 437.2157425143985 0.8161454408592421
v 0.8849999867379665 437.68948016812664 0.46833556960879086
v 4.325118660926819 437.1102185452306 1.4884530425370006
v 0.8849999867379665 437.68948016812664 0.46833556960879086
v 0.9515517391264439 437.5886291681082 0.8813303319054028
v 3.742767870426178 436.35519469305257 2.0710529501967025
v 4.325118660926819 437.1102185452306 1.4884530425370006
v 0.9515517391264439 437.5886291681082 0.8813303319054028
v 3.742767870426178 436.35519469305257 2.0710529501967025
v 0.9515517391264439 437.5886291681082 0.8813303319054028
v 1.2522478587925434 437.0775074941153 1.31591343869681
v 27.28116810321808 445.62848446855423 -1.9572820676775895
v 26.170337200164795 444.38384392049323 -3.745935086284522
v 16.77631586790085 438.4706819315043 -3.447796711714507
v 27.28116810321808 445.62848446855423 -1.9572820676775895
v 16.77631586790085 438.4706819315043 -3.447796711714507
v 17.656077444553375 439.3606986712293 -1.8520496013250296
v 26.170337200164795 444.38384392049323 -3.745935086284522
v 24.023553729057312 440.09993867041965 -6.480466624355467
v 14.381459355354309 435.66497197636846 -5.027923609291338
v 26.170337200164795 444.38384392049323 -3.745935086284522
v 14.381459355354309 435.66497197636846 -5.027923609291338
v 16.77631586790085 438.4706819315043 -3.447796711714507
v 16.77631586790085 438.4706819315043 -3.447796711714507
v 14.381459355354309 435.66497197636846 -5.027923609291338
v 8.165265619754791 435.33051862149745 -3.4169777092794997
v 16.77631586790085 438.4706819315043 -3.447796711714507
v 8.165265619754791 435.33051862149745 -3.4169777092794997
v 8.897320926189423 436.27055549912996 -2.403818490897681
v 17.656077444553375 439.3606986712293 -1.8520496013250296
v 16.77631586790085 438.4706819315043 -3.447796711714507
v 8.897320926189423 436.27055549912996 -2.403818490897681
v 17.656077444553375 439.3606986712293 -1.8520496013250296
v 8.897320926189423 436.27055549912996 -2.403818490897681
v 9.004512429237366 436.4058343426093 -1.3147389614248197
v 24.023553729057312 440.09993867041965 -6.480466624355467
v 15.025989711284637 428.53606534426564 -9.687942143009272
v 9.665492922067642 430.11244167022465 -6.572313056669568
v 24.023553729057312 440.09993867041965 -6.480466624355467
v 9.665492922067642 430.11244167022465 -6.572313056669568
v 14.381459355354309 435.66497197636846 -5.027923609291338
v 15.025989711284637 428.53606534426564 -9.687942143009272
v 6.298854202032089 416.17253622855446 -12.170654155825401
v 5.562826991081238 424.9971234703657 -7.142494852134475
v 15.025989711284637 428.53606534426564 -9.687942143009272
v 5.562826991081238 424.9971234703657 -7.142494852134475
v 9.665492922067642 430.11244167022465 -6.572313056669568
v 9.665492922067642 430.11244167022465 -6.572313056669568
v 5.562826991081238 424.9971234703657 -7.142494852134475
v 2.7787361294031143 429.1648711752811 -4.537436503406161
v 9.665492922067642 430.11244167022465 -6.572313056669568
v 2.7787361294031143 429.1648711752811 -4.537436503406161
v 5.397208780050278 432.2047079880478 -4.289809051062721
v 14.381459355354309 435.66497197636846 -5.027923609291338
v 9.665492922067642 430.11244167022465 -6.572313056669568
v 5.397208780050278 432.2047079880478 -4.289809051062721
v 14.381459355354309 435.66497197636846 -5.027923609291338
v 5.397208780050278 432.2047079880478 -4.289809051062721
v 8.165265619754791 435.33051862149745 -3.4169777092794997
v 27.28116810321808 445.6284849944967 1.9571785244184259
v 27.64083743095398 445.94772719801523 -0.00005167004798652448
v 17.903348803520203 439.58013937275575 -0.00005038459440213462
v 27.28116810321808 445.6284849944967 1.9571785244184259
v 17.903348803520203 439.58013937275575 -0.00005038459440213462
v 17.656077444553375 439.36069916889426 1.8519488599180443
v 27.64083743095398 445.94772719801523 -0.00005167004798652448
v 27.28116810321808 445.62848446855423 -1.9572820676775895
v 17.656077444553375 439.3606986712293 -1.8520496013250296
v 27.64083743095398 445.94772719801523 -0.00005167004798652448
v 17.656077444553375 439.3606986712293 -1.8520496013250296
v 17.903348803520203 439.58013937275575 -0.00005038459440213462
v 17.903348803520203 439.58013937275575 -0.00005038459440213462
v 17.656077444553375 439.3606986712293 -1.8520496013250296
v 9.004512429237366 436.4058343426093 -1.3147389614248197
v 17.903348803520203 439.58013937275575 -0.00005038459440213462
v 9.004512429237366 436.4058343426093 -1.3147389614248197
v 9.015751630067825 436.4158004155148 -0.000049419761760104894
v 17.656077444553375 439.36069916889426 1.8519488599180443
v 17.903348803520203 439.58013937275575 -0.00005038459440213462
v 9.015751630067825 436.4158004155148 -0.000049419761760104894
v 17.656077444553375 439.36069916889426 1.8519488599180443
v 9.015751630067825 436.4158004155148 -0.000049419761760104894
v 9.004512429237366 436.4058346958896 1.3146399453648085
v 4.645992070436478 415.1480049711089 -4.537354526377306
v 5.425788089632988 415.6496382539957 -0.00004857247724484357
v 6.6127292811870575 424.6544692598604 -0.00004907977642434948
v 4.645992070436478 415.1480049711089 -4.537354526377306
v 6.6127292811870575 424.6544692598604 -0.00004907977642434948
v 6.052251532673836 424.29393228230805 -3.0856330861287464
v 5.425788089632988 415.6496382539957 -0.00004857247724484357
v 4.6459924429655075 415.14795850664916 4.537256752330869
v 6.052251905202866 424.293885427745 3.085534717054693
v 5.425788089632988 415.6496382539957 -0.00004857247724484357
v 6.052251905202866 424.293885427745 3.085534717054693
v 6.6127292811870575 424.6544692598604 -0.00004907977642434948
v 6.6127292811870575 424.6544692598604 -0.00004907977642434948
v 6.052251905202866 424.293885427745 3.085534717054693
v 2.4029966443777084 428.2473420326188 2.0549568744653657
v 6.6127292811870575 424.6544692598604 -0.00004907977642434948
v 2.4029966443777084 428.2473420326188 2.0549568744653657
v 2.597944997251034 428.3727499248254 -0.000048986031636333366
v 6.052251532673836 424.29393228230805 -3.0856330861287464
v 6.6127292811870575 424.6544692598604 -0.00004907977642434948
v 2.597944997251034 428.3727499248254 -0.000048986031636333366
v 6.052251532673836 424.29393228230805 -3.0856330861287464
v 2.597944997251034 428.3727499248254 -0.000048986031636333366
v 2.4029968306422234 428.24724611297404 -2.055054443239005
v 6.298854202032089 416.17253622855446 -12.170654155825401
v 3.1821679323911667 414.1857470797275 -8.549476637513635
v 4.880686849355698 423.6485328587514 -5.705630135436768
v 6.298854202032089 416.17253622855446 -12.170654155825401
v 4.880686849355698 423.6485328587514 -5.705630135436768
v 5.562826991081238 424.9971234703657 -7.142494852134475
v 3.1821679323911667 414.1857470797275 -8.549476637513635
v 4.645992070436478 415.1480049711089 -4.537354526377306
v 6.052251532673836 424.29393228230805 -3.0856330861287464
v 3.1821679323911667 414.1857470797275 -8.549476637513635
v 6.052251532673836 424.29393228230805 -3.0856330861287464
v 4.880686849355698 423.6485328587514 -5.705630135436768
v 4.880686849355698 423.6485328587514 -5.705630135436768
v 6.052251532673836 424.29393228230805 -3.0856330861287464
v 2.4029968306422234 428.24724611297404 -2.055054443239005
v 4.880686849355698 423.6485328587514 -5.705630135436768
v 2.4029968306422234 428.24724611297404 -2.055054443239005
v 2.060067653656006 428.1112042542026 -3.7087790909202285
v 5.562826991081238 424.9971234703657 -7.142494852134475
v 4.880686849355698 423.6485328587514 -5.705630135436768
v 2.060067653656006 428.1112042542026 -3.7087790909202285
v 5.562826991081238 424.9971234703657 -7.142494852134475
v 2.060067653656006 428.1112042542026 -3.7087790909202285
v 2.7787361294031143 429.1648711752811 -4.537436503406161
v -1.2668456882238388 435.3319019949798 0.6450606252819466
v -1.160357054322958 435.27487234555645 1.1864893703808836
v -0.8316307328641415 437.09553186395937 0.7642637133287948
v -1.2668456882238388 435.3319019949798 0.6450606252819466
v -0.8316307328641415 437.09553186395937 0.7642637133287948
v -0.948549248278141 437.2022479666501 0.3946387784143625
v -1.160357054322958 435.27487234555645 1.1864893703808836
v -0.623920513316989 435.0219579868142 1.642817799397978
v -0.017882326210383326 436.3528104139643 1.3760565763634525
v -1.160357054322958 435.27487234555645 1.1864893703808836
v -0.017882326210383326 436.3528104139643 1.3760565763634525
v -0.8316307328641415 437.09553186395937 0.7642637133287948
v -0.8316307328641415 437.09553186395937 0.7642637133287948
v -0.017882326210383326 436.3528104139643 1.3760565763634525
v 1.2522478587925434 437.0775074941153 1.31591343869681
v -0.8316307328641415 437.09553186395937 0.7642637133287948
v 1.2522478587925434 437.0775074941153 1.31591343869681
v 0.9515517391264439 437.5886291681082 0.8813303319054028
v -0.948549248278141 437.2022479666501 0.3946387784143625
v -0.8316307328641415 437.09553186395937 0.7642637133287948
v 0.9515517391264439 437.5886291681082 0.8813303319054028
v -0.948549248278141 437.2022479666501 0.3946387784143625
v 0.9515517391264439 437.5886291681082 0.8813303319054028
v 0.8849999867379665 437.68948016812664 0.46833556960879086
v -0.6239205598831177 435.0219575453466 -1.6429168161147971
v -1.160357054322958 435.2748243429982 -1.1865886413183915
v -0.8316305465996265 437.0955316585748 -0.7643631009871864
v -0.6239205598831177 435.0219575453466 -1.6429168161147971
v -0.8316305465996265 437.0955316585748 -0.7643631009871864
v -0.017882324755191803 436.35281004418016 -1.3761556713071512
v -1.160357054322958 435.2748243429982 -1.1865886413183915
v -1.2668457813560963 435.33190182162724 -0.6451596787201225
v -0.9485491551458836 437.20224786059026 -0.39473828788152965
v -1.160357054322958 435.2748243429982 -1.1865886413183915
v -0.9485491551458836 437.20224786059026 -0.39473828788152965
v -0.8316305465996265 437.0955316585748 -0.7643631009871864
v -0.8316305465996265 437.0955316585748 -0.7643631009871864
v -0.9485491551458836 437.20224786059026 -0.39473828788152965
v 0.885000079870224 437.6894800422632 -0.4684351634377557
v -0.8316305465996265 437.0955316585748 -0.7643631009871864
v 0.885000079870224 437.6894800422632 -0.4684351634377557
v 0.9515517391264439 437.5886766149799 -0.881429758941927
v -0.017882324755191803 436.35281004418016 -1.3761556713071512
v -0.8316305465996265 437.0955316585748 -0.7643631009871864
v 0.9515517391264439 437.5886766149799 -0.881429758941927
v -0.017882324755191803 436.35281004418016 -1.3761556713071512
v 0.9515517391264439 437.5886766149799 -0.881429758941927
v 1.2522478587925434 437.0775071404927 -1.3160129146439685
v -1.2668457813560963 435.33190182162724 -0.6451596787201225
v -1.2668461538851261 435.3319495920177 -0.000049522250496670286
v -0.9485495276749134 437.20224791362017 -0.00004975067354254283
v -1.2668457813560963 435.33190182162724 -0.6451596787201225
v -0.9485495276749134 437.20224791362017 -0.00004975067354254283
v -0.9485491551458836 437.20224786059026 -0.39473828788152965
v -1.2668461538851261 435.3319495920177 -0.000049522250496670286
v -1.2668456882238388 435.3319019949798 0.6450606252819466
v -0.948549248278141 437.2022479666501 0.3946387784143625
v -1.2668461538851261 435.3319495920177 -0.000049522250496670286
v -0.948549248278141 437.2022479666501 0.3946387784143625
v -0.9485495276749134 437.20224791362017 -0.00004975067354254283
v -0.9485495276749134 437.20224791362017 -0.00004975067354254283
v -0.948549248278141 437.2022479666501 0.3946387784143625
v 0.8849999867379665 437.68948016812664 0.46833556960879086
v -0.9485495276749134 437.20224791362017 -0.00004975067354254283
v 0.8849999867379665 437.68948016812664 0.46833556960879086
v 0.8849996142089367 437.68952778890906 -0.00004976469209282624
v -0.9485491551458836 437.20224786059026 -0.39473828788152965
v -0.9485495276749134 437.20224791362017 -0.00004975067354254283
v 0.8849996142089367 437.68952778890906 -0.00004976469209282624
v -0.9485491551458836 437.20224786059026 -0.39473828788152965
v 0.8849996142089367 437.68952778890906 -0.00004976469209282624
v 0.885000079870224 437.6894800422632 -0.4684351634377557
v 2.7787361294031143 429.1648711752811 -4.537436503406161
v 2.060067653656006 428.1112042542026 -3.7087790909202285
v -0.23855827748775482 432.02432077958605 -2.18862951388559
v 2.7787361294031143 429.1648711752811 -4.537436503406161
v -0.23855827748775482 432.02432077958605 -2.18862951388559
v 0.4461236298084259 432.70910653312365 -2.6792464098521513
v 2.060067653656006 428.1112042542026 -3.7087790909202285
v 2.4029968306422234 428.24724611297404 -2.055054443239005
v -0.28647370636463165 431.9747298460181 -1.2271171198072943
v 2.060067653656006 428.1112042542026 -3.7087790909202285
v -0.28647370636463165 431.9747298460181 -1.2271171198072943
v -0.23855827748775482 432.02432077958605 -2.18862951388559
v -0.23855827748775482 432.02432077958605 -2.18862951388559
v -0.28647370636463165 431.9747298460181 -1.2271171198072943
v -1.2668457813560963 435.33190182162724 -0.6451596787201225
v -0.23855827748775482 432.02432077958605 -2.18862951388559
v -1.2668457813560963 435.33190182162724 -0.6451596787201225
v -1.160357054322958 435.2748243429982 -1.1865886413183915
v 0.4461236298084259 432.70910653312365 -2.6792464098521513
v -0.23855827748775482 432.02432077958605 -2.18862951388559
v -1.160357054322958 435.2748243429982 -1.1865886413183915
v 0.4461236298084259 432.70910653312365 -2.6792464098521513
v -1.160357054322958 435.2748243429982 -1.1865886413183915
v -0.6239205598831177 435.0219575453466 -1.6429168161147971
v 9.004512429237366 436.4058346958896 1.3146399453648085
v 9.015751630067825 436.4158004155148 -0.000049419761760104894
v 4.38753254711628 437.2156947210213 -0.000049604984363145325
v 9.004512429237366 436.4058346958896 1.3146399453648085
v 4.38753254711628 437.2156947210213 -0.000049604984363145325
v 4.387533292174339 437.2157425143985 0.8161454408592421
v 9.015751630067825 436.4158004155148 -0.000049419761760104894
v 9.004512429237366 436.4058343426093 -1.3147389614248197
v 4.387533292174339 437.21569461135823 -0.8162446745494487
v 9.015751630067825 436.4158004155148 -0.000049419761760104894
v 4.387533292174339 437.21569461135823 -0.8162446745494487
v 4.38753254711628 437.2156947210213 -0.000049604984363145325
v 4.38753254711628 437.2156947210213 -0.000049604984363145325
v 4.387533292174339 437.21569461135823 -0.8162446745494487
v 0.885000079870224 437.6894800422632 -0.4684351634377557
v 4.38753254711628 437.2156947210213 -0.000049604984363145325
v 0.885000079870224 437.6894800422632 -0.4684351634377557
v 0.8849996142089367 437.68952778890906 -0.00004976469209282624
v 4.387533292174339 437.2157425143985 0.8161454408592421
v 4.38753254711628 437.2156947210213 -0.000049604984363145325
v 0.8849996142089367 437.68952778890906 -0.00004976469209282624
v 4.387533292174339 437.2157425143985 0.8161454408592421
v 0.8849996142089367 437.68952778890906 -0.00004976469209282624
v 0.8849999867379665 437.68948016812664 0.46833556960879086
v 2.4029968306422234 428.24724611297404 -2.055054443239005
v 2.597944997251034 428.3727499248254 -0.000048986031636333366
v -0.2621058141812682 431.99037026913925 -0.000049111153762560516
v 2.4029968306422234 428.24724611297404 -2.055054443239005
v -0.2621058141812682 431.99037026913925 -0.000049111153762560516
v -0.28647370636463165 431.9747298460181 -1.2271171198072943
v 2.597944997251034 428.3727499248254 -0.000048986031636333366
v 2.4029966443777084 428.2473420326188 2.0549568744653657
v -0.2864736597985029 431.974730175753 1.2270188288023227
v 2.597944997251034 428.3727499248254 -0.000048986031636333366
v -0.2864736597985029 431.974730175753 1.2270188288023227
v -0.2621058141812682 431.99037026913925 -0.000049111153762560516
v -0.2621058141812682 431.99037026913925 -0.000049111153762560516
v -0.2864736597985029 431.974730175753 1.2270188288023227
v -1.2668456882238388 435.3319019949798 0.6450606252819466
v -0.2621058141812682 431.99037026913925 -0.000049111153762560516
v -1.2668456882238388 435.3319019949798 0.6450606252819466
v -1.2668461538851261 435.3319495920177 -0.000049522250496670286
v -0.28647370636463165 431.9747298460181 -1.2271171198072943
v -0.2621058141812682 431.99037026913925 -0.000049111153762560516
v -1.2668461538851261 435.3319495920177 -0.000049522250496670286
v -0.28647370636463165 431.9747298460181 -1.2271171198072943
v -1.2668461538851261 435.3319495920177 -0.000049522250496670286
v -1.2668457813560963 435.33190182162724 -0.6451596787201225
v 8.165265619754791 435.33051862149745 -3.4169777092794997
v 5.397208780050278 432.2047079880478 -4.289809051062721
v 2.055586874485016 434.55956844943677 -2.5317838410286515
v 8.165265619754791 435.33051862149745 -3.4169777092794997
v 2.055586874485016 434.55956844943677 -2.5317838410286515
v 3.742767870426178 436.35524182022476 -2.071152511448752
v 5.397208780050278 432.2047079880478 -4.289809051062721
v 2.7787361294031143 429.1648711752811 -4.537436503406161
v 0.4461236298084259 432.70910653312365 -2.6792464098521513
v 5.397208780050278 432.2047079880478 -4.289809051062721
v 0.4461236298084259 432.70910653312365 -2.6792464098521513
v 2.055586874485016 434.55956844943677 -2.5317838410286515
v 2.055586874485016 434.55956844943677 -2.5317838410286515
v 0.4461236298084259 432.70910653312365 -2.6792464098521513
v -0.6239205598831177 435.0219575453466 -1.6429168161147971
v 2.055586874485016 434.55956844943677 -2.5317838410286515
v -0.6239205598831177 435.0219575453466 -1.6429168161147971
v -0.017882324755191803 436.35281004418016 -1.3761556713071512
v 3.742767870426178 436.35524182022476 -2.071152511448752
v 2.055586874485016 434.55956844943677 -2.5317838410286515
v -0.017882324755191803 436.35281004418016 -1.3761556713071512
v 3.742767870426178 436.35524182022476 -2.071152511448752
v -0.017882324755191803 436.35281004418016 -1.3761556713071512
v 1.2522478587925434 437.0775071404927 -1.3160129146439685
v 9.004512429237366 436.4058343426093 -1.3147389614248197
v 8.897320926189423 436.27055549912996 -2.403818490897681
v 4.325119778513908 437.1101704615294 -1.488552154738768
v 9.004512429237366 436.4058343426093 -1.3147389614248197
v 4.325119778513908 437.1101704615294 -1.488552154738768
v 4.387533292174339 437.21569461135823 -0.8162446745494487
v 8.897320926189423 436.27055549912996 -2.403818490897681
v 8.165265619754791 435.33051862149745 -3.4169777092794997
v 3.742767870426178 436.35524182022476 -2.071152511448752
v 8.897320926189423 436.27055549912996 -2.403818490897681
v 3.742767870426178 436.35524182022476 -2.071152511448752
v 4.325119778513908 437.1101704615294 -1.488552154738768
v 4.325119778513908 437.1101704615294 -1.488552154738768
v 3.742767870426178 436.35524182022476 -2.071152511448752
v 1.2522478587925434 437.0775071404927 -1.3160129146439685
v 4.325119778513908 437.1101704615294 -1.488552154738768
v 1.2522478587925434 437.0775071404927 -1.3160129146439685
v 0.9515517391264439 437.5886766149799 -0.881429758941927
v 4.387533292174339 437.21569461135823 -0.8162446745494487
v 4.325119778513908 437.1101704615294 -1.488552154738768
v 0.9515517391264439 437.5886766149799 -0.881429758941927
v 4.387533292174339 437.21569461135823 -0.8162446745494487
v 0.9515517391264439 437.5886766149799 -0.881429758941927
v 0.885000079870224 437.6894800422632 -0.4684351634377557
v 206.68389797210693 177.5016029750469 15.700065545183799
v 204.15823459625244 164.1811940158622 21.925889987760993
v 222.16863632202148 158.41656591747065 15.681112342921777
v 206.68389797210693 177.5016029750469 15.700065545183799
v 222.16863632202148 158.41656591747065 15.681112342921777
v 225.065279006958 167.83952289387267 11.228482586950312
v 204.15823459625244 164.1811940158622 21.925889987760993
v 201.63257122039795 150.86075960794398 16.19212780213737
v 219.27196979522705 148.99359587092258 11.580398380356634
v 204.15823459625244 164.1811940158622 21.925889987760993
v 219.27196979522705 148.99359587092258 11.580398380356634
v 222.16863632202148 158.41656591747065 15.681112342921777
v 222.16863632202148 158.41656591747065 15.681112342921777
v 219.27196979522705 148.99359587092258 11.580398380356634
v 233.48405361175537 146.88770377725223 8.147855205029119
v 222.16863632202148 158.41656591747065 15.681112342921777
v 233.48405361175537 146.88770377725223 8.147855205029119
v 235.68456172943115 153.50216249944802 11.033078887732714
v 225.065279006958 167.83952289387267 11.228482586950312
v 222.16863632202148 158.41656591747065 15.681112342921777
v 235.68456172943115 153.50216249944802 11.033078887732714
v 225.065279006958 167.83952289387267 11.228482586950312
v 235.68456172943115 153.50216249944802 11.033078887732714
v 237.88506984710693 160.11662041306508 7.900249781220604
v 164.97950553894043 142.4921056401189 -37.06621527168027
v 165.1025891304016 175.57197794244607 -45.11131762642159
v 183.00321102142334 170.50098375840798 -30.77006737397968
v 164.97950553894043 142.4921056401189 -37.06621527168027
v 183.00321102142334 170.50098375840798 -30.77006737397968
v 182.53668546676636 151.06269486999153 -23.012873667793787
v 165.1025891304016 175.57197794244607 -45.11131762642159
v 155.7355284690857 209.78337534494443 -34.67297571752229
v 182.73440599441528 190.0177622331258 -22.20717910404333
v 165.1025891304016 175.57197794244607 -45.11131762642159
v 182.73440599441528 190.0177622331258 -22.20717910404333
v 183.00321102142334 170.50098375840798 -30.77006737397968
v 183.00321102142334 170.50098375840798 -30.77006737397968
v 182.73440599441528 190.0177622331258 -22.20717910404333
v 206.68389797210693 177.50159875615523 -15.700108772661483
v 183.00321102142334 170.50098375840798 -30.77006737397968
v 206.68389797210693 177.50159875615523 -15.700108772661483
v 204.15823459625244 164.1811762030535 -21.925926655574752
v 182.53668546676636 151.06269486999153 -23.012873667793787
v 183.00321102142334 170.50098375840798 -30.77006737397968
v 204.15823459625244 164.1811762030535 -21.925926655574752
v 182.53668546676636 151.06269486999153 -23.012873667793787
v 204.15823459625244 164.1811762030535 -21.925926655574752
v 201.63257122039795 150.86075525682764 -16.192162380632215
v 155.7355284690857 209.78337534494443 -34.67297571752229
v 155.62427043914795 217.27031917753186 -0.00002968979219047631
v 182.76673555374146 196.98491614338678 -0.00002632031618261405
v 155.7355284690857 209.78337534494443 -34.67297571752229
v 182.76673555374146 196.98491614338678 -0.00002632031618261405
v 182.73440599441528 190.0177622331258 -22.20717910404333
v 155.62427043914795 217.27031917753186 -0.00002968979219047631
v 155.73550462722778 209.78338466217951 34.67291636477811
v 182.73440599441528 190.0177682005817 22.207129533018332
v 155.62427043914795 217.27031917753186 -0.00002968979219047631
v 182.73440599441528 190.0177682005817 22.207129533018332
v 182.76673555374146 196.98491614338678 -0.00002632031618261405
v 182.76673555374146 196.98491614338678 -0.00002632031618261405
v 182.73440599441528 190.0177682005817 22.207129533018332
v 206.68389797210693 177.5016029750469 15.700065545183799
v 182.76673555374146 196.98491614338678 -0.00002632031618261405
v 206.68389797210693 177.5016029750469 15.700065545183799
v 207.6310157775879 182.49677987095384 -0.00002250039069918181
v 182.73440599441528 190.0177622331258 -22.20717910404333
v 182.76673555374146 196.98491614338678 -0.00002632031618261405
v 207.6310157775879 182.49677987095384 -0.00002250039069918181
v 182.73440599441528 190.0177622331258 -22.20717910404333
v 207.6310157775879 182.49677987095384 -0.00002250039069918181
v 206.68389797210693 177.50159875615523 -15.700108772661483
v 164.97948169708252 142.4921156004615 37.066168040828444
v 166.38648509979248 133.99841326773745 -0.00001981864913711802
v 182.37708806991577 144.03020842607302 -0.000018297994516081986
v 164.97948169708252 142.4921156004615 37.066168040828444
v 182.37708806991577 144.03020842607302 -0.000018297994516081986
v 182.53668546676636 151.06270105395328 23.012834564685733
v 166.38648509979248 133.99841326773745 -0.00001981864913711802
v 164.97950553894043 142.4921056401189 -37.06621527168027
v 182.53668546676636 151.06269486999153 -23.012873667793787
v 166.38648509979248 133.99841326773745 -0.00001981864913711802
v 182.53668546676636 151.06269486999153 -23.012873667793787
v 182.37708806991577 144.03020842607302 -0.000018297994516081986
v 182.37708806991577 144.03020842607302 -0.000018297994516081986
v 182.53668546676636 151.06269486999153 -23.012873667793787
v 201.63257122039795 150.86075525682764 -16.192162380632215
v 182.37708806991577 144.03020842607302 -0.000018297994516081986
v 201.63257122039795 150.86075525682764 -16.192162380632215
v 200.685453414917 145.86560226888994 -0.000017432314602519845
v 182.53668546676636 151.06270105395328 23.012834564685733
v 182.37708806991577 144.03020842607302 -0.000018297994516081986
v 200.685453414917 145.86560226888994 -0.000017432314602519845
v 182.53668546676636 151.06270105395328 23.012834564685733
v 200.685453414917 145.86560226888994 -0.000017432314602519845
v 201.63257122039795 150.86075960794398 16.19212780213737
v 233.48402976989746 146.88770158777484 -8.147887225777675
v 235.68456172943115 153.50215953465977 -11.033111940845412
v 244.52555179595947 149.52718600351466 -7.3993851429335935
v 233.48402976989746 146.88770158777484 -8.147887225777675
v 244.52555179595947 149.52718600351466 -7.3993851429335935
v 242.97223091125488 145.1052966289102 -5.494094576635281
v 235.68456172943115 153.50215953465977 -11.033111940845412
v 237.88506984710693 160.11660636919453 -7.900286101869948
v 245.94101905822754 154.02899381694522 -5.331385531758425
v 235.68456172943115 153.50215953465977 -11.033111940845412
v 245.94101905822754 154.02899381694522 -5.331385531758425
v 244.52555179595947 149.52718600351466 -7.3993851429335935
v 244.52555179595947 149.52718600351466 -7.3993851429335935
v 245.94101905822754 154.02899381694522 -5.331385531758425
v 249.4002103805542 150.26957428433815 -3.420280994099004
v 244.52555179595947 149.52718600351466 -7.3993851429335935
v 249.4002103805542 150.26957428433815 -3.420280994099004
v 249.15030002593994 147.0108214955897 -3.996460383656139
v 242.97223091125488 145.1052966289102 -5.494094576635281
v 244.52555179595947 149.52718600351466 -7.3993851429335935
v 249.15030002593994 147.0108214955897 -3.996460383656139
v 242.97223091125488 145.1052966289102 -5.494094576635281
v 249.15030002593994 147.0108214955897 -3.996460383656139
v 247.50168323516846 144.562799280154 -3.502691841563019
v 201.63257122039795 150.86075960794398 16.19212780213737
v 200.685453414917 145.86560226888994 -0.000017432314602519845
v 218.18575859069824 145.459992675077 -0.000016360665165129813
v 201.63257122039795 150.86075960794398 16.19212780213737
v 218.18575859069824 145.459992675077 -0.000016360665165129813
v 219.27196979522705 148.99359587092258 11.580398380356634
v 200.685453414917 145.86560226888994 -0.000017432314602519845
v 201.63257122039795 150.86075525682764 -16.192162380632215
v 219.27199363708496 148.99359275905982 -11.580431712053628
v 200.685453414917 145.86560226888994 -0.000017432314602519845
v 219.27199363708496 148.99359275905982 -11.580431712053628
v 218.18575859069824 145.459992675077 -0.000016360665165129813
v 218.18575859069824 145.459992675077 -0.000016360665165129813
v 219.27199363708496 148.99359275905982 -11.580431712053628
v 233.48402976989746 146.88770158777484 -8.147887225777675
v 218.18575859069824 145.459992675077 -0.000016360665165129813
v 233.48402976989746 146.88770158777484 -8.147887225777675
v 232.65883922576904 144.4072793169448 -0.000016153365014378013
v 219.27196979522705 148.99359587092258 11.580398380356634
v 218.18575859069824 145.459992675077 -0.000016360665165129813
v 232.65883922576904 144.4072793169448 -0.000016153365014378013
v 219.27196979522705 148.99359587092258 11.580398380356634
v 232.65883922576904 144.4072793169448 -0.000016153365014378013
v 233.48405361175537 146.88770377725223 8.147855205029119
v 201.63257122039795 150.86075525682764 -16.192162380632215
v 204.15823459625244 164.1811762030535 -21.925926655574752
v 222.16863632202148 158.41656170367276 -15.681150441911774
v 201.63257122039795 150.86075525682764 -16.192162380632215
v 222.16863632202148 158.41656170367276 -15.681150441911774
v 219.27199363708496 148.99359275905982 -11.580431712053628
v 204.15823459625244 164.1811762030535 -21.925926655574752
v 206.68389797210693 177.50159875615523 -15.700108772661483
v 225.065279006958 167.83951987657505 -11.228522472997973
v 204.15823459625244 164.1811762030535 -21.925926655574752
v 225.065279006958 167.83951987657505 -11.228522472997973
v 222.16863632202148 158.41656170367276 -15.681150441911774
v 222.16863632202148 158.41656170367276 -15.681150441911774
v 225.065279006958 167.83951987657505 -11.228522472997973
v 237.88506984710693 160.11660636919453 -7.900286101869948
v 222.16863632202148 158.41656170367276 -15.681150441911774
v 237.88506984710693 160.11660636919453 -7.900286101869948
v 235.68456172943115 153.50215953465977 -11.033111940845412
v 219.27199363708496 148.99359275905982 -11.580431712053628
v 222.16863632202148 158.41656170367276 -15.681150441911774
v 235.68456172943115 153.50215953465977 -11.033111940845412
v 219.27199363708496 148.99359275905982 -11.580431712053628
v 235.68456172943115 153.50215953465977 -11.033111940845412
v 233.48402976989746 146.88770158777484 -8.147887225777675
v 206.68389797210693 177.50159875615523 -15.700108772661483
v 207.6310157775879 182.49677987095384 -0.00002250039069918181
v 226.15151405334473 171.37312302513814 -0.00001995483260175812
v 206.68389797210693 177.50159875615523 -15.700108772661483
v 226.15151405334473 171.37312302513814 -0.00001995483260175812
v 225.065279006958 167.83951987657505 -11.228522472997973
v 207.6310157775879 182.49677987095384 -0.00002250039069918181
v 206.68389797210693 177.5016029750469 15.700065545183799
v 225.065279006958 167.83952289387267 11.228482586950312
v 207.6310157775879 182.49677987095384 -0.00002250039069918181
v 225.065279006958 167.83952289387267 11.228482586950312
v 226.15151405334473 171.37312302513814 -0.00001995483260175812
v 226.15151405334473 171.37312302513814 -0.00001995483260175812
v 225.065279006958 167.83952289387267 11.228482586950312
v 237.88506984710693 160.11662041306508 7.900249781220604
v 226.15151405334473 171.37312302513814 -0.00001995483260175812
v 237.88506984710693 160.11662041306508 7.900249781220604
v 238.71028423309326 162.59704271716276 -0.000018472921223092007
v 225.065279006958 167.83951987657505 -11.228522472997973
v 226.15151405334473 171.37312302513814 -0.00001995483260175812
v 238.71028423309326 162.59704271716276 -0.000018472921223092007
v 225.065279006958 167.83951987657505 -11.228522472997973
v 238.71028423309326 162.59704271716276 -0.000018472921223092007
v 237.88506984710693 160.11660636919453 -7.900286101869948
v 247.50165939331055 144.56280022138515 3.5026604455570833
v 248.05433750152588 143.7164615076438 -0.000015449524486798567
v 250.61800479888916 146.1601445714305 -0.000015781513899948132
v 247.50165939331055 144.56280022138515 3.5026604455570833
v 250.61800479888916 146.1601445714305 -0.000015781513899948132
v 249.15032386779785 147.0108344904338 3.9964294474086817
v 248.05433750152588 143.7164615076438 -0.000015449524486798567
v 247.50168323516846 144.562799280154 -3.502691841563019
v 249.15030002593994 147.0108214955897 -3.996460383656139
v 248.05433750152588 143.7164615076438 -0.000015449524486798567
v 249.15030002593994 147.0108214955897 -3.996460383656139
v 250.61800479888916 146.1601445714305 -0.000015781513899948132
v 250.61800479888916 146.1601445714305 -0.000015781513899948132
v 249.15030002593994 147.0108214955897 -3.996460383656139
v 249.4002103805542 150.26957428433815 -3.420280994099004
v 250.61800479888916 146.1601445714305 -0.000015781513899948132
v 249.4002103805542 150.26957428433815 -3.420280994099004
v 250.24631023406982 150.3052063993081 -0.00001633843968652977
v 249.15032386779785 147.0108344904338 3.9964294474086817
v 250.61800479888916 146.1601445714305 -0.000015781513899948132
v 250.24631023406982 150.3052063993081 -0.00001633843968652977
v 249.15032386779785 147.0108344904338 3.9964294474086817
v 250.24631023406982 150.3052063993081 -0.00001633843968652977
v 249.4002342224121 150.26957520342384 3.42024806458149
v 237.88506984710693 160.11660636919453 -7.900286101869948
v 238.71028423309326 162.59704271716276 -0.000018472921223092007
v 246.55475616455078 155.62668506085058 -0.000017141239209568444
v 237.88506984710693 160.11660636919453 -7.900286101869948
v 246.55475616455078 155.62668506085058 -0.000017141239209568444
v 245.94101905822754 154.02899381694522 -5.331385531758425
v 238.71028423309326 162.59704271716276 -0.000018472921223092007
v 237.88506984710693 160.11662041306508 7.900249781220604
v 245.94101905822754 154.02899524957846 5.331351964547205
v 238.71028423309326 162.59704271716276 -0.000018472921223092007
v 245.94101905822754 154.02899524957846 5.331351964547205
v 246.55475616455078 155.62668506085058 -0.000017141239209568444
v 246.55475616455078 155.62668506085058 -0.000017141239209568444
v 245.94101905822754 154.02899524957846 5.331351964547205
v 249.4002342224121 150.26957520342384 3.42024806458149
v 246.55475616455078 155.62668506085058 -0.000017141239209568444
v 249.4002342224121 150.26957520342384 3.42024806458149
v 250.24631023406982 150.3052063993081 -0.00001633843968652977
v 245.94101905822754 154.02899381694522 -5.331385531758425
v 246.55475616455078 155.62668506085058 -0.000017141239209568444
v 250.24631023406982 150.3052063993081 -0.00001633843968652977
v 245.94101905822754 154.02899381694522 -5.331385531758425
v 250.24631023406982 150.3052063993081 -0.00001633843968652977
v 249.4002103805542 150.26957428433815 -3.420280994099004
v 237.88506984710693 160.11662041306508 7.900249781220604
v 235.68456172943115 153.50216249944802 11.033078887732714
v 244.52557563781738 149.52717607092762 7.399352412910425
v 237.88506984710693 160.11662041306508 7.900249781220604
v 244.52557563781738 149.52717607092762 7.399352412910425
v 245.94101905822754 154.02899524957846 5.331351964547205
v 235.68456172943115 153.50216249944802 11.033078887732714
v 233.48405361175537 146.88770377725223 8.147855205029119
v 242.97223091125488 145.10529810526648 5.494062662321605
v 235.68456172943115 153.50216249944802 11.033078887732714
v 242.97223091125488 145.10529810526648 5.494062662321605
v 244.52557563781738 149.52717607092762 7.399352412910425
v 244.52557563781738 149.52717607092762 7.399352412910425
v 242.97223091125488 145.10529810526648 5.494062662321605
v 247.50165939331055 144.56280022138515 3.5026604455570833
v 244.52557563781738 149.52717607092762 7.399352412910425
v 247.50165939331055 144.56280022138515 3.5026604455570833
v 249.15032386779785 147.0108344904338 3.9964294474086817
v 245.94101905822754 154.02899524957846 5.331351964547205
v 244.52557563781738 149.52717607092762 7.399352412910425
v 249.15032386779785 147.0108344904338 3.9964294474086817
v 245.94101905822754 154.02899524957846 5.331351964547205
v 249.15032386779785 147.0108344904338 3.9964294474086817
v 249.4002342224121 150.26957520342384 3.42024806458149
v 233.48405361175537 146.88770377725223 8.147855205029119
v 232.65883922576904 144.4072793169448 -0.000016153365014378013
v 242.49634742736816 143.42768893452026 -0.000015516831386384848
v 233.48405361175537 146.88770377725223 8.147855205029119
v 242.49634742736816 143.42768893452026 -0.000015516831386384848
v 242.97223091125488 145.10529810526648 5.494062662321605
v 232.65883922576904 144.4072793169448 -0.000016153365014378013
v 233.48402976989746 146.88770158777484 -8.147887225777675
v 242.97223091125488 145.1052966289102 -5.494094576635281
v 232.65883922576904 144.4072793169448 -0.000016153365014378013
v 242.97223091125488 145.1052966289102 -5.494094576635281
v 242.49634742736816 143.42768893452026 -0.000015516831386384848
v 242.49634742736816 143.42768893452026 -0.000015516831386384848
v 242.97223091125488 145.1052966289102 -5.494094576635281
v 247.50168323516846 144.562799280154 -3.502691841563019
v 242.49634742736816 143.42768893452026 -0.000015516831386384848
v 247.50168323516846 144.562799280154 -3.502691841563019
v 248.05433750152588 143.7164615076438 -0.000015449524486798567
v 242.97223091125488 145.10529810526648 5.494062662321605
v 242.49634742736816 143.42768893452026 -0.000015516831386384848
v 248.05433750152588 143.7164615076438 -0.000015449524486798567
v 242.97223091125488 145.10529810526648 5.494062662321605
v 248.05433750152588 143.7164615076438 -0.000015449524486798567
v 247.50165939331055 144.56280022138515 3.5026604455570833
v 101.45766735076904 15.14024849992049 12.453054411414636
v 87.1918797492981 14.950543586584448 14.48651450752909
v 84.78201627731323 6.0009998467466765 10.687300135818514
v 101.45766735076904 15.14024849992049 12.453054411414636
v 84.78201627731323 6.0009998467466765 10.687300135818514
v 95.4282820224762 5.875668963680846 9.19289553023275
v 87.1918797492981 14.950543586584448 14.48651450752909
v 72.92607426643372 14.760839101696314 8.61823927029893
v 74.23301339149475 6.290209942281107 6.432179041330344
v 87.1918797492981 14.950543586584448 14.48651450752909
v 74.23301339149475 6.290209942281107 6.432179041330344
v 84.78201627731323 6.0009998467466765 10.687300135818514
v 84.78201627731323 6.0009998467466765 10.687300135818514
v 74.23301339149475 6.290209942281107 6.432179041330344
v 75.51765441894531 1.7431145361004825 4.474333286362841
v 84.78201627731323 6.0009998467466765 10.687300135818514
v 75.51765441894531 1.7431145361004825 4.474333286362841
v 82.0665955543518 0.7274605745635163 6.0371228243891535
v 95.4282820224762 5.875668963680846 9.19289553023275
v 84.78201627731323 6.0009998467466765 10.687300135818514
v 82.0665955543518 0.7274605745635163 6.0371228243891535
v 95.4282820224762 5.875668963680846 9.19289553023275
v 82.0665955543518 0.7274605745635163 6.0371228243891535
v 89.60211873054504 1.3740308595629562 5.904886112318469
v 60.43838858604431 33.3475955271775 14.369056616864205
v 45.481330156326294 32.48477466972462 -0.000005198828400917396
v 61.53663396835327 24.552664810442383 -0.000003884279337053002
v 60.43838858604431 33.3475955271775 14.369056616864205
v 61.53663396835327 24.552664810442383 -0.000003884279337053002
v 69.03432607650757 25.014937530592768 10.88753341793217
v 45.481330156326294 32.48477466972462 -0.000005198828400917396
v 60.43838858604431 33.34759166595593 -14.369067068069668
v 69.03432607650757 25.014934604918686 -10.887540139888815
v 45.481330156326294 32.48477466972462 -0.000005198828400917396
v 69.03432607650757 25.014934604918686 -10.887540139888815
v 61.53663396835327 24.552664810442383 -0.000003884279337053002
v 61.53663396835327 24.552664810442383 -0.000003884279337053002
v 69.03432607650757 25.014934604918686 -10.887540139888815
v 72.92607426643372 14.760835295706284 -8.618241746681415
v 61.53663396835327 24.552664810442383 -0.000003884279337053002
v 72.92607426643372 14.760835295706284 -8.618241746681415
v 67.57640838623047 14.68969682242262 -0.0000020029614984186126
v 69.03432607650757 25.014937530592768 10.88753341793217
v 61.53663396835327 24.552664810442383 -0.000003884279337053002
v 67.57640838623047 14.68969682242262 -0.0000020029614984186126
v 69.03432607650757 25.014937530592768 10.88753341793217
v 67.57640838623047 14.68969682242262 -0.0000020029614984186126
v 72.92607426643372 14.760839101696314 8.61823927029893
v 60.43838858604431 33.34759166595593 -14.369067068069668
v 86.15682125091553 36.31293313499247 -24.997087866105254
v 87.31881380081177 26.380949815521863 -18.41492050243275
v 60.43838858604431 33.34759166595593 -14.369067068069668
v 87.31881380081177 26.380949815521863 -18.41492050243275
v 69.03432607650757 25.014934604918686 -10.887540139888815
v 86.15682125091553 36.31293313499247 -24.997087866105254
v 112.59194612503052 44.30763517576204 -26.068585211438457
v 105.43988943099976 28.144886931633852 -16.187763461310794
v 86.15682125091553 36.31293313499247 -24.997087866105254
v 105.43988943099976 28.144886931633852 -16.187763461310794
v 87.31881380081177 26.380949815521863 -18.41492050243275
v 87.31881380081177 26.380949815521863 -18.41492050243275
v 105.43988943099976 28.144886931633852 -16.187763461310794
v 101.45765542984009 15.140246643679996 -12.453055499635342
v 87.31881380081177 26.380949815521863 -18.41492050243275
v 101.45765542984009 15.140246643679996 -12.453055499635342
v 87.19187378883362 14.950541183917196 -14.486515544772653
v 69.03432607650757 25.014934604918686 -10.887540139888815
v 87.31881380081177 26.380949815521863 -18.41492050243275
v 87.19187378883362 14.950541183917196 -14.486515544772653
v 69.03432607650757 25.014934604918686 -10.887540139888815
v 87.19187378883362 14.950541183917196 -14.486515544772653
v 72.92607426643372 14.760835295706284 -8.618241746681415
v 112.59194612503052 44.307642180852085 26.068579265654982
v 86.15682721138 36.31293985215168 24.99707810817567
v 87.31881380081177 26.380954763936806 18.414916393635476
v 112.59194612503052 44.307642180852085 26.068579265654982
v 87.31881380081177 26.380954763936806 18.414916393635476
v 105.43988943099976 28.144891281572363 16.187760368628506
v 86.15682721138 36.31293985215168 24.99707810817567
v 60.43838858604431 33.3475955271775 14.369056616864205
v 69.03432607650757 25.014937530592768 10.88753341793217
v 86.15682721138 36.31293985215168 24.99707810817567
v 69.03432607650757 25.014937530592768 10.88753341793217
v 87.31881380081177 26.380954763936806 18.414916393635476
v 87.31881380081177 26.380954763936806 18.414916393635476
v 69.03432607650757 25.014937530592768 10.88753341793217
v 72.92607426643372 14.760839101696314 8.61823927029893
v 87.31881380081177 26.380954763936806 18.414916393635476
v 72.92607426643372 14.760839101696314 8.61823927029893
v 87.1918797492981 14.950543586584448 14.48651450752909
v 105.43988943099976 28.144891281572363 16.187760368628506
v 87.31881380081177 26.380954763936806 18.414916393635476
v 87.1918797492981 14.950543586584448 14.48651450752909
v 105.43988943099976 28.144891281572363 16.187760368628506
v 87.1918797492981 14.950543586584448 14.48651450752909
v 101.45766735076904 15.14024849992049 12.453054411414636
v 75.51765441894531 1.7431145361004825 4.474333286362841
v 73.8743007183075 0.9421407853942033 6.490849387712467e-7
v 81.03139400482178 -1.0167121539199946 0.0000010732622950738817
v 75.51765441894531 1.7431145361004825 4.474333286362841
v 81.03139400482178 -1.0167121539199946 0.0000010732622950738817
v 82.0665955543518 0.7274605745635163 6.0371228243891535
v 73.8743007183075 0.9421407853942033 6.490849387712467e-7
v 75.51764845848083 1.7431133337680202 -4.47433189212336
v 82.0665955543518 0.7274529918175222 -6.037121529753614
v 73.8743007183075 0.9421407853942033 6.490849387712467e-7
v 82.0665955543518 0.7274529918175222 -6.037121529753614
v 81.03139400482178 -1.0167121539199946 0.0000010732622950738817
v 81.03139400482178 -1.0167121539199946 0.0000010732622950738817
v 82.0665955543518 0.7274529918175222 -6.037121529753614
v 89.60211873054504 1.3740292728157606 -5.904883501312562
v 81.03139400482178 -1.0167121539199946 0.0000010732622950738817
v 89.60211873054504 1.3740292728157606 -5.904883501312562
v 90.25888442993164 0.5127757612190137 9.555737511067035e-7
v 82.0665955543518 0.7274605745635163 6.0371228243891535
v 81.03139400482178 -1.0167121539199946 0.0000010732622950738817
v 90.25888442993164 0.5127757612190137 9.555737511067035e-7
v 82.0665955543518 0.7274605745635163 6.0371228243891535
v 90.25888442993164 0.5127757612190137 9.555737511067035e-7
v 89.60211873054504 1.3740308595629562 5.904886112318469
v 72.92607426643372 14.760839101696314 8.61823927029893
v 67.57640838623047 14.68969682242262 -0.0000020029614984186126
v 70.28481364250183 6.284039997537714 -3.6135218322652765e-7
v 72.92607426643372 14.760839101696314 8.61823927029893
v 70.28481364250183 6.284039997537714 -3.6135218322652765e-7
v 74.23301339149475 6.290209942281107 6.432179041330344
v 67.57640838623047 14.68969682242262 -0.0000020029614984186126
v 72.92607426643372 14.760835295706284 -8.618241746681415
v 74.23300743103027 6.290208213840579 -6.432179241504931
v 67.57640838623047 14.68969682242262 -0.0000020029614984186126
v 74.23300743103027 6.290208213840579 -6.432179241504931
v 70.28481364250183 6.284039997537714 -3.6135218322652765e-7
v 70.28481364250183 6.284039997537714 -3.6135218322652765e-7
v 74.23300743103027 6.290208213840579 -6.432179241504931
v 75.51764845848083 1.7431133337680202 -4.47433189212336
v 70.28481364250183 6.284039997537714 -3.6135218322652765e-7
v 75.51764845848083 1.7431133337680202 -4.47433189212336
v 73.8743007183075 0.9421407853942033 6.490849387712467e-7
v 74.23301339149475 6.290209942281107 6.432179041330344
v 70.28481364250183 6.284039997537714 -3.6135218322652765e-7
v 73.8743007183075 0.9421407853942033 6.490849387712467e-7
v 74.23301339149475 6.290209942281107 6.432179041330344
v 73.8743007183075 0.9421407853942033 6.490849387712467e-7
v 75.51765441894531 1.7431145361004825 4.474333286362841
v 72.92607426643372 14.760835295706284 -8.618241746681415
v 87.19187378883362 14.950541183917196 -14.486515544772653
v 84.78201627731323 6.000993994647573 -10.68730025827667
v 72.92607426643372 14.760835295706284 -8.618241746681415
v 84.78201627731323 6.000993994647573 -10.68730025827667
v 74.23300743103027 6.290208213840579 -6.432179241504931
v 87.19187378883362 14.950541183917196 -14.486515544772653
v 101.45765542984009 15.140246643679996 -12.453055499635342
v 95.4282820224762 5.875669473619324 -9.19289338383903
v 87.19187378883362 14.950541183917196 -14.486515544772653
v 95.4282820224762 5.875669473619324 -9.19289338383903
v 84.78201627731323 6.000993994647573 -10.68730025827667
v 84.78201627731323 6.000993994647573 -10.68730025827667
v 95.4282820224762 5.875669473619324 -9.19289338383903
v 89.60211873054504 1.3740292728157606 -5.904883501312562
v 84.78201627731323 6.000993994647573 -10.68730025827667
v 89.60211873054504 1.3740292728157606 -5.904883501312562
v 82.0665955543518 0.7274529918175222 -6.037121529753614
v 74.23300743103027 6.290208213840579 -6.432179241504931
v 84.78201627731323 6.000993994647573 -10.68730025827667
v 82.0665955543518 0.7274529918175222 -6.037121529753614
v 74.23300743103027 6.290208213840579 -6.432179241504931
v 82.0665955543518 0.7274529918175222 -6.037121529753614
v 75.51764845848083 1.7431133337680202 -4.47433189212336
v 101.45765542984009 15.140246643679996 -12.453055499635342
v 106.80731534957886 15.211384967846758 5.15507605324328e-9
v 99.27922487258911 5.717956824088731 6.659993855031015e-7
v 101.45765542984009 15.140246643679996 -12.453055499635342
v 99.27922487258911 5.717956824088731 6.659993855031015e-7
v 95.4282820224762 5.875669473619324 -9.19289338383903
v 106.80731534957886 15.211384967846758 5.15507605324328e-9
v 101.45766735076904 15.14024849992049 12.453054411414636
v 95.4282820224762 5.875668963680846 9.19289553023275
v 106.80731534957886 15.211384967846758 5.15507605324328e-9
v 95.4282820224762 5.875668963680846 9.19289553023275
v 99.27922487258911 5.717956824088731 6.659993855031015e-7
v 99.27922487258911 5.717956824088731 6.659993855031015e-7
v 95.4282820224762 5.875668963680846 9.19289553023275
v 89.60211873054504 1.3740308595629562 5.904886112318469
v 99.27922487258911 5.717956824088731 6.659993855031015e-7
v 89.60211873054504 1.3740308595629562 5.904886112318469
v 90.25888442993164 0.5127757612190137 9.555737511067035e-7
v 95.4282820224762 5.875669473619324 -9.19289338383903
v 99.27922487258911 5.717956824088731 6.659993855031015e-7
v 90.25888442993164 0.5127757612190137 9.555737511067035e-7
v 95.4282820224762 5.875669473619324 -9.19289338383903
v 90.25888442993164 0.5127757612190137 9.555737511067035e-7
v 89.60211873054504 1.3740292728157606 -5.904883501312562
v -95.92025876045227 14.165336754783567 -12.163104858771954
v -81.8666160106659 13.338739302479876 -14.149217125322432
v -80.16215562820435 5.151445997230375 -11.0168661347439
v -95.92025876045227 14.165336754783567 -12.163104858771954
v -80.16215562820435 5.151445997230375 -11.0168661347439
v -91.1772072315216 5.626417724876762 -9.445832357319025
v -81.8666160106659 13.338739302479876 -14.149217125322432
v -67.81299114227295 12.512145867356818 -8.417576454317702
v -69.18514966964722 4.802598494355483 -6.628160597060826
v -81.8666160106659 13.338739302479876 -14.149217125322432
v -69.18514966964722 4.802598494355483 -6.628160597060826
v -80.16215562820435 5.151445997230375 -11.0168661347439
v -80.16215562820435 5.151445997230375 -11.0168661347439
v -69.18514966964722 4.802598494355483 -6.628160597060826
v -71.46775722503662 1.2892030610441123 -4.896115144755806
v -80.16215562820435 5.151445997230375 -11.0168661347439
v -71.46775722503662 1.2892030610441123 -4.896115144755806
v -78.99064421653748 0.9072801127843945 -6.678428394199059
v -91.1772072315216 5.626417724876762 -9.445832357319025
v -80.16215562820435 5.151445997230375 -11.0168661347439
v -78.99064421653748 0.9072801127843945 -6.678428394199059
v -91.1772072315216 5.626417724876762 -9.445832357319025
v -78.99064421653748 0.9072801127843945 -6.678428394199059
v -86.89965009689331 1.8046071877448584 -6.37917893556257
v -111.60374879837036 44.09234719915005 25.831078635139047
v -117.82429218292236 44.961528431200605 -0.000010080317370398426
v -107.9569935798645 28.06119524750556 -0.000008248666403068153
v -111.60374879837036 44.09234719915005 25.831078635139047
v -107.9569935798645 28.06119524750556 -0.000008248666403068153
v -101.52965784072876 27.321292154761995 15.779242178907758
v -117.82429218292236 44.961528431200605 -0.000010080317370398426
v -111.60374879837036 44.0923372776465 -25.831099424229237
v -101.52965784072876 27.32128791459779 -15.779258461318994
v -117.82429218292236 44.961528431200605 -0.000010080317370398426
v -101.52965784072876 27.32128791459779 -15.779258461318994
v -107.9569935798645 28.06119524750556 -0.000008248666403068153
v -107.9569935798645 28.06119524750556 -0.000008248666403068153
v -101.52965784072876 27.32128791459779 -15.779258461318994
v -95.92025876045227 14.165336754783567 -12.163104858771954
v -107.9569935798645 28.06119524750556 -0.000008248666403068153
v -95.92025876045227 14.165336754783567 -12.163104858771954
v -101.19037628173828 14.475312333548102 -0.0000063062004848820175
v -101.52965784072876 27.321292154761995 15.779242178907758
v -107.9569935798645 28.06119524750556 -0.000008248666403068153
v -101.19037628173828 14.475312333548102 -0.0000063062004848820175
v -101.52965784072876 27.321292154761995 15.779242178907758
v -101.19037628173828 14.475312333548102 -0.0000063062004848820175
v -95.9202527999878 14.165340023223688 12.163092111598077
v -59.31544303894043 32.76887232981362 -14.208551687427674
v -44.405174255371094 31.85361514733718 -0.000005362826254139371
v -58.351582288742065 22.742702778564556 -0.0000043143178651529795
v -59.31544303894043 32.76887232981362 -14.208551687427674
v -58.351582288742065 22.742702778564556 -0.0000043143178651529795
v -65.72819948196411 23.359381418197977 -10.60531565938952
v -44.405174255371094 31.85361514733718 -0.000005362826254139371
v -59.31544303894043 32.76887614790168 14.20853990161829
v -65.72819352149963 23.35938575814907 10.605306402077032
v -44.405174255371094 31.85361514733718 -0.000005362826254139371
v -65.72819352149963 23.35938575814907 10.605306402077032
v -58.351582288742065 22.742702778564556 -0.0000043143178651529795
v -58.351582288742065 22.742702778564556 -0.0000043143178651529795
v -65.72819352149963 23.35938575814907 10.605306402077032
v -67.81299114227295 12.512146639191966 8.417570856908158
v -58.351582288742065 22.742702778564556 -0.0000043143178651529795
v -67.81299114227295 12.512146639191966 8.417570856908158
v -62.54287362098694 12.202171563671872 -0.0000029420099504504295
v -65.72819948196411 23.359381418197977 -10.60531565938952
v -58.351582288742065 22.742702778564556 -0.0000043143178651529795
v -62.54287362098694 12.202171563671872 -0.0000029420099504504295
v -65.72819948196411 23.359381418197977 -10.60531565938952
v -62.54287362098694 12.202171563671872 -0.0000029420099504504295
v -67.81299114227295 12.512145867356818 -8.417576454317702
v -111.60374879837036 44.0923372776465 -25.831099424229237
v -84.95075702667236 35.88251016489983 -24.72549329318685
v -83.70023369789124 25.139262981592406 -17.940351150375506
v -111.60374879837036 44.0923372776465 -25.831099424229237
v -83.70023369789124 25.139262981592406 -17.940351150375506
v -101.52965784072876 27.32128791459779 -15.779258461318994
v -84.95075702667236 35.88251016489983 -24.72549329318685
v -59.31544303894043 32.76887232981362 -14.208551687427674
v -65.72819948196411 23.359381418197977 -10.60531565938952
v -84.95075702667236 35.88251016489983 -24.72549329318685
v -65.72819948196411 23.359381418197977 -10.60531565938952
v -83.70023369789124 25.139262981592406 -17.940351150375506
v -83.70023369789124 25.139262981592406 -17.940351150375506
v -65.72819948196411 23.359381418197977 -10.60531565938952
v -67.81299114227295 12.512145867356818 -8.417576454317702
v -83.70023369789124 25.139262981592406 -17.940351150375506
v -67.81299114227295 12.512145867356818 -8.417576454317702
v -81.8666160106659 13.338739302479876 -14.149217125322432
v -101.52965784072876 27.32128791459779 -15.779258461318994
v -83.70023369789124 25.139262981592406 -17.940351150375506
v -81.8666160106659 13.338739302479876 -14.149217125322432
v -101.52965784072876 27.32128791459779 -15.779258461318994
v -81.8666160106659 13.338739302479876 -14.149217125322432
v -95.92025876045227 14.165336754783567 -12.163104858771954
v -71.46775722503662 1.2892030610441123 -4.896115144755806
v -69.85024213790894 0.6020068916253589 -0.0000020420126867282795
v -78.58548760414124 -0.4350125640747971 -0.000003014961362530993
v -71.46775722503662 1.2892030610441123 -4.896115144755806
v -78.58548760414124 -0.4350125640747971 -0.000003014961362530993
v -78.99064421653748 0.9072801127843945 -6.678428394199059
v -69.85024213790894 0.6020068916253589 -0.0000020420126867282795
v -71.46775722503662 1.2891984162521013 4.896110327976515
v -78.99064421653748 0.9072878678598009 6.6784214448734645
v -69.85024213790894 0.6020068916253589 -0.0000020420126867282795
v -78.99064421653748 0.9072878678598009 6.6784214448734645
v -78.58548760414124 -0.4350125640747971 -0.000003014961362530993
v -78.58548760414124 -0.4350125640747971 -0.000003014961362530993
v -78.99064421653748 0.9072878678598009 6.6784214448734645
v -86.89963817596436 1.8046059217100892 6.379171000052466
v -78.58548760414124 -0.4350125640747971 -0.000003014961362530993
v -86.89963817596436 1.8046059217100892 6.379171000052466
v -88.13104629516602 1.21256406925106 -0.000004260797601047075
v -78.99064421653748 0.9072801127843945 -6.678428394199059
v -78.58548760414124 -0.4350125640747971 -0.000003014961362530993
v -88.13104629516602 1.21256406925106 -0.000004260797601047075
v -78.99064421653748 0.9072801127843945 -6.678428394199059
v -88.13104629516602 1.21256406925106 -0.000004260797601047075
v -86.89965009689331 1.8046071877448584 -6.37917893556257
v -67.81299114227295 12.512145867356818 -8.417576454317702
v -62.54287362098694 12.202171563671872 -0.0000029420099504504295
v -65.08914828300476 4.586630902652705 -0.000001933429806072887
v -67.81299114227295 12.512145867356818 -8.417576454317702
v -65.08914828300476 4.586630902652705 -0.000001933429806072887
v -69.18514966964722 4.802598494355483 -6.628160597060826
v -62.54287362098694 12.202171563671872 -0.0000029420099504504295
v -67.81299114227295 12.512146639191966 8.417570856908158
v -69.18514966964722 4.802603255691064 6.628154836168654
v -62.54287362098694 12.202171563671872 -0.0000029420099504504295
v -69.18514966964722 4.802603255691064 6.628154836168654
v -65.08914828300476 4.586630902652705 -0.000001933429806072887
v -65.08914828300476 4.586630902652705 -0.000001933429806072887
v -69.18514966964722 4.802603255691064 6.628154836168654
v -71.46775722503662 1.2891984162521013 4.896110327976515
v -65.08914828300476 4.586630902652705 -0.000001933429806072887
v -71.46775722503662 1.2891984162521013 4.896110327976515
v -69.85024213790894 0.6020068916253589 -0.0000020420126867282795
v -69.18514966964722 4.802598494355483 -6.628160597060826
v -65.08914828300476 4.586630902652705 -0.000001933429806072887
v -69.85024213790894 0.6020068916253589 -0.0000020420126867282795
v -69.18514966964722 4.802598494355483 -6.628160597060826
v -69.85024213790894 0.6020068916253589 -0.0000020420126867282795
v -71.46775722503662 1.2892030610441123 -4.896115144755806
v -67.81299114227295 12.512146639191966 8.417570856908158
v -81.86662793159485 13.338743104624193 14.149209070618072
v -80.16214966773987 5.151448957656463 11.016858044936358
v -67.81299114227295 12.512146639191966 8.417570856908158
v -80.16214966773987 5.151448957656463 11.016858044936358
v -69.18514966964722 4.802603255691064 6.628154836168654
v -81.86662793159485 13.338743104624193 14.149209070618072
v -95.9202527999878 14.165340023223688 12.163092111598077
v -91.1772072315216 5.626417282905877 9.445822649762553
v -81.86662793159485 13.338743104624193 14.149209070618072
v -91.1772072315216 5.626417282905877 9.445822649762553
v -80.16214966773987 5.151448957656463 11.016858044936358
v -80.16214966773987 5.151448957656463 11.016858044936358
v -91.1772072315216 5.626417282905877 9.445822649762553
v -86.89963817596436 1.8046059217100892 6.379171000052466
v -80.16214966773987 5.151448957656463 11.016858044936358
v -86.89963817596436 1.8046059217100892 6.379171000052466
v -78.99064421653748 0.9072878678598009 6.6784214448734645
v -69.18514966964722 4.802603255691064 6.628154836168654
v -80.16214966773987 5.151448957656463 11.016858044936358
v -78.99064421653748 0.9072878678598009 6.6784214448734645
v -69.18514966964722 4.802603255691064 6.628154836168654
v -78.99064421653748 0.9072878678598009 6.6784214448734645
v -71.46775722503662 1.2891984162521013 4.896110327976515
v -95.9202527999878 14.165340023223688 12.163092111598077
v -101.19037628173828 14.475312333548102 -0.0000063062004848820175
v -95.23515105247498 5.716267032466416 -0.000005070803874760917
v -95.9202527999878 14.165340023223688 12.163092111598077
v -95.23515105247498 5.716267032466416 -0.000005070803874760917
v -91.1772072315216 5.626417282905877 9.445822649762553
v -101.19037628173828 14.475312333548102 -0.0000063062004848820175
v -95.92025876045227 14.165336754783567 -12.163104858771954
v -91.1772072315216 5.626417724876762 -9.445832357319025
v -101.19037628173828 14.475312333548102 -0.0000063062004848820175
v -91.1772072315216 5.626417724876762 -9.445832357319025
v -95.23515105247498 5.716267032466416 -0.000005070803874760917
v -95.23515105247498 5.716267032466416 -0.000005070803874760917
v -91.1772072315216 5.626417724876762 -9.445832357319025
v -86.89965009689331 1.8046071877448584 -6.37917893556257
v -95.23515105247498 5.716267032466416 -0.000005070803874760917
v -86.89965009689331 1.8046071877448584 -6.37917893556257
v -88.13104629516602 1.21256406925106 -0.000004260797601047075
v -91.1772072315216 5.626417282905877 9.445822649762553
v -95.23515105247498 5.716267032466416 -0.000005070803874760917
v -88.13104629516602 1.21256406925106 -0.000004260797601047075
v -91.1772072315216 5.626417282905877 9.445822649762553
v -88.13104629516602 1.21256406925106 -0.000004260797601047075
v -86.89963817596436 1.8046059217100892 6.379171000052466
vt 0.773177444934845 0.7628242522478104
vt 0.7509739995002747 0.7296822369098663
vt 0.74701327085495 0.734467476606369
vt 0.773177444934845 0.7628242522478104
vt 0.74701327085495 0.734467476606369
vt 0.7475915551185608 0.780529335141182
vt 0.7509739995002747 0.7296822369098663
vt 0.7548169493675232 0.7248493134975433
vt 0.7225325107574463 0.6930863261222839
vt 0.7509739995002747 0.7296822369098663
vt 0.7225325107574463 0.6930863261222839
vt 0.717316210269928 0.6987777650356293
vt 0.8018832802772522 0.6918917596340179
vt 0.8224308490753174 0.6364213526248932
vt 0.7669011354446411 0.6766805350780487
vt 0.8018832802772522 0.6918917596340179
vt 0.7669011354446411 0.6766805350780487
vt 0.7602972984313965 0.7002594172954559
vt 0.9461491703987122 0.9051881060004234
vt 0.9158554673194885 0.8605516701936722
vt 0.8858136534690857 0.8733630627393723
vt 0.9461491703987122 0.9051881060004234
vt 0.8858136534690857 0.8733630627393723
vt 0.8884986639022827 0.8975966572761536
vt 0.702521800994873 0.8041571080684662
vt 0.7142236828804016 0.7531113922595978
vt 0.6838528513908386 0.7721072733402252
vt 0.702521800994873 0.8041571080684662
vt 0.6838528513908386 0.7721072733402252
vt 0.649879515171051 0.8397552222013474
vt 0.8553052544593811 0.8573165982961655
vt 0.802282989025116 0.9021979123353958
vt 0.8884986639022827 0.8975966572761536
vt 0.8553052544593811 0.8573165982961655
vt 0.8884986639022827 0.8975966572761536
vt 0.8858136534690857 0.8733630627393723
vt 0.8553052544593811 0.8573165982961655
vt 0.8245946168899536 0.8297571688890457
vt 0.7800955772399902 0.8642366975545883
vt 0.8553052544593811 0.8573165982961655
vt 0.7800955772399902 0.8642366975545883
vt 0.802282989025116 0.9021979123353958
vt 0.8245946168899536 0.8297571688890457
vt 0.7983059287071228 0.7961752265691757
vt 0.757835865020752 0.8246707916259766
vt 0.8245946168899536 0.8297571688890457
vt 0.757835865020752 0.8246707916259766
vt 0.7800955772399902 0.8642366975545883
vt 0.7983059287071228 0.7961752265691757
vt 0.773177444934845 0.7628242522478104
vt 0.7475915551185608 0.780529335141182
vt 0.7983059287071228 0.7961752265691757
vt 0.7475915551185608 0.780529335141182
vt 0.757835865020752 0.8246707916259766
vt 0.7700650095939636 0.9223724901676178
vt 0.7377471923828125 0.9012313336133957
vt 0.6906132102012634 0.9499775171279907
vt 0.7700650095939636 0.9223724901676178
vt 0.6906132102012634 0.9499775171279907
vt 0.7377249598503113 0.9491194635629654
vt 0.7377471923828125 0.9012313336133957
vt 0.7090944647789001 0.8528933376073837
vt 0.649879515171051 0.9116901457309723
vt 0.7377471923828125 0.9012313336133957
vt 0.649879515171051 0.9116901457309723
vt 0.6906132102012634 0.9499775171279907
vt 0.7090944647789001 0.8528933376073837
vt 0.702521800994873 0.8041571080684662
vt 0.649879515171051 0.8397552222013474
vt 0.7090944647789001 0.8528933376073837
vt 0.649879515171051 0.8397552222013474
vt 0.649879515171051 0.9116901457309723
vt 0.8472276926040649 0.7052485048770905
vt 0.8018832802772522 0.6918917596340179
vt 0.7923759818077087 0.733833521604538
vt 0.8472276926040649 0.7052485048770905
vt 0.7923759818077087 0.733833521604538
vt 0.8292911648750305 0.7568541020154953
vt 0.8979248404502869 0.7363135814666748
vt 0.8472276926040649 0.7052485048770905
vt 0.8292911648750305 0.7568541020154953
vt 0.8979248404502869 0.7363135814666748
vt 0.8292911648750305 0.7568541020154953
vt 0.8724806308746338 0.7840920090675354
vt 0.9184927344322205 0.7716221362352371
vt 0.8979248404502869 0.7363135814666748
vt 0.8724806308746338 0.7840920090675354
vt 0.9184927344322205 0.7716221362352371
vt 0.8724806308746338 0.7840920090675354
vt 0.9027301669120789 0.8266625106334686
vt 0.8292911648750305 0.7568541020154953
vt 0.7923759818077087 0.733833521604538
vt 0.773177444934845 0.7628242522478104
vt 0.8292911648750305 0.7568541020154953
vt 0.773177444934845 0.7628242522478104
vt 0.7983059287071228 0.7961752265691757
vt 0.8724806308746338 0.7840920090675354
vt 0.8292911648750305 0.7568541020154953
vt 0.7983059287071228 0.7961752265691757
vt 0.8724806308746338 0.7840920090675354
vt 0.7983059287071228 0.7961752265691757
vt 0.8245946168899536 0.8297571688890457
vt 0.9027301669120789 0.8266625106334686
vt 0.8724806308746338 0.7840920090675354
vt 0.8245946168899536 0.8297571688890457
vt 0.9027301669120789 0.8266625106334686
vt 0.8245946168899536 0.8297571688890457
vt 0.8553052544593811 0.8573165982961655
vt 0.9027301669120789 0.8266625106334686
vt 0.8553052544593811 0.8573165982961655
vt 0.8858136534690857 0.8733630627393723
vt 0.9027301669120789 0.8266625106334686
vt 0.8858136534690857 0.8733630627393723
vt 0.9158554673194885 0.8605516701936722
vt 0.74701327085495 0.734467476606369
vt 0.7509739995002747 0.7296822369098663
vt 0.717316210269928 0.6987777650356293
vt 0.74701327085495 0.734467476606369
vt 0.717316210269928 0.6987777650356293
vt 0.7120124697685242 0.7043875455856323
vt 0.7923759818077087 0.733833521604538
vt 0.7548169493675232 0.7248493134975433
vt 0.7509739995002747 0.7296822369098663
vt 0.7923759818077087 0.733833521604538
vt 0.7509739995002747 0.7296822369098663
vt 0.773177444934845 0.7628242522478104
vt 0.757835865020752 0.8246707916259766
vt 0.7475915551185608 0.780529335141182
vt 0.702521800994873 0.8041571080684662
vt 0.757835865020752 0.8246707916259766
vt 0.702521800994873 0.8041571080684662
vt 0.7090944647789001 0.8528933376073837
vt 0.7800955772399902 0.8642366975545883
vt 0.757835865020752 0.8246707916259766
vt 0.7090944647789001 0.8528933376073837
vt 0.7800955772399902 0.8642366975545883
vt 0.7090944647789001 0.8528933376073837
vt 0.7377471923828125 0.9012313336133957
vt 0.802282989025116 0.9021979123353958
vt 0.7800955772399902 0.8642366975545883
vt 0.7377471923828125 0.9012313336133957
vt 0.802282989025116 0.9021979123353958
vt 0.7377471923828125 0.9012313336133957
vt 0.7700650095939636 0.9223724901676178
vt 0.7475915551185608 0.780529335141182
vt 0.74701327085495 0.734467476606369
vt 0.7142236828804016 0.7531113922595978
vt 0.7475915551185608 0.780529335141182
vt 0.7142236828804016 0.7531113922595978
vt 0.702521800994873 0.8041571080684662
vt 0.9340412020683289 0.6728475689888
vt 0.898673415184021 0.6402035057544708
vt 0.8472276926040649 0.7052485048770905
vt 0.9340412020683289 0.6728475689888
vt 0.8472276926040649 0.7052485048770905
vt 0.8979248404502869 0.7363135814666748
vt 0.898673415184021 0.6402035057544708
vt 0.8224308490753174 0.6364213526248932
vt 0.8018832802772522 0.6918917596340179
vt 0.898673415184021 0.6402035057544708
vt 0.8018832802772522 0.6918917596340179
vt 0.8472276926040649 0.7052485048770905
vt 0.7923759818077087 0.733833521604538
vt 0.8018832802772522 0.6918917596340179
vt 0.7602972984313965 0.7002594172954559
vt 0.7923759818077087 0.733833521604538
vt 0.7602972984313965 0.7002594172954559
vt 0.7548169493675232 0.7248493134975433
vt 0.9497143626213074 0.7295722663402557
vt 0.9340412020683289 0.6728475689888
vt 0.8979248404502869 0.7363135814666748
vt 0.9497143626213074 0.7295722663402557
vt 0.8979248404502869 0.7363135814666748
vt 0.9184927344322205 0.7716221362352371
vt 0.31344613432884216 0.28740280866622925
vt 0.2816496789455414 0.316336452960968
vt 0.3048233389854431 0.3255841135978699
vt 0.31344613432884216 0.28740280866622925
vt 0.3048233389854431 0.3255841135978699
vt 0.3703942596912384 0.30633944272994995
vt 0.2423950731754303 0.03306061029434204
vt 0.2082769274711609 0.07626277208328247
vt 0.2274552583694458 0.09508705139160156
vt 0.2423950731754303 0.03306061029434204
vt 0.2274552583694458 0.09508705139160156
vt 0.26179203391075134 0.08059757947921753
vt 0.15282019972801208 0.2858316898345947
vt 0.08997263759374619 0.30070745944976807
vt 0.1624489426612854 0.32246607542037964
vt 0.15282019972801208 0.2858316898345947
vt 0.1624489426612854 0.32246607542037964
vt 0.19794195890426636 0.31420546770095825
vt 0.21934697031974792 0.13055461645126343
vt 0.2274552583694458 0.09508705139160156
vt 0.2082769274711609 0.07626277208328247
vt 0.21934697031974792 0.13055461645126343
vt 0.2082769274711609 0.07626277208328247
vt 0.1477702558040619 0.141698956489563
vt 0.21934697031974792 0.13055461645126343
vt 0.1477702558040619 0.141698956489563
vt 0.16172900795936584 0.18510961532592773
vt 0.21934697031974792 0.13055461645126343
vt 0.16172900795936584 0.18510961532592773
vt 0.2197265326976776 0.17458409070968628
vt 0.10872640460729599 0.1513621211051941
vt 0.06480082124471664 0.15820878744125366
vt 0.03257489949464798 0.19513368606567383
vt 0.10872640460729599 0.1513621211051941
vt 0.03257489949464798 0.19513368606567383
vt 0.10282423347234726 0.1910860538482666
vt 0.10282423347234726 0.1910860538482666
vt 0.03257489949464798 0.19513368606567383
vt 0.03440480679273605 0.25293195247650146
vt 0.10282423347234726 0.1910860538482666
vt 0.03440480679273605 0.25293195247650146
vt 0.12057330459356308 0.24653208255767822
vt 0.12057330459356308 0.24653208255767822
vt 0.03440480679273605 0.25293195247650146
vt 0.08997263759374619 0.30070745944976807
vt 0.12057330459356308 0.24653208255767822
vt 0.08997263759374619 0.30070745944976807
vt 0.15282019972801208 0.2858316898345947
vt 0.3429276943206787 0.1827906370162964
vt 0.28847500681877136 0.16909492015838623
vt 0.27939891815185547 0.22269558906555176
vt 0.3429276943206787 0.1827906370162964
vt 0.27939891815185547 0.22269558906555176
vt 0.33275800943374634 0.24231606721878052
vt 0.33079004287719727 0.14201873540878296
vt 0.2768436670303345 0.11509352922439575
vt 0.28847500681877136 0.16909492015838623
vt 0.33079004287719727 0.14201873540878296
vt 0.28847500681877136 0.16909492015838623
vt 0.3429276943206787 0.1827906370162964
vt 0.2768436670303345 0.11509352922439575
vt 0.21934697031974792 0.13055461645126343
vt 0.2197265326976776 0.17458409070968628
vt 0.2768436670303345 0.11509352922439575
vt 0.2197265326976776 0.17458409070968628
vt 0.28847500681877136 0.16909492015838623
vt 0.2768436670303345 0.11509352922439575
vt 0.26179203391075134 0.08059757947921753
vt 0.2274552583694458 0.09508705139160156
vt 0.2768436670303345 0.11509352922439575
vt 0.2274552583694458 0.09508705139160156
vt 0.21934697031974792 0.13055461645126343
vt 0.177004873752594 0.2301490306854248
vt 0.12057330459356308 0.24653208255767822
vt 0.15282019972801208 0.2858316898345947
vt 0.177004873752594 0.2301490306854248
vt 0.15282019972801208 0.2858316898345947
vt 0.20376905798912048 0.2702738046646118
vt 0.16172900795936584 0.18510961532592773
vt 0.10282423347234726 0.1910860538482666
vt 0.12057330459356308 0.24653208255767822
vt 0.16172900795936584 0.18510961532592773
vt 0.12057330459356308 0.24653208255767822
vt 0.177004873752594 0.2301490306854248
vt 0.1477702558040619 0.141698956489563
vt 0.10872640460729599 0.1513621211051941
vt 0.10282423347234726 0.1910860538482666
vt 0.1477702558040619 0.141698956489563
vt 0.10282423347234726 0.1910860538482666
vt 0.16172900795936584 0.18510961532592773
vt 0.4169664680957794 0.19895493984222412
vt 0.3429276943206787 0.1827906370162964
vt 0.33275800943374634 0.24231606721878052
vt 0.4169664680957794 0.19895493984222412
vt 0.33275800943374634 0.24231606721878052
vt 0.4191548228263855 0.24821072816848755
vt 0.4191548228263855 0.24821072816848755
vt 0.33275800943374634 0.24231606721878052
vt 0.31344613432884216 0.28740280866622925
vt 0.4191548228263855 0.24821072816848755
vt 0.31344613432884216 0.28740280866622925
vt 0.3703942596912384 0.30633944272994995
vt 0.38484227657318115 0.1478193998336792
vt 0.33079004287719727 0.14201873540878296
vt 0.3429276943206787 0.1827906370162964
vt 0.38484227657318115 0.1478193998336792
vt 0.3429276943206787 0.1827906370162964
vt 0.4169664680957794 0.19895493984222412
vt 0.10289134830236435 0.14319342374801636
vt 0.10872640460729599 0.1513621211051941
vt 0.1477702558040619 0.141698956489563
vt 0.10289134830236435 0.14319342374801636
vt 0.1477702558040619 0.141698956489563
vt 0.14254161715507507 0.13293176889419556
vt 0.4320404529571533 0.2479327917098999
vt 0.4191548228263855 0.24821072816848755
vt 0.3703942596912384 0.30633944272994995
vt 0.4320404529571533 0.2479327917098999
vt 0.3703942596912384 0.30633944272994995
vt 0.37898969650268555 0.3130144476890564
vt 0.23096781969070435 0.367776095867157
vt 0.2398039698600769 0.36190706491470337
vt 0.23879078030586243 0.3097688555717468
vt 0.23096781969070435 0.367776095867157
vt 0.23879078030586243 0.3097688555717468
vt 0.23041266202926636 0.31879180669784546
vt 0.022317253053188324 0.25394493341445923
vt 0.03440480679273605 0.25293195247650146
vt 0.03257489949464798 0.19513368606567383
vt 0.022317253053188324 0.25394493341445923
vt 0.03257489949464798 0.19513368606567383
vt 0.021735988557338715 0.191089928150177
vt 0.37898969650268555 0.3130144476890564
vt 0.3703942596912384 0.30633944272994995
vt 0.3048233389854431 0.3255841135978699
vt 0.37898969650268555 0.3130144476890564
vt 0.3048233389854431 0.3255841135978699
vt 0.30773958563804626 0.3358614444732666
vt 0.14254161715507507 0.13293176889419556
vt 0.1477702558040619 0.141698956489563
vt 0.2082769274711609 0.07626277208328247
vt 0.14254161715507507 0.13293176889419556
vt 0.2082769274711609 0.07626277208328247
vt 0.20179733633995056 0.06710964441299438
vt 0.24404779076576233 0.017431437969207764
vt 0.2423950731754303 0.03306061029434204
vt 0.26179203391075134 0.08059757947921753
vt 0.24404779076576233 0.017431437969207764
vt 0.26179203391075134 0.08059757947921753
vt 0.2715979814529419 0.0732460618019104
vt 0.20179733633995056 0.06710964441299438
vt 0.2082769274711609 0.07626277208328247
vt 0.2423950731754303 0.03306061029434204
vt 0.20179733633995056 0.06710964441299438
vt 0.2423950731754303 0.03306061029434204
vt 0.24404779076576233 0.017431437969207764
vt 0.28042125701904297 0.3275248408317566
vt 0.2816496789455414 0.316336452960968
vt 0.2534979581832886 0.31080394983291626
vt 0.28042125701904297 0.3275248408317566
vt 0.2534979581832886 0.31080394983291626
vt 0.262298047542572 0.31999456882476807
vt 0.2715979814529419 0.0732460618019104
vt 0.26179203391075134 0.08059757947921753
vt 0.2768436670303345 0.11509352922439575
vt 0.2715979814529419 0.0732460618019104
vt 0.2768436670303345 0.11509352922439575
vt 0.28321346640586853 0.10665285587310791
vt 0.05714157968759537 0.151445209980011
vt 0.06480082124471664 0.15820878744125366
vt 0.10872640460729599 0.1513621211051941
vt 0.05714157968759537 0.151445209980011
vt 0.10872640460729599 0.1513621211051941
vt 0.10289134830236435 0.14319342374801636
vt 0.08053212612867355 0.308596670627594
vt 0.08997263759374619 0.30070745944976807
vt 0.03440480679273605 0.25293195247650146
vt 0.08053212612867355 0.308596670627594
vt 0.03440480679273605 0.25293195247650146
vt 0.022317253053188324 0.25394493341445923
vt 0.262298047542572 0.31999456882476807
vt 0.2534979581832886 0.31080394983291626
vt 0.25332415103912354 0.36398184299468994
vt 0.262298047542572 0.31999456882476807
vt 0.25332415103912354 0.36398184299468994
vt 0.26240023970603943 0.3682457208633423
vt 0.28321346640586853 0.10665285587310791
vt 0.2768436670303345 0.11509352922439575
vt 0.33079004287719727 0.14201873540878296
vt 0.28321346640586853 0.10665285587310791
vt 0.33079004287719727 0.14201873540878296
vt 0.3364591598510742 0.1332414746284485
vt 0.15990117192268372 0.3326653838157654
vt 0.1624489426612854 0.32246607542037964
vt 0.08997263759374619 0.30070745944976807
vt 0.15990117192268372 0.3326653838157654
vt 0.08997263759374619 0.30070745944976807
vt 0.08053212612867355 0.308596670627594
vt 0.2464407980442047 0.3737543821334839
vt 0.24658069014549255 0.36389315128326416
vt 0.2398039698600769 0.36190706491470337
vt 0.2464407980442047 0.3737543821334839
vt 0.2398039698600769 0.36190706491470337
vt 0.23096781969070435 0.367776095867157
vt 0.30773958563804626 0.3358614444732666
vt 0.3048233389854431 0.3255841135978699
vt 0.2816496789455414 0.316336452960968
vt 0.30773958563804626 0.3358614444732666
vt 0.2816496789455414 0.316336452960968
vt 0.28042125701904297 0.3275248408317566
vt 0.26240023970603943 0.3682457208633423
vt 0.25332415103912354 0.36398184299468994
vt 0.24658069014549255 0.36389315128326416
vt 0.26240023970603943 0.3682457208633423
vt 0.24658069014549255 0.36389315128326416
vt 0.2464407980442047 0.3737543821334839
vt 0.3364591598510742 0.1332414746284485
vt 0.33079004287719727 0.14201873540878296
vt 0.38484227657318115 0.1478193998336792
vt 0.3364591598510742 0.1332414746284485
vt 0.38484227657318115 0.1478193998336792
vt 0.39326292276382446 0.13782453536987305
vt 0.021735988557338715 0.191089928150177
vt 0.03257489949464798 0.19513368606567383
vt 0.06480082124471664 0.15820878744125366
vt 0.021735988557338715 0.191089928150177
vt 0.06480082124471664 0.15820878744125366
vt 0.05714157968759537 0.151445209980011
vt 0.39326292276382446 0.13782453536987305
vt 0.38484227657318115 0.1478193998336792
vt 0.4169664680957794 0.19895493984222412
vt 0.39326292276382446 0.13782453536987305
vt 0.4169664680957794 0.19895493984222412
vt 0.4279417395591736 0.19275450706481934
vt 0.19903123378753662 0.3243255615234375
vt 0.19794195890426636 0.31420546770095825
vt 0.1624489426612854 0.32246607542037964
vt 0.19903123378753662 0.3243255615234375
vt 0.1624489426612854 0.32246607542037964
vt 0.15990117192268372 0.3326653838157654
vt 0.4279417395591736 0.19275450706481934
vt 0.4169664680957794 0.19895493984222412
vt 0.4191548228263855 0.24821072816848755
vt 0.4279417395591736 0.19275450706481934
vt 0.4191548228263855 0.24821072816848755
vt 0.4320404529571533 0.2479327917098999
vt 0.23573452234268188 0.26471132040023804
vt 0.20376905798912048 0.2702738046646118
vt 0.23879078030586243 0.3097688555717468
vt 0.23573452234268188 0.26471132040023804
vt 0.23879078030586243 0.3097688555717468
vt 0.2462504804134369 0.3101576566696167
vt 0.2462504804134369 0.3101576566696167
vt 0.24658069014549255 0.36389315128326416
vt 0.25332415103912354 0.36398184299468994
vt 0.2462504804134369 0.3101576566696167
vt 0.25332415103912354 0.36398184299468994
vt 0.2534979581832886 0.31080394983291626
vt 0.2197265326976776 0.17458409070968628
vt 0.16172900795936584 0.18510961532592773
vt 0.177004873752594 0.2301490306854248
vt 0.2197265326976776 0.17458409070968628
vt 0.177004873752594 0.2301490306854248
vt 0.22744566202163696 0.2196010947227478
vt 0.22744566202163696 0.2196010947227478
vt 0.177004873752594 0.2301490306854248
vt 0.20376905798912048 0.2702738046646118
vt 0.22744566202163696 0.2196010947227478
vt 0.20376905798912048 0.2702738046646118
vt 0.23573452234268188 0.26471132040023804
vt 0.33275800943374634 0.24231606721878052
vt 0.27939891815185547 0.22269558906555176
vt 0.2720009684562683 0.26911985874176025
vt 0.33275800943374634 0.24231606721878052
vt 0.2720009684562683 0.26911985874176025
vt 0.31344613432884216 0.28740280866622925
vt 0.27939891815185547 0.22269558906555176
vt 0.22744566202163696 0.2196010947227478
vt 0.23573452234268188 0.26471132040023804
vt 0.27939891815185547 0.22269558906555176
vt 0.23573452234268188 0.26471132040023804
vt 0.2720009684562683 0.26911985874176025
vt 0.28847500681877136 0.16909492015838623
vt 0.2197265326976776 0.17458409070968628
vt 0.22744566202163696 0.2196010947227478
vt 0.28847500681877136 0.16909492015838623
vt 0.22744566202163696 0.2196010947227478
vt 0.27939891815185547 0.22269558906555176
vt 0.23879078030586243 0.3097688555717468
vt 0.2398039698600769 0.36190706491470337
vt 0.24658069014549255 0.36389315128326416
vt 0.23879078030586243 0.3097688555717468
vt 0.24658069014549255 0.36389315128326416
vt 0.2462504804134369 0.3101576566696167
vt 0.2720009684562683 0.26911985874176025
vt 0.23573452234268188 0.26471132040023804
vt 0.2462504804134369 0.3101576566696167
vt 0.2720009684562683 0.26911985874176025
vt 0.2462504804134369 0.3101576566696167
vt 0.2534979581832886 0.31080394983291626
vt 0.20376905798912048 0.2702738046646118
vt 0.15282019972801208 0.2858316898345947
vt 0.19794195890426636 0.31420546770095825
vt 0.20376905798912048 0.2702738046646118
vt 0.19794195890426636 0.31420546770095825
vt 0.23879078030586243 0.3097688555717468
vt 0.2720009684562683 0.26911985874176025
vt 0.2534979581832886 0.31080394983291626
vt 0.2816496789455414 0.316336452960968
vt 0.2720009684562683 0.26911985874176025
vt 0.2816496789455414 0.316336452960968
vt 0.31344613432884216 0.28740280866622925
vt 0.23041266202926636 0.31879180669784546
vt 0.23879078030586243 0.3097688555717468
vt 0.19794195890426636 0.31420546770095825
vt 0.23041266202926636 0.31879180669784546
vt 0.19794195890426636 0.31420546770095825
vt 0.19903123378753662 0.3243255615234375
vt 0.7359822988510132 0.5276268422603607
vt 0.7052727937698364 0.5273838341236115
vt 0.6772358417510986 0.5721923112869263
vt 0.7359822988510132 0.5276268422603607
vt 0.6772358417510986 0.5721923112869263
vt 0.7395861148834229 0.5431540310382843
vt 0.6768520474433899 0.5156722068786621
vt 0.6486222147941589 0.5277629792690277
vt 0.6772358417510986 0.5721923112869263
vt 0.6768520474433899 0.5156722068786621
vt 0.6772358417510986 0.5721923112869263
vt 0.7052727937698364 0.5273838341236115
vt 0.6179355382919312 0.5284218192100525
vt 0.6144059896469116 0.5439185798168182
vt 0.6772358417510986 0.5721923112869263
vt 0.6179355382919312 0.5284218192100525
vt 0.6772358417510986 0.5721923112869263
vt 0.6486222147941589 0.5277629792690277
vt 0.5997053980827332 0.5491548776626587
vt 0.6173080801963806 0.5670551955699921
vt 0.6772358417510986 0.5721923112869263
vt 0.5997053980827332 0.5491548776626587
vt 0.6772358417510986 0.5721923112869263
vt 0.6144059896469116 0.5439185798168182
vt 0.3977912664413452 0.9445635452866554
vt 0.38303160667419434 0.9394960477948189
vt 0.32052987813949585 0.9684879295527935
vt 0.3977912664413452 0.9445635452866554
vt 0.32052987813949585 0.9684879295527935
vt 0.3803948760032654 0.9626644626259804
vt 0.379324734210968 0.9240407273173332
vt 0.3486325144767761 0.9237335994839668
vt 0.32052987813949585 0.9684879295527935
vt 0.379324734210968 0.9240407273173332
vt 0.32052987813949585 0.9684879295527935
vt 0.38303160667419434 0.9394960477948189
vt 0.3202659487724304 0.9119671210646629
vt 0.2919812798500061 0.9240036681294441
vt 0.32052987813949585 0.9684879295527935
vt 0.3202659487724304 0.9119671210646629
vt 0.32052987813949585 0.9684879295527935
vt 0.3486325144767761 0.9237335994839668
vt 0.26127657294273376 0.9245984926819801
vt 0.25785088539123535 0.9401659741997719
vt 0.32052987813949585 0.9684879295527935
vt 0.26127657294273376 0.9245984926819801
vt 0.32052987813949585 0.9684879295527935
vt 0.2919812798500061 0.9240036681294441
vt 0.24422521889209747 0.9459433779120445
vt 0.2618417739868164 0.9635001197457314
vt 0.32052987813949585 0.9684879295527935
vt 0.24422521889209747 0.9459433779120445
vt 0.32052987813949585 0.9684879295527935
vt 0.25785088539123535 0.9401659741997719
vt 0.7532771229743958 0.5487748980522156
vt 0.7395861148834229 0.5431540310382843
vt 0.6772358417510986 0.5721923112869263
vt 0.7532771229743958 0.5487748980522156
vt 0.6772358417510986 0.5721923112869263
vt 0.7358629107475281 0.5665324032306671
vt 0.5394718050956726 0.5101369619369507
vt 0.5530880689620972 0.4931883215904236
vt 0.5373145341873169 0.46863871812820435
vt 0.5394718050956726 0.5101369619369507
vt 0.5373145341873169 0.46863871812820435
vt 0.5184651613235474 0.48323750495910645
vt 0.5530880689620972 0.4931883215904236
vt 0.578248918056488 0.48288077116012573
vt 0.5661129951477051 0.45960646867752075
vt 0.5530880689620972 0.4931883215904236
vt 0.5661129951477051 0.45960646867752075
vt 0.5373145341873169 0.46863871812820435
vt 0.5373145341873169 0.46863871812820435
vt 0.5661129951477051 0.45960646867752075
vt 0.5568166971206665 0.43508148193359375
vt 0.5373145341873169 0.46863871812820435
vt 0.5568166971206665 0.43508148193359375
vt 0.5250255465507507 0.4430123567581177
vt 0.5184651613235474 0.48323750495910645
vt 0.5373145341873169 0.46863871812820435
vt 0.5250255465507507 0.4430123567581177
vt 0.5184651613235474 0.48323750495910645
vt 0.5250255465507507 0.4430123567581177
vt 0.5024674534797668 0.45628678798675537
vt 0.24422521889209747 0.9459433779120445
vt 0.25785088539123535 0.9401659741997719
vt 0.22137726843357086 0.9146701022982597
vt 0.24422521889209747 0.9459433779120445
vt 0.22137726843357086 0.9146701022982597
vt 0.21510939300060272 0.9254352524876595
vt 0.25785088539123535 0.9401659741997719
vt 0.26127657294273376 0.9245984926819801
vt 0.2398015558719635 0.9035196378827095
vt 0.25785088539123535 0.9401659741997719
vt 0.2398015558719635 0.9035196378827095
vt 0.22137726843357086 0.9146701022982597
vt 0.22137726843357086 0.9146701022982597
vt 0.2398015558719635 0.9035196378827095
vt 0.22182205319404602 0.8789136037230492
vt 0.22137726843357086 0.9146701022982597
vt 0.22182205319404602 0.8789136037230492
vt 0.1967323273420334 0.8891899362206459
vt 0.21510939300060272 0.9254352524876595
vt 0.22137726843357086 0.9146701022982597
vt 0.1967323273420334 0.8891899362206459
vt 0.21510939300060272 0.9254352524876595
vt 0.1967323273420334 0.8891899362206459
vt 0.1839814931154251 0.9066709205508232
vt 0.5997053980827332 0.5491548776626587
vt 0.6144059896469116 0.5439185798168182
vt 0.5779206156730652 0.5185252130031586
vt 0.5997053980827332 0.5491548776626587
vt 0.5779206156730652 0.5185252130031586
vt 0.5705490708351135 0.5285487771034241
vt 0.6144059896469116 0.5439185798168182
vt 0.6179355382919312 0.5284218192100525
vt 0.5963786244392395 0.5074145197868347
vt 0.6144059896469116 0.5439185798168182
vt 0.5963786244392395 0.5074145197868347
vt 0.5779206156730652 0.5185252130031586
vt 0.5779206156730652 0.5185252130031586
vt 0.5963786244392395 0.5074145197868347
vt 0.578248918056488 0.48288077116012573
vt 0.5779206156730652 0.5185252130031586
vt 0.578248918056488 0.48288077116012573
vt 0.5530880689620972 0.4931883215904236
vt 0.5705490708351135 0.5285487771034241
vt 0.5779206156730652 0.5185252130031586
vt 0.5530880689620972 0.4931883215904236
vt 0.5705490708351135 0.5285487771034241
vt 0.5530880689620972 0.4931883215904236
vt 0.5394718050956726 0.5101369619369507
vt 0.26127657294273376 0.9245984926819801
vt 0.2919812798500061 0.9240036681294441
vt 0.27665212750434875 0.895022951066494
vt 0.26127657294273376 0.9245984926819801
vt 0.27665212750434875 0.895022951066494
vt 0.2398015558719635 0.9035196378827095
vt 0.2919812798500061 0.9240036681294441
vt 0.3202659487724304 0.9119671210646629
vt 0.32018178701400757 0.8885639980435371
vt 0.2919812798500061 0.9240036681294441
vt 0.32018178701400757 0.8885639980435371
vt 0.27665212750434875 0.895022951066494
vt 0.27665212750434875 0.895022951066494
vt 0.32018178701400757 0.8885639980435371
vt 0.32009410858154297 0.8647457808256149
vt 0.27665212750434875 0.895022951066494
vt 0.32009410858154297 0.8647457808256149
vt 0.26697883009910583 0.8701018542051315
vt 0.2398015558719635 0.9035196378827095
vt 0.27665212750434875 0.895022951066494
vt 0.26697883009910583 0.8701018542051315
vt 0.2398015558719635 0.9035196378827095
vt 0.26697883009910583 0.8701018542051315
vt 0.22182205319404602 0.8789136037230492
vt 0.6768520474433899 0.5156722068786621
vt 0.7052727937698364 0.5273838341236115
vt 0.7202689051628113 0.49822938442230225
vt 0.6768520474433899 0.5156722068786621
vt 0.7202689051628113 0.49822938442230225
vt 0.676668107509613 0.4922696352005005
vt 0.7052727937698364 0.5273838341236115
vt 0.7359822988510132 0.5276268422603607
vt 0.757214367389679 0.5063033103942871
vt 0.7052727937698364 0.5273838341236115
vt 0.757214367389679 0.5063033103942871
vt 0.7202689051628113 0.49822938442230225
vt 0.7202689051628113 0.49822938442230225
vt 0.757214367389679 0.5063033103942871
vt 0.7749107480049133 0.481492817401886
vt 0.7202689051628113 0.49822938442230225
vt 0.7749107480049133 0.481492817401886
vt 0.729655921459198 0.4731990694999695
vt 0.676668107509613 0.4922696352005005
vt 0.7202689051628113 0.49822938442230225
vt 0.729655921459198 0.4731990694999695
vt 0.676668107509613 0.4922696352005005
vt 0.729655921459198 0.4731990694999695
vt 0.6764827370643616 0.4684520363807678
vt 0.6179355382919312 0.5284218192100525
vt 0.6486222147941589 0.5277629792690277
vt 0.6331633925437927 0.49881696701049805
vt 0.6179355382919312 0.5284218192100525
vt 0.6331633925437927 0.49881696701049805
vt 0.5963786244392395 0.5074145197868347
vt 0.6486222147941589 0.5277629792690277
vt 0.6768520474433899 0.5156722068786621
vt 0.676668107509613 0.4922696352005005
vt 0.6486222147941589 0.5277629792690277
vt 0.676668107509613 0.4922696352005005
vt 0.6331633925437927 0.49881696701049805
vt 0.6331633925437927 0.49881696701049805
vt 0.676668107509613 0.4922696352005005
vt 0.6764827370643616 0.4684520363807678
vt 0.6331633925437927 0.49881696701049805
vt 0.6764827370643616 0.4684520363807678
vt 0.623382031917572 0.4739116430282593
vt 0.5963786244392395 0.5074145197868347
vt 0.6331633925437927 0.49881696701049805
vt 0.623382031917572 0.4739116430282593
vt 0.5963786244392395 0.5074145197868347
vt 0.623382031917572 0.4739116430282593
vt 0.578248918056488 0.48288077116012573
vt 0.3202659487724304 0.9119671210646629
vt 0.3486325144767761 0.9237335994839668
vt 0.3637586236000061 0.8946123644709587
vt 0.3202659487724304 0.9119671210646629
vt 0.3637586236000061 0.8946123644709587
vt 0.32018178701400757 0.8885639980435371
vt 0.3486325144767761 0.9237335994839668
vt 0.379324734210968 0.9240407273173332
vt 0.40063947439193726 0.9027878120541573
vt 0.3486325144767761 0.9237335994839668
vt 0.40063947439193726 0.9027878120541573
vt 0.3637586236000061 0.8946123644709587
vt 0.3637586236000061 0.8946123644709587
vt 0.40063947439193726 0.9027878120541573
vt 0.41848689317703247 0.8780479803681374
vt 0.3637586236000061 0.8946123644709587
vt 0.41848689317703247 0.8780479803681374
vt 0.3732540011405945 0.8695965856313705
vt 0.32018178701400757 0.8885639980435371
vt 0.3637586236000061 0.8946123644709587
vt 0.3732540011405945 0.8695965856313705
vt 0.32018178701400757 0.8885639980435371
vt 0.3732540011405945 0.8695965856313705
vt 0.32009410858154297 0.8647457808256149
vt 0.5568166971206665 0.43508148193359375
vt 0.6118428111076355 0.4281119108200073
vt 0.6079244613647461 0.4017338156700134
vt 0.5568166971206665 0.43508148193359375
vt 0.6079244613647461 0.4017338156700134
vt 0.5493090152740479 0.4074079394340515
vt 0.6118428111076355 0.4281119108200073
vt 0.6761561632156372 0.4240759611129761
vt 0.6759748458862305 0.3985753059387207
vt 0.6118428111076355 0.4281119108200073
vt 0.6759748458862305 0.3985753059387207
vt 0.6079244613647461 0.4017338156700134
vt 0.6079244613647461 0.4017338156700134
vt 0.6759748458862305 0.3985753059387207
vt 0.6757767200469971 0.37008678913116455
vt 0.6079244613647461 0.4017338156700134
vt 0.6757767200469971 0.37008678913116455
vt 0.6053692698478699 0.37229132652282715
vt 0.5493090152740479 0.4074079394340515
vt 0.6079244613647461 0.4017338156700134
vt 0.6053692698478699 0.37229132652282715
vt 0.5493090152740479 0.4074079394340515
vt 0.6053692698478699 0.37229132652282715
vt 0.5443733334541321 0.3762860894203186
vt 0.22182205319404602 0.8789136037230492
vt 0.26697883009910583 0.8701018542051315
vt 0.2604864239692688 0.847766101360321
vt 0.22182205319404602 0.8789136037230492
vt 0.2604864239692688 0.847766101360321
vt 0.20973308384418488 0.8556301444768906
vt 0.26697883009910583 0.8701018542051315
vt 0.32009410858154297 0.8647457808256149
vt 0.32000768184661865 0.8430759161710739
vt 0.26697883009910583 0.8701018542051315
vt 0.32000768184661865 0.8430759161710739
vt 0.2604864239692688 0.847766101360321
vt 0.2604864239692688 0.847766101360321
vt 0.32000768184661865 0.8430759161710739
vt 0.3199121952056885 0.8203688710927963
vt 0.2604864239692688 0.847766101360321
vt 0.3199121952056885 0.8203688710927963
vt 0.2555769085884094 0.8243152946233749
vt 0.20973308384418488 0.8556301444768906
vt 0.2604864239692688 0.847766101360321
vt 0.2555769085884094 0.8243152946233749
vt 0.20973308384418488 0.8556301444768906
vt 0.2555769085884094 0.8243152946233749
vt 0.20045682787895203 0.8311277329921722
vt 0.6764827370643616 0.4684520363807678
vt 0.729655921459198 0.4731990694999695
vt 0.7358919978141785 0.4507904052734375
vt 0.6764827370643616 0.4684520363807678
vt 0.7358919978141785 0.4507904052734375
vt 0.6763209700584412 0.44678258895874023
vt 0.729655921459198 0.4731990694999695
vt 0.7749107480049133 0.481492817401886
vt 0.7867320775985718 0.45807236433029175
vt 0.729655921459198 0.4731990694999695
vt 0.7867320775985718 0.45807236433029175
vt 0.7358919978141785 0.4507904052734375
vt 0.7358919978141785 0.4507904052734375
vt 0.7867320775985718 0.45807236433029175
vt 0.7957269549369812 0.43346530199050903
vt 0.7358919978141785 0.4507904052734375
vt 0.7957269549369812 0.43346530199050903
vt 0.7405325174331665 0.4272848963737488
vt 0.6763209700584412 0.44678258895874023
vt 0.7358919978141785 0.4507904052734375
vt 0.7405325174331665 0.4272848963737488
vt 0.6763209700584412 0.44678258895874023
vt 0.7405325174331665 0.4272848963737488
vt 0.6761561632156372 0.4240759611129761
vt 0.578248918056488 0.48288077116012573
vt 0.623382031917572 0.4739116430282593
vt 0.6168146729469299 0.45157837867736816
vt 0.578248918056488 0.48288077116012573
vt 0.6168146729469299 0.45157837867736816
vt 0.5661129951477051 0.45960646867752075
vt 0.623382031917572 0.4739116430282593
vt 0.6764827370643616 0.4684520363807678
vt 0.6763209700584412 0.44678258895874023
vt 0.623382031917572 0.4739116430282593
vt 0.6763209700584412 0.44678258895874023
vt 0.6168146729469299 0.45157837867736816
vt 0.6168146729469299 0.45157837867736816
vt 0.6763209700584412 0.44678258895874023
vt 0.6761561632156372 0.4240759611129761
vt 0.6168146729469299 0.45157837867736816
vt 0.6761561632156372 0.4240759611129761
vt 0.6118428111076355 0.4281119108200073
vt 0.5661129951477051 0.45960646867752075
vt 0.6168146729469299 0.45157837867736816
vt 0.6118428111076355 0.4281119108200073
vt 0.5661129951477051 0.45960646867752075
vt 0.6118428111076355 0.4281119108200073
vt 0.5568166971206665 0.43508148193359375
vt 0.32009410858154297 0.8647457808256149
vt 0.3732540011405945 0.8695965856313705
vt 0.37956494092941284 0.8471895307302475
vt 0.32009410858154297 0.8647457808256149
vt 0.37956494092941284 0.8471895307302475
vt 0.32000768184661865 0.8430759161710739
vt 0.3732540011405945 0.8695965856313705
vt 0.41848689317703247 0.8780479803681374
vt 0.4303553104400635 0.8546361178159714
vt 0.3732540011405945 0.8695965856313705
vt 0.4303553104400635 0.8546361178159714
vt 0.37956494092941284 0.8471895307302475
vt 0.37956494092941284 0.8471895307302475
vt 0.4303553104400635 0.8546361178159714
vt 0.4393700361251831 0.8300061672925949
vt 0.37956494092941284 0.8471895307302475
vt 0.4393700361251831 0.8300061672925949
vt 0.38426756858825684 0.8236676305532455
vt 0.32000768184661865 0.8430759161710739
vt 0.37956494092941284 0.8471895307302475
vt 0.38426756858825684 0.8236676305532455
vt 0.32000768184661865 0.8430759161710739
vt 0.38426756858825684 0.8236676305532455
vt 0.3199121952056885 0.8203688710927963
vt 0.1839814931154251 0.9066709205508232
vt 0.1967323273420334 0.8891899362206459
vt 0.18087607622146606 0.8646203577518463
vt 0.1839814931154251 0.9066709205508232
vt 0.18087607622146606 0.8646203577518463
vt 0.16211174428462982 0.879291795194149
vt 0.1967323273420334 0.8891899362206459
vt 0.22182205319404602 0.8789136037230492
vt 0.20973308384418488 0.8556301444768906
vt 0.1967323273420334 0.8891899362206459
vt 0.20973308384418488 0.8556301444768906
vt 0.18087607622146606 0.8646203577518463
vt 0.18087607622146606 0.8646203577518463
vt 0.20973308384418488 0.8556301444768906
vt 0.20045682787895203 0.8311277329921722
vt 0.18087607622146606 0.8646203577518463
vt 0.20045682787895203 0.8311277329921722
vt 0.16853979229927063 0.8389800786972046
vt 0.16211174428462982 0.879291795194149
vt 0.18087607622146606 0.8646203577518463
vt 0.16853979229927063 0.8389800786972046
vt 0.16211174428462982 0.879291795194149
vt 0.16853979229927063 0.8389800786972046
vt 0.14599665999412537 0.8522551357746124
vt 0.4767678380012512 0.3872196674346924
vt 0.5076561570167542 0.38023436069488525
vt 0.5069111585617065 0.34280121326446533
vt 0.4767678380012512 0.3872196674346924
vt 0.5069111585617065 0.34280121326446533
vt 0.4816882610321045 0.3444330096244812
vt 0.5076561570167542 0.38023436069488525
vt 0.5443733334541321 0.3762860894203186
vt 0.5437539219856262 0.34180957078933716
vt 0.5076561570167542 0.38023436069488525
vt 0.5437539219856262 0.34180957078933716
vt 0.5069111585617065 0.34280121326446533
vt 0.5069111585617065 0.34280121326446533
vt 0.5437539219856262 0.34180957078933716
vt 0.5485106706619263 0.3057897090911865
vt 0.5069111585617065 0.34280121326446533
vt 0.5485106706619263 0.3057897090911865
vt 0.5133317708969116 0.30329322814941406
vt 0.4816882610321045 0.3444330096244812
vt 0.5069111585617065 0.34280121326446533
vt 0.5133317708969116 0.30329322814941406
vt 0.4816882610321045 0.3444330096244812
vt 0.5133317708969116 0.30329322814941406
vt 0.484380304813385 0.29938697814941406
vt 0.3199121952056885 0.8203688710927963
vt 0.38426756858825684 0.8236676305532455
vt 0.38788342475891113 0.7972463667392731
vt 0.3199121952056885 0.8203688710927963
vt 0.38788342475891113 0.7972463667392731
vt 0.3198012709617615 0.7948678284883499
vt 0.38426756858825684 0.8236676305532455
vt 0.4393700361251831 0.8300061672925949
vt 0.4465600848197937 0.8022484332323074
vt 0.38426756858825684 0.8236676305532455
vt 0.4465600848197937 0.8022484332323074
vt 0.38788342475891113 0.7972463667392731
vt 0.38788342475891113 0.7972463667392731
vt 0.4465600848197937 0.8022484332323074
vt 0.45113885402679443 0.7710720747709274
vt 0.38788342475891113 0.7972463667392731
vt 0.45113885402679443 0.7710720747709274
vt 0.3901011347770691 0.7677765190601349
vt 0.3198012709617615 0.7948678284883499
vt 0.38788342475891113 0.7972463667392731
vt 0.3901011347770691 0.7677765190601349
vt 0.3198012709617615 0.7948678284883499
vt 0.3901011347770691 0.7677765190601349
vt 0.31967294216156006 0.766378864645958
vt 0.14599665999412537 0.8522551357746124
vt 0.16853979229927063 0.8389800786972046
vt 0.158212810754776 0.8096977919340134
vt 0.14599665999412537 0.8522551357746124
vt 0.158212810754776 0.8096977919340134
vt 0.13252992928028107 0.8210013657808304
vt 0.16853979229927063 0.8389800786972046
vt 0.20045682787895203 0.8311277329921722
vt 0.19298209249973297 0.8034943491220474
vt 0.16853979229927063 0.8389800786972046
vt 0.19298209249973297 0.8034943491220474
vt 0.158212810754776 0.8096977919340134
vt 0.158212810754776 0.8096977919340134
vt 0.19298209249973297 0.8034943491220474
vt 0.18814566731452942 0.772437259554863
vt 0.158212810754776 0.8096977919340134
vt 0.18814566731452942 0.772437259554863
vt 0.15129519999027252 0.7763382941484451
vt 0.13252992928028107 0.8210013657808304
vt 0.158212810754776 0.8096977919340134
vt 0.15129519999027252 0.7763382941484451
vt 0.13252992928028107 0.8210013657808304
vt 0.15129519999027252 0.7763382941484451
vt 0.12052805721759796 0.7841568738222122
vt 0.5024674534797668 0.45628678798675537
vt 0.5250255465507507 0.4430123567581177
vt 0.5147203803062439 0.41374099254608154
vt 0.5024674534797668 0.45628678798675537
vt 0.5147203803062439 0.41374099254608154
vt 0.4890080690383911 0.4250198006629944
vt 0.5250255465507507 0.4430123567581177
vt 0.5568166971206665 0.43508148193359375
vt 0.5493090152740479 0.4074079394340515
vt 0.5250255465507507 0.4430123567581177
vt 0.5493090152740479 0.4074079394340515
vt 0.5147203803062439 0.41374099254608154
vt 0.5147203803062439 0.41374099254608154
vt 0.5493090152740479 0.4074079394340515
vt 0.5443733334541321 0.3762860894203186
vt 0.5147203803062439 0.41374099254608154
vt 0.5443733334541321 0.3762860894203186
vt 0.5076561570167542 0.38023436069488525
vt 0.4890080690383911 0.4250198006629944
vt 0.5147203803062439 0.41374099254608154
vt 0.5076561570167542 0.38023436069488525
vt 0.4890080690383911 0.4250198006629944
vt 0.5076561570167542 0.38023436069488525
vt 0.4767678380012512 0.3872196674346924
vt 0.20045682787895203 0.8311277329921722
vt 0.2555769085884094 0.8243152946233749
vt 0.25172436237335205 0.7979718893766403
vt 0.20045682787895203 0.8311277329921722
vt 0.25172436237335205 0.7979718893766403
vt 0.19298209249973297 0.8034943491220474
vt 0.2555769085884094 0.8243152946233749
vt 0.3199121952056885 0.8203688710927963
vt 0.3198012709617615 0.7948678284883499
vt 0.2555769085884094 0.8243152946233749
vt 0.3198012709617615 0.7948678284883499
vt 0.25172436237335205 0.7979718893766403
vt 0.25172436237335205 0.7979718893766403
vt 0.3198012709617615 0.7948678284883499
vt 0.31967294216156006 0.766378864645958
vt 0.25172436237335205 0.7979718893766403
vt 0.31967294216156006 0.766378864645958
vt 0.24924980103969574 0.7685831189155579
vt 0.19298209249973297 0.8034943491220474
vt 0.25172436237335205 0.7979718893766403
vt 0.24924980103969574 0.7685831189155579
vt 0.19298209249973297 0.8034943491220474
vt 0.24924980103969574 0.7685831189155579
vt 0.18814566731452942 0.772437259554863
vt 0.6761561632156372 0.4240759611129761
vt 0.7405325174331665 0.4272848963737488
vt 0.7440829277038574 0.4008990526199341
vt 0.6761561632156372 0.4240759611129761
vt 0.7440829277038574 0.4008990526199341
vt 0.6759748458862305 0.3985753059387207
vt 0.7405325174331665 0.4272848963737488
vt 0.7957269549369812 0.43346530199050903
vt 0.8028846383094788 0.40574806928634644
vt 0.7405325174331665 0.4272848963737488
vt 0.8028846383094788 0.40574806928634644
vt 0.7440829277038574 0.4008990526199341
vt 0.7440829277038574 0.4008990526199341
vt 0.8028846383094788 0.40574806928634644
vt 0.807364821434021 0.3746376037597656
vt 0.7440829277038574 0.4008990526199341
vt 0.807364821434021 0.3746376037597656
vt 0.7462205290794373 0.3714839220046997
vt 0.6759748458862305 0.3985753059387207
vt 0.7440829277038574 0.4008990526199341
vt 0.7462205290794373 0.3714839220046997
vt 0.6759748458862305 0.3985753059387207
vt 0.7462205290794373 0.3714839220046997
vt 0.6757767200469971 0.37008678913116455
vt 0.3192787766456604 0.7029093205928802
vt 0.38739025592803955 0.7017345428466797
vt 0.38205277919769287 0.6675535440444946
vt 0.3192787766456604 0.7029093205928802
vt 0.38205277919769287 0.6675535440444946
vt 0.31903719902038574 0.6700986623764038
vt 0.38739025592803955 0.7017345428466797
vt 0.4461939334869385 0.7006277441978455
vt 0.43580716848373413 0.6642991006374359
vt 0.38739025592803955 0.7017345428466797
vt 0.43580716848373413 0.6642991006374359
vt 0.38205277919769287 0.6675535440444946
vt 0.38205277919769287 0.6675535440444946
vt 0.43580716848373413 0.6642991006374359
vt 0.42173004150390625 0.6279091238975525
vt 0.38205277919769287 0.6675535440444946
vt 0.42173004150390625 0.6279091238975525
vt 0.37475234270095825 0.6332016587257385
vt 0.31903719902038574 0.6700986623764038
vt 0.38205277919769287 0.6675535440444946
vt 0.37475234270095825 0.6332016587257385
vt 0.31903719902038574 0.6700986623764038
vt 0.37475234270095825 0.6332016587257385
vt 0.31957846879959106 0.6358439922332764
vt 0.18814566731452942 0.772437259554863
vt 0.24924980103969574 0.7685831189155579
vt 0.2490098923444748 0.7362844347953796
vt 0.18814566731452942 0.772437259554863
vt 0.2490098923444748 0.7362844347953796
vt 0.18776105344295502 0.7380610406398773
vt 0.24924980103969574 0.7685831189155579
vt 0.31967294216156006 0.766378864645958
vt 0.31950169801712036 0.7352524995803833
vt 0.24924980103969574 0.7685831189155579
vt 0.31950169801712036 0.7352524995803833
vt 0.2490098923444748 0.7362844347953796
vt 0.2490098923444748 0.7362844347953796
vt 0.31950169801712036 0.7352524995803833
vt 0.3192787766456604 0.7029093205928802
vt 0.2490098923444748 0.7362844347953796
vt 0.3192787766456604 0.7029093205928802
vt 0.251337468624115 0.7026051878929138
vt 0.18776105344295502 0.7380610406398773
vt 0.2490098923444748 0.7362844347953796
vt 0.251337468624115 0.7026051878929138
vt 0.18776105344295502 0.7380610406398773
vt 0.251337468624115 0.7026051878929138
vt 0.19279958307743073 0.7021164894104004
vt 0.6757767200469971 0.37008678913116455
vt 0.7462205290794373 0.3714839220046997
vt 0.7460903525352478 0.33918464183807373
vt 0.6757767200469971 0.37008678913116455
vt 0.7460903525352478 0.33918464183807373
vt 0.6755913496017456 0.3389604687690735
vt 0.7462205290794373 0.3714839220046997
vt 0.807364821434021 0.3746376037597656
vt 0.8073554635047913 0.34025925397872925
vt 0.7462205290794373 0.3714839220046997
vt 0.8073554635047913 0.34025925397872925
vt 0.7460903525352478 0.33918464183807373
vt 0.7460903525352478 0.33918464183807373
vt 0.8073554635047913 0.34025925397872925
vt 0.8019053936004639 0.3043748140335083
vt 0.7460903525352478 0.33918464183807373
vt 0.8019053936004639 0.3043748140335083
vt 0.7433769702911377 0.3055342435836792
vt 0.6755913496017456 0.3389604687690735
vt 0.7460903525352478 0.33918464183807373
vt 0.7433769702911377 0.3055342435836792
vt 0.6755913496017456 0.3389604687690735
vt 0.7433769702911377 0.3055342435836792
vt 0.6754436492919922 0.3066169023513794
vt 0.5443733334541321 0.3762860894203186
vt 0.6053692698478699 0.37229132652282715
vt 0.6050371527671814 0.33993595838546753
vt 0.5443733334541321 0.3762860894203186
vt 0.6050371527671814 0.33993595838546753
vt 0.5437539219856262 0.34180957078933716
vt 0.6053692698478699 0.37229132652282715
vt 0.6757767200469971 0.37008678913116455
vt 0.6755913496017456 0.3389604687690735
vt 0.6053692698478699 0.37229132652282715
vt 0.6755913496017456 0.3389604687690735
vt 0.6050371527671814 0.33993595838546753
vt 0.6050371527671814 0.33993595838546753
vt 0.6755913496017456 0.3389604687690735
vt 0.6754436492919922 0.3066169023513794
vt 0.6050371527671814 0.33993595838546753
vt 0.6754436492919922 0.3066169023513794
vt 0.607323169708252 0.3062226176261902
vt 0.5437539219856262 0.34180957078933716
vt 0.6050371527671814 0.33993595838546753
vt 0.607323169708252 0.3062226176261902
vt 0.5437539219856262 0.34180957078933716
vt 0.607323169708252 0.3062226176261902
vt 0.5485106706619263 0.3057897090911865
vt 0.31967294216156006 0.766378864645958
vt 0.3901011347770691 0.7677765190601349
vt 0.39006245136260986 0.7354193925857544
vt 0.31967294216156006 0.766378864645958
vt 0.39006245136260986 0.7354193925857544
vt 0.31950169801712036 0.7352524995803833
vt 0.3901011347770691 0.7677765190601349
vt 0.45113885402679443 0.7710720747709274
vt 0.45136314630508423 0.736590713262558
vt 0.3901011347770691 0.7677765190601349
vt 0.45136314630508423 0.736590713262558
vt 0.39006245136260986 0.7354193925857544
vt 0.39006245136260986 0.7354193925857544
vt 0.45136314630508423 0.736590713262558
vt 0.4461939334869385 0.7006277441978455
vt 0.39006245136260986 0.7354193925857544
vt 0.4461939334869385 0.7006277441978455
vt 0.38739025592803955 0.7017345428466797
vt 0.31950169801712036 0.7352524995803833
vt 0.39006245136260986 0.7354193925857544
vt 0.38739025592803955 0.7017345428466797
vt 0.31950169801712036 0.7352524995803833
vt 0.38739025592803955 0.7017345428466797
vt 0.3192787766456604 0.7029093205928802
vt 0.12052805721759796 0.7841568738222122
vt 0.15129519999027252 0.7763382941484451
vt 0.15088239312171936 0.7389282882213593
vt 0.12052805721759796 0.7841568738222122
vt 0.15088239312171936 0.7389282882213593
vt 0.12676958739757538 0.7415187656879425
vt 0.15129519999027252 0.7763382941484451
vt 0.18814566731452942 0.772437259554863
vt 0.18776105344295502 0.7380610406398773
vt 0.15129519999027252 0.7763382941484451
vt 0.18776105344295502 0.7380610406398773
vt 0.15088239312171936 0.7389282882213593
vt 0.15088239312171936 0.7389282882213593
vt 0.18776105344295502 0.7380610406398773
vt 0.19279958307743073 0.7021164894104004
vt 0.15088239312171936 0.7389282882213593
vt 0.19279958307743073 0.7021164894104004
vt 0.15797977149486542 0.699600338935852
vt 0.12676958739757538 0.7415187656879425
vt 0.15088239312171936 0.7389282882213593
vt 0.15797977149486542 0.699600338935852
vt 0.12676958739757538 0.7415187656879425
vt 0.15797977149486542 0.699600338935852
vt 0.12911958992481232 0.6961688101291656
vt 0.21762050688266754 0.6285471022129059
vt 0.2644272744655609 0.6332042217254639
vt 0.27507418394088745 0.5981648564338684
vt 0.21762050688266754 0.6285471022129059
vt 0.27507418394088745 0.5981648564338684
vt 0.23586012423038483 0.592053234577179
vt 0.2644272744655609 0.6332042217254639
vt 0.31957846879959106 0.6358439922332764
vt 0.3213091492652893 0.6015567183494568
vt 0.2644272744655609 0.6332042217254639
vt 0.3213091492652893 0.6015567183494568
vt 0.27507418394088745 0.5981648564338684
vt 0.27507418394088745 0.5981648564338684
vt 0.3213091492652893 0.6015567183494568
vt 0.3245527744293213 0.5701050758361816
vt 0.27507418394088745 0.5981648564338684
vt 0.3245527744293213 0.5701050758361816
vt 0.2872481346130371 0.5660120248794556
vt 0.23586012423038483 0.592053234577179
vt 0.27507418394088745 0.5981648564338684
vt 0.2872481346130371 0.5660120248794556
vt 0.23586012423038483 0.592053234577179
vt 0.2872481346130371 0.5660120248794556
vt 0.25300896167755127 0.5556781589984894
vt 0.12911958992481232 0.6961688101291656
vt 0.15797977149486542 0.699600338935852
vt 0.17188821732997894 0.6603332757949829
vt 0.12911958992481232 0.6961688101291656
vt 0.17188821732997894 0.6603332757949829
vt 0.14997874200344086 0.6490854024887085
vt 0.15797977149486542 0.699600338935852
vt 0.19279958307743073 0.7021164894104004
vt 0.20284588634967804 0.6656438112258911
vt 0.15797977149486542 0.699600338935852
vt 0.20284588634967804 0.6656438112258911
vt 0.17188821732997894 0.6603332757949829
vt 0.17188821732997894 0.6603332757949829
vt 0.20284588634967804 0.6656438112258911
vt 0.21762050688266754 0.6285471022129059
vt 0.17188821732997894 0.6603332757949829
vt 0.21762050688266754 0.6285471022129059
vt 0.19123230874538422 0.62187859416008
vt 0.14997874200344086 0.6490854024887085
vt 0.17188821732997894 0.6603332757949829
vt 0.19123230874538422 0.62187859416008
vt 0.14997874200344086 0.6490854024887085
vt 0.19123230874538422 0.62187859416008
vt 0.1739962249994278 0.6104577779769897
vt 0.484380304813385 0.29938697814941406
vt 0.5133317708969116 0.30329322814941406
vt 0.5274693369865417 0.26397615671157837
vt 0.484380304813385 0.29938697814941406
vt 0.5274693369865417 0.26397615671157837
vt 0.505579948425293 0.25264501571655273
vt 0.5133317708969116 0.30329322814941406
vt 0.5485106706619263 0.3057897090911865
vt 0.5584805011749268 0.2693444490432739
vt 0.5133317708969116 0.30329322814941406
vt 0.5584805011749268 0.2693444490432739
vt 0.5274693369865417 0.26397615671157837
vt 0.5274693369865417 0.26397615671157837
vt 0.5584805011749268 0.2693444490432739
vt 0.5721396803855896 0.2327955961227417
vt 0.5274693369865417 0.26397615671157837
vt 0.5721396803855896 0.2327955961227417
vt 0.5457783937454224 0.22600877285003662
vt 0.505579948425293 0.25264501571655273
vt 0.5274693369865417 0.26397615671157837
vt 0.5457783937454224 0.22600877285003662
vt 0.505579948425293 0.25264501571655273
vt 0.5457783937454224 0.22600877285003662
vt 0.5283871293067932 0.21464574337005615
vt 0.19279958307743073 0.7021164894104004
vt 0.251337468624115 0.7026051878929138
vt 0.25640177726745605 0.6683636605739594
vt 0.19279958307743073 0.7021164894104004
vt 0.25640177726745605 0.6683636605739594
vt 0.20284588634967804 0.6656438112258911
vt 0.251337468624115 0.7026051878929138
vt 0.3192787766456604 0.7029093205928802
vt 0.31903719902038574 0.6700986623764038
vt 0.251337468624115 0.7026051878929138
vt 0.31903719902038574 0.6700986623764038
vt 0.25640177726745605 0.6683636605739594
vt 0.25640177726745605 0.6683636605739594
vt 0.31903719902038574 0.6700986623764038
vt 0.31957846879959106 0.6358439922332764
vt 0.25640177726745605 0.6683636605739594
vt 0.31957846879959106 0.6358439922332764
vt 0.2644272744655609 0.6332042217254639
vt 0.20284588634967804 0.6656438112258911
vt 0.25640177726745605 0.6683636605739594
vt 0.2644272744655609 0.6332042217254639
vt 0.20284588634967804 0.6656438112258911
vt 0.2644272744655609 0.6332042217254639
vt 0.21762050688266754 0.6285471022129059
vt 0.6754436492919922 0.3066169023513794
vt 0.7433769702911377 0.3055342435836792
vt 0.7379206418991089 0.27135300636291504
vt 0.6754436492919922 0.3066169023513794
vt 0.7379206418991089 0.27135300636291504
vt 0.6753091812133789 0.2738056182861328
vt 0.7433769702911377 0.3055342435836792
vt 0.8019053936004639 0.3043748140335083
vt 0.791441798210144 0.26801955699920654
vt 0.7433769702911377 0.3055342435836792
vt 0.791441798210144 0.26801955699920654
vt 0.7379206418991089 0.27135300636291504
vt 0.7379206418991089 0.27135300636291504
vt 0.791441798210144 0.26801955699920654
vt 0.7762430906295776 0.2310945987701416
vt 0.7379206418991089 0.27135300636291504
vt 0.7762430906295776 0.2310945987701416
vt 0.729492723941803 0.23628777265548706
vt 0.6753091812133789 0.2738056182861328
vt 0.7379206418991089 0.27135300636291504
vt 0.729492723941803 0.23628777265548706
vt 0.6753091812133789 0.2738056182861328
vt 0.729492723941803 0.23628777265548706
vt 0.6743754744529724 0.2395593523979187
vt 0.5485106706619263 0.3057897090911865
vt 0.607323169708252 0.3062226176261902
vt 0.6122686266899109 0.27198272943496704
vt 0.5485106706619263 0.3057897090911865
vt 0.6122686266899109 0.27198272943496704
vt 0.5584805011749268 0.2693444490432739
vt 0.607323169708252 0.3062226176261902
vt 0.6754436492919922 0.3066169023513794
vt 0.6753091812133789 0.2738056182861328
vt 0.607323169708252 0.3062226176261902
vt 0.6753091812133789 0.2738056182861328
vt 0.6122686266899109 0.27198272943496704
vt 0.6122686266899109 0.27198272943496704
vt 0.6753091812133789 0.2738056182861328
vt 0.6743754744529724 0.2395593523979187
vt 0.6122686266899109 0.27198272943496704
vt 0.6743754744529724 0.2395593523979187
vt 0.6191749572753906 0.23754942417144775
vt 0.5584805011749268 0.2693444490432739
vt 0.6122686266899109 0.27198272943496704
vt 0.6191749572753906 0.23754942417144775
vt 0.5584805011749268 0.2693444490432739
vt 0.6191749572753906 0.23754942417144775
vt 0.5721396803855896 0.2327955961227417
vt 0.7007219195365906 0.11337041854858398
vt 0.7172585129737854 0.13515758514404297
vt 0.7306025624275208 0.12530505657196045
vt 0.7007219195365906 0.11337041854858398
vt 0.7306025624275208 0.12530505657196045
vt 0.7193583250045776 0.11274880170822144
vt 0.7172585129737854 0.13515758514404297
vt 0.7400220036506653 0.15863609313964844
vt 0.7440976500511169 0.1361522674560547
vt 0.7172585129737854 0.13515758514404297
vt 0.7440976500511169 0.1361522674560547
vt 0.7306025624275208 0.12530505657196045
vt 0.7306025624275208 0.12530505657196045
vt 0.7440976500511169 0.1361522674560547
vt 0.7474057674407959 0.11970734596252441
vt 0.7306025624275208 0.12530505657196045
vt 0.7474057674407959 0.11970734596252441
vt 0.7389401197433472 0.11336088180541992
vt 0.7193583250045776 0.11274880170822144
vt 0.7306025624275208 0.12530505657196045
vt 0.7389401197433472 0.11336088180541992
vt 0.7193583250045776 0.11274880170822144
vt 0.7389401197433472 0.11336088180541992
vt 0.7313730716705322 0.10549569129943848
vt 0.6743754744529724 0.2395593523979187
vt 0.729492723941803 0.23628777265548706
vt 0.7184450626373291 0.20137274265289307
vt 0.6743754744529724 0.2395593523979187
vt 0.7184450626373291 0.20137274265289307
vt 0.6722519993782043 0.20529425144195557
vt 0.729492723941803 0.23628777265548706
vt 0.7762430906295776 0.2310945987701416
vt 0.7575864791870117 0.19481217861175537
vt 0.729492723941803 0.23628777265548706
vt 0.7575864791870117 0.19481217861175537
vt 0.7184450626373291 0.20137274265289307
vt 0.7184450626373291 0.20137274265289307
vt 0.7575864791870117 0.19481217861175537
vt 0.7400220036506653 0.15863609313964844
vt 0.7184450626373291 0.20137274265289307
vt 0.7400220036506653 0.15863609313964844
vt 0.7059034705162048 0.16936147212982178
vt 0.6722519993782043 0.20529425144195557
vt 0.7184450626373291 0.20137274265289307
vt 0.7059034705162048 0.16936147212982178
vt 0.6722519993782043 0.20529425144195557
vt 0.7059034705162048 0.16936147212982178
vt 0.6686481833457947 0.17388176918029785
vt 0.5721396803855896 0.2327955961227417
vt 0.6191749572753906 0.23754942417144775
vt 0.6262366771697998 0.20339906215667725
vt 0.5721396803855896 0.2327955961227417
vt 0.6262366771697998 0.20339906215667725
vt 0.5874956250190735 0.1979426145553589
vt 0.6191749572753906 0.23754942417144775
vt 0.6743754744529724 0.2395593523979187
vt 0.6722519993782043 0.20529425144195557
vt 0.6191749572753906 0.23754942417144775
vt 0.6722519993782043 0.20529425144195557
vt 0.6262366771697998 0.20339906215667725
vt 0.6262366771697998 0.20339906215667725
vt 0.6722519993782043 0.20529425144195557
vt 0.6686481833457947 0.17388176918029785
vt 0.6262366771697998 0.20339906215667725
vt 0.6686481833457947 0.17388176918029785
vt 0.6319168210029602 0.17235559225082397
vt 0.5874956250190735 0.1979426145553589
vt 0.6262366771697998 0.20339906215667725
vt 0.6319168210029602 0.17235559225082397
vt 0.5874956250190735 0.1979426145553589
vt 0.6319168210029602 0.17235559225082397
vt 0.6013864278793335 0.16739237308502197
vt 0.31957846879959106 0.6358439922332764
vt 0.37475234270095825 0.6332016587257385
vt 0.36729973554611206 0.5991344451904297
vt 0.31957846879959106 0.6358439922332764
vt 0.36729973554611206 0.5991344451904297
vt 0.3213091492652893 0.6015567183494568
vt 0.37475234270095825 0.6332016587257385
vt 0.42173004150390625 0.6279091238975525
vt 0.4059757590293884 0.5932343602180481
vt 0.37475234270095825 0.6332016587257385
vt 0.4059757590293884 0.5932343602180481
vt 0.36729973554611206 0.5991344451904297
vt 0.36729973554611206 0.5991344451904297
vt 0.4059757590293884 0.5932343602180481
vt 0.3917357921600342 0.5628452897071838
vt 0.36729973554611206 0.5991344451904297
vt 0.3917357921600342 0.5628452897071838
vt 0.36126428842544556 0.5681580901145935
vt 0.3213091492652893 0.6015567183494568
vt 0.36729973554611206 0.5991344451904297
vt 0.36126428842544556 0.5681580901145935
vt 0.3213091492652893 0.6015567183494568
vt 0.36126428842544556 0.5681580901145935
vt 0.3245527744293213 0.5701050758361816
vt 0.1739962249994278 0.6104577779769897
vt 0.19123230874538422 0.62187859416008
vt 0.21415939927101135 0.5858877301216125
vt 0.1739962249994278 0.6104577779769897
vt 0.21415939927101135 0.5858877301216125
vt 0.20040370523929596 0.5762743055820465
vt 0.19123230874538422 0.62187859416008
vt 0.21762050688266754 0.6285471022129059
vt 0.23586012423038483 0.592053234577179
vt 0.19123230874538422 0.62187859416008
vt 0.23586012423038483 0.592053234577179
vt 0.21415939927101135 0.5858877301216125
vt 0.21415939927101135 0.5858877301216125
vt 0.23586012423038483 0.592053234577179
vt 0.25300896167755127 0.5556781589984894
vt 0.21415939927101135 0.5858877301216125
vt 0.25300896167755127 0.5556781589984894
vt 0.23260128498077393 0.5561811029911041
vt 0.20040370523929596 0.5762743055820465
vt 0.21415939927101135 0.5858877301216125
vt 0.23260128498077393 0.5561811029911041
vt 0.20040370523929596 0.5762743055820465
vt 0.23260128498077393 0.5561811029911041
vt 0.22091148793697357 0.5498113334178925
vt 0.5283871293067932 0.21464574337005615
vt 0.5457783937454224 0.22600877285003662
vt 0.5662567615509033 0.19111227989196777
vt 0.5283871293067932 0.21464574337005615
vt 0.5662567615509033 0.19111227989196777
vt 0.5526250004768372 0.18117845058441162
vt 0.5457783937454224 0.22600877285003662
vt 0.5721396803855896 0.2327955961227417
vt 0.5874956250190735 0.1979426145553589
vt 0.5457783937454224 0.22600877285003662
vt 0.5874956250190735 0.1979426145553589
vt 0.5662567615509033 0.19111227989196777
vt 0.5662567615509033 0.19111227989196777
vt 0.5874956250190735 0.1979426145553589
vt 0.6013864278793335 0.16739237308502197
vt 0.5662567615509033 0.19111227989196777
vt 0.6013864278793335 0.16739237308502197
vt 0.5848499536514282 0.1615263819694519
vt 0.5526250004768372 0.18117845058441162
vt 0.5662567615509033 0.19111227989196777
vt 0.5848499536514282 0.1615263819694519
vt 0.5526250004768372 0.18117845058441162
vt 0.5848499536514282 0.1615263819694519
vt 0.5741907954216003 0.1536247730255127
vt 0.6574008464813232 0.12418198585510254
vt 0.6794365644454956 0.12042605876922607
vt 0.6654614806175232 0.09793245792388916
vt 0.6574008464813232 0.12418198585510254
vt 0.6654614806175232 0.09793245792388916
vt 0.6503365635871887 0.10067534446716309
vt 0.6794365644454956 0.12042605876922607
vt 0.7007219195365906 0.11337041854858398
vt 0.6772544384002686 0.09312736988067627
vt 0.6794365644454956 0.12042605876922607
vt 0.6772544384002686 0.09312736988067627
vt 0.6654614806175232 0.09793245792388916
vt 0.6654614806175232 0.09793245792388916
vt 0.6772544384002686 0.09312736988067627
vt 0.6628140807151794 0.07123613357543945
vt 0.6654614806175232 0.09793245792388916
vt 0.6628140807151794 0.07123613357543945
vt 0.6540795564651489 0.0773622989654541
vt 0.6503365635871887 0.10067534446716309
vt 0.6654614806175232 0.09793245792388916
vt 0.6540795564651489 0.0773622989654541
vt 0.6503365635871887 0.10067534446716309
vt 0.6540795564651489 0.0773622989654541
vt 0.6433495283126831 0.07982850074768066
vt 0.5741907954216003 0.1536247730255127
vt 0.5848499536514282 0.1615263819694519
vt 0.5985652804374695 0.1381521224975586
vt 0.5741907954216003 0.1536247730255127
vt 0.5985652804374695 0.1381521224975586
vt 0.5900018811225891 0.13233304023742676
vt 0.5848499536514282 0.1615263819694519
vt 0.6013864278793335 0.16739237308502197
vt 0.6113423109054565 0.14267432689666748
vt 0.5848499536514282 0.1615263819694519
vt 0.6113423109054565 0.14267432689666748
vt 0.5985652804374695 0.1381521224975586
vt 0.5985652804374695 0.1381521224975586
vt 0.6113423109054565 0.14267432689666748
vt 0.6180500984191895 0.12069976329803467
vt 0.5985652804374695 0.1381521224975586
vt 0.6180500984191895 0.12069976329803467
vt 0.6083223223686218 0.11752688884735107
vt 0.5900018811225891 0.13233304023742676
vt 0.5985652804374695 0.1381521224975586
vt 0.6083223223686218 0.11752688884735107
vt 0.5900018811225891 0.13233304023742676
vt 0.6083223223686218 0.11752688884735107
vt 0.6014147996902466 0.11363351345062256
vt 0.25300896167755127 0.5556781589984894
vt 0.2872481346130371 0.5660120248794556
vt 0.3002445101737976 0.5398468375205994
vt 0.25300896167755127 0.5556781589984894
vt 0.3002445101737976 0.5398468375205994
vt 0.27550190687179565 0.5319403409957886
vt 0.2872481346130371 0.5660120248794556
vt 0.3245527744293213 0.5701050758361816
vt 0.3293253183364868 0.5438318848609924
vt 0.2872481346130371 0.5660120248794556
vt 0.3293253183364868 0.5438318848609924
vt 0.3002445101737976 0.5398468375205994
vt 0.3002445101737976 0.5398468375205994
vt 0.3293253183364868 0.5438318848609924
vt 0.33522993326187134 0.5202797055244446
vt 0.3002445101737976 0.5398468375205994
vt 0.33522993326187134 0.5202797055244446
vt 0.31315261125564575 0.516776442527771
vt 0.27550190687179565 0.5319403409957886
vt 0.3002445101737976 0.5398468375205994
vt 0.31315261125564575 0.516776442527771
vt 0.27550190687179565 0.5319403409957886
vt 0.31315261125564575 0.516776442527771
vt 0.2917877435684204 0.5099652409553528
vt 0.6686481833457947 0.17388176918029785
vt 0.7059034705162048 0.16936147212982178
vt 0.692608118057251 0.14334702491760254
vt 0.6686481833457947 0.17388176918029785
vt 0.692608118057251 0.14334702491760254
vt 0.6635749340057373 0.14766502380371094
vt 0.7059034705162048 0.16936147212982178
vt 0.7400220036506653 0.15863609313964844
vt 0.7172585129737854 0.13515758514404297
vt 0.7059034705162048 0.16936147212982178
vt 0.7172585129737854 0.13515758514404297
vt 0.692608118057251 0.14334702491760254
vt 0.692608118057251 0.14334702491760254
vt 0.7172585129737854 0.13515758514404297
vt 0.7007219195365906 0.11337041854858398
vt 0.692608118057251 0.14334702491760254
vt 0.7007219195365906 0.11337041854858398
vt 0.6794365644454956 0.12042605876922607
vt 0.6635749340057373 0.14766502380371094
vt 0.692608118057251 0.14334702491760254
vt 0.6794365644454956 0.12042605876922607
vt 0.6635749340057373 0.14766502380371094
vt 0.6794365644454956 0.12042605876922607
vt 0.6574008464813232 0.12418198585510254
vt 0.6013864278793335 0.16739237308502197
vt 0.6319168210029602 0.17235559225082397
vt 0.6349048018455505 0.14660727977752686
vt 0.6013864278793335 0.16739237308502197
vt 0.6349048018455505 0.14660727977752686
vt 0.6113423109054565 0.14267432689666748
vt 0.6319168210029602 0.17235559225082397
vt 0.6686481833457947 0.17388176918029785
vt 0.6635749340057373 0.14766502380371094
vt 0.6319168210029602 0.17235559225082397
vt 0.6635749340057373 0.14766502380371094
vt 0.6349048018455505 0.14660727977752686
vt 0.6349048018455505 0.14660727977752686
vt 0.6635749340057373 0.14766502380371094
vt 0.6574008464813232 0.12418198585510254
vt 0.6349048018455505 0.14660727977752686
vt 0.6574008464813232 0.12418198585510254
vt 0.6357752680778503 0.12355566024780273
vt 0.6113423109054565 0.14267432689666748
vt 0.6349048018455505 0.14660727977752686
vt 0.6357752680778503 0.12355566024780273
vt 0.6113423109054565 0.14267432689666748
vt 0.6357752680778503 0.12355566024780273
vt 0.6180500984191895 0.12069976329803467
vt 0.3245527744293213 0.5701050758361816
vt 0.36126428842544556 0.5681580901145935
vt 0.35798144340515137 0.5424456596374512
vt 0.3245527744293213 0.5701050758361816
vt 0.35798144340515137 0.5424456596374512
vt 0.3293253183364868 0.5438318848609924
vt 0.36126428842544556 0.5681580901145935
vt 0.3917357921600342 0.5628452897071838
vt 0.381497323513031 0.5382429659366608
vt 0.36126428842544556 0.5681580901145935
vt 0.381497323513031 0.5382429659366608
vt 0.35798144340515137 0.5424456596374512
vt 0.35798144340515137 0.5424456596374512
vt 0.381497323513031 0.5382429659366608
vt 0.3745381832122803 0.5163466930389404
vt 0.35798144340515137 0.5424456596374512
vt 0.3745381832122803 0.5163466930389404
vt 0.3568468689918518 0.5194056034088135
vt 0.3293253183364868 0.5438318848609924
vt 0.35798144340515137 0.5424456596374512
vt 0.3568468689918518 0.5194056034088135
vt 0.3293253183364868 0.5438318848609924
vt 0.3568468689918518 0.5194056034088135
vt 0.33522993326187134 0.5202797055244446
vt 0.6139299869537354 0.07726895809173584
vt 0.6180452704429626 0.07828736305236816
vt 0.617748498916626 0.06454586982727051
vt 0.6139299869537354 0.07726895809173584
vt 0.617748498916626 0.06454586982727051
vt 0.6146345138549805 0.06431257724761963
vt 0.6180452704429626 0.07828736305236816
vt 0.6233290433883667 0.07916343212127686
vt 0.6216793060302734 0.06480169296264648
vt 0.6180452704429626 0.07828736305236816
vt 0.6216793060302734 0.06480169296264648
vt 0.617748498916626 0.06454586982727051
vt 0.617748498916626 0.06454586982727051
vt 0.6216793060302734 0.06480169296264648
vt 0.6179894804954529 0.052437424659729004
vt 0.617748498916626 0.06454586982727051
vt 0.6179894804954529 0.052437424659729004
vt 0.6152152419090271 0.05254185199737549
vt 0.6146345138549805 0.06431257724761963
vt 0.617748498916626 0.06454586982727051
vt 0.6152152419090271 0.05254185199737549
vt 0.6146345138549805 0.06431257724761963
vt 0.6152152419090271 0.05254185199737549
vt 0.6130174994468689 0.0527271032333374
vt 0.6180500984191895 0.12069976329803467
vt 0.6357752680778503 0.12355566024780273
vt 0.6350127458572388 0.10040760040283203
vt 0.6180500984191895 0.12069976329803467
vt 0.6350127458572388 0.10040760040283203
vt 0.6222577691078186 0.0986623764038086
vt 0.6357752680778503 0.12355566024780273
vt 0.6574008464813232 0.12418198585510254
vt 0.6503365635871887 0.10067534446716309
vt 0.6357752680778503 0.12355566024780273
vt 0.6503365635871887 0.10067534446716309
vt 0.6350127458572388 0.10040760040283203
vt 0.6350127458572388 0.10040760040283203
vt 0.6503365635871887 0.10067534446716309
vt 0.6433495283126831 0.07982850074768066
vt 0.6350127458572388 0.10040760040283203
vt 0.6433495283126831 0.07982850074768066
vt 0.6324842572212219 0.07995295524597168
vt 0.6222577691078186 0.0986623764038086
vt 0.6350127458572388 0.10040760040283203
vt 0.6324842572212219 0.07995295524597168
vt 0.6222577691078186 0.0986623764038086
vt 0.6324842572212219 0.07995295524597168
vt 0.6233290433883667 0.07916343212127686
vt 0.33522993326187134 0.5202797055244446
vt 0.3568468689918518 0.5194056034088135
vt 0.3573440909385681 0.4962502717971802
vt 0.33522993326187134 0.5202797055244446
vt 0.3573440909385681 0.4962502717971802
vt 0.3420243263244629 0.49669361114501953
vt 0.3568468689918518 0.5194056034088135
vt 0.3745381832122803 0.5163466930389404
vt 0.37007826566696167 0.4943590760231018
vt 0.3568468689918518 0.5194056034088135
vt 0.37007826566696167 0.4943590760231018
vt 0.3573440909385681 0.4962502717971802
vt 0.3573440909385681 0.4962502717971802
vt 0.37007826566696167 0.4943590760231018
vt 0.3687835931777954 0.47487348318099976
vt 0.3573440909385681 0.4962502717971802
vt 0.3687835931777954 0.47487348318099976
vt 0.3596380352973938 0.47576797008514404
vt 0.3420243263244629 0.49669361114501953
vt 0.3573440909385681 0.4962502717971802
vt 0.3596380352973938 0.47576797008514404
vt 0.3420243263244629 0.49669361114501953
vt 0.3596380352973938 0.47576797008514404
vt 0.3487720489501953 0.4757680296897888
vt 0.28458863496780396 0.49600833654403687
vt 0.28728002309799194 0.5030582845211029
vt 0.3101814389228821 0.4850170612335205
vt 0.28458863496780396 0.49600833654403687
vt 0.3101814389228821 0.4850170612335205
vt 0.30778759717941284 0.47963517904281616
vt 0.28728002309799194 0.5030582845211029
vt 0.2917877435684204 0.5099652409553528
vt 0.3150217533111572 0.4894545078277588
vt 0.28728002309799194 0.5030582845211029
vt 0.3150217533111572 0.4894545078277588
vt 0.3101814389228821 0.4850170612335205
vt 0.3101814389228821 0.4850170612335205
vt 0.3150217533111572 0.4894545078277588
vt 0.3292102813720703 0.4673992991447449
vt 0.3101814389228821 0.4850170612335205
vt 0.3292102813720703 0.4673992991447449
vt 0.3239439129829407 0.46694910526275635
vt 0.30778759717941284 0.47963517904281616
vt 0.3101814389228821 0.4850170612335205
vt 0.3239439129829407 0.46694910526275635
vt 0.30778759717941284 0.47963517904281616
vt 0.3239439129829407 0.46694910526275635
vt 0.32173657417297363 0.46311742067337036
vt 0.6014147996902466 0.11363351345062256
vt 0.6083223223686218 0.11752688884735107
vt 0.6150628328323364 0.09677833318710327
vt 0.6014147996902466 0.11363351345062256
vt 0.6150628328323364 0.09677833318710327
vt 0.6096593737602234 0.09453845024108887
vt 0.6083223223686218 0.11752688884735107
vt 0.6180500984191895 0.12069976329803467
vt 0.6222577691078186 0.0986623764038086
vt 0.6083223223686218 0.11752688884735107
vt 0.6222577691078186 0.0986623764038086
vt 0.6150628328323364 0.09677833318710327
vt 0.6150628328323364 0.09677833318710327
vt 0.6222577691078186 0.0986623764038086
vt 0.6233290433883667 0.07916343212127686
vt 0.6150628328323364 0.09677833318710327
vt 0.6233290433883667 0.07916343212127686
vt 0.6180452704429626 0.07828736305236816
vt 0.6096593737602234 0.09453845024108887
vt 0.6150628328323364 0.09677833318710327
vt 0.6180452704429626 0.07828736305236816
vt 0.6096593737602234 0.09453845024108887
vt 0.6180452704429626 0.07828736305236816
vt 0.6139299869537354 0.07726895809173584
vt 0.2917877435684204 0.5099652409553528
vt 0.31315261125564575 0.516776442527771
vt 0.32686901092529297 0.494124174118042
vt 0.2917877435684204 0.5099652409553528
vt 0.32686901092529297 0.494124174118042
vt 0.3150217533111572 0.4894545078277588
vt 0.31315261125564575 0.516776442527771
vt 0.33522993326187134 0.5202797055244446
vt 0.3420243263244629 0.49669361114501953
vt 0.31315261125564575 0.516776442527771
vt 0.3420243263244629 0.49669361114501953
vt 0.32686901092529297 0.494124174118042
vt 0.32686901092529297 0.494124174118042
vt 0.3420243263244629 0.49669361114501953
vt 0.3487720489501953 0.4757680296897888
vt 0.32686901092529297 0.494124174118042
vt 0.3487720489501953 0.4757680296897888
vt 0.33801448345184326 0.47342485189437866
vt 0.3150217533111572 0.4894545078277588
vt 0.32686901092529297 0.494124174118042
vt 0.33801448345184326 0.47342485189437866
vt 0.3150217533111572 0.4894545078277588
vt 0.33801448345184326 0.47342485189437866
vt 0.3292102813720703 0.4673992991447449
vt 0.3292102813720703 0.4673992991447449
vt 0.33801448345184326 0.47342485189437866
vt 0.347792387008667 0.4588391184806824
vt 0.3292102813720703 0.4673992991447449
vt 0.347792387008667 0.4588391184806824
vt 0.3405812382698059 0.4555949568748474
vt 0.33801448345184326 0.47342485189437866
vt 0.3487720489501953 0.4757680296897888
vt 0.3556613326072693 0.4605500102043152
vt 0.33801448345184326 0.47342485189437866
vt 0.3556613326072693 0.4605500102043152
vt 0.347792387008667 0.4588391184806824
vt 0.347792387008667 0.4588391184806824
vt 0.3556613326072693 0.4605500102043152
vt 0.36358726024627686 0.4475807547569275
vt 0.347792387008667 0.4588391184806824
vt 0.36358726024627686 0.4475807547569275
vt 0.35804688930511475 0.44637244939804077
vt 0.3405812382698059 0.4555949568748474
vt 0.347792387008667 0.4588391184806824
vt 0.35804688930511475 0.44637244939804077
vt 0.3405812382698059 0.4555949568748474
vt 0.35804688930511475 0.44637244939804077
vt 0.3518660068511963 0.44449347257614136
vt 0.6433495283126831 0.07982850074768066
vt 0.6540795564651489 0.0773622989654541
vt 0.6441351771354675 0.0628896951675415
vt 0.6433495283126831 0.07982850074768066
vt 0.6441351771354675 0.0628896951675415
vt 0.6362863183021545 0.0646904706954956
vt 0.6540795564651489 0.0773622989654541
vt 0.6628140807151794 0.07123613357543945
vt 0.6513085961341858 0.05956292152404785
vt 0.6540795564651489 0.0773622989654541
vt 0.6513085961341858 0.05956292152404785
vt 0.6441351771354675 0.0628896951675415
vt 0.6441351771354675 0.0628896951675415
vt 0.6513085961341858 0.05956292152404785
vt 0.6398974061012268 0.0485914945602417
vt 0.6441351771354675 0.0628896951675415
vt 0.6398974061012268 0.0485914945602417
vt 0.6337384581565857 0.05054128170013428
vt 0.6362863183021545 0.0646904706954956
vt 0.6441351771354675 0.0628896951675415
vt 0.6337384581565857 0.05054128170013428
vt 0.6362863183021545 0.0646904706954956
vt 0.6337384581565857 0.05054128170013428
vt 0.6282122731208801 0.05181288719177246
vt 0.6233290433883667 0.07916343212127686
vt 0.6324842572212219 0.07995295524597168
vt 0.628401517868042 0.06500279903411865
vt 0.6233290433883667 0.07916343212127686
vt 0.628401517868042 0.06500279903411865
vt 0.6216793060302734 0.06480169296264648
vt 0.6324842572212219 0.07995295524597168
vt 0.6433495283126831 0.07982850074768066
vt 0.6362863183021545 0.0646904706954956
vt 0.6324842572212219 0.07995295524597168
vt 0.6362863183021545 0.0646904706954956
vt 0.628401517868042 0.06500279903411865
vt 0.628401517868042 0.06500279903411865
vt 0.6362863183021545 0.0646904706954956
vt 0.6282122731208801 0.05181288719177246
vt 0.628401517868042 0.06500279903411865
vt 0.6282122731208801 0.05181288719177246
vt 0.6227138638496399 0.05225539207458496
vt 0.6216793060302734 0.06480169296264648
vt 0.628401517868042 0.06500279903411865
vt 0.6227138638496399 0.05225539207458496
vt 0.6216793060302734 0.06480169296264648
vt 0.6227138638496399 0.05225539207458496
vt 0.6179894804954529 0.052437424659729004
vt 0.3487720489501953 0.4757680296897888
vt 0.3596380352973938 0.47576797008514404
vt 0.3635491728782654 0.46077197790145874
vt 0.3487720489501953 0.4757680296897888
vt 0.3635491728782654 0.46077197790145874
vt 0.3556613326072693 0.4605500102043152
vt 0.3596380352973938 0.47576797008514404
vt 0.3687835931777954 0.47487348318099976
vt 0.37026864290237427 0.46049386262893677
vt 0.3596380352973938 0.47576797008514404
vt 0.37026864290237427 0.46049386262893677
vt 0.3635491728782654 0.46077197790145874
vt 0.3635491728782654 0.46077197790145874
vt 0.37026864290237427 0.46049386262893677
vt 0.37381649017333984 0.4480881094932556
vt 0.3635491728782654 0.46077197790145874
vt 0.37381649017333984 0.4480881094932556
vt 0.3690904378890991 0.4479603171348572
vt 0.3556613326072693 0.4605500102043152
vt 0.3635491728782654 0.46077197790145874
vt 0.3690904378890991 0.4479603171348572
vt 0.3556613326072693 0.4605500102043152
vt 0.3690904378890991 0.4479603171348572
vt 0.36358726024627686 0.4475807547569275
vt 0.32173657417297363 0.46311742067337036
vt 0.3239439129829407 0.46694910526275635
vt 0.32763874530792236 0.4564369320869446
vt 0.32173657417297363 0.46311742067337036
vt 0.32763874530792236 0.4564369320869446
vt 0.32503944635391235 0.45470768213272095
vt 0.3239439129829407 0.46694910526275635
vt 0.3292102813720703 0.4673992991447449
vt 0.32981544733047485 0.4560564160346985
vt 0.3239439129829407 0.46694910526275635
vt 0.32981544733047485 0.4560564160346985
vt 0.32763874530792236 0.4564369320869446
vt 0.32763874530792236 0.4564369320869446
vt 0.32981544733047485 0.4560564160346985
vt 0.32872211933135986 0.4497688412666321
vt 0.32763874530792236 0.4564369320869446
vt 0.32872211933135986 0.4497688412666321
vt 0.32733529806137085 0.45003896951675415
vt 0.32503944635391235 0.45470768213272095
vt 0.32763874530792236 0.4564369320869446
vt 0.32733529806137085 0.45003896951675415
vt 0.32503944635391235 0.45470768213272095
vt 0.32733529806137085 0.45003896951675415
vt 0.3257243037223816 0.4494679570198059
vt 0.7313730716705322 0.10549569129943848
vt 0.7389401197433472 0.11336088180541992
vt 0.7477114796638489 0.09997057914733887
vt 0.7313730716705322 0.10549569129943848
vt 0.7477114796638489 0.09997057914733887
vt 0.7432024478912354 0.0956469178199768
vt 0.7389401197433472 0.11336088180541992
vt 0.7474057674407959 0.11970734596252441
vt 0.7523290514945984 0.10379856824874878
vt 0.7389401197433472 0.11336088180541992
vt 0.7523290514945984 0.10379856824874878
vt 0.7477114796638489 0.09997057914733887
vt 0.7477114796638489 0.09997057914733887
vt 0.7523290514945984 0.10379856824874878
vt 0.7559970617294312 0.09376728534698486
vt 0.7477114796638489 0.09997057914733887
vt 0.7559970617294312 0.09376728534698486
vt 0.7547890543937683 0.09009683132171631
vt 0.7432024478912354 0.0956469178199768
vt 0.7477114796638489 0.09997057914733887
vt 0.7547890543937683 0.09009683132171631
vt 0.7432024478912354 0.0956469178199768
vt 0.7547890543937683 0.09009683132171631
vt 0.751283586025238 0.08934485912322998
vt 0.7077606320381165 0.09933197498321533
vt 0.7051502466201782 0.10641229152679443
vt 0.716708242893219 0.10542953014373779
vt 0.7077606320381165 0.09933197498321533
vt 0.716708242893219 0.10542953014373779
vt 0.716998815536499 0.09927129745483398
vt 0.7051502466201782 0.10641229152679443
vt 0.7007219195365906 0.11337041854858398
vt 0.7193583250045776 0.11274880170822144
vt 0.7051502466201782 0.10641229152679443
vt 0.7193583250045776 0.11274880170822144
vt 0.716708242893219 0.10542953014373779
vt 0.716708242893219 0.10542953014373779
vt 0.7193583250045776 0.11274880170822144
vt 0.7313730716705322 0.10549569129943848
vt 0.716708242893219 0.10542953014373779
vt 0.7313730716705322 0.10549569129943848
vt 0.7285890579223633 0.10038506984710693
vt 0.716998815536499 0.09927129745483398
vt 0.716708242893219 0.10542953014373779
vt 0.7285890579223633 0.10038506984710693
vt 0.716998815536499 0.09927129745483398
vt 0.7285890579223633 0.10038506984710693
vt 0.7278625965118408 0.09596121311187744
vt 0.25300896167755127 0.5556781589984894
vt 0.27550190687179565 0.5319403409957886
vt 0.26204580068588257 0.522241473197937
vt 0.25300896167755127 0.5556781589984894
vt 0.26204580068588257 0.522241473197937
vt 0.2486758530139923 0.5332425832748413
vt 0.27550190687179565 0.5319403409957886
vt 0.2917877435684204 0.5099652409553528
vt 0.2731454372406006 0.5095571577548981
vt 0.27550190687179565 0.5319403409957886
vt 0.2731454372406006 0.5095571577548981
vt 0.26204580068588257 0.522241473197937
vt 0.26204580068588257 0.522241473197937
vt 0.2731454372406006 0.5095571577548981
vt 0.26104840636253357 0.5024422407150269
vt 0.26204580068588257 0.522241473197937
vt 0.26104840636253357 0.5024422407150269
vt 0.2535719871520996 0.5103936195373535
vt 0.2486758530139923 0.5332425832748413
vt 0.26204580068588257 0.522241473197937
vt 0.2535719871520996 0.5103936195373535
vt 0.2486758530139923 0.5332425832748413
vt 0.2535719871520996 0.5103936195373535
vt 0.24517957866191864 0.5168366134166718
vt 0.22091148793697357 0.5498113334178925
vt 0.23260128498077393 0.5561811029911041
vt 0.23945848643779755 0.5354002714157104
vt 0.22091148793697357 0.5498113334178925
vt 0.23945848643779755 0.5354002714157104
vt 0.2300521433353424 0.5318580269813538
vt 0.23260128498077393 0.5561811029911041
vt 0.25300896167755127 0.5556781589984894
vt 0.2486758530139923 0.5332425832748413
vt 0.23260128498077393 0.5561811029911041
vt 0.2486758530139923 0.5332425832748413
vt 0.23945848643779755 0.5354002714157104
vt 0.23945848643779755 0.5354002714157104
vt 0.2486758530139923 0.5332425832748413
vt 0.24517957866191864 0.5168366134166718
vt 0.23945848643779755 0.5354002714157104
vt 0.24517957866191864 0.5168366134166718
vt 0.23975525796413422 0.5181842148303986
vt 0.2300521433353424 0.5318580269813538
vt 0.23945848643779755 0.5354002714157104
vt 0.23975525796413422 0.5181842148303986
vt 0.2300521433353424 0.5318580269813538
vt 0.23975525796413422 0.5181842148303986
vt 0.23303771018981934 0.5163649916648865
vt 0.2322845309972763 0.4879438877105713
vt 0.23419998586177826 0.4888288378715515
vt 0.2342688888311386 0.4834864139556885
vt 0.2322845309972763 0.4879438877105713
vt 0.2342688888311386 0.4834864139556885
vt 0.23343098163604736 0.482433021068573
vt 0.23419998586177826 0.4888288378715515
vt 0.23629158735275269 0.49099671840667725
vt 0.23745743930339813 0.4873126745223999
vt 0.23419998586177826 0.4888288378715515
vt 0.23745743930339813 0.4873126745223999
vt 0.2342688888311386 0.4834864139556885
vt 0.2342688888311386 0.4834864139556885
vt 0.23745743930339813 0.4873126745223999
vt 0.24095408618450165 0.4865206480026245
vt 0.2342688888311386 0.4834864139556885
vt 0.24095408618450165 0.4865206480026245
vt 0.23953120410442352 0.4838111400604248
vt 0.23343098163604736 0.482433021068573
vt 0.2342688888311386 0.4834864139556885
vt 0.23953120410442352 0.4838111400604248
vt 0.23343098163604736 0.482433021068573
vt 0.23953120410442352 0.4838111400604248
vt 0.23929652571678162 0.48225975036621094
vt 0.7278625965118408 0.09596121311187744
vt 0.7285890579223633 0.10038506984710693
vt 0.7415695190429688 0.09258604049682617
vt 0.7278625965118408 0.09596121311187744
vt 0.7415695190429688 0.09258604049682617
vt 0.7409703731536865 0.08993995189666748
vt 0.7285890579223633 0.10038506984710693
vt 0.7313730716705322 0.10549569129943848
vt 0.7432024478912354 0.0956469178199768
vt 0.7285890579223633 0.10038506984710693
vt 0.7432024478912354 0.0956469178199768
vt 0.7415695190429688 0.09258604049682617
vt 0.7415695190429688 0.09258604049682617
vt 0.7432024478912354 0.0956469178199768
vt 0.751283586025238 0.08934485912322998
vt 0.7415695190429688 0.09258604049682617
vt 0.751283586025238 0.08934485912322998
vt 0.7526753544807434 0.08661925792694092
vt 0.7409703731536865 0.08993995189666748
vt 0.7415695190429688 0.09258604049682617
vt 0.7526753544807434 0.08661925792694092
vt 0.7409703731536865 0.08993995189666748
vt 0.7526753544807434 0.08661925792694092
vt 0.752892255783081 0.08506536483764648
vt 0.24517957866191864 0.5168366134166718
vt 0.2535719871520996 0.5103936195373535
vt 0.24464772641658783 0.4971047043800354
vt 0.24517957866191864 0.5168366134166718
vt 0.24464772641658783 0.4971047043800354
vt 0.2400742769241333 0.5009852945804596
vt 0.2535719871520996 0.5103936195373535
vt 0.26104840636253357 0.5024422407150269
vt 0.24910694360733032 0.49272966384887695
vt 0.2535719871520996 0.5103936195373535
vt 0.24910694360733032 0.49272966384887695
vt 0.24464772641658783 0.4971047043800354
vt 0.24464772641658783 0.4971047043800354
vt 0.24910694360733032 0.49272966384887695
vt 0.24095408618450165 0.4865206480026245
vt 0.24464772641658783 0.4971047043800354
vt 0.24095408618450165 0.4865206480026245
vt 0.23745743930339813 0.4873126745223999
vt 0.2400742769241333 0.5009852945804596
vt 0.24464772641658783 0.4971047043800354
vt 0.23745743930339813 0.4873126745223999
vt 0.2400742769241333 0.5009852945804596
vt 0.23745743930339813 0.4873126745223999
vt 0.23629158735275269 0.49099671840667725
vt 0.23303771018981934 0.5163649916648865
vt 0.23975525796413422 0.5181842148303986
vt 0.23691053688526154 0.5014273226261139
vt 0.23303771018981934 0.5163649916648865
vt 0.23691053688526154 0.5014273226261139
vt 0.2329035848379135 0.5005434155464172
vt 0.23975525796413422 0.5181842148303986
vt 0.24517957866191864 0.5168366134166718
vt 0.2400742769241333 0.5009852945804596
vt 0.23975525796413422 0.5181842148303986
vt 0.2400742769241333 0.5009852945804596
vt 0.23691053688526154 0.5014273226261139
vt 0.23691053688526154 0.5014273226261139
vt 0.2400742769241333 0.5009852945804596
vt 0.23629158735275269 0.49099671840667725
vt 0.23691053688526154 0.5014273226261139
vt 0.23629158735275269 0.49099671840667725
vt 0.23419998586177826 0.4888288378715515
vt 0.2329035848379135 0.5005434155464172
vt 0.23691053688526154 0.5014273226261139
vt 0.23419998586177826 0.4888288378715515
vt 0.2329035848379135 0.5005434155464172
vt 0.23419998586177826 0.4888288378715515
vt 0.2322845309972763 0.4879438877105713
vt 0.61469966173172 0.028684377670288086
vt 0.6129956245422363 0.026506423950195312
vt 0.6067668199539185 0.02358686923980713
vt 0.61469966173172 0.028684377670288086
vt 0.6067668199539185 0.02358686923980713
vt 0.6119772791862488 0.0278550386428833
vt 0.6148197650909424 0.027036666870117188
vt 0.6130635738372803 0.025202393531799316
vt 0.6067668199539185 0.02358686923980713
vt 0.6148197650909424 0.027036666870117188
vt 0.6067668199539185 0.02358686923980713
vt 0.6129956245422363 0.026506423950195312
vt 0.3766949772834778 0.4226527214050293
vt 0.378512978553772 0.42210155725479126
vt 0.3847079277038574 0.41911083459854126
vt 0.3766949772834778 0.4226527214050293
vt 0.3847079277038574 0.41911083459854126
vt 0.3784300684928894 0.4207983613014221
vt 0.376833975315094 0.4242989420890808
vt 0.3795467019081116 0.42343848943710327
vt 0.3847079277038574 0.41911083459854126
vt 0.376833975315094 0.4242989420890808
vt 0.3847079277038574 0.41911083459854126
vt 0.378512978553772 0.42210155725479126
vt 0.3794490694999695 0.4256829619407654
vt 0.382091224193573 0.42429161071777344
vt 0.3847079277038574 0.41911083459854126
vt 0.3794490694999695 0.4256829619407654
vt 0.3847079277038574 0.41911083459854126
vt 0.3795467019081116 0.42343848943710327
vt 0.3825489282608032 0.4262520670890808
vt 0.38399672508239746 0.4245736002922058
vt 0.3847079277038574 0.41911083459854126
vt 0.3825489282608032 0.4262520670890808
vt 0.3847079277038574 0.41911083459854126
vt 0.382091224193573 0.42429161071777344
vt 0.3841482400894165 0.4264373183250427
vt 0.38531357049942017 0.4246743321418762
vt 0.3847079277038574 0.41911083459854126
vt 0.3841482400894165 0.4264373183250427
vt 0.3847079277038574 0.41911083459854126
vt 0.38399672508239746 0.4245736002922058
vt 0.6074104309082031 0.030906319618225098
vt 0.6075405478477478 0.029041171073913574
vt 0.6067668199539185 0.02358686923980713
vt 0.6074104309082031 0.030906319618225098
vt 0.6067668199539185 0.02358686923980713
vt 0.6062249541282654 0.029156923294067383
vt 0.6090074181556702 0.030702948570251465
vt 0.6094427108764648 0.028737306594848633
vt 0.6067668199539185 0.02358686923980713
vt 0.6090074181556702 0.030702948570251465
vt 0.6067668199539185 0.02358686923980713
vt 0.6075405478477478 0.029041171073913574
vt 0.6121006608009338 0.030098319053649902
vt 0.6119772791862488 0.0278550386428833
vt 0.6067668199539185 0.02358686923980713
vt 0.6121006608009338 0.030098319053649902
vt 0.6067668199539185 0.02358686923980713
vt 0.6094427108764648 0.028737306594848633
vt 0.6282122731208801 0.05181288719177246
vt 0.6337384581565857 0.05054128170013428
vt 0.6216598749160767 0.037384986877441406
vt 0.6282122731208801 0.05181288719177246
vt 0.6216598749160767 0.037384986877441406
vt 0.6187095046043396 0.03852677345275879
vt 0.6337384581565857 0.05054128170013428
vt 0.6398974061012268 0.0485914945602417
vt 0.6241024136543274 0.0361175537109375
vt 0.6337384581565857 0.05054128170013428
vt 0.6241024136543274 0.0361175537109375
vt 0.6216598749160767 0.037384986877441406
vt 0.6216598749160767 0.037384986877441406
vt 0.6241024136543274 0.0361175537109375
vt 0.61469966173172 0.028684377670288086
vt 0.6216598749160767 0.037384986877441406
vt 0.61469966173172 0.028684377670288086
vt 0.6119772791862488 0.0278550386428833
vt 0.6187095046043396 0.03852677345275879
vt 0.6216598749160767 0.037384986877441406
vt 0.6119772791862488 0.0278550386428833
vt 0.6187095046043396 0.03852677345275879
vt 0.6119772791862488 0.0278550386428833
vt 0.6121006608009338 0.030098319053649902
vt 0.6179894804954529 0.052437424659729004
vt 0.6227138638496399 0.05225539207458496
vt 0.6153855919837952 0.038877010345458984
vt 0.6179894804954529 0.052437424659729004
vt 0.6153855919837952 0.038877010345458984
vt 0.6127002239227295 0.03939390182495117
vt 0.6227138638496399 0.05225539207458496
vt 0.6282122731208801 0.05181288719177246
vt 0.6187095046043396 0.03852677345275879
vt 0.6227138638496399 0.05225539207458496
vt 0.6187095046043396 0.03852677345275879
vt 0.6153855919837952 0.038877010345458984
vt 0.6153855919837952 0.038877010345458984
vt 0.6187095046043396 0.03852677345275879
vt 0.6121006608009338 0.030098319053649902
vt 0.6153855919837952 0.038877010345458984
vt 0.6121006608009338 0.030098319053649902
vt 0.6094427108764648 0.028737306594848633
vt 0.6127002239227295 0.03939390182495117
vt 0.6153855919837952 0.038877010345458984
vt 0.6094427108764648 0.028737306594848633
vt 0.6127002239227295 0.03939390182495117
vt 0.6094427108764648 0.028737306594848633
vt 0.6090074181556702 0.030702948570251465
vt 0.6130174994468689 0.0527271032333374
vt 0.6152152419090271 0.05254185199737549
vt 0.6110023856163025 0.03943049907684326
vt 0.6130174994468689 0.0527271032333374
vt 0.6110023856163025 0.03943049907684326
vt 0.6097562313079834 0.03982830047607422
vt 0.6152152419090271 0.05254185199737549
vt 0.6179894804954529 0.052437424659729004
vt 0.6127002239227295 0.03939390182495117
vt 0.6152152419090271 0.05254185199737549
vt 0.6127002239227295 0.03939390182495117
vt 0.6110023856163025 0.03943049907684326
vt 0.6110023856163025 0.03943049907684326
vt 0.6127002239227295 0.03939390182495117
vt 0.6090074181556702 0.030702948570251465
vt 0.6110023856163025 0.03943049907684326
vt 0.6090074181556702 0.030702948570251465
vt 0.6075405478477478 0.029041171073913574
vt 0.6097562313079834 0.03982830047607422
vt 0.6110023856163025 0.03943049907684326
vt 0.6075405478477478 0.029041171073913574
vt 0.6097562313079834 0.03982830047607422
vt 0.6075405478477478 0.029041171073913574
vt 0.6074104309082031 0.030906319618225098
vt 0.36358726024627686 0.4475807547569275
vt 0.3690904378890991 0.4479603171348572
vt 0.37626492977142334 0.43449866771698
vt 0.36358726024627686 0.4475807547569275
vt 0.37626492977142334 0.43449866771698
vt 0.3729372024536133 0.4341866374015808
vt 0.3690904378890991 0.4479603171348572
vt 0.37381649017333984 0.4480881094932556
vt 0.3789560794830322 0.43498486280441284
vt 0.3690904378890991 0.4479603171348572
vt 0.3789560794830322 0.43498486280441284
vt 0.37626492977142334 0.43449866771698
vt 0.37626492977142334 0.43449866771698
vt 0.3789560794830322 0.43498486280441284
vt 0.3825489282608032 0.4262520670890808
vt 0.37626492977142334 0.43449866771698
vt 0.3825489282608032 0.4262520670890808
vt 0.382091224193573 0.42429161071777344
vt 0.3729372024536133 0.4341866374015808
vt 0.37626492977142334 0.43449866771698
vt 0.382091224193573 0.42429161071777344
vt 0.3729372024536133 0.4341866374015808
vt 0.382091224193573 0.42429161071777344
vt 0.3794490694999695 0.4256829619407654
vt 0.3518660068511963 0.44449347257614136
vt 0.35804688930511475 0.44637244939804077
vt 0.36997395753860474 0.43307870626449585
vt 0.3518660068511963 0.44449347257614136
vt 0.36997395753860474 0.43307870626449585
vt 0.36751705408096313 0.4318394064903259
vt 0.35804688930511475 0.44637244939804077
vt 0.36358726024627686 0.4475807547569275
vt 0.3729372024536133 0.4341866374015808
vt 0.35804688930511475 0.44637244939804077
vt 0.3729372024536133 0.4341866374015808
vt 0.36997395753860474 0.43307870626449585
vt 0.36997395753860474 0.43307870626449585
vt 0.3729372024536133 0.4341866374015808
vt 0.3794490694999695 0.4256829619407654
vt 0.36997395753860474 0.43307870626449585
vt 0.3794490694999695 0.4256829619407654
vt 0.3795467019081116 0.42343848943710327
vt 0.36751705408096313 0.4318394064903259
vt 0.36997395753860474 0.43307870626449585
vt 0.3795467019081116 0.42343848943710327
vt 0.36751705408096313 0.4318394064903259
vt 0.3795467019081116 0.42343848943710327
vt 0.376833975315094 0.4242989420890808
vt 0.3549860119819641 0.436851441860199
vt 0.35435038805007935 0.4393020272254944
vt 0.36754876375198364 0.4299638867378235
vt 0.3549860119819641 0.436851441860199
vt 0.36754876375198364 0.4299638867378235
vt 0.36760032176971436 0.4285011887550354
vt 0.35435038805007935 0.4393020272254944
vt 0.3518660068511963 0.44449347257614136
vt 0.36751705408096313 0.4318394064903259
vt 0.35435038805007935 0.4393020272254944
vt 0.36751705408096313 0.4318394064903259
vt 0.36754876375198364 0.4299638867378235
vt 0.36754876375198364 0.4299638867378235
vt 0.36751705408096313 0.4318394064903259
vt 0.376833975315094 0.4242989420890808
vt 0.36754876375198364 0.4299638867378235
vt 0.376833975315094 0.4242989420890808
vt 0.378512978553772 0.42210155725479126
vt 0.36760032176971436 0.4285011887550354
vt 0.36754876375198364 0.4299638867378235
vt 0.378512978553772 0.42210155725479126
vt 0.36760032176971436 0.4285011887550354
vt 0.378512978553772 0.42210155725479126
vt 0.3766949772834778 0.4226527214050293
vt 0.6398974061012268 0.0485914945602417
vt 0.6373537182807922 0.043428897857666016
vt 0.624049186706543 0.03424251079559326
vt 0.6398974061012268 0.0485914945602417
vt 0.624049186706543 0.03424251079559326
vt 0.6241024136543274 0.0361175537109375
vt 0.6373537182807922 0.043428897857666016
vt 0.6366899609565735 0.040985703468322754
vt 0.6239809393882751 0.03278052806854248
vt 0.6373537182807922 0.043428897857666016
vt 0.6239809393882751 0.03278052806854248
vt 0.624049186706543 0.03424251079559326
vt 0.624049186706543 0.03424251079559326
vt 0.6239809393882751 0.03278052806854248
vt 0.6148197650909424 0.027036666870117188
vt 0.624049186706543 0.03424251079559326
vt 0.6148197650909424 0.027036666870117188
vt 0.6129956245422363 0.026506423950195312
vt 0.6241024136543274 0.0361175537109375
vt 0.624049186706543 0.03424251079559326
vt 0.6129956245422363 0.026506423950195312
vt 0.6241024136543274 0.0361175537109375
vt 0.6129956245422363 0.026506423950195312
vt 0.61469966173172 0.028684377670288086
vt 0.6366899609565735 0.040985703468322754
vt 0.63714599609375 0.03897857666015625
vt 0.624174177646637 0.031253814697265625
vt 0.6366899609565735 0.040985703468322754
vt 0.624174177646637 0.031253814697265625
vt 0.6239809393882751 0.03278052806854248
vt 0.3545071482658386 0.43484967947006226
vt 0.3549860119819641 0.436851441860199
vt 0.36760032176971436 0.4285011887550354
vt 0.3545071482658386 0.43484967947006226
vt 0.36760032176971436 0.4285011887550354
vt 0.3673895597457886 0.42697674036026
vt 0.3673895597457886 0.42697674036026
vt 0.36760032176971436 0.4285011887550354
vt 0.3766949772834778 0.4226527214050293
vt 0.3673895597457886 0.42697674036026
vt 0.3766949772834778 0.4226527214050293
vt 0.3784300684928894 0.4207983613014221
vt 0.6239809393882751 0.03278052806854248
vt 0.624174177646637 0.031253814697265625
vt 0.6130635738372803 0.025202393531799316
vt 0.6239809393882751 0.03278052806854248
vt 0.6130635738372803 0.025202393531799316
vt 0.6148197650909424 0.027036666870117188
vt 0.7474057674407959 0.11970734596252441
vt 0.7528451681137085 0.12099266052246094
vt 0.7554976940155029 0.10420429706573486
vt 0.7474057674407959 0.11970734596252441
vt 0.7554976940155029 0.10420429706573486
vt 0.7523290514945984 0.10379856824874878
vt 0.7528451681137085 0.12099266052246094
vt 0.7595414519309998 0.11909663677215576
vt 0.7594942450523376 0.10327446460723877
vt 0.7528451681137085 0.12099266052246094
vt 0.7594942450523376 0.10327446460723877
vt 0.7554976940155029 0.10420429706573486
vt 0.7554976940155029 0.10420429706573486
vt 0.7594942450523376 0.10327446460723877
vt 0.7599688768386841 0.09066879749298096
vt 0.7554976940155029 0.10420429706573486
vt 0.7599688768386841 0.09066879749298096
vt 0.7580636739730835 0.09157562255859375
vt 0.7523290514945984 0.10379856824874878
vt 0.7554976940155029 0.10420429706573486
vt 0.7580636739730835 0.09157562255859375
vt 0.7523290514945984 0.10379856824874878
vt 0.7580636739730835 0.09157562255859375
vt 0.7559970617294312 0.09376728534698486
vt 0.7595414519309998 0.11909663677215576
vt 0.7680462002754211 0.11599314212799072
vt 0.7647031545639038 0.10204529762268066
vt 0.7595414519309998 0.11909663677215576
vt 0.7647031545639038 0.10204529762268066
vt 0.7594942450523376 0.10327446460723877
vt 0.22449800372123718 0.5133592486381531
vt 0.23303771018981934 0.5163649916648865
vt 0.2329035848379135 0.5005434155464172
vt 0.22449800372123718 0.5133592486381531
vt 0.2329035848379135 0.5005434155464172
vt 0.22768090665340424 0.4993739128112793
vt 0.22768090665340424 0.4993739128112793
vt 0.2329035848379135 0.5005434155464172
vt 0.2322845309972763 0.4879438877105713
vt 0.22768090665340424 0.4993739128112793
vt 0.2322845309972763 0.4879438877105713
vt 0.2299814373254776 0.48734569549560547
vt 0.7594942450523376 0.10327446460723877
vt 0.7647031545639038 0.10204529762268066
vt 0.7622650265693665 0.09004414081573486
vt 0.7594942450523376 0.10327446460723877
vt 0.7622650265693665 0.09004414081573486
vt 0.7599688768386841 0.09066879749298096
vt 0.26104840636253357 0.5024422407150269
vt 0.2637736201286316 0.4972999691963196
vt 0.25070464611053467 0.4896501898765564
vt 0.26104840636253357 0.5024422407150269
vt 0.25070464611053467 0.4896501898765564
vt 0.24910694360733032 0.49272966384887695
vt 0.2637736201286316 0.4972999691963196
vt 0.2644492983818054 0.4928681254386902
vt 0.2512734532356262 0.48699748516082764
vt 0.2637736201286316 0.4972999691963196
vt 0.2512734532356262 0.48699748516082764
vt 0.25070464611053467 0.4896501898765564
vt 0.25070464611053467 0.4896501898765564
vt 0.2512734532356262 0.48699748516082764
vt 0.23929652571678162 0.48225975036621094
vt 0.25070464611053467 0.4896501898765564
vt 0.23929652571678162 0.48225975036621094
vt 0.23953120410442352 0.4838111400604248
vt 0.24910694360733032 0.49272966384887695
vt 0.25070464611053467 0.4896501898765564
vt 0.23953120410442352 0.4838111400604248
vt 0.24910694360733032 0.49272966384887695
vt 0.23953120410442352 0.4838111400604248
vt 0.24095408618450165 0.4865206480026245
vt 0.2644492983818054 0.4928681254386902
vt 0.2650948166847229 0.4874091148376465
vt 0.2519458532333374 0.48380047082901
vt 0.2644492983818054 0.4928681254386902
vt 0.2519458532333374 0.48380047082901
vt 0.2512734532356262 0.48699748516082764
vt 0.7271546125411987 0.09050989151000977
vt 0.7278625965118408 0.09596121311187744
vt 0.7409703731536865 0.08993995189666748
vt 0.7271546125411987 0.09050989151000977
vt 0.7409703731536865 0.08993995189666748
vt 0.7402613759040833 0.08675086498260498
vt 0.7402613759040833 0.08675086498260498
vt 0.7409703731536865 0.08993995189666748
vt 0.752892255783081 0.08506536483764648
vt 0.7402613759040833 0.08675086498260498
vt 0.752892255783081 0.08506536483764648
vt 0.7527384161949158 0.08350050449371338
vt 0.2512734532356262 0.48699748516082764
vt 0.2519458532333374 0.48380047082901
vt 0.2394324094057083 0.4806932806968689
vt 0.2512734532356262 0.48699748516082764
vt 0.2394324094057083 0.4806932806968689
vt 0.23929652571678162 0.48225975036621094
vt 0.7559970617294312 0.09376728534698486
vt 0.7580636739730835 0.09157562255859375
vt 0.7579336166381836 0.08623433113098145
vt 0.7559970617294312 0.09376728534698486
vt 0.7579336166381836 0.08623433113098145
vt 0.7547890543937683 0.09009683132171631
vt 0.7580636739730835 0.09157562255859375
vt 0.7599688768386841 0.09066879749298096
vt 0.7587593793869019 0.08517134189605713
vt 0.7580636739730835 0.09157562255859375
vt 0.7587593793869019 0.08517134189605713
vt 0.7579336166381836 0.08623433113098145
vt 0.7579336166381836 0.08623433113098145
vt 0.7587593793869019 0.08517134189605713
vt 0.752892255783081 0.08506536483764648
vt 0.7579336166381836 0.08623433113098145
vt 0.752892255783081 0.08506536483764648
vt 0.7526753544807434 0.08661925792694092
vt 0.7547890543937683 0.09009683132171631
vt 0.7579336166381836 0.08623433113098145
vt 0.7526753544807434 0.08661925792694092
vt 0.7547890543937683 0.09009683132171631
vt 0.7526753544807434 0.08661925792694092
vt 0.751283586025238 0.08934485912322998
vt 0.7599688768386841 0.09066879749298096
vt 0.7622650265693665 0.09004414081573486
vt 0.7594451904296875 0.08426213264465332
vt 0.7599688768386841 0.09066879749298096
vt 0.7594451904296875 0.08426213264465332
vt 0.7587593793869019 0.08517134189605713
vt 0.2299814373254776 0.48734569549560547
vt 0.2322845309972763 0.4879438877105713
vt 0.23343098163604736 0.482433021068573
vt 0.2299814373254776 0.48734569549560547
vt 0.23343098163604736 0.482433021068573
vt 0.232734814286232 0.48153167963027954
vt 0.232734814286232 0.48153167963027954
vt 0.23343098163604736 0.482433021068573
vt 0.23929652571678162 0.48225975036621094
vt 0.232734814286232 0.48153167963027954
vt 0.23929652571678162 0.48225975036621094
vt 0.2394324094057083 0.4806932806968689
vt 0.7587593793869019 0.08517134189605713
vt 0.7594451904296875 0.08426213264465332
vt 0.7527384161949158 0.08350050449371338
vt 0.7587593793869019 0.08517134189605713
vt 0.7527384161949158 0.08350050449371338
vt 0.752892255783081 0.08506536483764648
vt 0.7400220036506653 0.15863609313964844
vt 0.760434091091156 0.158905029296875
vt 0.7533392310142517 0.13820409774780273
vt 0.7400220036506653 0.15863609313964844
vt 0.7533392310142517 0.13820409774780273
vt 0.7440976500511169 0.1361522674560547
vt 0.760434091091156 0.158905029296875
vt 0.772050142288208 0.15240180492401123
vt 0.7627043128013611 0.13455438613891602
vt 0.760434091091156 0.158905029296875
vt 0.7627043128013611 0.13455438613891602
vt 0.7533392310142517 0.13820409774780273
vt 0.7533392310142517 0.13820409774780273
vt 0.7627043128013611 0.13455438613891602
vt 0.7595414519309998 0.11909663677215576
vt 0.7533392310142517 0.13820409774780273
vt 0.7595414519309998 0.11909663677215576
vt 0.7528451681137085 0.12099266052246094
vt 0.7440976500511169 0.1361522674560547
vt 0.7533392310142517 0.13820409774780273
vt 0.7528451681137085 0.12099266052246094
vt 0.7440976500511169 0.1361522674560547
vt 0.7528451681137085 0.12099266052246094
vt 0.7474057674407959 0.11970734596252441
vt 0.772050142288208 0.15240180492401123
vt 0.7844818830490112 0.1427377462387085
vt 0.773539125919342 0.1284923553466797
vt 0.772050142288208 0.15240180492401123
vt 0.773539125919342 0.1284923553466797
vt 0.7627043128013611 0.13455438613891602
vt 0.20836979150772095 0.5402904152870178
vt 0.22091148793697357 0.5498113334178925
vt 0.2300521433353424 0.5318580269813538
vt 0.20836979150772095 0.5402904152870178
vt 0.2300521433353424 0.5318580269813538
vt 0.21914862096309662 0.5259205102920532
vt 0.21914862096309662 0.5259205102920532
vt 0.2300521433353424 0.5318580269813538
vt 0.23303771018981934 0.5163649916648865
vt 0.21914862096309662 0.5259205102920532
vt 0.23303771018981934 0.5163649916648865
vt 0.22449800372123718 0.5133592486381531
vt 0.7627043128013611 0.13455438613891602
vt 0.773539125919342 0.1284923553466797
vt 0.7680462002754211 0.11599314212799072
vt 0.7627043128013611 0.13455438613891602
vt 0.7680462002754211 0.11599314212799072
vt 0.7595414519309998 0.11909663677215576
vt 0.2917877435684204 0.5099652409553528
vt 0.28728002309799194 0.5030582845211029
vt 0.2757114768028259 0.502208024263382
vt 0.2917877435684204 0.5099652409553528
vt 0.2757114768028259 0.502208024263382
vt 0.2731454372406006 0.5095571577548981
vt 0.28728002309799194 0.5030582845211029
vt 0.28458863496780396 0.49600833654403687
vt 0.2753503918647766 0.49605345726013184
vt 0.28728002309799194 0.5030582845211029
vt 0.2753503918647766 0.49605345726013184
vt 0.2757114768028259 0.502208024263382
vt 0.2757114768028259 0.502208024263382
vt 0.2753503918647766 0.49605345726013184
vt 0.2644492983818054 0.4928681254386902
vt 0.2757114768028259 0.502208024263382
vt 0.2644492983818054 0.4928681254386902
vt 0.2637736201286316 0.4972999691963196
vt 0.2731454372406006 0.5095571577548981
vt 0.2757114768028259 0.502208024263382
vt 0.2637736201286316 0.4972999691963196
vt 0.2731454372406006 0.5095571577548981
vt 0.2637736201286316 0.4972999691963196
vt 0.26104840636253357 0.5024422407150269
vt 0.28458863496780396 0.49600833654403687
vt 0.28156524896621704 0.48774510622024536
vt 0.2745434045791626 0.48865461349487305
vt 0.28458863496780396 0.49600833654403687
vt 0.2745434045791626 0.48865461349487305
vt 0.2753503918647766 0.49605345726013184
vt 0.7106890678405762 0.0910346508026123
vt 0.7077606320381165 0.09933197498321533
vt 0.716998815536499 0.09927129745483398
vt 0.7106890678405762 0.0910346508026123
vt 0.716998815536499 0.09927129745483398
vt 0.7177209854125977 0.09186351299285889
vt 0.7177209854125977 0.09186351299285889
vt 0.716998815536499 0.09927129745483398
vt 0.7278625965118408 0.09596121311187744
vt 0.7177209854125977 0.09186351299285889
vt 0.7278625965118408 0.09596121311187744
vt 0.7271546125411987 0.09050989151000977
vt 0.2753503918647766 0.49605345726013184
vt 0.2745434045791626 0.48865461349487305
vt 0.2650948166847229 0.4874091148376465
vt 0.2753503918647766 0.49605345726013184
vt 0.2650948166847229 0.4874091148376465
vt 0.2644492983818054 0.4928681254386902
vt 0.3518660068511963 0.44449347257614136
vt 0.35435038805007935 0.4393020272254944
vt 0.34409672021865845 0.44359833002090454
vt 0.3518660068511963 0.44449347257614136
vt 0.34409672021865845 0.44359833002090454
vt 0.34137290716171265 0.4467427730560303
vt 0.35435038805007935 0.4393020272254944
vt 0.3549860119819641 0.436851441860199
vt 0.344735324382782 0.4416124224662781
vt 0.35435038805007935 0.4393020272254944
vt 0.344735324382782 0.4416124224662781
vt 0.34409672021865845 0.44359833002090454
vt 0.34409672021865845 0.44359833002090454
vt 0.344735324382782 0.4416124224662781
vt 0.33651870489120483 0.4428352117538452
vt 0.34409672021865845 0.44359833002090454
vt 0.33651870489120483 0.4428352117538452
vt 0.33635520935058594 0.4439494013786316
vt 0.34137290716171265 0.4467427730560303
vt 0.34409672021865845 0.44359833002090454
vt 0.33635520935058594 0.4439494013786316
vt 0.34137290716171265 0.4467427730560303
vt 0.33635520935058594 0.4439494013786316
vt 0.33544522523880005 0.44525569677352905
vt 0.3292102813720703 0.4673992991447449
vt 0.3405812382698059 0.4555949568748474
vt 0.3354703187942505 0.451799213886261
vt 0.3292102813720703 0.4673992991447449
vt 0.3354703187942505 0.451799213886261
vt 0.32981544733047485 0.4560564160346985
vt 0.3405812382698059 0.4555949568748474
vt 0.3518660068511963 0.44449347257614136
vt 0.34137290716171265 0.4467427730560303
vt 0.3405812382698059 0.4555949568748474
vt 0.34137290716171265 0.4467427730560303
vt 0.3354703187942505 0.451799213886261
vt 0.3354703187942505 0.451799213886261
vt 0.34137290716171265 0.4467427730560303
vt 0.33544522523880005 0.44525569677352905
vt 0.3354703187942505 0.451799213886261
vt 0.33544522523880005 0.44525569677352905
vt 0.3320484161376953 0.4477270245552063
vt 0.32981544733047485 0.4560564160346985
vt 0.3354703187942505 0.451799213886261
vt 0.3320484161376953 0.4477270245552063
vt 0.32981544733047485 0.4560564160346985
vt 0.3320484161376953 0.4477270245552063
vt 0.32872211933135986 0.4497688412666321
vt 0.7007219195365906 0.11337041854858398
vt 0.7051502466201782 0.10641229152679443
vt 0.6820436120033264 0.08863472938537598
vt 0.7007219195365906 0.11337041854858398
vt 0.6820436120033264 0.08863472938537598
vt 0.6772544384002686 0.09312736988067627
vt 0.7051502466201782 0.10641229152679443
vt 0.7077606320381165 0.09933197498321533
vt 0.6843756437301636 0.08322572708129883
vt 0.7051502466201782 0.10641229152679443
vt 0.6843756437301636 0.08322572708129883
vt 0.6820436120033264 0.08863472938537598
vt 0.6820436120033264 0.08863472938537598
vt 0.6843756437301636 0.08322572708129883
vt 0.670238196849823 0.06686902046203613
vt 0.6820436120033264 0.08863472938537598
vt 0.670238196849823 0.06686902046203613
vt 0.6680749654769897 0.07072567939758301
vt 0.6772544384002686 0.09312736988067627
vt 0.6820436120033264 0.08863472938537598
vt 0.6680749654769897 0.07072567939758301
vt 0.6772544384002686 0.09312736988067627
vt 0.6680749654769897 0.07072567939758301
vt 0.6628140807151794 0.07123613357543945
vt 0.7077606320381165 0.09933197498321533
vt 0.7106890678405762 0.0910346508026123
vt 0.6878105998039246 0.07744503021240234
vt 0.7077606320381165 0.09933197498321533
vt 0.6878105998039246 0.07744503021240234
vt 0.6843756437301636 0.08322572708129883
vt 0.28156524896621704 0.48774510622024536
vt 0.28458863496780396 0.49600833654403687
vt 0.30778759717941284 0.47963517904281616
vt 0.28156524896621704 0.48774510622024536
vt 0.30778759717941284 0.47963517904281616
vt 0.30428653955459595 0.47389405965805054
vt 0.30428653955459595 0.47389405965805054
vt 0.30778759717941284 0.47963517904281616
vt 0.32173657417297363 0.46311742067337036
vt 0.30428653955459595 0.47389405965805054
vt 0.32173657417297363 0.46311742067337036
vt 0.3186228275299072 0.4596056342124939
vt 0.6843756437301636 0.08322572708129883
vt 0.6878105998039246 0.07744503021240234
vt 0.6733115315437317 0.06332170963287354
vt 0.6843756437301636 0.08322572708129883
vt 0.6733115315437317 0.06332170963287354
vt 0.670238196849823 0.06686902046203613
vt 0.7762430906295776 0.2310945987701416
vt 0.8025531768798828 0.22412419319152832
vt 0.7792152166366577 0.18839848041534424
vt 0.7762430906295776 0.2310945987701416
vt 0.7792152166366577 0.18839848041534424
vt 0.7575864791870117 0.19481217861175537
vt 0.8025531768798828 0.22412419319152832
vt 0.8196572065353394 0.21250665187835693
vt 0.7928597927093506 0.17862796783447266
vt 0.8025531768798828 0.22412419319152832
vt 0.7928597927093506 0.17862796783447266
vt 0.7792152166366577 0.18839848041534424
vt 0.7792152166366577 0.18839848041534424
vt 0.7928597927093506 0.17862796783447266
vt 0.772050142288208 0.15240180492401123
vt 0.7792152166366577 0.18839848041534424
vt 0.772050142288208 0.15240180492401123
vt 0.760434091091156 0.158905029296875
vt 0.7575864791870117 0.19481217861175537
vt 0.7792152166366577 0.18839848041534424
vt 0.760434091091156 0.158905029296875
vt 0.7575864791870117 0.19481217861175537
vt 0.760434091091156 0.158905029296875
vt 0.7400220036506653 0.15863609313964844
vt 0.8196572065353394 0.21250665187835693
vt 0.8386852145195007 0.19664251804351807
vt 0.8076422810554504 0.16532021760940552
vt 0.8196572065353394 0.21250665187835693
vt 0.8076422810554504 0.16532021760940552
vt 0.7928597927093506 0.17862796783447266
vt 0.15478767454624176 0.5948126912117004
vt 0.1739962249994278 0.6104577779769897
vt 0.20040370523929596 0.5762743055820465
vt 0.15478767454624176 0.5948126912117004
vt 0.20040370523929596 0.5762743055820465
vt 0.18546970188617706 0.5631367564201355
vt 0.18546970188617706 0.5631367564201355
vt 0.20040370523929596 0.5762743055820465
vt 0.22091148793697357 0.5498113334178925
vt 0.18546970188617706 0.5631367564201355
vt 0.22091148793697357 0.5498113334178925
vt 0.20836979150772095 0.5402904152870178
vt 0.7928597927093506 0.17862796783447266
vt 0.8076422810554504 0.16532021760940552
vt 0.7844818830490112 0.1427377462387085
vt 0.7928597927093506 0.17862796783447266
vt 0.7844818830490112 0.1427377462387085
vt 0.772050142288208 0.15240180492401123
vt 0.8019053936004639 0.3043748140335083
vt 0.8366941213607788 0.30145978927612305
vt 0.8223366141319275 0.2623547315597534
vt 0.8019053936004639 0.3043748140335083
vt 0.8223366141319275 0.2623547315597534
vt 0.791441798210144 0.26801955699920654
vt 0.8366941213607788 0.30145978927612305
vt 0.865513026714325 0.2976977825164795
vt 0.8441157341003418 0.25085651874542236
vt 0.8366941213607788 0.30145978927612305
vt 0.8441157341003418 0.25085651874542236
vt 0.8223366141319275 0.2623547315597534
vt 0.8223366141319275 0.2623547315597534
vt 0.8441157341003418 0.25085651874542236
vt 0.8196572065353394 0.21250665187835693
vt 0.8223366141319275 0.2623547315597534
vt 0.8196572065353394 0.21250665187835693
vt 0.8025531768798828 0.22412419319152832
vt 0.791441798210144 0.26801955699920654
vt 0.8223366141319275 0.2623547315597534
vt 0.8025531768798828 0.22412419319152832
vt 0.791441798210144 0.26801955699920654
vt 0.8025531768798828 0.22412419319152832
vt 0.7762430906295776 0.2310945987701416
vt 0.865513026714325 0.2976977825164795
vt 0.8917890191078186 0.2731837034225464
vt 0.8683468103408813 0.23360198736190796
vt 0.865513026714325 0.2976977825164795
vt 0.8683468103408813 0.23360198736190796
vt 0.8441157341003418 0.25085651874542236
vt 0.10256442427635193 0.6719573736190796
vt 0.12911958992481232 0.6961688101291656
vt 0.14997874200344086 0.6490854024887085
vt 0.10256442427635193 0.6719573736190796
vt 0.14997874200344086 0.6490854024887085
vt 0.12555156648159027 0.632109671831131
vt 0.12555156648159027 0.632109671831131
vt 0.14997874200344086 0.6490854024887085
vt 0.1739962249994278 0.6104577779769897
vt 0.12555156648159027 0.632109671831131
vt 0.1739962249994278 0.6104577779769897
vt 0.15478767454624176 0.5948126912117004
vt 0.8441157341003418 0.25085651874542236
vt 0.8683468103408813 0.23360198736190796
vt 0.8386852145195007 0.19664251804351807
vt 0.8441157341003418 0.25085651874542236
vt 0.8386852145195007 0.19664251804351807
vt 0.8196572065353394 0.21250665187835693
vt 0.807364821434021 0.3746376037597656
vt 0.8442575335502625 0.3781161308288574
vt 0.8442416787147522 0.3407038450241089
vt 0.807364821434021 0.3746376037597656
vt 0.8442416787147522 0.3407038450241089
vt 0.8073554635047913 0.34025925397872925
vt 0.8442575335502625 0.3781161308288574
vt 0.8751122355461121 0.3855816125869751
vt 0.8683825731277466 0.3430178761482239
vt 0.8442575335502625 0.3781161308288574
vt 0.8683825731277466 0.3430178761482239
vt 0.8442416787147522 0.3407038450241089
vt 0.8442416787147522 0.3407038450241089
vt 0.8683825731277466 0.3430178761482239
vt 0.865513026714325 0.2976977825164795
vt 0.8442416787147522 0.3407038450241089
vt 0.865513026714325 0.2976977825164795
vt 0.8366941213607788 0.30145978927612305
vt 0.8073554635047913 0.34025925397872925
vt 0.8442416787147522 0.3407038450241089
vt 0.8366941213607788 0.30145978927612305
vt 0.8073554635047913 0.34025925397872925
vt 0.8366941213607788 0.30145978927612305
vt 0.8019053936004639 0.3043748140335083
vt 0.12911958992481232 0.6961688101291656
vt 0.10256442427635193 0.6719573736190796
vt 0.08509489893913269 0.706389456987381
vt 0.12911958992481232 0.6961688101291656
vt 0.08509489893913269 0.706389456987381
vt 0.10189025104045868 0.7247429490089417
vt 0.8917890191078186 0.2731837034225464
vt 0.865513026714325 0.2976977825164795
vt 0.8930680155754089 0.3259580135345459
vt 0.8917890191078186 0.2731837034225464
vt 0.8930680155754089 0.3259580135345459
vt 0.9096519351005554 0.30741333961486816
vt 0.9096519351005554 0.30741333961486816
vt 0.8930680155754089 0.3259580135345459
vt 0.9158620238304138 0.3447762131690979
vt 0.9096519351005554 0.30741333961486816
vt 0.9158620238304138 0.3447762131690979
vt 0.9265574812889099 0.3308088779449463
vt 0.10189025104045868 0.7247429490089417
vt 0.08509489893913269 0.706389456987381
vt 0.06845863163471222 0.7299772500991821
vt 0.10189025104045868 0.7247429490089417
vt 0.06845863163471222 0.7299772500991821
vt 0.07931338250637054 0.7438210248947144
vt 0.7957269549369812 0.43346530199050903
vt 0.8277319073677063 0.4409513473510742
vt 0.8377225995063782 0.41155266761779785
vt 0.7957269549369812 0.43346530199050903
vt 0.8377225995063782 0.41155266761779785
vt 0.8028846383094788 0.40574806928634644
vt 0.8277319073677063 0.4409513473510742
vt 0.850425660610199 0.45396721363067627
vt 0.8635333776473999 0.4225611686706543
vt 0.8277319073677063 0.4409513473510742
vt 0.8635333776473999 0.4225611686706543
vt 0.8377225995063782 0.41155266761779785
vt 0.8377225995063782 0.41155266761779785
vt 0.8635333776473999 0.4225611686706543
vt 0.8751122355461121 0.3855816125869751
vt 0.8377225995063782 0.41155266761779785
vt 0.8751122355461121 0.3855816125869751
vt 0.8442575335502625 0.3781161308288574
vt 0.8028846383094788 0.40574806928634644
vt 0.8377225995063782 0.41155266761779785
vt 0.8442575335502625 0.3781161308288574
vt 0.8028846383094788 0.40574806928634644
vt 0.8442575335502625 0.3781161308288574
vt 0.807364821434021 0.3746376037597656
vt 0.850425660610199 0.45396721363067627
vt 0.8777300715446472 0.4717385172843933
vt 0.8939313292503357 0.4402214288711548
vt 0.850425660610199 0.45396721363067627
vt 0.8939313292503357 0.4402214288711548
vt 0.8635333776473999 0.4225611686706543
vt 0.11889763176441193 0.870338186621666
vt 0.14599665999412537 0.8522551357746124
vt 0.13252992928028107 0.8210013657808304
vt 0.11889763176441193 0.870338186621666
vt 0.13252992928028107 0.8210013657808304
vt 0.10233639180660248 0.8390087485313416
vt 0.10233639180660248 0.8390087485313416
vt 0.13252992928028107 0.8210013657808304
vt 0.12052805721759796 0.7841568738222122
vt 0.10233639180660248 0.8390087485313416
vt 0.12052805721759796 0.7841568738222122
vt 0.0921613872051239 0.8123498111963272
vt 0.8635333776473999 0.4225611686706543
vt 0.8939313292503357 0.4402214288711548
vt 0.9038001298904419 0.41344761848449707
vt 0.8635333776473999 0.4225611686706543
vt 0.9038001298904419 0.41344761848449707
vt 0.8751122355461121 0.3855816125869751
vt 0.7749107480049133 0.481492817401886
vt 0.8001165390014648 0.4914810061454773
vt 0.8156902194023132 0.46673130989074707
vt 0.7749107480049133 0.481492817401886
vt 0.8156902194023132 0.46673130989074707
vt 0.7867320775985718 0.45807236433029175
vt 0.8001165390014648 0.4914810061454773
vt 0.813066840171814 0.5088147222995758
vt 0.8346214294433594 0.48118680715560913
vt 0.8001165390014648 0.4914810061454773
vt 0.8346214294433594 0.48118680715560913
vt 0.8156902194023132 0.46673130989074707
vt 0.8156902194023132 0.46673130989074707
vt 0.8346214294433594 0.48118680715560913
vt 0.850425660610199 0.45396721363067627
vt 0.8156902194023132 0.46673130989074707
vt 0.850425660610199 0.45396721363067627
vt 0.8277319073677063 0.4409513473510742
vt 0.7867320775985718 0.45807236433029175
vt 0.8156902194023132 0.46673130989074707
vt 0.8277319073677063 0.4409513473510742
vt 0.7867320775985718 0.45807236433029175
vt 0.8277319073677063 0.4409513473510742
vt 0.7957269549369812 0.43346530199050903
vt 0.813066840171814 0.5088147222995758
vt 0.8376086354255676 0.5211921036243439
vt 0.8580458164215088 0.4990304112434387
vt 0.813066840171814 0.5088147222995758
vt 0.8580458164215088 0.4990304112434387
vt 0.8346214294433594 0.48118680715560913
vt 0.1595831662416458 0.9193287119269371
vt 0.1839814931154251 0.9066709205508232
vt 0.16211174428462982 0.879291795194149
vt 0.1595831662416458 0.9193287119269371
vt 0.16211174428462982 0.879291795194149
vt 0.13889336585998535 0.8974027261137962
vt 0.13889336585998535 0.8974027261137962
vt 0.16211174428462982 0.879291795194149
vt 0.14599665999412537 0.8522551357746124
vt 0.13889336585998535 0.8974027261137962
vt 0.14599665999412537 0.8522551357746124
vt 0.11889763176441193 0.870338186621666
vt 0.8346214294433594 0.48118680715560913
vt 0.8580458164215088 0.4990304112434387
vt 0.8777300715446472 0.4717385172843933
vt 0.8346214294433594 0.48118680715560913
vt 0.8777300715446472 0.4717385172843933
vt 0.850425660610199 0.45396721363067627
vt 0.7359822988510132 0.5276268422603607
vt 0.7395861148834229 0.5431540310382843
vt 0.7757651805877686 0.5172419250011444
vt 0.7359822988510132 0.5276268422603607
vt 0.7757651805877686 0.5172419250011444
vt 0.757214367389679 0.5063033103942871
vt 0.7395861148834229 0.5431540310382843
vt 0.7532771229743958 0.5487748980522156
vt 0.7821560502052307 0.5279344916343689
vt 0.7395861148834229 0.5431540310382843
vt 0.7821560502052307 0.5279344916343689
vt 0.7757651805877686 0.5172419250011444
vt 0.7757651805877686 0.5172419250011444
vt 0.7821560502052307 0.5279344916343689
vt 0.813066840171814 0.5088147222995758
vt 0.7757651805877686 0.5172419250011444
vt 0.813066840171814 0.5088147222995758
vt 0.8001165390014648 0.4914810061454773
vt 0.757214367389679 0.5063033103942871
vt 0.7757651805877686 0.5172419250011444
vt 0.8001165390014648 0.4914810061454773
vt 0.757214367389679 0.5063033103942871
vt 0.8001165390014648 0.4914810061454773
vt 0.7749107480049133 0.481492817401886
vt 0.24422521889209747 0.9459433779120445
vt 0.21510939300060272 0.9254352524876595
vt 0.21285995841026306 0.9381105974316597
vt 0.24422521889209747 0.9459433779120445
vt 0.21285995841026306 0.9381105974316597
vt 0.23236891627311707 0.9518552795052528
vt 0.21510939300060272 0.9254352524876595
vt 0.1839814931154251 0.9066709205508232
vt 0.19193454086780548 0.9303457960486412
vt 0.21510939300060272 0.9254352524876595
vt 0.19193454086780548 0.9303457960486412
vt 0.21285995841026306 0.9381105974316597
vt 0.21285995841026306 0.9381105974316597
vt 0.19193454086780548 0.9303457960486412
vt 0.19611789286136627 0.9456267729401588
vt 0.21285995841026306 0.9381105974316597
vt 0.19611789286136627 0.9456267729401588
vt 0.21063119173049927 0.950483538210392
vt 0.23236891627311707 0.9518552795052528
vt 0.21285995841026306 0.9381105974316597
vt 0.21063119173049927 0.950483538210392
vt 0.23236891627311707 0.9518552795052528
vt 0.21063119173049927 0.950483538210392
vt 0.22388219833374023 0.9601508155465126
vt 0.37381649017333984 0.4480881094932556
vt 0.37659186124801636 0.44816070795059204
vt 0.38065415620803833 0.43500202894210815
vt 0.37381649017333984 0.4480881094932556
vt 0.38065415620803833 0.43500202894210815
vt 0.3789560794830322 0.43498486280441284
vt 0.37659186124801636 0.44816070795059204
vt 0.3787915110588074 0.44832080602645874
vt 0.3819047808647156 0.43538540601730347
vt 0.37659186124801636 0.44816070795059204
vt 0.3819047808647156 0.43538540601730347
vt 0.38065415620803833 0.43500202894210815
vt 0.38065415620803833 0.43500202894210815
vt 0.3819047808647156 0.43538540601730347
vt 0.3841482400894165 0.4264373183250427
vt 0.38065415620803833 0.43500202894210815
vt 0.3841482400894165 0.4264373183250427
vt 0.38399672508239746 0.4245736002922058
vt 0.3789560794830322 0.43498486280441284
vt 0.38065415620803833 0.43500202894210815
vt 0.38399672508239746 0.4245736002922058
vt 0.3789560794830322 0.43498486280441284
vt 0.38399672508239746 0.4245736002922058
vt 0.3825489282608032 0.4262520670890808
vt 0.3787915110588074 0.44832080602645874
vt 0.38142067193984985 0.4485930800437927
vt 0.38348984718322754 0.4355011582374573
vt 0.3787915110588074 0.44832080602645874
vt 0.38348984718322754 0.4355011582374573
vt 0.3819047808647156 0.43538540601730347
vt 0.6103916168212891 0.053029537200927734
vt 0.6130174994468689 0.0527271032333374
vt 0.6097562313079834 0.03982830047607422
vt 0.6103916168212891 0.053029537200927734
vt 0.6097562313079834 0.03982830047607422
vt 0.608172595500946 0.039962172508239746
vt 0.608172595500946 0.039962172508239746
vt 0.6097562313079834 0.03982830047607422
vt 0.6074104309082031 0.030906319618225098
vt 0.608172595500946 0.039962172508239746
vt 0.6074104309082031 0.030906319618225098
vt 0.6062249541282654 0.029156923294067383
vt 0.3819047808647156 0.43538540601730347
vt 0.38348984718322754 0.4355011582374573
vt 0.38531357049942017 0.4246743321418762
vt 0.3819047808647156 0.43538540601730347
vt 0.38531357049942017 0.4246743321418762
vt 0.3841482400894165 0.4264373183250427
vt 0.3745381832122803 0.5163466930389404
vt 0.3842289447784424 0.5130625665187836
vt 0.37725114822387695 0.4923926591873169
vt 0.3745381832122803 0.5163466930389404
vt 0.37725114822387695 0.4923926591873169
vt 0.37007826566696167 0.4943590760231018
vt 0.3842289447784424 0.5130625665187836
vt 0.39109134674072266 0.50909024477005
vt 0.38262856006622314 0.4900910258293152
vt 0.3842289447784424 0.5130625665187836
vt 0.38262856006622314 0.4900910258293152
vt 0.37725114822387695 0.4923926591873169
vt 0.37725114822387695 0.4923926591873169
vt 0.38262856006622314 0.4900910258293152
vt 0.37816035747528076 0.47287148237228394
vt 0.37725114822387695 0.4923926591873169
vt 0.37816035747528076 0.47287148237228394
vt 0.37405693531036377 0.4739369750022888
vt 0.37007826566696167 0.4943590760231018
vt 0.37725114822387695 0.4923926591873169
vt 0.37405693531036377 0.4739369750022888
vt 0.37007826566696167 0.4943590760231018
vt 0.37405693531036377 0.4739369750022888
vt 0.3687835931777954 0.47487348318099976
vt 0.39109134674072266 0.50909024477005
vt 0.39887142181396484 0.5038262903690338
vt 0.3889375925064087 0.4870721101760864
vt 0.39109134674072266 0.50909024477005
vt 0.3889375925064087 0.4870721101760864
vt 0.38262856006622314 0.4900910258293152
vt 0.5935750007629395 0.1084589958190918
vt 0.6014147996902466 0.11363351345062256
vt 0.6096593737602234 0.09453845024108887
vt 0.5935750007629395 0.1084589958190918
vt 0.6096593737602234 0.09453845024108887
vt 0.6033161878585815 0.09159207344055176
vt 0.6033161878585815 0.09159207344055176
vt 0.6096593737602234 0.09453845024108887
vt 0.6139299869537354 0.07726895809173584
vt 0.6033161878585815 0.09159207344055176
vt 0.6139299869537354 0.07726895809173584
vt 0.6090104579925537 0.07596254348754883
vt 0.38262856006622314 0.4900910258293152
vt 0.3889375925064087 0.4870721101760864
vt 0.3830645680427551 0.47150880098342896
vt 0.38262856006622314 0.4900910258293152
vt 0.3830645680427551 0.47150880098342896
vt 0.37816035747528076 0.47287148237228394
vt 0.3687835931777954 0.47487348318099976
vt 0.37405693531036377 0.4739369750022888
vt 0.37419629096984863 0.46019309759140015
vt 0.3687835931777954 0.47487348318099976
vt 0.37419629096984863 0.46019309759140015
vt 0.37026864290237427 0.46049386262893677
vt 0.37405693531036377 0.4739369750022888
vt 0.37816035747528076 0.47287148237228394
vt 0.37730735540390015 0.45992404222488403
vt 0.37405693531036377 0.4739369750022888
vt 0.37730735540390015 0.45992404222488403
vt 0.37419629096984863 0.46019309759140015
vt 0.37419629096984863 0.46019309759140015
vt 0.37730735540390015 0.45992404222488403
vt 0.3787915110588074 0.44832080602645874
vt 0.37419629096984863 0.46019309759140015
vt 0.3787915110588074 0.44832080602645874
vt 0.37659186124801636 0.44816070795059204
vt 0.37026864290237427 0.46049386262893677
vt 0.37419629096984863 0.46019309759140015
vt 0.37659186124801636 0.44816070795059204
vt 0.37026864290237427 0.46049386262893677
vt 0.37659186124801636 0.44816070795059204
vt 0.37381649017333984 0.4480881094932556
vt 0.37816035747528076 0.47287148237228394
vt 0.3830645680427551 0.47150880098342896
vt 0.38104212284088135 0.4596467614173889
vt 0.37816035747528076 0.47287148237228394
vt 0.38104212284088135 0.4596467614173889
vt 0.37730735540390015 0.45992404222488403
vt 0.6090104579925537 0.07596254348754883
vt 0.6139299869537354 0.07726895809173584
vt 0.6146345138549805 0.06431257724761963
vt 0.6090104579925537 0.07596254348754883
vt 0.6146345138549805 0.06431257724761963
vt 0.61089688539505 0.06407821178436279
vt 0.61089688539505 0.06407821178436279
vt 0.6146345138549805 0.06431257724761963
vt 0.6130174994468689 0.0527271032333374
vt 0.61089688539505 0.06407821178436279
vt 0.6130174994468689 0.0527271032333374
vt 0.6103916168212891 0.053029537200927734
vt 0.37730735540390015 0.45992404222488403
vt 0.38104212284088135 0.4596467614173889
vt 0.38142067193984985 0.4485930800437927
vt 0.37730735540390015 0.45992404222488403
vt 0.38142067193984985 0.4485930800437927
vt 0.3787915110588074 0.44832080602645874
vt 0.3917357921600342 0.5628452897071838
vt 0.4082038998603821 0.5567902326583862
vt 0.3942216634750366 0.5335747003555298
vt 0.3917357921600342 0.5628452897071838
vt 0.3942216634750366 0.5335747003555298
vt 0.381497323513031 0.5382429659366608
vt 0.4082038998603821 0.5567902326583862
vt 0.4187718629837036 0.5487669706344604
vt 0.4027178883552551 0.5276578664779663
vt 0.4082038998603821 0.5567902326583862
vt 0.4027178883552551 0.5276578664779663
vt 0.3942216634750366 0.5335747003555298
vt 0.3942216634750366 0.5335747003555298
vt 0.4027178883552551 0.5276578664779663
vt 0.39109134674072266 0.50909024477005
vt 0.3942216634750366 0.5335747003555298
vt 0.39109134674072266 0.50909024477005
vt 0.3842289447784424 0.5130625665187836
vt 0.381497323513031 0.5382429659366608
vt 0.3942216634750366 0.5335747003555298
vt 0.3842289447784424 0.5130625665187836
vt 0.381497323513031 0.5382429659366608
vt 0.3842289447784424 0.5130625665187836
vt 0.3745381832122803 0.5163466930389404
vt 0.4187718629837036 0.5487669706344604
vt 0.43024665117263794 0.5380757451057434
vt 0.4120427966117859 0.5197904706001282
vt 0.4187718629837036 0.5487669706344604
vt 0.4120427966117859 0.5197904706001282
vt 0.4027178883552551 0.5276578664779663
vt 0.5625942945480347 0.1430656909942627
vt 0.5741907954216003 0.1536247730255127
vt 0.5900018811225891 0.13233304023742676
vt 0.5625942945480347 0.1430656909942627
vt 0.5900018811225891 0.13233304023742676
vt 0.5805873870849609 0.1245729923248291
vt 0.5805873870849609 0.1245729923248291
vt 0.5900018811225891 0.13233304023742676
vt 0.6014147996902466 0.11363351345062256
vt 0.5805873870849609 0.1245729923248291
vt 0.6014147996902466 0.11363351345062256
vt 0.5935750007629395 0.1084589958190918
vt 0.4027178883552551 0.5276578664779663
vt 0.4120427966117859 0.5197904706001282
vt 0.39887142181396484 0.5038262903690338
vt 0.4027178883552551 0.5276578664779663
vt 0.39887142181396484 0.5038262903690338
vt 0.39109134674072266 0.50909024477005
vt 0.42173004150390625 0.6279091238975525
vt 0.4480118155479431 0.6208206415176392
vt 0.4271349310874939 0.5861612260341644
vt 0.42173004150390625 0.6279091238975525
vt 0.4271349310874939 0.5861612260341644
vt 0.4059757590293884 0.5932343602180481
vt 0.4480118155479431 0.6208206415176392
vt 0.4652717709541321 0.6092591881752014
vt 0.4406520128250122 0.5760717988014221
vt 0.4480118155479431 0.6208206415176392
vt 0.4406520128250122 0.5760717988014221
vt 0.4271349310874939 0.5861612260341644
vt 0.4271349310874939 0.5861612260341644
vt 0.4406520128250122 0.5760717988014221
vt 0.4187718629837036 0.5487669706344604
vt 0.4271349310874939 0.5861612260341644
vt 0.4187718629837036 0.5487669706344604
vt 0.4082038998603821 0.5567902326583862
vt 0.4059757590293884 0.5932343602180481
vt 0.4271349310874939 0.5861612260341644
vt 0.4082038998603821 0.5567902326583862
vt 0.4059757590293884 0.5932343602180481
vt 0.4082038998603821 0.5567902326583862
vt 0.3917357921600342 0.5628452897071838
vt 0.4652717709541321 0.6092591881752014
vt 0.48462462425231934 0.5934581160545349
vt 0.45545434951782227 0.5625308156013489
vt 0.4652717709541321 0.6092591881752014
vt 0.45545434951782227 0.5625308156013489
vt 0.4406520128250122 0.5760717988014221
vt 0.5088545083999634 0.19906747341156006
vt 0.5283871293067932 0.21464574337005615
vt 0.5526250004768372 0.18117845058441162
vt 0.5088545083999634 0.19906747341156006
vt 0.5526250004768372 0.18117845058441162
vt 0.5376684665679932 0.167807936668396
vt 0.5376684665679932 0.167807936668396
vt 0.5526250004768372 0.18117845058441162
vt 0.5741907954216003 0.1536247730255127
vt 0.5376684665679932 0.167807936668396
vt 0.5741907954216003 0.1536247730255127
vt 0.5625942945480347 0.1430656909942627
vt 0.4406520128250122 0.5760717988014221
vt 0.45545434951782227 0.5625308156013489
vt 0.43024665117263794 0.5380757451057434
vt 0.4406520128250122 0.5760717988014221
vt 0.43024665117263794 0.5380757451057434
vt 0.4187718629837036 0.5487669706344604
vt 0.4461939334869385 0.7006277441978455
vt 0.48134201765060425 0.6977283656597137
vt 0.4667547941207886 0.6585757732391357
vt 0.4461939334869385 0.7006277441978455
vt 0.4667547941207886 0.6585757732391357
vt 0.43580716848373413 0.6642991006374359
vt 0.48134201765060425 0.6977283656597137
vt 0.5102466940879822 0.6934905052185059
vt 0.48851287364959717 0.6469946503639221
vt 0.48134201765060425 0.6977283656597137
vt 0.48851287364959717 0.6469946503639221
vt 0.4667547941207886 0.6585757732391357
vt 0.4667547941207886 0.6585757732391357
vt 0.48851287364959717 0.6469946503639221
vt 0.4652717709541321 0.6092591881752014
vt 0.4667547941207886 0.6585757732391357
vt 0.4652717709541321 0.6092591881752014
vt 0.4480118155479431 0.6208206415176392
vt 0.43580716848373413 0.6642991006374359
vt 0.4667547941207886 0.6585757732391357
vt 0.4480118155479431 0.6208206415176392
vt 0.43580716848373413 0.6642991006374359
vt 0.4480118155479431 0.6208206415176392
vt 0.42173004150390625 0.6279091238975525
vt 0.5102466940879822 0.6934905052185059
vt 0.5360183715820312 0.6682063639163971
vt 0.5128772258758545 0.6295698881149292
vt 0.5102466940879822 0.6934905052185059
vt 0.5128772258758545 0.6295698881149292
vt 0.48851287364959717 0.6469946503639221
vt 0.45832061767578125 0.2743997573852539
vt 0.484380304813385 0.29938697814941406
vt 0.505579948425293 0.25264501571655273
vt 0.45832061767578125 0.2743997573852539
vt 0.505579948425293 0.25264501571655273
vt 0.481017529964447 0.23550069332122803
vt 0.481017529964447 0.23550069332122803
vt 0.505579948425293 0.25264501571655273
vt 0.5283871293067932 0.21464574337005615
vt 0.481017529964447 0.23550069332122803
vt 0.5283871293067932 0.21464574337005615
vt 0.5088545083999634 0.19906747341156006
vt 0.48851287364959717 0.6469946503639221
vt 0.5128772258758545 0.6295698881149292
vt 0.48462462425231934 0.5934581160545349
vt 0.48851287364959717 0.6469946503639221
vt 0.48462462425231934 0.5934581160545349
vt 0.4652717709541321 0.6092591881752014
vt 0.4393700361251831 0.8300061672925949
vt 0.47124987840652466 0.8375722318887711
vt 0.4812190532684326 0.8081847876310349
vt 0.4393700361251831 0.8300061672925949
vt 0.4812190532684326 0.8081847876310349
vt 0.4465600848197937 0.8022484332323074
vt 0.47124987840652466 0.8375722318887711
vt 0.49395865201950073 0.8505873829126358
vt 0.50705885887146 0.8191681802272797
vt 0.47124987840652466 0.8375722318887711
vt 0.50705885887146 0.8191681802272797
vt 0.4812190532684326 0.8081847876310349
vt 0.4812190532684326 0.8081847876310349
vt 0.50705885887146 0.8191681802272797
vt 0.5188652276992798 0.7812302708625793
vt 0.4812190532684326 0.8081847876310349
vt 0.5188652276992798 0.7812302708625793
vt 0.4878988265991211 0.7745992988348007
vt 0.4465600848197937 0.8022484332323074
vt 0.4812190532684326 0.8081847876310349
vt 0.4878988265991211 0.7745992988348007
vt 0.4465600848197937 0.8022484332323074
vt 0.4878988265991211 0.7745992988348007
vt 0.45113885402679443 0.7710720747709274
vt 0.49395865201950073 0.8505873829126358
vt 0.521522045135498 0.8682572394609451
vt 0.5378139615058899 0.8365774154663086
vt 0.49395865201950073 0.8505873829126358
vt 0.5378139615058899 0.8365774154663086
vt 0.50705885887146 0.8191681802272797
vt 0.4751083254814148 0.47427141666412354
vt 0.5024674534797668 0.45628678798675537
vt 0.4890080690383911 0.4250198006629944
vt 0.4751083254814148 0.47427141666412354
vt 0.4890080690383911 0.4250198006629944
vt 0.4584544897079468 0.4427803158760071
vt 0.4584544897079468 0.4427803158760071
vt 0.4890080690383911 0.4250198006629944
vt 0.4767678380012512 0.3872196674346924
vt 0.4584544897079468 0.4427803158760071
vt 0.4767678380012512 0.3872196674346924
vt 0.4475775361061096 0.4141966700553894
vt 0.50705885887146 0.8191681802272797
vt 0.5378139615058899 0.8365774154663086
vt 0.5483627319335938 0.8078710287809372
vt 0.50705885887146 0.8191681802272797
vt 0.5483627319335938 0.8078710287809372
vt 0.5188652276992798 0.7812302708625793
vt 0.45113885402679443 0.7710720747709274
vt 0.4878988265991211 0.7745992988348007
vt 0.4882148504257202 0.7371600866317749
vt 0.45113885402679443 0.7710720747709274
vt 0.4882148504257202 0.7371600866317749
vt 0.45136314630508423 0.736590713262558
vt 0.4878988265991211 0.7745992988348007
vt 0.5188652276992798 0.7812302708625793
vt 0.513454794883728 0.7385027706623077
vt 0.4878988265991211 0.7745992988348007
vt 0.513454794883728 0.7385027706623077
vt 0.4882148504257202 0.7371600866317749
vt 0.4882148504257202 0.7371600866317749
vt 0.513454794883728 0.7385027706623077
vt 0.5102466940879822 0.6934905052185059
vt 0.4882148504257202 0.7371600866317749
vt 0.5102466940879822 0.6934905052185059
vt 0.48134201765060425 0.6977283656597137
vt 0.45136314630508423 0.736590713262558
vt 0.4882148504257202 0.7371600866317749
vt 0.48134201765060425 0.6977283656597137
vt 0.45136314630508423 0.736590713262558
vt 0.48134201765060425 0.6977283656597137
vt 0.4461939334869385 0.7006277441978455
vt 0.5102466940879822 0.6934905052185059
vt 0.513454794883728 0.7385027706623077
vt 0.5370689034461975 0.7446190416812897
vt 0.5102466940879822 0.6934905052185059
vt 0.5370689034461975 0.7446190416812897
vt 0.5405451655387878 0.7194513380527496
vt 0.513454794883728 0.7385027706623077
vt 0.5188652276992798 0.7812302708625793
vt 0.5420539975166321 0.770073875784874
vt 0.513454794883728 0.7385027706623077
vt 0.5420539975166321 0.770073875784874
vt 0.5370689034461975 0.7446190416812897
vt 0.5370689034461975 0.7446190416812897
vt 0.5420539975166321 0.770073875784874
vt 0.5633151531219482 0.7651001214981079
vt 0.5370689034461975 0.7446190416812897
vt 0.5633151531219482 0.7651001214981079
vt 0.5615059733390808 0.7496685981750488
vt 0.5405451655387878 0.7194513380527496
vt 0.5370689034461975 0.7446190416812897
vt 0.5615059733390808 0.7496685981750488
vt 0.5405451655387878 0.7194513380527496
vt 0.5615059733390808 0.7496685981750488
vt 0.5654069185256958 0.7344148755073547
vt 0.379324734210968 0.9240407273173332
vt 0.38303160667419434 0.9394960477948189
vt 0.4192236065864563 0.9136862829327583
vt 0.379324734210968 0.9240407273173332
vt 0.4192236065864563 0.9136862829327583
vt 0.40063947439193726 0.9027878120541573
vt 0.38303160667419434 0.9394960477948189
vt 0.3977912664413452 0.9445635452866554
vt 0.42670953273773193 0.9236247166991234
vt 0.38303160667419434 0.9394960477948189
vt 0.42670953273773193 0.9236247166991234
vt 0.4192236065864563 0.9136862829327583
vt 0.4192236065864563 0.9136862829327583
vt 0.42670953273773193 0.9236247166991234
vt 0.4575737714767456 0.9048580452799797
vt 0.4192236065864563 0.9136862829327583
vt 0.4575737714767456 0.9048580452799797
vt 0.44376420974731445 0.8880664929747581
vt 0.40063947439193726 0.9027878120541573
vt 0.4192236065864563 0.9136862829327583
vt 0.44376420974731445 0.8880664929747581
vt 0.40063947439193726 0.9027878120541573
vt 0.44376420974731445 0.8880664929747581
vt 0.41848689317703247 0.8780479803681374
vt 0.5394718050956726 0.5101369619369507
vt 0.5142467617988586 0.5222312211990356
vt 0.5269379019737244 0.5383938550949097
vt 0.5394718050956726 0.5101369619369507
vt 0.5269379019737244 0.5383938550949097
vt 0.5445157885551453 0.5321574807167053
vt 0.48293572664260864 0.9166624322533607
vt 0.4575737714767456 0.9048580452799797
vt 0.45278245210647583 0.9269349053502083
vt 0.48293572664260864 0.9166624322533607
vt 0.45278245210647583 0.9269349053502083
vt 0.4704306125640869 0.9329693987965584
vt 0.4704306125640869 0.9329693987965584
vt 0.45278245210647583 0.9269349053502083
vt 0.4501817226409912 0.9416766837239265
vt 0.4704306125640869 0.9329693987965584
vt 0.4501817226409912 0.9416766837239265
vt 0.4631597399711609 0.9461089298129082
vt 0.5445157885551453 0.5321574807167053
vt 0.5269379019737244 0.5383938550949097
vt 0.5343589186668396 0.551449179649353
vt 0.5445157885551453 0.5321574807167053
vt 0.5343589186668396 0.551449179649353
vt 0.5472853779792786 0.5468684732913971
vt 0.41848689317703247 0.8780479803681374
vt 0.44376420974731445 0.8880664929747581
vt 0.4592553973197937 0.8633377403020859
vt 0.41848689317703247 0.8780479803681374
vt 0.4592553973197937 0.8633377403020859
vt 0.4303553104400635 0.8546361178159714
vt 0.44376420974731445 0.8880664929747581
vt 0.4575737714767456 0.9048580452799797
vt 0.47827082872390747 0.8777196332812309
vt 0.44376420974731445 0.8880664929747581
vt 0.47827082872390747 0.8777196332812309
vt 0.4592553973197937 0.8633377403020859
vt 0.4592553973197937 0.8633377403020859
vt 0.47827082872390747 0.8777196332812309
vt 0.49395865201950073 0.8505873829126358
vt 0.4592553973197937 0.8633377403020859
vt 0.49395865201950073 0.8505873829126358
vt 0.47124987840652466 0.8375722318887711
vt 0.4303553104400635 0.8546361178159714
vt 0.4592553973197937 0.8633377403020859
vt 0.47124987840652466 0.8375722318887711
vt 0.4303553104400635 0.8546361178159714
vt 0.47124987840652466 0.8375722318887711
vt 0.4393700361251831 0.8300061672925949
vt 0.4575737714767456 0.9048580452799797
vt 0.48293572664260864 0.9166624322533607
vt 0.5021561980247498 0.895309679210186
vt 0.4575737714767456 0.9048580452799797
vt 0.5021561980247498 0.895309679210186
vt 0.47827082872390747 0.8777196332812309
vt 0.5142467617988586 0.5222312211990356
vt 0.5394718050956726 0.5101369619369507
vt 0.5184651613235474 0.48323750495910645
vt 0.5142467617988586 0.5222312211990356
vt 0.5184651613235474 0.48323750495910645
vt 0.49478286504745483 0.5011001229286194
vt 0.49478286504745483 0.5011001229286194
vt 0.5184651613235474 0.48323750495910645
vt 0.5024674534797668 0.45628678798675537
vt 0.49478286504745483 0.5011001229286194
vt 0.5024674534797668 0.45628678798675537
vt 0.4751083254814148 0.47427141666412354
vt 0.47827082872390747 0.8777196332812309
vt 0.5021561980247498 0.895309679210186
vt 0.521522045135498 0.8682572394609451
vt 0.47827082872390747 0.8777196332812309
vt 0.521522045135498 0.8682572394609451
vt 0.49395865201950073 0.8505873829126358
vt 0.07931338250637054 0.7438210248947144
vt 0.06845863163471222 0.7299772500991821
vt 0.05103724077343941 0.7452241480350494
vt 0.07931338250637054 0.7438210248947144
vt 0.05103724077343941 0.7452241480350494
vt 0.05764799192547798 0.7554698884487152
vt 0.9265574812889099 0.3308088779449463
vt 0.9158620238304138 0.3447762131690979
vt 0.9376594424247742 0.3561760187149048
vt 0.9265574812889099 0.3308088779449463
vt 0.9376594424247742 0.3561760187149048
vt 0.9441524147987366 0.345855176448822
vt 0.9441524147987366 0.345855176448822
vt 0.9376594424247742 0.3561760187149048
vt 0.9554552435874939 0.3636864423751831
vt 0.9441524147987366 0.345855176448822
vt 0.9554552435874939 0.3636864423751831
vt 0.9596063494682312 0.35625433921813965
vt 0.05764799192547798 0.7554698884487152
vt 0.05103724077343941 0.7452241480350494
vt 0.03570343926548958 0.7557996958494186
vt 0.05764799192547798 0.7554698884487152
vt 0.03570343926548958 0.7557996958494186
vt 0.039939481765031815 0.7631837874650955
vt 0.8751122355461121 0.3855816125869751
vt 0.9038001298904419 0.41344761848449707
vt 0.9113038182258606 0.40090644359588623
vt 0.8751122355461121 0.3855816125869751
vt 0.9113038182258606 0.40090644359588623
vt 0.8954862952232361 0.3790684938430786
vt 0.0921613872051239 0.8123498111963272
vt 0.12052805721759796 0.7841568738222122
vt 0.10008074343204498 0.7778775990009308
vt 0.0921613872051239 0.8123498111963272
vt 0.10008074343204498 0.7778775990009308
vt 0.08451448380947113 0.7998954206705093
vt 0.08451448380947113 0.7998954206705093
vt 0.10008074343204498 0.7778775990009308
vt 0.07993157207965851 0.7762501984834671
vt 0.08451448380947113 0.7998954206705093
vt 0.07993157207965851 0.7762501984834671
vt 0.07245193421840668 0.7931433469057083
vt 0.8954862952232361 0.3790684938430786
vt 0.9113038182258606 0.40090644359588623
vt 0.9232882857322693 0.3940166234970093
vt 0.8954862952232361 0.3790684938430786
vt 0.9232882857322693 0.3940166234970093
vt 0.9156154990196228 0.37721025943756104
vt 0.12052805721759796 0.7841568738222122
vt 0.12676958739757538 0.7415187656879425
vt 0.10569417476654053 0.751046672463417
vt 0.12052805721759796 0.7841568738222122
vt 0.10569417476654053 0.751046672463417
vt 0.10008074343204498 0.7778775990009308
vt 0.12676958739757538 0.7415187656879425
vt 0.12911958992481232 0.6961688101291656
vt 0.10189025104045868 0.7247429490089417
vt 0.12676958739757538 0.7415187656879425
vt 0.10189025104045868 0.7247429490089417
vt 0.10569417476654053 0.751046672463417
vt 0.10569417476654053 0.751046672463417
vt 0.10189025104045868 0.7247429490089417
vt 0.07931338250637054 0.7438210248947144
vt 0.10569417476654053 0.751046672463417
vt 0.07931338250637054 0.7438210248947144
vt 0.08279664814472198 0.7601765245199203
vt 0.10008074343204498 0.7778775990009308
vt 0.10569417476654053 0.751046672463417
vt 0.08279664814472198 0.7601765245199203
vt 0.10008074343204498 0.7778775990009308
vt 0.08279664814472198 0.7601765245199203
vt 0.07993157207965851 0.7762501984834671
vt 0.865513026714325 0.2976977825164795
vt 0.8683825731277466 0.3430178761482239
vt 0.8895657062530518 0.3523036241531372
vt 0.865513026714325 0.2976977825164795
vt 0.8895657062530518 0.3523036241531372
vt 0.8930680155754089 0.3259580135345459
vt 0.8683825731277466 0.3430178761482239
vt 0.8751122355461121 0.3855816125869751
vt 0.8954862952232361 0.3790684938430786
vt 0.8683825731277466 0.3430178761482239
vt 0.8954862952232361 0.3790684938430786
vt 0.8895657062530518 0.3523036241531372
vt 0.8895657062530518 0.3523036241531372
vt 0.8954862952232361 0.3790684938430786
vt 0.9156154990196228 0.37721025943756104
vt 0.8895657062530518 0.3523036241531372
vt 0.9156154990196228 0.37721025943756104
vt 0.9125664234161377 0.36117053031921387
vt 0.8930680155754089 0.3259580135345459
vt 0.8895657062530518 0.3523036241531372
vt 0.9125664234161377 0.36117053031921387
vt 0.8930680155754089 0.3259580135345459
vt 0.9125664234161377 0.36117053031921387
vt 0.9158620238304138 0.3447762131690979
vt 0.9554552435874939 0.3636864423751831
vt 0.9538769125938416 0.3712657690048218
vt 0.9657192826271057 0.3735048174858093
vt 0.9554552435874939 0.3636864423751831
vt 0.9657192826271057 0.3735048174858093
vt 0.9669787287712097 0.36826562881469727
vt 0.9538769125938416 0.3712657690048218
vt 0.9542723298072815 0.3789710998535156
vt 0.9660137295722961 0.37880241870880127
vt 0.9538769125938416 0.3712657690048218
vt 0.9660137295722961 0.37880241870880127
vt 0.9657192826271057 0.3735048174858093
vt 0.9657192826271057 0.3735048174858093
vt 0.9660137295722961 0.37880241870880127
vt 0.9715380072593689 0.3777669668197632
vt 0.9657192826271057 0.3735048174858093
vt 0.9715380072593689 0.3777669668197632
vt 0.9721609950065613 0.3743119239807129
vt 0.9669787287712097 0.36826562881469727
vt 0.9657192826271057 0.3735048174858093
vt 0.9721609950065613 0.3743119239807129
vt 0.9669787287712097 0.36826562881469727
vt 0.9721609950065613 0.3743119239807129
vt 0.9722480177879333 0.37077462673187256
vt 0.9158620238304138 0.3447762131690979
vt 0.9125664234161377 0.36117053031921387
vt 0.9354262948036194 0.3670310974121094
vt 0.9158620238304138 0.3447762131690979
vt 0.9354262948036194 0.3670310974121094
vt 0.9376594424247742 0.3561760187149048
vt 0.9125664234161377 0.36117053031921387
vt 0.9156154990196228 0.37721025943756104
vt 0.9365333914756775 0.37791454792022705
vt 0.9125664234161377 0.36117053031921387
vt 0.9365333914756775 0.37791454792022705
vt 0.9354262948036194 0.3670310974121094
vt 0.9354262948036194 0.3670310974121094
vt 0.9365333914756775 0.37791454792022705
vt 0.9542723298072815 0.3789710998535156
vt 0.9354262948036194 0.3670310974121094
vt 0.9542723298072815 0.3789710998535156
vt 0.9538769125938416 0.3712657690048218
vt 0.9376594424247742 0.3561760187149048
vt 0.9354262948036194 0.3670310974121094
vt 0.9538769125938416 0.3712657690048218
vt 0.9376594424247742 0.3561760187149048
vt 0.9538769125938416 0.3712657690048218
vt 0.9554552435874939 0.3636864423751831
vt 0.9156154990196228 0.37721025943756104
vt 0.9232882857322693 0.3940166234970093
vt 0.9395994544029236 0.3903365731239319
vt 0.9156154990196228 0.37721025943756104
vt 0.9395994544029236 0.3903365731239319
vt 0.9365333914756775 0.37791454792022705
vt 0.07245193421840668 0.7931433469057083
vt 0.07993157207965851 0.7762501984834671
vt 0.05902313068509102 0.7771940976381302
vt 0.07245193421840668 0.7931433469057083
vt 0.05902313068509102 0.7771940976381302
vt 0.05609946325421333 0.7896504551172256
vt 0.05609946325421333 0.7896504551172256
vt 0.05902313068509102 0.7771940976381302
vt 0.04129742458462715 0.7784539312124252
vt 0.05609946325421333 0.7896504551172256
vt 0.04129742458462715 0.7784539312124252
vt 0.03962473198771477 0.7871665805578232
vt 0.9365333914756775 0.37791454792022705
vt 0.9395994544029236 0.3903365731239319
vt 0.9560447335243225 0.3876640796661377
vt 0.9365333914756775 0.37791454792022705
vt 0.9560447335243225 0.3876640796661377
vt 0.9542723298072815 0.3789710998535156
vt 0.07993157207965851 0.7762501984834671
vt 0.08279664814472198 0.7601765245199203
vt 0.06000538542866707 0.7662987262010574
vt 0.07993157207965851 0.7762501984834671
vt 0.06000538542866707 0.7662987262010574
vt 0.05902313068509102 0.7771940976381302
vt 0.08279664814472198 0.7601765245199203
vt 0.07931338250637054 0.7438210248947144
vt 0.05764799192547798 0.7554698884487152
vt 0.08279664814472198 0.7601765245199203
vt 0.05764799192547798 0.7554698884487152
vt 0.06000538542866707 0.7662987262010574
vt 0.06000538542866707 0.7662987262010574
vt 0.05764799192547798 0.7554698884487152
vt 0.039939481765031815 0.7631837874650955
vt 0.06000538542866707 0.7662987262010574
vt 0.039939481765031815 0.7631837874650955
vt 0.0416044183075428 0.7707444578409195
vt 0.05902313068509102 0.7771940976381302
vt 0.06000538542866707 0.7662987262010574
vt 0.0416044183075428 0.7707444578409195
vt 0.05902313068509102 0.7771940976381302
vt 0.0416044183075428 0.7707444578409195
vt 0.04129742458462715 0.7784539312124252
vt 0.9715380072593689 0.3777669668197632
vt 0.9747022986412048 0.3801203966140747
vt 0.977122962474823 0.37483036518096924
vt 0.9715380072593689 0.3777669668197632
vt 0.977122962474823 0.37483036518096924
vt 0.9721609950065613 0.3743119239807129
vt 0.02088199183344841 0.7798372060060501
vt 0.0240190289914608 0.7774476259946823
vt 0.023356523364782333 0.7739999294281006
vt 0.02088199183344841 0.7798372060060501
vt 0.023356523364782333 0.7739999294281006
vt 0.018400784581899643 0.774575263261795
vt 0.018400784581899643 0.774575263261795
vt 0.023356523364782333 0.7739999294281006
vt 0.023228902369737625 0.7704639136791229
vt 0.018400784581899643 0.774575263261795
vt 0.023228902369737625 0.7704639136791229
vt 0.019662071019411087 0.7689215689897537
vt 0.9721609950065613 0.3743119239807129
vt 0.977122962474823 0.37483036518096924
vt 0.9757969975471497 0.3691915273666382
vt 0.9721609950065613 0.3743119239807129
vt 0.9757969975471497 0.3691915273666382
vt 0.9722480177879333 0.37077462673187256
vt 0.9542723298072815 0.3789710998535156
vt 0.9560447335243225 0.3876640796661377
vt 0.9680573344230652 0.3846009373664856
vt 0.9542723298072815 0.3789710998535156
vt 0.9680573344230652 0.3846009373664856
vt 0.9660137295722961 0.37880241870880127
vt 0.03962473198771477 0.7871665805578232
vt 0.04129742458462715 0.7784539312124252
vt 0.029554840177297592 0.7784197628498077
vt 0.03962473198771477 0.7871665805578232
vt 0.029554840177297592 0.7784197628498077
vt 0.027577806264162064 0.7842412441968918
vt 0.027577806264162064 0.7842412441968918
vt 0.029554840177297592 0.7784197628498077
vt 0.0240190289914608 0.7774476259946823
vt 0.027577806264162064 0.7842412441968918
vt 0.0240190289914608 0.7774476259946823
vt 0.02088199183344841 0.7798372060060501
vt 0.9660137295722961 0.37880241870880127
vt 0.9680573344230652 0.3846009373664856
vt 0.9747022986412048 0.3801203966140747
vt 0.9660137295722961 0.37880241870880127
vt 0.9747022986412048 0.3801203966140747
vt 0.9715380072593689 0.3777669668197632
vt 0.04129742458462715 0.7784539312124252
vt 0.0416044183075428 0.7707444578409195
vt 0.029788631945848465 0.7731191217899323
vt 0.04129742458462715 0.7784539312124252
vt 0.029788631945848465 0.7731191217899323
vt 0.029554840177297592 0.7784197628498077
vt 0.0416044183075428 0.7707444578409195
vt 0.039939481765031815 0.7631837874650955
vt 0.02846919372677803 0.7678946554660797
vt 0.0416044183075428 0.7707444578409195
vt 0.02846919372677803 0.7678946554660797
vt 0.029788631945848465 0.7731191217899323
vt 0.029788631945848465 0.7731191217899323
vt 0.02846919372677803 0.7678946554660797
vt 0.023228902369737625 0.7704639136791229
vt 0.029788631945848465 0.7731191217899323
vt 0.023228902369737625 0.7704639136791229
vt 0.023356523364782333 0.7739999294281006
vt 0.029554840177297592 0.7784197628498077
vt 0.029788631945848465 0.7731191217899323
vt 0.023356523364782333 0.7739999294281006
vt 0.029554840177297592 0.7784197628498077
vt 0.023356523364782333 0.7739999294281006
vt 0.0240190289914608 0.7774476259946823
vt 0.039939481765031815 0.7631837874650955
vt 0.03570343926548958 0.7557996958494186
vt 0.025083083659410477 0.7629313468933105
vt 0.039939481765031815 0.7631837874650955
vt 0.025083083659410477 0.7629313468933105
vt 0.02846919372677803 0.7678946554660797
vt 0.9596063494682312 0.35625433921813965
vt 0.9554552435874939 0.3636864423751831
vt 0.9669787287712097 0.36826562881469727
vt 0.9596063494682312 0.35625433921813965
vt 0.9669787287712097 0.36826562881469727
vt 0.9703077673912048 0.3632638454437256
vt 0.9703077673912048 0.3632638454437256
vt 0.9669787287712097 0.36826562881469727
vt 0.9722480177879333 0.37077462673187256
vt 0.9703077673912048 0.3632638454437256
vt 0.9722480177879333 0.37077462673187256
vt 0.9757969975471497 0.3691915273666382
vt 0.02846919372677803 0.7678946554660797
vt 0.025083083659410477 0.7629313468933105
vt 0.019662071019411087 0.7689215689897537
vt 0.02846919372677803 0.7678946554660797
vt 0.019662071019411087 0.7689215689897537
vt 0.023228902369737625 0.7704639136791229
vt 0.32872211933135986 0.4497688412666321
vt 0.3320484161376953 0.4477270245552063
vt 0.32967185974121094 0.4438653588294983
vt 0.32872211933135986 0.4497688412666321
vt 0.32967185974121094 0.4438653588294983
vt 0.32765865325927734 0.4449710249900818
vt 0.3320484161376953 0.4477270245552063
vt 0.33544522523880005 0.44525569677352905
vt 0.33168911933898926 0.4426801800727844
vt 0.3320484161376953 0.4477270245552063
vt 0.33168911933898926 0.4426801800727844
vt 0.32967185974121094 0.4438653588294983
vt 0.32967185974121094 0.4438653588294983
vt 0.33168911933898926 0.4426801800727844
vt 0.32974833250045776 0.44094353914260864
vt 0.32967185974121094 0.4438653588294983
vt 0.32974833250045776 0.44094353914260864
vt 0.3283947706222534 0.4411516785621643
vt 0.32765865325927734 0.4449710249900818
vt 0.32967185974121094 0.4438653588294983
vt 0.3283947706222534 0.4411516785621643
vt 0.32765865325927734 0.4449710249900818
vt 0.3283947706222534 0.4411516785621643
vt 0.3274150490760803 0.442165732383728
vt 0.3257243037223816 0.4494679570198059
vt 0.32733529806137085 0.45003896951675415
vt 0.32665854692459106 0.4450990557670593
vt 0.3257243037223816 0.4494679570198059
vt 0.32665854692459106 0.4450990557670593
vt 0.32575929164886475 0.4447699189186096
vt 0.32733529806137085 0.45003896951675415
vt 0.32872211933135986 0.4497688412666321
vt 0.32765865325927734 0.4449710249900818
vt 0.32733529806137085 0.45003896951675415
vt 0.32765865325927734 0.4449710249900818
vt 0.32665854692459106 0.4450990557670593
vt 0.32665854692459106 0.4450990557670593
vt 0.32765865325927734 0.4449710249900818
vt 0.3274150490760803 0.442165732383728
vt 0.32665854692459106 0.4450990557670593
vt 0.3274150490760803 0.442165732383728
vt 0.32693642377853394 0.4415650963783264
vt 0.32575929164886475 0.4447699189186096
vt 0.32665854692459106 0.4450990557670593
vt 0.32693642377853394 0.4415650963783264
vt 0.32575929164886475 0.4447699189186096
vt 0.32693642377853394 0.4415650963783264
vt 0.3265044689178467 0.4411957859992981
vt 0.33544522523880005 0.44525569677352905
vt 0.33635520935058594 0.4439494013786316
vt 0.3324209451675415 0.44191449880599976
vt 0.33544522523880005 0.44525569677352905
vt 0.3324209451675415 0.44191449880599976
vt 0.33168911933898926 0.4426801800727844
vt 0.33635520935058594 0.4439494013786316
vt 0.33651870489120483 0.4428352117538452
vt 0.33265095949172974 0.4412776827812195
vt 0.33635520935058594 0.4439494013786316
vt 0.33265095949172974 0.4412776827812195
vt 0.3324209451675415 0.44191449880599976
vt 0.3324209451675415 0.44191449880599976
vt 0.33265095949172974 0.4412776827812195
vt 0.3297291398048401 0.43978339433670044
vt 0.3324209451675415 0.44191449880599976
vt 0.3297291398048401 0.43978339433670044
vt 0.3296743631362915 0.4402145743370056
vt 0.33168911933898926 0.4426801800727844
vt 0.3324209451675415 0.44191449880599976
vt 0.3296743631362915 0.4402145743370056
vt 0.33168911933898926 0.4426801800727844
vt 0.3296743631362915 0.4402145743370056
vt 0.32974833250045776 0.44094353914260864
vt 0.6366899609565735 0.040985703468322754
vt 0.6373537182807922 0.043428897857666016
vt 0.6476559042930603 0.047607421875
vt 0.6366899609565735 0.040985703468322754
vt 0.6476559042930603 0.047607421875
vt 0.6469946503639221 0.045629024505615234
vt 0.6373537182807922 0.043428897857666016
vt 0.6398974061012268 0.0485914945602417
vt 0.6504155993461609 0.05072033405303955
vt 0.6373537182807922 0.043428897857666016
vt 0.6504155993461609 0.05072033405303955
vt 0.6476559042930603 0.047607421875
vt 0.6476559042930603 0.047607421875
vt 0.6504155993461609 0.05072033405303955
vt 0.6563258171081543 0.04916548728942871
vt 0.6476559042930603 0.047607421875
vt 0.6563258171081543 0.04916548728942871
vt 0.6554009318351746 0.04786968231201172
vt 0.6469946503639221 0.045629024505615234
vt 0.6476559042930603 0.047607421875
vt 0.6554009318351746 0.04786968231201172
vt 0.6469946503639221 0.045629024505615234
vt 0.6554009318351746 0.04786968231201172
vt 0.655224621295929 0.04675745964050293
vt 0.6398974061012268 0.0485914945602417
vt 0.6513085961341858 0.05956292152404785
vt 0.6563757061958313 0.055708885192871094
vt 0.6398974061012268 0.0485914945602417
vt 0.6563757061958313 0.055708885192871094
vt 0.6504155993461609 0.05072033405303955
vt 0.6513085961341858 0.05956292152404785
vt 0.6628140807151794 0.07123613357543945
vt 0.6620790362358093 0.05990099906921387
vt 0.6513085961341858 0.05956292152404785
vt 0.6620790362358093 0.05990099906921387
vt 0.6563757061958313 0.055708885192871094
vt 0.6563757061958313 0.055708885192871094
vt 0.6620790362358093 0.05990099906921387
vt 0.6631001830101013 0.05360150337219238
vt 0.6563757061958313 0.055708885192871094
vt 0.6631001830101013 0.05360150337219238
vt 0.659750759601593 0.0515977144241333
vt 0.6504155993461609 0.05072033405303955
vt 0.6563757061958313 0.055708885192871094
vt 0.659750759601593 0.0515977144241333
vt 0.6504155993461609 0.05072033405303955
vt 0.659750759601593 0.0515977144241333
vt 0.6563258171081543 0.04916548728942871
vt 0.3549860119819641 0.436851441860199
vt 0.3545071482658386 0.43484967947006226
vt 0.34447556734085083 0.4397093653678894
vt 0.3549860119819641 0.436851441860199
vt 0.34447556734085083 0.4397093653678894
vt 0.344735324382782 0.4416124224662781
vt 0.63714599609375 0.03897857666015625
vt 0.6366899609565735 0.040985703468322754
vt 0.6469946503639221 0.045629024505615234
vt 0.63714599609375 0.03897857666015625
vt 0.6469946503639221 0.045629024505615234
vt 0.6472325325012207 0.04372298717498779
vt 0.6472325325012207 0.04372298717498779
vt 0.6469946503639221 0.045629024505615234
vt 0.655224621295929 0.04675745964050293
vt 0.6472325325012207 0.04372298717498779
vt 0.655224621295929 0.04675745964050293
vt 0.6551830172538757 0.045433759689331055
vt 0.344735324382782 0.4416124224662781
vt 0.34447556734085083 0.4397093653678894
vt 0.3365451693534851 0.4415110945701599
vt 0.344735324382782 0.4416124224662781
vt 0.3365451693534851 0.4415110945701599
vt 0.33651870489120483 0.4428352117538452
vt 0.670238196849823 0.06686902046203613
vt 0.6733115315437317 0.06332170963287354
vt 0.6696254014968872 0.05678212642669678
vt 0.670238196849823 0.06686902046203613
vt 0.6696254014968872 0.05678212642669678
vt 0.6668392419815063 0.05849766731262207
vt 0.3186228275299072 0.4596056342124939
vt 0.32173657417297363 0.46311742067337036
vt 0.32503944635391235 0.45470768213272095
vt 0.3186228275299072 0.4596056342124939
vt 0.32503944635391235 0.45470768213272095
vt 0.32223379611968994 0.4530242085456848
vt 0.32223379611968994 0.4530242085456848
vt 0.32503944635391235 0.45470768213272095
vt 0.3257243037223816 0.4494679570198059
vt 0.32223379611968994 0.4530242085456848
vt 0.3257243037223816 0.4494679570198059
vt 0.32374364137649536 0.44871121644973755
vt 0.6668392419815063 0.05849766731262207
vt 0.6696254014968872 0.05678212642669678
vt 0.6680662035942078 0.05248665809631348
vt 0.6668392419815063 0.05849766731262207
vt 0.6680662035942078 0.05248665809631348
vt 0.6660944223403931 0.053266167640686035
vt 0.6628140807151794 0.07123613357543945
vt 0.6680749654769897 0.07072567939758301
vt 0.6642599105834961 0.06025660037994385
vt 0.6628140807151794 0.07123613357543945
vt 0.6642599105834961 0.06025660037994385
vt 0.6620790362358093 0.05990099906921387
vt 0.6680749654769897 0.07072567939758301
vt 0.670238196849823 0.06686902046203613
vt 0.6668392419815063 0.05849766731262207
vt 0.6680749654769897 0.07072567939758301
vt 0.6668392419815063 0.05849766731262207
vt 0.6642599105834961 0.06025660037994385
vt 0.6642599105834961 0.06025660037994385
vt 0.6668392419815063 0.05849766731262207
vt 0.6660944223403931 0.053266167640686035
vt 0.6642599105834961 0.06025660037994385
vt 0.6660944223403931 0.053266167640686035
vt 0.6644900441169739 0.05385541915893555
vt 0.6620790362358093 0.05990099906921387
vt 0.6642599105834961 0.06025660037994385
vt 0.6644900441169739 0.05385541915893555
vt 0.6620790362358093 0.05990099906921387
vt 0.6644900441169739 0.05385541915893555
vt 0.6631001830101013 0.05360150337219238
vt 0.3265044689178467 0.4411957859992981
vt 0.32693642377853394 0.4415650963783264
vt 0.3279324173927307 0.4399999976158142
vt 0.3265044689178467 0.4411957859992981
vt 0.3279324173927307 0.4399999976158142
vt 0.32780230045318604 0.43961578607559204
vt 0.32693642377853394 0.4415650963783264
vt 0.3274150490760803 0.442165732383728
vt 0.3283947706222534 0.4411516785621643
vt 0.32693642377853394 0.4415650963783264
vt 0.3283947706222534 0.4411516785621643
vt 0.3279324173927307 0.4399999976158142
vt 0.3279324173927307 0.4399999976158142
vt 0.3283947706222534 0.4411516785621643
vt 0.32974833250045776 0.44094353914260864
vt 0.3279324173927307 0.4399999976158142
vt 0.32974833250045776 0.44094353914260864
vt 0.3296743631362915 0.4402145743370056
vt 0.32780230045318604 0.43961578607559204
vt 0.3279324173927307 0.4399999976158142
vt 0.3296743631362915 0.4402145743370056
vt 0.32780230045318604 0.43961578607559204
vt 0.3296743631362915 0.4402145743370056
vt 0.3297291398048401 0.43978339433670044
vt 0.6643200516700745 0.04598379135131836
vt 0.6647917628288269 0.04537773132324219
vt 0.6637778878211975 0.043823957443237305
vt 0.6643200516700745 0.04598379135131836
vt 0.6637778878211975 0.043823957443237305
vt 0.6633287668228149 0.04498100280761719
vt 0.6647917628288269 0.04537773132324219
vt 0.6652194857597351 0.045003414154052734
vt 0.6639035940170288 0.04343831539154053
vt 0.6647917628288269 0.04537773132324219
vt 0.6639035940170288 0.04343831539154053
vt 0.6637778878211975 0.043823957443237305
vt 0.6637778878211975 0.043823957443237305
vt 0.6639035940170288 0.04343831539154053
vt 0.6619787812232971 0.04362809658050537
vt 0.6637778878211975 0.043823957443237305
vt 0.6619787812232971 0.04362809658050537
vt 0.6620385050773621 0.04405856132507324
vt 0.6633287668228149 0.04498100280761719
vt 0.6637778878211975 0.043823957443237305
vt 0.6620385050773621 0.04405856132507324
vt 0.6633287668228149 0.04498100280761719
vt 0.6620385050773621 0.04405856132507324
vt 0.6619728803634644 0.044788360595703125
vt 0.6652194857597351 0.045003414154052734
vt 0.6657534241676331 0.04462230205535889
vt 0.6640165448188782 0.04305589199066162
vt 0.6652194857597351 0.045003414154052734
vt 0.6640165448188782 0.04305589199066162
vt 0.6639035940170288 0.04343831539154053
vt 0.3259662389755249 0.4408208727836609
vt 0.3265044689178467 0.4411957859992981
vt 0.32780230045318604 0.43961578607559204
vt 0.3259662389755249 0.4408208727836609
vt 0.32780230045318604 0.43961578607559204
vt 0.32768499851226807 0.4392346739768982
vt 0.32768499851226807 0.4392346739768982
vt 0.32780230045318604 0.43961578607559204
vt 0.3297291398048401 0.43978339433670044
vt 0.32768499851226807 0.4392346739768982
vt 0.3297291398048401 0.43978339433670044
vt 0.3298620581626892 0.43932491540908813
vt 0.6639035940170288 0.04343831539154053
vt 0.6640165448188782 0.04305589199066162
vt 0.6618406176567078 0.043171048164367676
vt 0.6639035940170288 0.04343831539154053
vt 0.6618406176567078 0.043171048164367676
vt 0.6619787812232971 0.04362809658050537
vt 0.6631001830101013 0.05360150337219238
vt 0.6644900441169739 0.05385541915893555
vt 0.6651101112365723 0.048908114433288574
vt 0.6631001830101013 0.05360150337219238
vt 0.6651101112365723 0.048908114433288574
vt 0.6641086339950562 0.04879152774810791
vt 0.6644900441169739 0.05385541915893555
vt 0.6660944223403931 0.053266167640686035
vt 0.666005551815033 0.0485687255859375
vt 0.6644900441169739 0.05385541915893555
vt 0.666005551815033 0.0485687255859375
vt 0.6651101112365723 0.048908114433288574
vt 0.6651101112365723 0.048908114433288574
vt 0.666005551815033 0.0485687255859375
vt 0.6652194857597351 0.045003414154052734
vt 0.6651101112365723 0.048908114433288574
vt 0.6652194857597351 0.045003414154052734
vt 0.6647917628288269 0.04537773132324219
vt 0.6641086339950562 0.04879152774810791
vt 0.6651101112365723 0.048908114433288574
vt 0.6647917628288269 0.04537773132324219
vt 0.6641086339950562 0.04879152774810791
vt 0.6647917628288269 0.04537773132324219
vt 0.6643200516700745 0.04598379135131836
vt 0.33651870489120483 0.4428352117538452
vt 0.3365451693534851 0.4415110945701599
vt 0.3329143524169922 0.4404907822608948
vt 0.33651870489120483 0.4428352117538452
vt 0.3329143524169922 0.4404907822608948
vt 0.33265095949172974 0.4412776827812195
vt 0.6551830172538757 0.045433759689331055
vt 0.655224621295929 0.04675745964050293
vt 0.6590743660926819 0.04515576362609863
vt 0.6551830172538757 0.045433759689331055
vt 0.6590743660926819 0.04515576362609863
vt 0.6588019132614136 0.044371962547302246
vt 0.6588019132614136 0.044371962547302246
vt 0.6590743660926819 0.04515576362609863
vt 0.6619787812232971 0.04362809658050537
vt 0.6588019132614136 0.044371962547302246
vt 0.6619787812232971 0.04362809658050537
vt 0.6618406176567078 0.043171048164367676
vt 0.33265095949172974 0.4412776827812195
vt 0.3329143524169922 0.4404907822608948
vt 0.3298620581626892 0.43932491540908813
vt 0.33265095949172974 0.4412776827812195
vt 0.3298620581626892 0.43932491540908813
vt 0.3297291398048401 0.43978339433670044
vt 0.6660944223403931 0.053266167640686035
vt 0.6680662035942078 0.05248665809631348
vt 0.667162299156189 0.04812502861022949
vt 0.6660944223403931 0.053266167640686035
vt 0.667162299156189 0.04812502861022949
vt 0.666005551815033 0.0485687255859375
vt 0.32374364137649536 0.44871121644973755
vt 0.3257243037223816 0.4494679570198059
vt 0.32575929164886475 0.4447699189186096
vt 0.32374364137649536 0.44871121644973755
vt 0.32575929164886475 0.4447699189186096
vt 0.3245975971221924 0.4443395733833313
vt 0.3245975971221924 0.4443395733833313
vt 0.32575929164886475 0.4447699189186096
vt 0.3265044689178467 0.4411957859992981
vt 0.3245975971221924 0.4443395733833313
vt 0.3265044689178467 0.4411957859992981
vt 0.3259662389755249 0.4408208727836609
vt 0.666005551815033 0.0485687255859375
vt 0.667162299156189 0.04812502861022949
vt 0.6657534241676331 0.04462230205535889
vt 0.666005551815033 0.0485687255859375
vt 0.6657534241676331 0.04462230205535889
vt 0.6652194857597351 0.045003414154052734
vt 0.6563258171081543 0.04916548728942871
vt 0.659750759601593 0.0515977144241333
vt 0.6620829105377197 0.047708988189697266
vt 0.6563258171081543 0.04916548728942871
vt 0.6620829105377197 0.047708988189697266
vt 0.6600521802902222 0.0465470552444458
vt 0.659750759601593 0.0515977144241333
vt 0.6631001830101013 0.05360150337219238
vt 0.6641086339950562 0.04879152774810791
vt 0.659750759601593 0.0515977144241333
vt 0.6641086339950562 0.04879152774810791
vt 0.6620829105377197 0.047708988189697266
vt 0.6620829105377197 0.047708988189697266
vt 0.6641086339950562 0.04879152774810791
vt 0.6643200516700745 0.04598379135131836
vt 0.6620829105377197 0.047708988189697266
vt 0.6643200516700745 0.04598379135131836
vt 0.6633287668228149 0.04498100280761719
vt 0.6600521802902222 0.0465470552444458
vt 0.6620829105377197 0.047708988189697266
vt 0.6633287668228149 0.04498100280761719
vt 0.6600521802902222 0.0465470552444458
vt 0.6633287668228149 0.04498100280761719
vt 0.6619728803634644 0.044788360595703125
vt 0.655224621295929 0.04675745964050293
vt 0.6554009318351746 0.04786968231201172
vt 0.6593116521835327 0.04578983783721924
vt 0.655224621295929 0.04675745964050293
vt 0.6593116521835327 0.04578983783721924
vt 0.6590743660926819 0.04515576362609863
vt 0.6554009318351746 0.04786968231201172
vt 0.6563258171081543 0.04916548728942871
vt 0.6600521802902222 0.0465470552444458
vt 0.6554009318351746 0.04786968231201172
vt 0.6600521802902222 0.0465470552444458
vt 0.6593116521835327 0.04578983783721924
vt 0.6593116521835327 0.04578983783721924
vt 0.6600521802902222 0.0465470552444458
vt 0.6619728803634644 0.044788360595703125
vt 0.6593116521835327 0.04578983783721924
vt 0.6619728803634644 0.044788360595703125
vt 0.6620385050773621 0.04405856132507324
vt 0.6590743660926819 0.04515576362609863
vt 0.6593116521835327 0.04578983783721924
vt 0.6620385050773621 0.04405856132507324
vt 0.6590743660926819 0.04515576362609863
vt 0.6620385050773621 0.04405856132507324
vt 0.6619787812232971 0.04362809658050537
vt 0.5654069185256958 0.7344148755073547
vt 0.5615059733390808 0.7496685981750488
vt 0.5821533799171448 0.7529063075780869
vt 0.5654069185256958 0.7344148755073547
vt 0.5821533799171448 0.7529063075780869
vt 0.5853721499443054 0.742718368768692
vt 0.5615059733390808 0.7496685981750488
vt 0.5633151531219482 0.7651001214981079
vt 0.5823243260383606 0.7634257525205612
vt 0.5615059733390808 0.7496685981750488
vt 0.5823243260383606 0.7634257525205612
vt 0.5821533799171448 0.7529063075780869
vt 0.5821533799171448 0.7529063075780869
vt 0.5823243260383606 0.7634257525205612
vt 0.597263753414154 0.7631380409002304
vt 0.5821533799171448 0.7529063075780869
vt 0.597263753414154 0.7631380409002304
vt 0.597339928150177 0.7557161301374435
vt 0.5853721499443054 0.742718368768692
vt 0.5821533799171448 0.7529063075780869
vt 0.597339928150177 0.7557161301374435
vt 0.5853721499443054 0.742718368768692
vt 0.597339928150177 0.7557161301374435
vt 0.5996730923652649 0.7486037313938141
vt 0.4767678380012512 0.3872196674346924
vt 0.4816882610321045 0.3444330096244812
vt 0.4581458568572998 0.35081946849823
vt 0.4767678380012512 0.3872196674346924
vt 0.4581458568572998 0.35081946849823
vt 0.4534526467323303 0.37632977962493896
vt 0.4816882610321045 0.3444330096244812
vt 0.484380304813385 0.29938697814941406
vt 0.45438140630722046 0.3256932497024536
vt 0.4816882610321045 0.3444330096244812
vt 0.45438140630722046 0.3256932497024536
vt 0.4581458568572998 0.35081946849823
vt 0.4581458568572998 0.35081946849823
vt 0.45438140630722046 0.3256932497024536
vt 0.42969268560409546 0.3409407138824463
vt 0.4581458568572998 0.35081946849823
vt 0.42969268560409546 0.3409407138824463
vt 0.43376821279525757 0.35614871978759766
vt 0.4534526467323303 0.37632977962493896
vt 0.4581458568572998 0.35081946849823
vt 0.43376821279525757 0.35614871978759766
vt 0.4534526467323303 0.37632977962493896
vt 0.43376821279525757 0.35614871978759766
vt 0.4321358799934387 0.3715999722480774
vt 0.484380304813385 0.29938697814941406
vt 0.45832061767578125 0.2743997573852539
vt 0.43864303827285767 0.30674171447753906
vt 0.484380304813385 0.29938697814941406
vt 0.43864303827285767 0.30674171447753906
vt 0.45438140630722046 0.3256932497024536
vt 0.5360183715820312 0.6682063639163971
vt 0.5102466940879822 0.6934905052185059
vt 0.5405451655387878 0.7194513380527496
vt 0.5360183715820312 0.6682063639163971
vt 0.5405451655387878 0.7194513380527496
vt 0.5560653209686279 0.7003207206726074
vt 0.5560653209686279 0.7003207206726074
vt 0.5405451655387878 0.7194513380527496
vt 0.5654069185256958 0.7344148755073547
vt 0.5560653209686279 0.7003207206726074
vt 0.5654069185256958 0.7344148755073547
vt 0.5751145482063293 0.7208121716976166
vt 0.45438140630722046 0.3256932497024536
vt 0.43864303827285767 0.30674171447753906
vt 0.4198298454284668 0.32745009660720825
vt 0.45438140630722046 0.3256932497024536
vt 0.4198298454284668 0.32745009660720825
vt 0.42969268560409546 0.3409407138824463
vt 0.5188652276992798 0.7812302708625793
vt 0.5483627319335938 0.8078710287809372
vt 0.5580880045890808 0.7906806617975235
vt 0.5188652276992798 0.7812302708625793
vt 0.5580880045890808 0.7906806617975235
vt 0.5420539975166321 0.770073875784874
vt 0.4475775361061096 0.4141966700553894
vt 0.4767678380012512 0.3872196674346924
vt 0.4534526467323303 0.37632977962493896
vt 0.4475775361061096 0.4141966700553894
vt 0.4534526467323303 0.37632977962493896
vt 0.43765586614608765 0.39711886644363403
vt 0.43765586614608765 0.39711886644363403
vt 0.4534526467323303 0.37632977962493896
vt 0.4321358799934387 0.3715999722480774
vt 0.43765586614608765 0.39711886644363403
vt 0.4321358799934387 0.3715999722480774
vt 0.42428863048553467 0.3874041438102722
vt 0.5420539975166321 0.770073875784874
vt 0.5580880045890808 0.7906806617975235
vt 0.5713430643081665 0.7808133512735367
vt 0.5420539975166321 0.770073875784874
vt 0.5713430643081665 0.7808133512735367
vt 0.5633151531219482 0.7651001214981079
vt 0.39816713333129883 0.37002700567245483
vt 0.3980059027671814 0.362606406211853
vt 0.38813871145248413 0.36522233486175537
vt 0.39816713333129883 0.37002700567245483
vt 0.38813871145248413 0.36522233486175537
vt 0.3881679177284241 0.3701227903366089
vt 0.3980059027671814 0.362606406211853
vt 0.3955913782119751 0.3555212616920471
vt 0.3864588737487793 0.36049211025238037
vt 0.3980059027671814 0.362606406211853
vt 0.3864588737487793 0.36049211025238037
vt 0.38813871145248413 0.36522233486175537
vt 0.38813871145248413 0.36522233486175537
vt 0.3864588737487793 0.36049211025238037
vt 0.3821732997894287 0.36381232738494873
vt 0.38813871145248413 0.36522233486175537
vt 0.3821732997894287 0.36381232738494873
vt 0.3824460208415985 0.36706966161727905
vt 0.3881679177284241 0.3701227903366089
vt 0.38813871145248413 0.36522233486175537
vt 0.3824460208415985 0.36706966161727905
vt 0.3881679177284241 0.3701227903366089
vt 0.3824460208415985 0.36706966161727905
vt 0.3832899332046509 0.36988335847854614
vt 0.5633151531219482 0.7651001214981079
vt 0.5713430643081665 0.7808133512735367
vt 0.58598792552948 0.7752259522676468
vt 0.5633151531219482 0.7651001214981079
vt 0.58598792552948 0.7752259522676468
vt 0.5823243260383606 0.7634257525205612
vt 0.42428863048553467 0.3874041438102722
vt 0.4321358799934387 0.3715999722480774
vt 0.4131088852882385 0.37014347314834595
vt 0.42428863048553467 0.3874041438102722
vt 0.4131088852882385 0.37014347314834595
vt 0.40958070755004883 0.3819849491119385
vt 0.40958070755004883 0.3819849491119385
vt 0.4131088852882385 0.37014347314834595
vt 0.39816713333129883 0.37002700567245483
vt 0.40958070755004883 0.3819849491119385
vt 0.39816713333129883 0.37002700567245483
vt 0.3961838483810425 0.37845975160598755
vt 0.5823243260383606 0.7634257525205612
vt 0.58598792552948 0.7752259522676468
vt 0.5993435382843018 0.7715475410223007
vt 0.5823243260383606 0.7634257525205612
vt 0.5993435382843018 0.7715475410223007
vt 0.597263753414154 0.7631380409002304
vt 0.4321358799934387 0.3715999722480774
vt 0.43376821279525757 0.35614871978759766
vt 0.4131592810153961 0.3596228361129761
vt 0.4321358799934387 0.3715999722480774
vt 0.4131592810153961 0.3596228361129761
vt 0.4131088852882385 0.37014347314834595
vt 0.43376821279525757 0.35614871978759766
vt 0.42969268560409546 0.3409407138824463
vt 0.4098239243030548 0.34947240352630615
vt 0.43376821279525757 0.35614871978759766
vt 0.4098239243030548 0.34947240352630615
vt 0.4131592810153961 0.3596228361129761
vt 0.4131592810153961 0.3596228361129761
vt 0.4098239243030548 0.34947240352630615
vt 0.3955913782119751 0.3555212616920471
vt 0.4131592810153961 0.3596228361129761
vt 0.3955913782119751 0.3555212616920471
vt 0.3980059027671814 0.362606406211853
vt 0.4131088852882385 0.37014347314834595
vt 0.4131592810153961 0.3596228361129761
vt 0.3980059027671814 0.362606406211853
vt 0.4131088852882385 0.37014347314834595
vt 0.3980059027671814 0.362606406211853
vt 0.39816713333129883 0.37002700567245483
vt 0.42969268560409546 0.3409407138824463
vt 0.4198298454284668 0.32745009660720825
vt 0.4031211733818054 0.3395599126815796
vt 0.42969268560409546 0.3409407138824463
vt 0.4031211733818054 0.3395599126815796
vt 0.4098239243030548 0.34947240352630615
vt 0.5751145482063293 0.7208121716976166
vt 0.5654069185256958 0.7344148755073547
vt 0.5853721499443054 0.742718368768692
vt 0.5751145482063293 0.7208121716976166
vt 0.5853721499443054 0.742718368768692
vt 0.5919609665870667 0.7327297925949097
vt 0.5919609665870667 0.7327297925949097
vt 0.5853721499443054 0.742718368768692
vt 0.5996730923652649 0.7486037313938141
vt 0.5919609665870667 0.7327297925949097
vt 0.5996730923652649 0.7486037313938141
vt 0.60446697473526 0.7417502701282501
vt 0.4098239243030548 0.34947240352630615
vt 0.4031211733818054 0.3395599126815796
vt 0.39071935415267944 0.3487231731414795
vt 0.4098239243030548 0.34947240352630615
vt 0.39071935415267944 0.3487231731414795
vt 0.3955913782119751 0.3555212616920471
vt 0.6121383309364319 0.7628239542245865
vt 0.6147628426551819 0.7651315778493881
vt 0.6169865727424622 0.7612498998641968
vt 0.6121383309364319 0.7628239542245865
vt 0.6169865727424622 0.7612498998641968
vt 0.6129499077796936 0.7600007653236389
vt 0.3806920051574707 0.37222087383270264
vt 0.3832899332046509 0.36988335847854614
vt 0.3824460208415985 0.36706966161727905
vt 0.3806920051574707 0.37222087383270264
vt 0.3824460208415985 0.36706966161727905
vt 0.3784239888191223 0.36836493015289307
vt 0.3784239888191223 0.36836493015289307
vt 0.3824460208415985 0.36706966161727905
vt 0.3821732997894287 0.36381232738494873
vt 0.3784239888191223 0.36836493015289307
vt 0.3821732997894287 0.36381232738494873
vt 0.37871527671813965 0.36313503980636597
vt 0.6129499077796936 0.7600007653236389
vt 0.6169865727424622 0.7612498998641968
vt 0.6166353821754456 0.7560236006975174
vt 0.6129499077796936 0.7600007653236389
vt 0.6166353821754456 0.7560236006975174
vt 0.6131853461265564 0.7567405253648758
vt 0.3955913782119751 0.3555212616920471
vt 0.39071935415267944 0.3487231731414795
vt 0.38261231780052185 0.35645055770874023
vt 0.3955913782119751 0.3555212616920471
vt 0.38261231780052185 0.35645055770874023
vt 0.3864588737487793 0.36049211025238037
vt 0.60446697473526 0.7417502701282501
vt 0.5996730923652649 0.7486037313938141
vt 0.6088619828224182 0.7534696161746979
vt 0.60446697473526 0.7417502701282501
vt 0.6088619828224182 0.7534696161746979
vt 0.6126620173454285 0.7493842542171478
vt 0.6126620173454285 0.7493842542171478
vt 0.6088619828224182 0.7534696161746979
vt 0.6131853461265564 0.7567405253648758
vt 0.6126620173454285 0.7493842542171478
vt 0.6131853461265564 0.7567405253648758
vt 0.6166353821754456 0.7560236006975174
vt 0.3864588737487793 0.36049211025238037
vt 0.38261231780052185 0.35645055770874023
vt 0.37871527671813965 0.36313503980636597
vt 0.3864588737487793 0.36049211025238037
vt 0.37871527671813965 0.36313503980636597
vt 0.3821732997894287 0.36381232738494873
vt 0.5996730923652649 0.7486037313938141
vt 0.597339928150177 0.7557161301374435
vt 0.6072364449501038 0.7582187354564667
vt 0.5996730923652649 0.7486037313938141
vt 0.6072364449501038 0.7582187354564667
vt 0.6088619828224182 0.7534696161746979
vt 0.597339928150177 0.7557161301374435
vt 0.597263753414154 0.7631380409002304
vt 0.6072633862495422 0.7631192356348038
vt 0.597339928150177 0.7557161301374435
vt 0.6072633862495422 0.7631192356348038
vt 0.6072364449501038 0.7582187354564667
vt 0.6072364449501038 0.7582187354564667
vt 0.6072633862495422 0.7631192356348038
vt 0.6121383309364319 0.7628239542245865
vt 0.6072364449501038 0.7582187354564667
vt 0.6121383309364319 0.7628239542245865
vt 0.6129499077796936 0.7600007653236389
vt 0.6088619828224182 0.7534696161746979
vt 0.6072364449501038 0.7582187354564667
vt 0.6129499077796936 0.7600007653236389
vt 0.6088619828224182 0.7534696161746979
vt 0.6129499077796936 0.7600007653236389
vt 0.6131853461265564 0.7567405253648758
vt 0.597263753414154 0.7631380409002304
vt 0.5993435382843018 0.7715475410223007
vt 0.6091486215591431 0.768562987446785
vt 0.597263753414154 0.7631380409002304
vt 0.6091486215591431 0.768562987446785
vt 0.6072633862495422 0.7631192356348038
vt 0.3961838483810425 0.37845975160598755
vt 0.39816713333129883 0.37002700567245483
vt 0.3881679177284241 0.3701227903366089
vt 0.3961838483810425 0.37845975160598755
vt 0.3881679177284241 0.3701227903366089
vt 0.3863452076911926 0.3755878210067749
vt 0.3863452076911926 0.3755878210067749
vt 0.3881679177284241 0.3701227903366089
vt 0.3832899332046509 0.36988335847854614
vt 0.3863452076911926 0.3755878210067749
vt 0.3832899332046509 0.36988335847854614
vt 0.3806920051574707 0.37222087383270264
vt 0.6072633862495422 0.7631192356348038
vt 0.6091486215591431 0.768562987446785
vt 0.6147628426551819 0.7651315778493881
vt 0.6072633862495422 0.7631192356348038
vt 0.6147628426551819 0.7651315778493881
vt 0.6121383309364319 0.7628239542245865
vt 0.4501817226409912 0.9416766837239265
vt 0.43546706438064575 0.9461580142378807
vt 0.43680405616760254 0.9560170546174049
vt 0.4501817226409912 0.9416766837239265
vt 0.43680405616760254 0.9560170546174049
vt 0.4469664692878723 0.952818252146244
vt 0.43546706438064575 0.9461580142378807
vt 0.42114323377609253 0.9554057344794273
vt 0.4273117780685425 0.962339498102665
vt 0.43546706438064575 0.9461580142378807
vt 0.4273117780685425 0.962339498102665
vt 0.43680405616760254 0.9560170546174049
vt 0.43680405616760254 0.9560170546174049
vt 0.4273117780685425 0.962339498102665
vt 0.4308364987373352 0.9661678150296211
vt 0.43680405616760254 0.9560170546174049
vt 0.4308364987373352 0.9661678150296211
vt 0.43700850009918213 0.9634447172284126
vt 0.4469664692878723 0.952818252146244
vt 0.43680405616760254 0.9560170546174049
vt 0.43700850009918213 0.9634447172284126
vt 0.4469664692878723 0.952818252146244
vt 0.43700850009918213 0.9634447172284126
vt 0.44389277696609497 0.9601708725094795
vt 0.3977912664413452 0.9445635452866554
vt 0.3803948760032654 0.9626644626259804
vt 0.4030560255050659 0.9605809673666954
vt 0.3977912664413452 0.9445635452866554
vt 0.4030560255050659 0.9605809673666954
vt 0.4115191698074341 0.9485533162951469
vt 0.6173080801963806 0.5670551955699921
vt 0.5997053980827332 0.5491548776626587
vt 0.5860241055488586 0.5533016622066498
vt 0.6173080801963806 0.5670551955699921
vt 0.5860241055488586 0.5533016622066498
vt 0.5946245789527893 0.5652315020561218
vt 0.5946245789527893 0.5652315020561218
vt 0.5860241055488586 0.5533016622066498
vt 0.5764791369438171 0.5602639317512512
vt 0.5946245789527893 0.5652315020561218
vt 0.5764791369438171 0.5602639317512512
vt 0.5829245448112488 0.5686120986938477
vt 0.4115191698074341 0.9485533162951469
vt 0.4030560255050659 0.9605809673666954
vt 0.4147939085960388 0.9638272747397423
vt 0.4115191698074341 0.9485533162951469
vt 0.4147939085960388 0.9638272747397423
vt 0.42114323377609253 0.9554057344794273
vt 0.5997053980827332 0.5491548776626587
vt 0.5705490708351135 0.5285487771034241
vt 0.5659115314483643 0.539562314748764
vt 0.5997053980827332 0.5491548776626587
vt 0.5659115314483643 0.539562314748764
vt 0.5860241055488586 0.5533016622066498
vt 0.5705490708351135 0.5285487771034241
vt 0.5394718050956726 0.5101369619369507
vt 0.5445157885551453 0.5321574807167053
vt 0.5705490708351135 0.5285487771034241
vt 0.5445157885551453 0.5321574807167053
vt 0.5659115314483643 0.539562314748764
vt 0.5659115314483643 0.539562314748764
vt 0.5445157885551453 0.5321574807167053
vt 0.5472853779792786 0.5468684732913971
vt 0.5659115314483643 0.539562314748764
vt 0.5472853779792786 0.5468684732913971
vt 0.5620502829551697 0.5511809289455414
vt 0.5860241055488586 0.5533016622066498
vt 0.5659115314483643 0.539562314748764
vt 0.5620502829551697 0.5511809289455414
vt 0.5860241055488586 0.5533016622066498
vt 0.5620502829551697 0.5511809289455414
vt 0.5764791369438171 0.5602639317512512
vt 0.4575737714767456 0.9048580452799797
vt 0.42670953273773193 0.9236247166991234
vt 0.4314729571342468 0.9345844015479088
vt 0.4575737714767456 0.9048580452799797
vt 0.4314729571342468 0.9345844015479088
vt 0.45278245210647583 0.9269349053502083
vt 0.42670953273773193 0.9236247166991234
vt 0.3977912664413452 0.9445635452866554
vt 0.4115191698074341 0.9485533162951469
vt 0.42670953273773193 0.9236247166991234
vt 0.4115191698074341 0.9485533162951469
vt 0.4314729571342468 0.9345844015479088
vt 0.4314729571342468 0.9345844015479088
vt 0.4115191698074341 0.9485533162951469
vt 0.42114323377609253 0.9554057344794273
vt 0.4314729571342468 0.9345844015479088
vt 0.42114323377609253 0.9554057344794273
vt 0.43546706438064575 0.9461580142378807
vt 0.45278245210647583 0.9269349053502083
vt 0.4314729571342468 0.9345844015479088
vt 0.43546706438064575 0.9461580142378807
vt 0.45278245210647583 0.9269349053502083
vt 0.43546706438064575 0.9461580142378807
vt 0.4501817226409912 0.9416766837239265
vt 0.4308364987373352 0.9661678150296211
vt 0.4296001195907593 0.9707372896373272
vt 0.43814635276794434 0.9696980528533459
vt 0.4308364987373352 0.9661678150296211
vt 0.43814635276794434 0.9696980528533459
vt 0.43700850009918213 0.9634447172284126
vt 0.5681985020637512 0.5756913423538208
vt 0.566909909248352 0.5711363554000854
vt 0.5607070922851562 0.5684841275215149
vt 0.5681985020637512 0.5756913423538208
vt 0.5607070922851562 0.5684841275215149
vt 0.5596409440040588 0.5747501254081726
vt 0.5596409440040588 0.5747501254081726
vt 0.5607070922851562 0.5684841275215149
vt 0.5537857413291931 0.5652894079685211
vt 0.5596409440040588 0.5747501254081726
vt 0.5537857413291931 0.5652894079685211
vt 0.5501163601875305 0.57004714012146
vt 0.43700850009918213 0.9634447172284126
vt 0.43814635276794434 0.9696980528533459
vt 0.44761645793914795 0.9648862555623055
vt 0.43700850009918213 0.9634447172284126
vt 0.44761645793914795 0.9648862555623055
vt 0.44389277696609497 0.9601708725094795
vt 0.42114323377609253 0.9554057344794273
vt 0.4147939085960388 0.9638272747397423
vt 0.422730028629303 0.9684279970824718
vt 0.42114323377609253 0.9554057344794273
vt 0.422730028629303 0.9684279970824718
vt 0.4273117780685425 0.962339498102665
vt 0.5829245448112488 0.5686120986938477
vt 0.5764791369438171 0.5602639317512512
vt 0.570390522480011 0.5672678649425507
vt 0.5829245448112488 0.5686120986938477
vt 0.570390522480011 0.5672678649425507
vt 0.5750417113304138 0.5733034908771515
vt 0.5750417113304138 0.5733034908771515
vt 0.570390522480011 0.5672678649425507
vt 0.566909909248352 0.5711363554000854
vt 0.5750417113304138 0.5733034908771515
vt 0.566909909248352 0.5711363554000854
vt 0.5681985020637512 0.5756913423538208
vt 0.4273117780685425 0.962339498102665
vt 0.422730028629303 0.9684279970824718
vt 0.4296001195907593 0.9707372896373272
vt 0.4273117780685425 0.962339498102665
vt 0.4296001195907593 0.9707372896373272
vt 0.4308364987373352 0.9661678150296211
vt 0.5764791369438171 0.5602639317512512
vt 0.5620502829551697 0.5511809289455414
vt 0.5608264207839966 0.5610546171665192
vt 0.5764791369438171 0.5602639317512512
vt 0.5608264207839966 0.5610546171665192
vt 0.570390522480011 0.5672678649425507
vt 0.5620502829551697 0.5511809289455414
vt 0.5472853779792786 0.5468684732913971
vt 0.5506280064582825 0.5579725205898285
vt 0.5620502829551697 0.5511809289455414
vt 0.5506280064582825 0.5579725205898285
vt 0.5608264207839966 0.5610546171665192
vt 0.5608264207839966 0.5610546171665192
vt 0.5506280064582825 0.5579725205898285
vt 0.5537857413291931 0.5652894079685211
vt 0.5608264207839966 0.5610546171665192
vt 0.5537857413291931 0.5652894079685211
vt 0.5607070922851562 0.5684841275215149
vt 0.570390522480011 0.5672678649425507
vt 0.5608264207839966 0.5610546171665192
vt 0.5607070922851562 0.5684841275215149
vt 0.570390522480011 0.5672678649425507
vt 0.5607070922851562 0.5684841275215149
vt 0.566909909248352 0.5711363554000854
vt 0.5472853779792786 0.5468684732913971
vt 0.5343589186668396 0.551449179649353
vt 0.5414591431617737 0.5621391534805298
vt 0.5472853779792786 0.5468684732913971
vt 0.5414591431617737 0.5621391534805298
vt 0.5506280064582825 0.5579725205898285
vt 0.4631597399711609 0.9461089298129082
vt 0.4501817226409912 0.9416766837239265
vt 0.4469664692878723 0.952818252146244
vt 0.4631597399711609 0.9461089298129082
vt 0.4469664692878723 0.952818252146244
vt 0.45618247985839844 0.9568795785307884
vt 0.45618247985839844 0.9568795785307884
vt 0.4469664692878723 0.952818252146244
vt 0.44389277696609497 0.9601708725094795
vt 0.45618247985839844 0.9568795785307884
vt 0.44389277696609497 0.9601708725094795
vt 0.44761645793914795 0.9648862555623055
vt 0.5506280064582825 0.5579725205898285
vt 0.5414591431617737 0.5621391534805298
vt 0.5501163601875305 0.57004714012146
vt 0.5506280064582825 0.5579725205898285
vt 0.5501163601875305 0.57004714012146
vt 0.5537857413291931 0.5652894079685211
vt 0.8013776540756226 0.5479070842266083
vt 0.7869209051132202 0.5529298186302185
vt 0.7887651324272156 0.5616283118724823
vt 0.8013776540756226 0.5479070842266083
vt 0.7887651324272156 0.5616283118724823
vt 0.7989566326141357 0.5578658282756805
vt 0.7869209051132202 0.5529298186302185
vt 0.7737815976142883 0.5627482831478119
vt 0.7794748544692993 0.5687468647956848
vt 0.7869209051132202 0.5529298186302185
vt 0.7794748544692993 0.5687468647956848
vt 0.7887651324272156 0.5616283118724823
vt 0.7887651324272156 0.5616283118724823
vt 0.7794748544692993 0.5687468647956848
vt 0.7832448482513428 0.5712837874889374
vt 0.7887651324272156 0.5616283118724823
vt 0.7832448482513428 0.5712837874889374
vt 0.7899855971336365 0.5675728023052216
vt 0.7989566326141357 0.5578658282756805
vt 0.7887651324272156 0.5616283118724823
vt 0.7899855971336365 0.5675728023052216
vt 0.7989566326141357 0.5578658282756805
vt 0.7899855971336365 0.5675728023052216
vt 0.7971957325935364 0.56406369805336
vt 0.1839814931154251 0.9066709205508232
vt 0.1595831662416458 0.9193287119269371
vt 0.17475886642932892 0.9365159645676613
vt 0.1839814931154251 0.9066709205508232
vt 0.17475886642932892 0.9365159645676613
vt 0.19193454086780548 0.9303457960486412
vt 0.8376086354255676 0.5211921036243439
vt 0.813066840171814 0.5088147222995758
vt 0.8053856492042542 0.5325791537761688
vt 0.8376086354255676 0.5211921036243439
vt 0.8053856492042542 0.5325791537761688
vt 0.8226308226585388 0.5385521054267883
vt 0.8226308226585388 0.5385521054267883
vt 0.8053856492042542 0.5325791537761688
vt 0.8013776540756226 0.5479070842266083
vt 0.8226308226585388 0.5385521054267883
vt 0.8013776540756226 0.5479070842266083
vt 0.814230740070343 0.5519920289516449
vt 0.19193454086780548 0.9303457960486412
vt 0.17475886642932892 0.9365159645676613
vt 0.18331249058246613 0.9498587921261787
vt 0.19193454086780548 0.9303457960486412
vt 0.18331249058246613 0.9498587921261787
vt 0.19611789286136627 0.9456267729401588
vt 0.7532771229743958 0.5487748980522156
vt 0.7358629107475281 0.5665324032306671
vt 0.7567240595817566 0.5659813582897186
vt 0.7532771229743958 0.5487748980522156
vt 0.7567240595817566 0.5659813582897186
vt 0.7652003765106201 0.5545505583286285
vt 0.2618417739868164 0.9635001197457314
vt 0.24422521889209747 0.9459433779120445
vt 0.23236891627311707 0.9518552795052528
vt 0.2618417739868164 0.9635001197457314
vt 0.23236891627311707 0.9518552795052528
vt 0.24097563326358795 0.9631882086396217
vt 0.24097563326358795 0.9631882086396217
vt 0.23236891627311707 0.9518552795052528
vt 0.22388219833374023 0.9601508155465126
vt 0.24097563326358795 0.9631882086396217
vt 0.22388219833374023 0.9601508155465126
vt 0.230158731341362 0.9681916199624538
vt 0.7652003765106201 0.5545505583286285
vt 0.7567240595817566 0.5659813582897186
vt 0.7675976157188416 0.5708605349063873
vt 0.7652003765106201 0.5545505583286285
vt 0.7675976157188416 0.5708605349063873
vt 0.7737815976142883 0.5627482831478119
vt 0.813066840171814 0.5088147222995758
vt 0.7821560502052307 0.5279344916343689
vt 0.7845506072044373 0.5405831933021545
vt 0.813066840171814 0.5088147222995758
vt 0.7845506072044373 0.5405831933021545
vt 0.8053856492042542 0.5325791537761688
vt 0.7821560502052307 0.5279344916343689
vt 0.7532771229743958 0.5487748980522156
vt 0.7652003765106201 0.5545505583286285
vt 0.7821560502052307 0.5279344916343689
vt 0.7652003765106201 0.5545505583286285
vt 0.7845506072044373 0.5405831933021545
vt 0.7845506072044373 0.5405831933021545
vt 0.7652003765106201 0.5545505583286285
vt 0.7737815976142883 0.5627482831478119
vt 0.7845506072044373 0.5405831933021545
vt 0.7737815976142883 0.5627482831478119
vt 0.7869209051132202 0.5529298186302185
vt 0.8053856492042542 0.5325791537761688
vt 0.7845506072044373 0.5405831933021545
vt 0.7869209051132202 0.5529298186302185
vt 0.8053856492042542 0.5325791537761688
vt 0.7869209051132202 0.5529298186302185
vt 0.8013776540756226 0.5479070842266083
vt 0.7832448482513428 0.5712837874889374
vt 0.7820602059364319 0.576370507478714
vt 0.7922669649124146 0.5741891264915466
vt 0.7832448482513428 0.5712837874889374
vt 0.7922669649124146 0.5741891264915466
vt 0.7899855971336365 0.5675728023052216
vt 0.2157602459192276 0.9738670103251934
vt 0.21451736986637115 0.9687941484153271
vt 0.20773456990718842 0.9651607051491737
vt 0.2157602459192276 0.9738670103251934
vt 0.20773456990718842 0.9651607051491737
vt 0.20552918314933777 0.9718027226626873
vt 0.20552918314933777 0.9718027226626873
vt 0.20773456990718842 0.9651607051491737
vt 0.20048467814922333 0.96173445135355
vt 0.20552918314933777 0.9718027226626873
vt 0.20048467814922333 0.96173445135355
vt 0.19586651027202606 0.9661565348505974
vt 0.7899855971336365 0.5675728023052216
vt 0.7922669649124146 0.5741891264915466
vt 0.8018642067909241 0.5684325993061066
vt 0.7899855971336365 0.5675728023052216
vt 0.8018642067909241 0.5684325993061066
vt 0.7971957325935364 0.56406369805336
vt 0.7737815976142883 0.5627482831478119
vt 0.7675976157188416 0.5708605349063873
vt 0.7750188112258911 0.5751008093357086
vt 0.7737815976142883 0.5627482831478119
vt 0.7750188112258911 0.5751008093357086
vt 0.7794748544692993 0.5687468647956848
vt 0.230158731341362 0.9681916199624538
vt 0.22388219833374023 0.9601508155465126
vt 0.21825800836086273 0.9662142172455788
vt 0.230158731341362 0.9681916199624538
vt 0.21825800836086273 0.9662142172455788
vt 0.22278662025928497 0.9725167416036129
vt 0.22278662025928497 0.9725167416036129
vt 0.21825800836086273 0.9662142172455788
vt 0.21451736986637115 0.9687941484153271
vt 0.22278662025928497 0.9725167416036129
vt 0.21451736986637115 0.9687941484153271
vt 0.2157602459192276 0.9738670103251934
vt 0.7794748544692993 0.5687468647956848
vt 0.7750188112258911 0.5751008093357086
vt 0.7820602059364319 0.576370507478714
vt 0.7794748544692993 0.5687468647956848
vt 0.7820602059364319 0.576370507478714
vt 0.7832448482513428 0.5712837874889374
vt 0.22388219833374023 0.9601508155465126
vt 0.21063119173049927 0.950483538210392
vt 0.2088867872953415 0.9592026248574257
vt 0.22388219833374023 0.9601508155465126
vt 0.2088867872953415 0.9592026248574257
vt 0.21825800836086273 0.9662142172455788
vt 0.21063119173049927 0.950483538210392
vt 0.19611789286136627 0.9456267729401588
vt 0.19865289330482483 0.9555571153759956
vt 0.21063119173049927 0.950483538210392
vt 0.19865289330482483 0.9555571153759956
vt 0.2088867872953415 0.9592026248574257
vt 0.2088867872953415 0.9592026248574257
vt 0.19865289330482483 0.9555571153759956
vt 0.20048467814922333 0.96173445135355
vt 0.2088867872953415 0.9592026248574257
vt 0.20048467814922333 0.96173445135355
vt 0.20773456990718842 0.9651607051491737
vt 0.21825800836086273 0.9662142172455788
vt 0.2088867872953415 0.9592026248574257
vt 0.20773456990718842 0.9651607051491737
vt 0.21825800836086273 0.9662142172455788
vt 0.20773456990718842 0.9651607051491737
vt 0.21451736986637115 0.9687941484153271
vt 0.19611789286136627 0.9456267729401588
vt 0.18331249058246613 0.9498587921261787
vt 0.18909862637519836 0.9594082459807396
vt 0.19611789286136627 0.9456267729401588
vt 0.18909862637519836 0.9594082459807396
vt 0.19865289330482483 0.9555571153759956
vt 0.814230740070343 0.5519920289516449
vt 0.8013776540756226 0.5479070842266083
vt 0.7989566326141357 0.5578658282756805
vt 0.814230740070343 0.5519920289516449
vt 0.7989566326141357 0.5578658282756805
vt 0.8085543513298035 0.561607152223587
vt 0.8085543513298035 0.561607152223587
vt 0.7989566326141357 0.5578658282756805
vt 0.7971957325935364 0.56406369805336
vt 0.8085543513298035 0.561607152223587
vt 0.7971957325935364 0.56406369805336
vt 0.8018642067909241 0.5684325993061066
vt 0.19865289330482483 0.9555571153759956
vt 0.18909862637519836 0.9594082459807396
vt 0.19586651027202606 0.9661565348505974
vt 0.19865289330482483 0.9555571153759956
vt 0.19586651027202606 0.9661565348505974
vt 0.20048467814922333 0.96173445135355
vn 0.049714622179863756 -0.27118496547109117 0.9612425140639362
vn 0.02385881469200946 -0.07669672413301884 0.9967689649406003
vn 0.06156786695236544 -0.09430489008119121 0.9936377536435048
vn 0.049714622179863756 -0.27118496547109117 0.9612425140639362
vn 0.06156786695236544 -0.09430489008119121 0.9936377536435048
vn 0.019887109269804675 -0.22710134112022487 0.9736680562421086
vn 0.02385881469200946 -0.07669672413301884 0.9967689649406003
vn -0.009194028442073992 -0.06877029093988746 0.9975901547855459
vn 0.015083630710240346 -0.04273759485008125 0.9989724631194934
vn 0.02385881469200946 -0.07669672413301884 0.9967689649406003
vn 0.015083630710240346 -0.04273759485008125 0.9989724631194934
vn 0.02456945794102313 -0.039147558687719616 0.9989313341693091
vn 0.18066537810511196 -0.16965651491948447 0.968801676350486
vn 0.39804747395469575 -0.20707960890276916 0.8936868825572869
vn 0.0622913730903049 -0.01313439922741904 0.997971578951755
vn 0.18066537810511196 -0.16965651491948447 0.968801676350486
vn 0.0622913730903049 -0.01313439922741904 0.997971578951755
vn 0.013862074482037587 -0.03874898224341635 0.9991528207767588
vn 0.1244563161134033 -0.5759602487229731 0.807948276358364
vn 0.09002317324918803 -0.5855007971513806 0.8056578956438302
vn 0.09598061936174877 -0.5722435856693203 0.8144476652107576
vn 0.1244563161134033 -0.5759602487229731 0.807948276358364
vn 0.09598061936174877 -0.5722435856693203 0.8144476652107576
vn 0.12060340968969886 -0.561533466949992 0.8186177270657783
vn -0.17002163413920623 -0.1741863246312729 0.96992358886465
vn -0.01070308000484023 -0.09132375632158526 0.9957637348335827
vn -0.13124788673104595 -0.08599478033141114 0.9876127226723981
vn -0.17002163413920623 -0.1741863246312729 0.96992358886465
vn -0.13124788673104595 -0.08599478033141114 0.9876127226723981
vn -0.4089200884361406 -0.20029405873248327 0.8903182865188424
vn 0.0870381946744972 -0.5396188628397869 0.8373982538406081
vn -0.1192032020431409 -0.4308066491912863 0.8945368788570085
vn 0.12060340968969886 -0.561533466949992 0.8186177270657783
vn 0.0870381946744972 -0.5396188628397869 0.8373982538406081
vn 0.12060340968969886 -0.561533466949992 0.8186177270657783
vn 0.09598061936174877 -0.5722435856693203 0.8144476652107576
vn 0.0870381946744972 -0.5396188628397869 0.8373982538406081
vn 0.07734019711744222 -0.4915342010059071 0.8674172140044948
vn -0.13970763641842904 -0.4326938429114396 0.8906502201385831
vn 0.0870381946744972 -0.5396188628397869 0.8373982538406081
vn -0.13970763641842904 -0.4326938429114396 0.8906502201385831
vn -0.1192032020431409 -0.4308066491912863 0.8945368788570085
vn 0.07734019711744222 -0.4915342010059071 0.8674172140044948
vn 0.06517333979059292 -0.427708916625692 0.9015639291916114
vn -0.0876512044050822 -0.38338383320958336 0.9194205255484919
vn 0.07734019711744222 -0.4915342010059071 0.8674172140044948
vn -0.0876512044050822 -0.38338383320958336 0.9194205255484919
vn -0.13970763641842904 -0.4326938429114396 0.8906502201385831
vn 0.06517333979059292 -0.427708916625692 0.9015639291916114
vn 0.049714622179863756 -0.27118496547109117 0.9612425140639362
vn 0.019887109269804675 -0.22710134112022487 0.9736680562421086
vn 0.06517333979059292 -0.427708916625692 0.9015639291916114
vn 0.019887109269804675 -0.22710134112022487 0.9736680562421086
vn -0.0876512044050822 -0.38338383320958336 0.9194205255484919
vn -0.44063374460712174 -0.294830814887533 0.8478895527757486
vn -0.4614783408174401 -0.3356172262701019 0.8212178872790984
vn -0.5424965585426403 -0.3188342092645411 0.7772015381945964
vn -0.44063374460712174 -0.294830814887533 0.8478895527757486
vn -0.5424965585426403 -0.3188342092645411 0.7772015381945964
vn -0.5227875417322279 -0.31086138473324143 0.7937621719956839
vn -0.4614783408174401 -0.3356172262701019 0.8212178872790984
vn -0.39034249516900493 -0.31016353423662574 0.866851382011404
vn -0.526189313116414 -0.2901250859558756 0.7993448825514381
vn -0.4614783408174401 -0.3356172262701019 0.8212178872790984
vn -0.526189313116414 -0.2901250859558756 0.7993448825514381
vn -0.5424965585426403 -0.3188342092645411 0.7772015381945964
vn -0.39034249516900493 -0.31016353423662574 0.866851382011404
vn -0.17002163413920623 -0.1741863246312729 0.96992358886465
vn -0.4089200884361406 -0.20029405873248327 0.8903182865188424
vn -0.39034249516900493 -0.31016353423662574 0.866851382011404
vn -0.4089200884361406 -0.20029405873248327 0.8903182865188424
vn -0.526189313116414 -0.2901250859558756 0.7993448825514381
vn 0.38673093820839466 -0.3787712637605054 0.8408159793805803
vn 0.18066537810511196 -0.16965651491948447 0.968801676350486
vn 0.04723102423138163 -0.24652810723987134 0.9679840508452509
vn 0.38673093820839466 -0.3787712637605054 0.8408159793805803
vn 0.04723102423138163 -0.24652810723987134 0.9679840508452509
vn 0.16552322798481145 -0.4495993042480594 0.8777599481732742
vn 0.4347882856765889 -0.4555127020318922 0.776831593671381
vn 0.38673093820839466 -0.3787712637605054 0.8408159793805803
vn 0.16552322798481145 -0.4495993042480594 0.8777599481732742
vn 0.4347882856765889 -0.4555127020318922 0.776831593671381
vn 0.16552322798481145 -0.4495993042480594 0.8777599481732742
vn 0.225588078174609 -0.4848918432045039 0.8449792419812604
vn 0.3819464533512597 -0.4344322687808146 0.8157116589913056
vn 0.4347882856765889 -0.4555127020318922 0.776831593671381
vn 0.225588078174609 -0.4848918432045039 0.8449792419812604
vn 0.3819464533512597 -0.4344322687808146 0.8157116589913056
vn 0.225588078174609 -0.4848918432045039 0.8449792419812604
vn 0.12491180835195287 -0.5303868023150239 0.8385027609163186
vn 0.16552322798481145 -0.4495993042480594 0.8777599481732742
vn 0.04723102423138163 -0.24652810723987134 0.9679840508452509
vn 0.049714622179863756 -0.27118496547109117 0.9612425140639362
vn 0.16552322798481145 -0.4495993042480594 0.8777599481732742
vn 0.049714622179863756 -0.27118496547109117 0.9612425140639362
vn 0.06517333979059292 -0.427708916625692 0.9015639291916114
vn 0.225588078174609 -0.4848918432045039 0.8449792419812604
vn 0.16552322798481145 -0.4495993042480594 0.8777599481732742
vn 0.06517333979059292 -0.427708916625692 0.9015639291916114
vn 0.225588078174609 -0.4848918432045039 0.8449792419812604
vn 0.06517333979059292 -0.427708916625692 0.9015639291916114
vn 0.07734019711744222 -0.4915342010059071 0.8674172140044948
vn 0.12491180835195287 -0.5303868023150239 0.8385027609163186
vn 0.225588078174609 -0.4848918432045039 0.8449792419812604
vn 0.07734019711744222 -0.4915342010059071 0.8674172140044948
vn 0.12491180835195287 -0.5303868023150239 0.8385027609163186
vn 0.07734019711744222 -0.4915342010059071 0.8674172140044948
vn 0.0870381946744972 -0.5396188628397869 0.8373982538406081
vn 0.12491180835195287 -0.5303868023150239 0.8385027609163186
vn 0.0870381946744972 -0.5396188628397869 0.8373982538406081
vn 0.09598061936174877 -0.5722435856693203 0.8144476652107576
vn 0.12491180835195287 -0.5303868023150239 0.8385027609163186
vn 0.09598061936174877 -0.5722435856693203 0.8144476652107576
vn 0.09002317324918803 -0.5855007971513806 0.8056578956438302
vn 0.06156786695236544 -0.09430489008119121 0.9936377536435048
vn 0.02385881469200946 -0.07669672413301884 0.9967689649406003
vn 0.02456945794102313 -0.039147558687719616 0.9989313341693091
vn 0.06156786695236544 -0.09430489008119121 0.9936377536435048
vn 0.02456945794102313 -0.039147558687719616 0.9989313341693091
vn 0.03391834579575798 -0.03560447285202323 0.9987902018599347
vn 0.04723102423138163 -0.24652810723987134 0.9679840508452509
vn -0.009194028442073992 -0.06877029093988746 0.9975901547855459
vn 0.02385881469200946 -0.07669672413301884 0.9967689649406003
vn 0.04723102423138163 -0.24652810723987134 0.9679840508452509
vn 0.02385881469200946 -0.07669672413301884 0.9967689649406003
vn 0.049714622179863756 -0.27118496547109117 0.9612425140639362
vn -0.0876512044050822 -0.38338383320958336 0.9194205255484919
vn 0.019887109269804675 -0.22710134112022487 0.9736680562421086
vn -0.17002163413920623 -0.1741863246312729 0.96992358886465
vn -0.0876512044050822 -0.38338383320958336 0.9194205255484919
vn -0.17002163413920623 -0.1741863246312729 0.96992358886465
vn -0.39034249516900493 -0.31016353423662574 0.866851382011404
vn -0.13970763641842904 -0.4326938429114396 0.8906502201385831
vn -0.0876512044050822 -0.38338383320958336 0.9194205255484919
vn -0.39034249516900493 -0.31016353423662574 0.866851382011404
vn -0.13970763641842904 -0.4326938429114396 0.8906502201385831
vn -0.39034249516900493 -0.31016353423662574 0.866851382011404
vn -0.4614783408174401 -0.3356172262701019 0.8212178872790984
vn -0.1192032020431409 -0.4308066491912863 0.8945368788570085
vn -0.13970763641842904 -0.4326938429114396 0.8906502201385831
vn -0.4614783408174401 -0.3356172262701019 0.8212178872790984
vn -0.1192032020431409 -0.4308066491912863 0.8945368788570085
vn -0.4614783408174401 -0.3356172262701019 0.8212178872790984
vn -0.44063374460712174 -0.294830814887533 0.8478895527757486
vn 0.019887109269804675 -0.22710134112022487 0.9736680562421086
vn 0.06156786695236544 -0.09430489008119121 0.9936377536435048
vn -0.01070308000484023 -0.09132375632158526 0.9957637348335827
vn 0.019887109269804675 -0.22710134112022487 0.9736680562421086
vn -0.01070308000484023 -0.09132375632158526 0.9957637348335827
vn -0.17002163413920623 -0.1741863246312729 0.96992358886465
vn 0.5013974146681455 -0.4131567060524052 0.7601987692755272
vn 0.5039308514870019 -0.342998161084279 0.7927206055177247
vn 0.38673093820839466 -0.3787712637605054 0.8408159793805803
vn 0.5013974146681455 -0.4131567060524052 0.7601987692755272
vn 0.38673093820839466 -0.3787712637605054 0.8408159793805803
vn 0.4347882856765889 -0.4555127020318922 0.776831593671381
vn 0.5039308514870019 -0.342998161084279 0.7927206055177247
vn 0.39804747395469575 -0.20707960890276916 0.8936868825572869
vn 0.18066537810511196 -0.16965651491948447 0.968801676350486
vn 0.5039308514870019 -0.342998161084279 0.7927206055177247
vn 0.18066537810511196 -0.16965651491948447 0.968801676350486
vn 0.38673093820839466 -0.3787712637605054 0.8408159793805803
vn 0.04723102423138163 -0.24652810723987134 0.9679840508452509
vn 0.18066537810511196 -0.16965651491948447 0.968801676350486
vn 0.013862074482037587 -0.03874898224341635 0.9991528207767588
vn 0.04723102423138163 -0.24652810723987134 0.9679840508452509
vn 0.013862074482037587 -0.03874898224341635 0.9991528207767588
vn -0.009194028442073992 -0.06877029093988746 0.9975901547855459
vn 0.4905548754655251 -0.45859394814391125 0.7409773983616389
vn 0.5013974146681455 -0.4131567060524052 0.7601987692755272
vn 0.4347882856765889 -0.4555127020318922 0.776831593671381
vn 0.4905548754655251 -0.45859394814391125 0.7409773983616389
vn 0.4347882856765889 -0.4555127020318922 0.776831593671381
vn 0.3819464533512597 -0.4344322687808146 0.8157116589913056
vn -0.176086601552234 0.1672620243358418 -0.9700602682147439
vn -0.01052381179227177 0.03338278516557045 -0.9993872317775278
vn -0.056204311307928405 0.010602646796174389 -0.9983629897343536
vn -0.176086601552234 0.1672620243358418 -0.9700602682147439
vn -0.056204311307928405 0.010602646796174389 -0.9983629897343536
vn -0.38675511961483494 0.20747366085611482 -0.8985405708718313
vn -0.12059870478643452 0.5496000034483368 -0.8266775602454822
vn -0.11720605216928794 0.5466769861860015 -0.8291001230909814
vn -0.09476357056455932 0.563242544708406 -0.8208396320379854
vn -0.12059870478643452 0.5496000034483368 -0.8266775602454822
vn -0.09476357056455932 0.563242544708406 -0.8208396320379854
vn -0.08919964673843096 0.570856239014879 -0.8161902825931747
vn 0.16153918931323685 0.17494358253777265 -0.9712362396682239
vn 0.39555715155045 0.21652811691295246 -0.8925525835733294
vn 0.11089883879400703 0.08707994895875232 -0.9900093585635855
vn 0.16153918931323685 0.17494358253777265 -0.9712362396682239
vn 0.11089883879400703 0.08707994895875232 -0.9900093585635855
vn 0.0036394752290520756 0.08005901249020571 -0.9967834813735379
vn -0.08599664213970774 0.5408909538110408 -0.8366848592069046
vn -0.09476357056455932 0.563242544708406 -0.8208396320379854
vn -0.11720605216928794 0.5466769861860015 -0.8291001230909814
vn -0.08599664213970774 0.5408909538110408 -0.8366848592069046
vn -0.11720605216928794 0.5466769861860015 -0.8291001230909814
vn 0.12400932456842675 0.43407998370647793 -0.8922982994298859
vn -0.08599664213970774 0.5408909538110408 -0.8366848592069046
vn 0.12400932456842675 0.43407998370647793 -0.8922982994298859
vn 0.1434847621112385 0.4355851579584255 -0.8886381114988343
vn -0.08599664213970774 0.5408909538110408 -0.8366848592069046
vn 0.1434847621112385 0.4355851579584255 -0.8886381114988343
vn -0.07631295099040299 0.4941625743991009 -0.8660136740112073
vn 0.44277813088693674 0.3027120925966886 -0.843986324417644
vn 0.5180475128792449 0.32569506275080606 -0.7909168733181617
vn 0.5347747277219154 0.32874220650354136 -0.7784244036855054
vn 0.44277813088693674 0.3027120925966886 -0.843986324417644
vn 0.5347747277219154 0.32874220650354136 -0.7784244036855054
vn 0.45948705640519566 0.342708560663377 -0.8194037389737278
vn 0.45948705640519566 0.342708560663377 -0.8194037389737278
vn 0.5347747277219154 0.32874220650354136 -0.7784244036855054
vn 0.5162179935342953 0.30177821149020334 -0.8015290975511743
vn 0.45948705640519566 0.342708560663377 -0.8194037389737278
vn 0.5162179935342953 0.30177821149020334 -0.8015290975511743
vn 0.3859543984437099 0.31787175374863635 -0.8660235276773491
vn 0.3859543984437099 0.31787175374863635 -0.8660235276773491
vn 0.5162179935342953 0.30177821149020334 -0.8015290975511743
vn 0.39555715155045 0.21652811691295246 -0.8925525835733294
vn 0.3859543984437099 0.31787175374863635 -0.8660235276773491
vn 0.39555715155045 0.21652811691295246 -0.8925525835733294
vn 0.16153918931323685 0.17494358253777265 -0.9712362396682239
vn -0.4227069845305977 0.4575453921544241 -0.7822857657833889
vn -0.22095844909612708 0.48934806037256484 -0.8436325263896851
vn -0.1626811883228917 0.44730166181442593 -0.8794635036793196
vn -0.4227069845305977 0.4575453921544241 -0.7822857657833889
vn -0.1626811883228917 0.44730166181442593 -0.8794635036793196
vn -0.3784792125806429 0.3753953164435483 -0.8460684617905249
vn -0.3742013684480667 0.44713157714319435 -0.8124325747857688
vn -0.12480341232911493 0.5343811588153672 -0.835978998165716
vn -0.22095844909612708 0.48934806037256484 -0.8436325263896851
vn -0.3742013684480667 0.44713157714319435 -0.8124325747857688
vn -0.22095844909612708 0.48934806037256484 -0.8436325263896851
vn -0.4227069845305977 0.4575453921544241 -0.7822857657833889
vn -0.12480341232911493 0.5343811588153672 -0.835978998165716
vn -0.08599664213970774 0.5408909538110408 -0.8366848592069046
vn -0.07631295099040299 0.4941625743991009 -0.8660136740112073
vn -0.12480341232911493 0.5343811588153672 -0.835978998165716
vn -0.07631295099040299 0.4941625743991009 -0.8660136740112073
vn -0.22095844909612708 0.48934806037256484 -0.8436325263896851
vn -0.12480341232911493 0.5343811588153672 -0.835978998165716
vn -0.08919964673843096 0.570856239014879 -0.8161902825931747
vn -0.09476357056455932 0.563242544708406 -0.8208396320379854
vn -0.12480341232911493 0.5343811588153672 -0.835978998165716
vn -0.09476357056455932 0.563242544708406 -0.8208396320379854
vn -0.08599664213970774 0.5408909538110408 -0.8366848592069046
vn 0.0901671496979426 0.38308102686539136 -0.9193034384636589
vn 0.3859543984437099 0.31787175374863635 -0.8660235276773491
vn 0.16153918931323685 0.17494358253777265 -0.9712362396682239
vn 0.0901671496979426 0.38308102686539136 -0.9193034384636589
vn 0.16153918931323685 0.17494358253777265 -0.9712362396682239
vn -0.019674235226525803 0.21895011012063817 -0.9755376844317248
vn 0.1434847621112385 0.4355851579584255 -0.8886381114988343
vn 0.45948705640519566 0.342708560663377 -0.8194037389737278
vn 0.3859543984437099 0.31787175374863635 -0.8660235276773491
vn 0.1434847621112385 0.4355851579584255 -0.8886381114988343
vn 0.3859543984437099 0.31787175374863635 -0.8660235276773491
vn 0.0901671496979426 0.38308102686539136 -0.9193034384636589
vn 0.12400932456842675 0.43407998370647793 -0.8922982994298859
vn 0.44277813088693674 0.3027120925966886 -0.843986324417644
vn 0.45948705640519566 0.342708560663377 -0.8194037389737278
vn 0.12400932456842675 0.43407998370647793 -0.8922982994298859
vn 0.45948705640519566 0.342708560663377 -0.8194037389737278
vn 0.1434847621112385 0.4355851579584255 -0.8886381114988343
vn -0.4891647901928594 0.4102252644466677 -0.7696967197833425
vn -0.4227069845305977 0.4575453921544241 -0.7822857657833889
vn -0.3784792125806429 0.3753953164435483 -0.8460684617905249
vn -0.4891647901928594 0.4102252644466677 -0.7696967197833425
vn -0.3784792125806429 0.3753953164435483 -0.8460684617905249
vn -0.49172848409066594 0.33862038731006494 -0.802209032130577
vn -0.49172848409066594 0.33862038731006494 -0.802209032130577
vn -0.3784792125806429 0.3753953164435483 -0.8460684617905249
vn -0.176086601552234 0.1672620243358418 -0.9700602682147439
vn -0.49172848409066594 0.33862038731006494 -0.802209032130577
vn -0.176086601552234 0.1672620243358418 -0.9700602682147439
vn -0.38675511961483494 0.20747366085611482 -0.8985405708718313
vn -0.4769402725764256 0.4655427968262896 -0.7455185314382741
vn -0.3742013684480667 0.44713157714319435 -0.8124325747857688
vn -0.4227069845305977 0.4575453921544241 -0.7822857657833889
vn -0.4769402725764256 0.4655427968262896 -0.7455185314382741
vn -0.4227069845305977 0.4575453921544241 -0.7822857657833889
vn -0.4891647901928594 0.4102252644466677 -0.7696967197833425
vn 0.3654576252809795 0.9032050413483299 0.22508082416533998
vn 0.3801473016799179 0.8977212168377834 0.2226761007938818
vn 0.5335132203025588 0.8217601900258781 0.20018449952737608
vn 0.3654576252809795 0.9032050413483299 0.22508082416533998
vn 0.5335132203025588 0.8217601900258781 0.20018449952737608
vn 0.5309386072721739 0.8233205947327941 0.2006175306316041
vn -0.9154234615756932 -0.39387523984169187 -0.08283828484719692
vn -0.8561548585897741 -0.5053917484319818 -0.10760129520590551
vn -0.3096361006743915 -0.9265759135805424 -0.21350072958081814
vn -0.9154234615756932 -0.39387523984169187 -0.08283828484719692
vn -0.3096361006743915 -0.9265759135805424 -0.21350072958081814
vn -0.47081453111510385 -0.8605194195005442 -0.19452507795477483
vn 0.9951998274343666 0.09504641007370798 0.023312730571669237
vn 0.9951998274343666 0.09504641007370798 0.023312730571669237
vn 0.9951998274343666 0.09504641007370798 0.023312730571669237
vn 0.9951998274343666 0.09504641007370798 0.023312730571669237
vn 0.9951998274343666 0.09504641007370798 0.023312730571669237
vn 0.9951998274343666 0.09504641007370798 0.023312730571669237
vn 0.9264364601497502 -0.36840240525668877 -0.07742837403876308
vn 0.8375205910262727 -0.5348093193883042 -0.11197433412359047
vn 0.9721743744892897 0.22790125780842693 0.054203341923680384
vn 0.9264364601497502 -0.36840240525668877 -0.07742837403876308
vn 0.9721743744892897 0.22790125780842693 0.054203341923680384
vn 0.9711913578384873 0.23184064341757973 0.055111364704187094
vn -0.47081453111510385 -0.8605194195005442 -0.19452507795477483
vn -0.3096361006743915 -0.9265759135805424 -0.21350072958081814
vn 0.3396734439866297 -0.914690274997039 -0.2190060553411775
vn -0.47081453111510385 -0.8605194195005442 -0.19452507795477483
vn 0.3396734439866297 -0.914690274997039 -0.2190060553411775
vn 0.3050926784968072 -0.9262048199369882 -0.22150189401703776
vn 0.5309386072721739 0.8233205947327941 0.2006175306316041
vn 0.5335132203025588 0.8217601900258781 0.20018449952737608
vn 0.6913334210026106 0.7043824733478502 0.16094543250801568
vn 0.5309386072721739 0.8233205947327941 0.2006175306316041
vn 0.6913334210026106 0.7043824733478502 0.16094543250801568
vn 0.7118097081370591 0.6857453556270591 0.15192184384660629
vn -0.9787372798603493 0.2008017098114233 0.041857022688827274
vn -0.9787372798603493 0.2008017098114233 0.041857022688827274
vn -0.9236139030839752 0.3733675712898291 0.08679870240458513
vn -0.9787372798603493 0.2008017098114233 0.041857022688827274
vn -0.9236139030839752 0.3733675712898291 0.08679870240458513
vn -0.9479046815405793 0.3106712521708824 0.07042789069700404
vn 0.7118097081370591 0.6857453556270591 0.15192184384660629
vn 0.6913334210026106 0.7043824733478502 0.16094543250801568
vn 0.7468388963490894 0.6510532037678538 0.1355042020148727
vn 0.7118097081370591 0.6857453556270591 0.15192184384660629
vn 0.7468388963490894 0.6510532037678538 0.1355042020148727
vn 0.7468388963490894 0.6510532037678538 0.1355042020148727
vn 0.6220692695056445 -0.7609728123234073 -0.1842558081616916
vn 0.6211374916082905 -0.7617009093961571 -0.1843907295490433
vn 0.6143523898742101 -0.7669499242288286 -0.18536168638971978
vn 0.6220692695056445 -0.7609728123234073 -0.1842558081616916
vn 0.6143523898742101 -0.7669499242288286 -0.18536168638971978
vn 0.6143523898742101 -0.7669499242288286 -0.18536168638971978
vn -0.9479046815405793 0.3106712521708824 0.07042789069700404
vn -0.9236139030839752 0.3733675712898291 0.08679870240458513
vn -0.6947723128437852 0.6994691457514173 0.167434606481097
vn -0.9479046815405793 0.3106712521708824 0.07042789069700404
vn -0.6947723128437852 0.6994691457514173 0.167434606481097
vn -0.7295293523212046 0.6651656809570797 0.15919026659538035
vn 0.6824626606067677 0.710418000378942 0.17190398952647148
vn 0.56674575052225 0.8000835611972769 0.19663557502866819
vn 0.3801473016799179 0.8977212168377834 0.2226761007938818
vn 0.6824626606067677 0.710418000378942 0.17190398952647148
vn 0.3801473016799179 0.8977212168377834 0.2226761007938818
vn 0.3654576252809795 0.9032050413483299 0.22508082416533998
vn 0.47005737547185533 -0.862824751043277 -0.18595567415816655
vn 0.3474121912575183 -0.915967324122025 -0.2007700936553723
vn 0.8375205910262727 -0.5348093193883042 -0.11197433412359047
vn 0.47005737547185533 -0.862824751043277 -0.18595567415816655
vn 0.8375205910262727 -0.5348093193883042 -0.11197433412359047
vn 0.9264364601497502 -0.36840240525668877 -0.07742837403876308
vn -0.9999590712713459 -0.00877892395818533 -0.002187755992719459
vn -0.9999590712713459 -0.00877892395818533 -0.002187755992719459
vn -0.9999590712713459 -0.00877892395818533 -0.002187755992719459
vn -0.9999590712713459 -0.00877892395818533 -0.002187755992719459
vn -0.9999590712713459 -0.00877892395818533 -0.002187755992719459
vn -0.9999590712713459 -0.00877892395818533 -0.002187755992719459
vn -0.7295293523212046 0.6651656809570797 0.15919026659538035
vn -0.6947723128437852 0.6994691457514173 0.167434606481097
vn -0.4712183411225106 0.8598315560899299 0.19657815275792742
vn -0.7295293523212046 0.6651656809570797 0.15919026659538035
vn -0.4712183411225106 0.8598315560899299 0.19657815275792742
vn -0.45145942101717446 0.8708459974214519 0.19445215336908542
vn -0.0972318311638541 -0.9688198809364276 -0.22789034492678734
vn -0.12617587825970605 -0.9653770202501991 -0.22831306690209036
vn 0.3474121912575183 -0.915967324122025 -0.2007700936553723
vn -0.0972318311638541 -0.9688198809364276 -0.22789034492678734
vn 0.3474121912575183 -0.915967324122025 -0.2007700936553723
vn 0.47005737547185533 -0.862824751043277 -0.18595567415816655
vn 0.03989253148051008 -0.971512609735933 -0.23360615372064455
vn 0.039898361470490334 -0.9715123095390175 -0.23360640651774597
vn 0.04021359369683625 -0.9714959931553421 -0.23362020923948623
vn 0.03989253148051008 -0.971512609735933 -0.23360615372064455
vn 0.04021359369683625 -0.9714959931553421 -0.23362020923948623
vn 0.04021359369683625 -0.9714959931553421 -0.23362020923948623
vn 0.3050926784968072 -0.9262048199369882 -0.22150189401703776
vn 0.3396734439866297 -0.914690274997039 -0.2190060553411775
vn 0.6211374916082905 -0.7617009093961571 -0.1843907295490433
vn 0.3050926784968072 -0.9262048199369882 -0.22150189401703776
vn 0.6211374916082905 -0.7617009093961571 -0.1843907295490433
vn 0.6220692695056445 -0.7609728123234073 -0.1842558081616916
vn 0.03957732738566812 -0.9715288262317064 -0.2335923264104591
vn 0.03957732738566812 -0.9715288262317064 -0.2335923264104591
vn 0.039898361470490334 -0.9715123095390175 -0.23360640651774597
vn 0.03957732738566812 -0.9715288262317064 -0.2335923264104591
vn 0.039898361470490334 -0.9715123095390175 -0.23360640651774597
vn 0.03989253148051008 -0.971512609735933 -0.23360615372064455
vn -0.45145942101717446 0.8708459974214519 0.19445215336908542
vn -0.4712183411225106 0.8598315560899299 0.19657815275792742
vn -0.6532718593386424 0.7414106055952268 0.15344768394196165
vn -0.45145942101717446 0.8708459974214519 0.19445215336908542
vn -0.6532718593386424 0.7414106055952268 0.15344768394196165
vn -0.7065881425346057 0.6931894189739776 0.14220276457233533
vn 0.9711913578384873 0.23184064341757973 0.055111364704187094
vn 0.9721743744892897 0.22790125780842693 0.054203341923680384
vn 0.56674575052225 0.8000835611972769 0.19663557502866819
vn 0.9711913578384873 0.23184064341757973 0.055111364704187094
vn 0.56674575052225 0.8000835611972769 0.19663557502866819
vn 0.6824626606067677 0.710418000378942 0.17190398952647148
vn -0.7065881425346057 0.6931894189739776 0.14220276457233533
vn -0.6532718593386424 0.7414106055952268 0.15344768394196165
vn -0.9935546322395218 0.1113809689736772 0.021058786904124466
vn -0.7065881425346057 0.6931894189739776 0.14220276457233533
vn -0.9935546322395218 0.1113809689736772 0.021058786904124466
vn -0.9817740985805417 0.1866398727816104 0.03584936881493584
vn -0.3748924104151644 -0.8995966251310521 -0.22401248328146608
vn -0.3749524627697111 -0.8995735597523853 -0.2240046009736185
vn -0.12617587825970605 -0.9653770202501991 -0.22831306690209036
vn -0.3748924104151644 -0.8995966251310521 -0.22401248328146608
vn -0.12617587825970605 -0.9653770202501991 -0.22831306690209036
vn -0.0972318311638541 -0.9688198809364276 -0.22789034492678734
vn -0.9817740985805417 0.1866398727816104 0.03584936881493584
vn -0.9935546322395218 0.1113809689736772 0.021058786904124466
vn -0.8561548585897741 -0.5053917484319818 -0.10760129520590551
vn -0.9817740985805417 0.1866398727816104 0.03584936881493584
vn -0.8561548585897741 -0.5053917484319818 -0.10760129520590551
vn -0.9154234615756932 -0.39387523984169187 -0.08283828484719692
vn -0.04874334617042849 0.2647810734838889 -0.9630758377868429
vn -0.019674235226525803 0.21895011012063817 -0.9755376844317248
vn -0.059637803632498515 0.08411376739379114 -0.9946698982640999
vn -0.04874334617042849 0.2647810734838889 -0.9630758377868429
vn -0.059637803632498515 0.08411376739379114 -0.9946698982640999
vn -0.016877044850625664 0.07199707457245276 -0.9972620451065599
vn -0.016877044850625664 0.07199707457245276 -0.9972620451065599
vn -0.013788887451029349 0.04429735506556045 -0.9989232257371226
vn -0.0010293607512694904 0.046213890351497845 -0.9989310370366032
vn -0.016877044850625664 0.07199707457245276 -0.9972620451065599
vn -0.0010293607512694904 0.046213890351497845 -0.9989310370366032
vn 0.01595004574476579 0.06310667771504565 -0.9978793229987829
vn -0.07631295099040299 0.4941625743991009 -0.8660136740112073
vn 0.1434847621112385 0.4355851579584255 -0.8886381114988343
vn 0.0901671496979426 0.38308102686539136 -0.9193034384636589
vn -0.07631295099040299 0.4941625743991009 -0.8660136740112073
vn 0.0901671496979426 0.38308102686539136 -0.9193034384636589
vn -0.0648068986994415 0.42848992159438326 -0.9012194255413047
vn -0.0648068986994415 0.42848992159438326 -0.9012194255413047
vn 0.0901671496979426 0.38308102686539136 -0.9193034384636589
vn -0.019674235226525803 0.21895011012063817 -0.9755376844317248
vn -0.0648068986994415 0.42848992159438326 -0.9012194255413047
vn -0.019674235226525803 0.21895011012063817 -0.9755376844317248
vn -0.04874334617042849 0.2647810734838889 -0.9630758377868429
vn -0.3784792125806429 0.3753953164435483 -0.8460684617905249
vn -0.1626811883228917 0.44730166181442593 -0.8794635036793196
vn -0.04722557089901344 0.24188593597119334 -0.9691547551514165
vn -0.3784792125806429 0.3753953164435483 -0.8460684617905249
vn -0.04722557089901344 0.24188593597119334 -0.9691547551514165
vn -0.176086601552234 0.1672620243358418 -0.9700602682147439
vn -0.1626811883228917 0.44730166181442593 -0.8794635036793196
vn -0.0648068986994415 0.42848992159438326 -0.9012194255413047
vn -0.04874334617042849 0.2647810734838889 -0.9630758377868429
vn -0.1626811883228917 0.44730166181442593 -0.8794635036793196
vn -0.04874334617042849 0.2647810734838889 -0.9630758377868429
vn -0.04722557089901344 0.24188593597119334 -0.9691547551514165
vn -0.22095844909612708 0.48934806037256484 -0.8436325263896851
vn -0.07631295099040299 0.4941625743991009 -0.8660136740112073
vn -0.0648068986994415 0.42848992159438326 -0.9012194255413047
vn -0.22095844909612708 0.48934806037256484 -0.8436325263896851
vn -0.0648068986994415 0.42848992159438326 -0.9012194255413047
vn -0.1626811883228917 0.44730166181442593 -0.8794635036793196
vn -0.059637803632498515 0.08411376739379114 -0.9946698982640999
vn -0.02636545680428546 0.04240074842826383 -0.9987527417835831
vn -0.013788887451029349 0.04429735506556045 -0.9989232257371226
vn -0.059637803632498515 0.08411376739379114 -0.9946698982640999
vn -0.013788887451029349 0.04429735506556045 -0.9989232257371226
vn -0.016877044850625664 0.07199707457245276 -0.9972620451065599
vn -0.04722557089901344 0.24188593597119334 -0.9691547551514165
vn -0.04874334617042849 0.2647810734838889 -0.9630758377868429
vn -0.016877044850625664 0.07199707457245276 -0.9972620451065599
vn -0.04722557089901344 0.24188593597119334 -0.9691547551514165
vn -0.016877044850625664 0.07199707457245276 -0.9972620451065599
vn 0.01595004574476579 0.06310667771504565 -0.9978793229987829
vn -0.019674235226525803 0.21895011012063817 -0.9755376844317248
vn 0.16153918931323685 0.17494358253777265 -0.9712362396682239
vn 0.0036394752290520756 0.08005901249020571 -0.9967834813735379
vn -0.019674235226525803 0.21895011012063817 -0.9755376844317248
vn 0.0036394752290520756 0.08005901249020571 -0.9967834813735379
vn -0.059637803632498515 0.08411376739379114 -0.9946698982640999
vn -0.04722557089901344 0.24188593597119334 -0.9691547551514165
vn 0.01595004574476579 0.06310667771504565 -0.9978793229987829
vn -0.01052381179227177 0.03338278516557045 -0.9993872317775278
vn -0.04722557089901344 0.24188593597119334 -0.9691547551514165
vn -0.01052381179227177 0.03338278516557045 -0.9993872317775278
vn -0.176086601552234 0.1672620243358418 -0.9700602682147439
vn -0.3698554032329479 -0.9015162585292944 -0.22466734588438958
vn -0.3698554032329479 -0.9015162585292944 -0.22466734588438958
vn -0.3749524627697111 -0.8995735597523853 -0.2240046009736185
vn -0.3698554032329479 -0.9015162585292944 -0.22466734588438958
vn -0.3749524627697111 -0.8995735597523853 -0.2240046009736185
vn -0.3748924104151644 -0.8995966251310521 -0.22401248328146608
vn -0.04700032836793846 -0.9957821482494739 -0.07879646160183167
vn -0.02100218623950104 -0.9973387451540019 -0.06981644210214569
vn 0.00278004694503638 -0.9999961356620144 1.4624111238160566e-7
vn -0.04700032836793846 -0.9957821482494739 -0.07879646160183167
vn 0.00278004694503638 -0.9999961356620144 1.4624111238160566e-7
vn 0.028319394822244555 -0.9839229124896076 -0.17633409810603712
vn -0.000006879137570122717 -0.9963767651123552 -0.08504905582613004
vn 0.021361599934158128 -0.997365665522808 -0.06932107388449268
vn 0.00278004694503638 -0.9999961356620144 1.4624111238160566e-7
vn -0.000006879137570122717 -0.9963767651123552 -0.08504905582613004
vn 0.00278004694503638 -0.9999961356620144 1.4624111238160566e-7
vn -0.02100218623950104 -0.9973387451540019 -0.06981644210214569
vn 0.04756594005157196 -0.9958628711062467 -0.07742495268990196
vn -0.020578895956987545 -0.9871807327614595 -0.15827416057505803
vn 0.00278004694503638 -0.9999961356620144 1.4624111238160566e-7
vn 0.04756594005157196 -0.9958628711062467 -0.07742495268990196
vn 0.00278004694503638 -0.9999961356620144 1.4624111238160566e-7
vn 0.021361599934158128 -0.997365665522808 -0.06932107388449268
vn -0.2180645859559113 -0.8739596678236419 -0.4343297541839224
vn -0.20368584867044465 -0.9790362991490082 1.2180257413090718e-7
vn 0.00278004694503638 -0.9999961356620144 1.4624111238160566e-7
vn -0.2180645859559113 -0.8739596678236419 -0.4343297541839224
vn 0.00278004694503638 -0.9999961356620144 1.4624111238160566e-7
vn -0.020578895956987545 -0.9871807327614595 -0.15827416057505803
vn -0.21806465409616416 -0.8739595255996473 0.43433000615610173
vn -0.020578853182827775 -0.987180693428905 0.15827441145967192
vn 0.00278004694503638 -0.9999961356620144 1.4624111238160566e-7
vn -0.21806465409616416 -0.8739595255996473 0.43433000615610173
vn 0.00278004694503638 -0.9999961356620144 1.4624111238160566e-7
vn -0.20368584867044465 -0.9790362991490082 1.2180257413090718e-7
vn 0.0475660143339276 -0.9958628456225215 0.07742523483334525
vn 0.021361612933625294 -0.9973656450718098 0.06932136411934432
vn 0.00278004694503638 -0.9999961356620144 1.4624111238160566e-7
vn 0.0475660143339276 -0.9958628456225215 0.07742523483334525
vn 0.00278004694503638 -0.9999961356620144 1.4624111238160566e-7
vn -0.020578853182827775 -0.987180693428905 0.15827441145967192
vn -0.000006887450797437584 -0.9963767409953317 0.08504933836359245
vn -0.0210021639194682 -0.9973387278988178 0.06981669530898567
vn 0.00278004694503638 -0.9999961356620144 1.4624111238160566e-7
vn -0.000006887450797437584 -0.9963767409953317 0.08504933836359245
vn 0.00278004694503638 -0.9999961356620144 1.4624111238160566e-7
vn 0.021361612933625294 -0.9973656450718098 0.06932136411934432
vn -0.04700030243129102 -0.9957821300497064 0.07879670706975328
vn 0.02831933347866469 -0.9839228694035466 0.17633434837267487
vn 0.00278004694503638 -0.9999961356620144 1.4624111238160566e-7
vn -0.04700030243129102 -0.9957821300497064 0.07879670706975328
vn 0.00278004694503638 -0.9999961356620144 1.4624111238160566e-7
vn -0.0210021639194682 -0.9973387278988178 0.06981669530898567
vn 0.25063877459474515 -0.8308421904355981 0.49687167283094513
vn 0.2522132008444303 -0.9676716908744409 8.567284868197992e-8
vn 0.00278004694503638 -0.9999961356620144 1.4624111238160566e-7
vn 0.25063877459474515 -0.8308421904355981 0.49687167283094513
vn 0.00278004694503638 -0.9999961356620144 1.4624111238160566e-7
vn 0.02831933347866469 -0.9839228694035466 0.17633434837267487
vn 0.2506387708833046 -0.8308423116507443 -0.4968714720135924
vn 0.028319394822244555 -0.9839229124896076 -0.17633409810603712
vn 0.00278004694503638 -0.9999961356620144 1.4624111238160566e-7
vn 0.2506387708833046 -0.8308423116507443 -0.4968714720135924
vn 0.00278004694503638 -0.9999961356620144 1.4624111238160566e-7
vn 0.2522132008444303 -0.9676716908744409 8.567284868197992e-8
vn 0.5910979284955754 -0.7440236005519781 -0.31149979253590215
vn 0.4312521465176982 -0.8641599956547784 -0.25932429125288475
vn 0.687386768323937 -0.6653654168227991 -0.2911842935829421
vn 0.5910979284955754 -0.7440236005519781 -0.31149979253590215
vn 0.687386768323937 -0.6653654168227991 -0.2911842935829421
vn 0.7824280262271597 -0.6161547039641462 -0.0903314151174805
vn 0.4312521465176982 -0.8641599956547784 -0.25932429125288475
vn 0.31509159530078223 -0.8797855151364044 -0.3559420373136327
vn 0.502089018570661 -0.6718162000594742 -0.5445820514563431
vn 0.4312521465176982 -0.8641599956547784 -0.25932429125288475
vn 0.502089018570661 -0.6718162000594742 -0.5445820514563431
vn 0.687386768323937 -0.6653654168227991 -0.2911842935829421
vn 0.687386768323937 -0.6653654168227991 -0.2911842935829421
vn 0.502089018570661 -0.6718162000594742 -0.5445820514563431
vn 0.6103934054872464 -0.4458821557921065 -0.6546823609078419
vn 0.687386768323937 -0.6653654168227991 -0.2911842935829421
vn 0.6103934054872464 -0.4458821557921065 -0.6546823609078419
vn 0.825882569676939 -0.45883793519711136 -0.32769762026579835
vn 0.7824280262271597 -0.6161547039641462 -0.0903314151174805
vn 0.687386768323937 -0.6653654168227991 -0.2911842935829421
vn 0.825882569676939 -0.45883793519711136 -0.32769762026579835
vn 0.7824280262271597 -0.6161547039641462 -0.0903314151174805
vn 0.825882569676939 -0.45883793519711136 -0.32769762026579835
vn 0.8922615206669554 -0.44795551989997356 -0.05661475892588935
vn 0.25063877459474515 -0.8308421904355981 0.49687167283094513
vn 0.02831933347866469 -0.9839228694035466 0.17633434837267487
vn -0.1350534533005828 -0.961884958397386 0.2377769786174564
vn 0.25063877459474515 -0.8308421904355981 0.49687167283094513
vn -0.1350534533005828 -0.961884958397386 0.2377769786174564
vn -0.037807258155200474 -0.7946268643558831 0.6059197617463247
vn 0.02831933347866469 -0.9839228694035466 0.17633434837267487
vn -0.04700030243129102 -0.9957821300497064 0.07879670706975328
vn -0.1361667801817714 -0.9759405884563858 0.1702896819491211
vn 0.02831933347866469 -0.9839228694035466 0.17633434837267487
vn -0.1361667801817714 -0.9759405884563858 0.1702896819491211
vn -0.1350534533005828 -0.961884958397386 0.2377769786174564
vn -0.1350534533005828 -0.961884958397386 0.2377769786174564
vn -0.1361667801817714 -0.9759405884563858 0.1702896819491211
vn -0.315720130058685 -0.879716527182383 0.3555553842622756
vn -0.1350534533005828 -0.961884958397386 0.2377769786174564
vn -0.315720130058685 -0.879716527182383 0.3555553842622756
vn -0.4332456542315742 -0.8644921640469784 0.25485584433327707
vn -0.037807258155200474 -0.7946268643558831 0.6059197617463247
vn -0.1350534533005828 -0.961884958397386 0.2377769786174564
vn -0.4332456542315742 -0.8644921640469784 0.25485584433327707
vn -0.037807258155200474 -0.7946268643558831 0.6059197617463247
vn -0.4332456542315742 -0.8644921640469784 0.25485584433327707
vn -0.5784660060503952 -0.7635555843127821 0.2869842321607055
vn -0.2180645859559113 -0.8739596678236419 -0.4343297541839224
vn -0.020578895956987545 -0.9871807327614595 -0.15827416057505803
vn 0.1329804015208906 -0.963792830422818 -0.2311267895266916
vn -0.2180645859559113 -0.8739596678236419 -0.4343297541839224
vn 0.1329804015208906 -0.963792830422818 -0.2311267895266916
vn 0.03181219373357422 -0.8094446873134552 -0.5863337637471339
vn -0.020578895956987545 -0.9871807327614595 -0.15827416057505803
vn 0.04756594005157196 -0.9958628711062467 -0.07742495268990196
vn 0.13602701839904546 -0.97608443291525 -0.16957544069227853
vn -0.020578895956987545 -0.9871807327614595 -0.15827416057505803
vn 0.13602701839904546 -0.97608443291525 -0.16957544069227853
vn 0.1329804015208906 -0.963792830422818 -0.2311267895266916
vn 0.1329804015208906 -0.963792830422818 -0.2311267895266916
vn 0.13602701839904546 -0.97608443291525 -0.16957544069227853
vn 0.31509159530078223 -0.8797855151364044 -0.3559420373136327
vn 0.1329804015208906 -0.963792830422818 -0.2311267895266916
vn 0.31509159530078223 -0.8797855151364044 -0.3559420373136327
vn 0.4312521465176982 -0.8641599956547784 -0.25932429125288475
vn 0.03181219373357422 -0.8094446873134552 -0.5863337637471339
vn 0.1329804015208906 -0.963792830422818 -0.2311267895266916
vn 0.4312521465176982 -0.8641599956547784 -0.25932429125288475
vn 0.03181219373357422 -0.8094446873134552 -0.5863337637471339
vn 0.4312521465176982 -0.8641599956547784 -0.25932429125288475
vn 0.5910979284955754 -0.7440236005519781 -0.31149979253590215
vn -0.04700030243129102 -0.9957821300497064 0.07879670706975328
vn -0.0210021639194682 -0.9973387278988178 0.06981669530898567
vn -0.0834284083267962 -0.9752118733611825 0.2049426815951976
vn -0.04700030243129102 -0.9957821300497064 0.07879670706975328
vn -0.0834284083267962 -0.9752118733611825 0.2049426815951976
vn -0.1361667801817714 -0.9759405884563858 0.1702896819491211
vn -0.0210021639194682 -0.9973387278988178 0.06981669530898567
vn -0.000006887450797437584 -0.9963767409953317 0.08504933836359245
vn -0.000012911835402346103 -0.9742710641163235 0.2253794432927087
vn -0.0210021639194682 -0.9973387278988178 0.06981669530898567
vn -0.000012911835402346103 -0.9742710641163235 0.2253794432927087
vn -0.0834284083267962 -0.9752118733611825 0.2049426815951976
vn -0.0834284083267962 -0.9752118733611825 0.2049426815951976
vn -0.000012911835402346103 -0.9742710641163235 0.2253794432927087
vn -0.00002573682088157761 -0.8687322908866885 0.4952819460755479
vn -0.0834284083267962 -0.9752118733611825 0.2049426815951976
vn -0.00002573682088157761 -0.8687322908866885 0.4952819460755479
vn -0.18828390834182981 -0.8726502392591947 0.45058931387727774
vn -0.1361667801817714 -0.9759405884563858 0.1702896819491211
vn -0.0834284083267962 -0.9752118733611825 0.2049426815951976
vn -0.18828390834182981 -0.8726502392591947 0.45058931387727774
vn -0.1361667801817714 -0.9759405884563858 0.1702896819491211
vn -0.18828390834182981 -0.8726502392591947 0.45058931387727774
vn -0.315720130058685 -0.879716527182383 0.3555553842622756
vn -0.000006879137570122717 -0.9963767651123552 -0.08504905582613004
vn -0.02100218623950104 -0.9973387451540019 -0.06981644210214569
vn -0.08342846062741072 -0.975211930145962 -0.20494239009616333
vn -0.000006879137570122717 -0.9963767651123552 -0.08504905582613004
vn -0.08342846062741072 -0.975211930145962 -0.20494239009616333
vn -0.000012955561176531209 -0.9742711246791879 -0.22537918148867178
vn -0.02100218623950104 -0.9973387451540019 -0.06981644210214569
vn -0.04700032836793846 -0.9957821482494739 -0.07879646160183167
vn -0.13616682371086447 -0.9759406257990689 -0.17028943312905903
vn -0.02100218623950104 -0.9973387451540019 -0.06981644210214569
vn -0.13616682371086447 -0.9759406257990689 -0.17028943312905903
vn -0.08342846062741072 -0.975211930145962 -0.20494239009616333
vn -0.08342846062741072 -0.975211930145962 -0.20494239009616333
vn -0.13616682371086447 -0.9759406257990689 -0.17028943312905903
vn -0.31572013992255427 -0.8797165906062452 -0.3555552185799086
vn -0.08342846062741072 -0.975211930145962 -0.20494239009616333
vn -0.31572013992255427 -0.8797165906062452 -0.3555552185799086
vn -0.1882839389756995 -0.8726502449852674 -0.4505892899869547
vn -0.000012955561176531209 -0.9742711246791879 -0.22537918148867178
vn -0.08342846062741072 -0.975211930145962 -0.20494239009616333
vn -0.1882839389756995 -0.8726502449852674 -0.4505892899869547
vn -0.000012955561176531209 -0.9742711246791879 -0.22537918148867178
vn -0.1882839389756995 -0.8726502449852674 -0.4505892899869547
vn -0.000025872147665524694 -0.8687323452385723 -0.4952818507344299
vn 0.04756594005157196 -0.9958628711062467 -0.07742495268990196
vn 0.021361599934158128 -0.997365665522808 -0.06932107388449268
vn 0.08333728784571744 -0.9752143735709164 -0.20496785610237742
vn 0.04756594005157196 -0.9958628711062467 -0.07742495268990196
vn 0.08333728784571744 -0.9752143735709164 -0.20496785610237742
vn 0.13602701839904546 -0.97608443291525 -0.16957544069227853
vn 0.021361599934158128 -0.997365665522808 -0.06932107388449268
vn -0.000006879137570122717 -0.9963767651123552 -0.08504905582613004
vn -0.000012955561176531209 -0.9742711246791879 -0.22537918148867178
vn 0.021361599934158128 -0.997365665522808 -0.06932107388449268
vn -0.000012955561176531209 -0.9742711246791879 -0.22537918148867178
vn 0.08333728784571744 -0.9752143735709164 -0.20496785610237742
vn 0.08333728784571744 -0.9752143735709164 -0.20496785610237742
vn -0.000012955561176531209 -0.9742711246791879 -0.22537918148867178
vn -0.000025872147665524694 -0.8687323452385723 -0.4952818507344299
vn 0.08333728784571744 -0.9752143735709164 -0.20496785610237742
vn -0.000025872147665524694 -0.8687323452385723 -0.4952818507344299
vn 0.188094536662429 -0.8726635662213225 -0.4506425917150194
vn 0.13602701839904546 -0.97608443291525 -0.16957544069227853
vn 0.08333728784571744 -0.9752143735709164 -0.20496785610237742
vn 0.188094536662429 -0.8726635662213225 -0.4506425917150194
vn 0.13602701839904546 -0.97608443291525 -0.16957544069227853
vn 0.188094536662429 -0.8726635662213225 -0.4506425917150194
vn 0.31509159530078223 -0.8797855151364044 -0.3559420373136327
vn -0.000006887450797437584 -0.9963767409953317 0.08504933836359245
vn 0.021361612933625294 -0.9973656450718098 0.06932136411934432
vn 0.08333728095594985 -0.975214325055029 0.20496808973675232
vn -0.000006887450797437584 -0.9963767409953317 0.08504933836359245
vn 0.08333728095594985 -0.975214325055029 0.20496808973675232
vn -0.000012911835402346103 -0.9742710641163235 0.2253794432927087
vn 0.021361612933625294 -0.9973656450718098 0.06932136411934432
vn 0.0475660143339276 -0.9958628456225215 0.07742523483334525
vn 0.13602699017933534 -0.9760843987035859 0.169575660252909
vn 0.021361612933625294 -0.9973656450718098 0.06932136411934432
vn 0.13602699017933534 -0.9760843987035859 0.169575660252909
vn 0.08333728095594985 -0.975214325055029 0.20496808973675232
vn 0.08333728095594985 -0.975214325055029 0.20496808973675232
vn 0.13602699017933534 -0.9760843987035859 0.169575660252909
vn 0.3150915349289279 -0.8797854173462528 0.3559423324655442
vn 0.08333728095594985 -0.975214325055029 0.20496808973675232
vn 0.3150915349289279 -0.8797854173462528 0.3559423324655442
vn 0.1880945938373947 -0.872663374248509 0.4506429396033538
vn -0.000012911835402346103 -0.9742710641163235 0.2253794432927087
vn 0.08333728095594985 -0.975214325055029 0.20496808973675232
vn 0.1880945938373947 -0.872663374248509 0.4506429396033538
vn -0.000012911835402346103 -0.9742710641163235 0.2253794432927087
vn 0.1880945938373947 -0.872663374248509 0.4506429396033538
vn -0.00002573682088157761 -0.8687322908866885 0.4952819460755479
vn 0.6103934054872464 -0.4458821557921065 -0.6546823609078419
vn 0.3528823648236381 -0.4270908955947936 -0.8325066987697541
vn 0.379902712873924 -0.2339350326919803 -0.8949571661428467
vn 0.6103934054872464 -0.4458821557921065 -0.6546823609078419
vn 0.379902712873924 -0.2339350326919803 -0.8949571661428467
vn 0.6594947619809142 -0.2488601368213414 -0.7093203022760596
vn 0.3528823648236381 -0.4270908955947936 -0.8325066987697541
vn -0.000043919772791392806 -0.4234604731366346 -0.9059145797270021
vn -0.000046772641416742926 -0.23183351801518054 -0.9727554768476122
vn 0.3528823648236381 -0.4270908955947936 -0.8325066987697541
vn -0.000046772641416742926 -0.23183351801518054 -0.9727554768476122
vn 0.379902712873924 -0.2339350326919803 -0.8949571661428467
vn 0.379902712873924 -0.2339350326919803 -0.8949571661428467
vn -0.000046772641416742926 -0.23183351801518054 -0.9727554768476122
vn -0.00004788781341385 -0.04371949792642087 -0.9990438444872273
vn 0.379902712873924 -0.2339350326919803 -0.8949571661428467
vn -0.00004788781341385 -0.04371949792642087 -0.9990438444872273
vn 0.39059646659177 -0.044134028953363054 -0.9195034463091306
vn 0.6594947619809142 -0.2488601368213414 -0.7093203022760596
vn 0.379902712873924 -0.2339350326919803 -0.8949571661428467
vn 0.39059646659177 -0.044134028953363054 -0.9195034463091306
vn 0.6594947619809142 -0.2488601368213414 -0.7093203022760596
vn 0.39059646659177 -0.044134028953363054 -0.9195034463091306
vn 0.6759759451850906 -0.05127653967327254 -0.735137564004356
vn -0.315720130058685 -0.879716527182383 0.3555553842622756
vn -0.18828390834182981 -0.8726502392591947 0.45058931387727774
vn -0.2939739661057281 -0.6558586479366261 0.6952904006088454
vn -0.315720130058685 -0.879716527182383 0.3555553842622756
vn -0.2939739661057281 -0.6558586479366261 0.6952904006088454
vn -0.5028055310222296 -0.6719302630443235 0.5437796608725266
vn -0.18828390834182981 -0.8726502392591947 0.45058931387727774
vn -0.00002573682088157761 -0.8687322908866885 0.4952819460755479
vn -0.000037495103106383016 -0.6504866535876851 0.7595176838615494
vn -0.18828390834182981 -0.8726502392591947 0.45058931387727774
vn -0.000037495103106383016 -0.6504866535876851 0.7595176838615494
vn -0.2939739661057281 -0.6558586479366261 0.6952904006088454
vn -0.2939739661057281 -0.6558586479366261 0.6952904006088454
vn -0.000037495103106383016 -0.6504866535876851 0.7595176838615494
vn -0.00004390490224288961 -0.4234600356286336 0.9059147842362194
vn -0.2939739661057281 -0.6558586479366261 0.6952904006088454
vn -0.00004390490224288961 -0.4234600356286336 0.9059147842362194
vn -0.35321150192163686 -0.4270817315318888 0.8323718096511828
vn -0.5028055310222296 -0.6719302630443235 0.5437796608725266
vn -0.2939739661057281 -0.6558586479366261 0.6952904006088454
vn -0.35321150192163686 -0.4270817315318888 0.8323718096511828
vn -0.5028055310222296 -0.6719302630443235 0.5437796608725266
vn -0.35321150192163686 -0.4270817315318888 0.8323718096511828
vn -0.6112221215075004 -0.44586467495471155 0.6539206448854477
vn -0.000025872147665524694 -0.8687323452385723 -0.4952818507344299
vn -0.1882839389756995 -0.8726502449852674 -0.4505892899869547
vn -0.2939738851163015 -0.6558589131577037 -0.6952901846719995
vn -0.000025872147665524694 -0.8687323452385723 -0.4952818507344299
vn -0.2939738851163015 -0.6558589131577037 -0.6952901846719995
vn -0.000037597288351702066 -0.6504868871290654 -0.7595174838406173
vn -0.1882839389756995 -0.8726502449852674 -0.4505892899869547
vn -0.31572013992255427 -0.8797165906062452 -0.3555552185799086
vn -0.5028054462115439 -0.6719304946924093 -0.5437794530528204
vn -0.1882839389756995 -0.8726502449852674 -0.4505892899869547
vn -0.5028054462115439 -0.6719304946924093 -0.5437794530528204
vn -0.2939738851163015 -0.6558589131577037 -0.6952901846719995
vn -0.2939738851163015 -0.6558589131577037 -0.6952901846719995
vn -0.5028054462115439 -0.6719304946924093 -0.5437794530528204
vn -0.6112221897055479 -0.44586500595493406 -0.6539203554534465
vn -0.2939738851163015 -0.6558589131577037 -0.6952901846719995
vn -0.6112221897055479 -0.44586500595493406 -0.6539203554534465
vn -0.3532114317427288 -0.4270821572682582 -0.8323716209898933
vn -0.000037597288351702066 -0.6504868871290654 -0.7595174838406173
vn -0.2939738851163015 -0.6558589131577037 -0.6952901846719995
vn -0.3532114317427288 -0.4270821572682582 -0.8323716209898933
vn -0.000037597288351702066 -0.6504868871290654 -0.7595174838406173
vn -0.3532114317427288 -0.4270821572682582 -0.8323716209898933
vn -0.000043919772791392806 -0.4234604731366346 -0.9059145797270021
vn 0.31509159530078223 -0.8797855151364044 -0.3559420373136327
vn 0.188094536662429 -0.8726635662213225 -0.4506425917150194
vn 0.2936942880661597 -0.6558750846352456 -0.695393082013347
vn 0.31509159530078223 -0.8797855151364044 -0.3559420373136327
vn 0.2936942880661597 -0.6558750846352456 -0.695393082013347
vn 0.502089018570661 -0.6718162000594742 -0.5445820514563431
vn 0.188094536662429 -0.8726635662213225 -0.4506425917150194
vn -0.000025872147665524694 -0.8687323452385723 -0.4952818507344299
vn -0.000037597288351702066 -0.6504868871290654 -0.7595174838406173
vn 0.188094536662429 -0.8726635662213225 -0.4506425917150194
vn -0.000037597288351702066 -0.6504868871290654 -0.7595174838406173
vn 0.2936942880661597 -0.6558750846352456 -0.695393082013347
vn 0.2936942880661597 -0.6558750846352456 -0.695393082013347
vn -0.000037597288351702066 -0.6504868871290654 -0.7595174838406173
vn -0.000043919772791392806 -0.4234604731366346 -0.9059145797270021
vn 0.2936942880661597 -0.6558750846352456 -0.695393082013347
vn -0.000043919772791392806 -0.4234604731366346 -0.9059145797270021
vn 0.3528823648236381 -0.4270908955947936 -0.8325066987697541
vn 0.502089018570661 -0.6718162000594742 -0.5445820514563431
vn 0.2936942880661597 -0.6558750846352456 -0.695393082013347
vn 0.3528823648236381 -0.4270908955947936 -0.8325066987697541
vn 0.502089018570661 -0.6718162000594742 -0.5445820514563431
vn 0.3528823648236381 -0.4270908955947936 -0.8325066987697541
vn 0.6103934054872464 -0.4458821557921065 -0.6546823609078419
vn -0.00002573682088157761 -0.8687322908866885 0.4952819460755479
vn 0.1880945938373947 -0.872663374248509 0.4506429396033538
vn 0.29369440709075834 -0.65587471854437 0.695393377030549
vn -0.00002573682088157761 -0.8687322908866885 0.4952819460755479
vn 0.29369440709075834 -0.65587471854437 0.695393377030549
vn -0.000037495103106383016 -0.6504866535876851 0.7595176838615494
vn 0.1880945938373947 -0.872663374248509 0.4506429396033538
vn 0.3150915349289279 -0.8797854173462528 0.3559423324655442
vn 0.5020891517464441 -0.6718158935943981 0.5445823067383815
vn 0.1880945938373947 -0.872663374248509 0.4506429396033538
vn 0.5020891517464441 -0.6718158935943981 0.5445823067383815
vn 0.29369440709075834 -0.65587471854437 0.695393377030549
vn 0.29369440709075834 -0.65587471854437 0.695393377030549
vn 0.5020891517464441 -0.6718158935943981 0.5445823067383815
vn 0.610393495989254 -0.44588198869949136 0.6546823903293895
vn 0.29369440709075834 -0.65587471854437 0.695393377030549
vn 0.610393495989254 -0.44588198869949136 0.6546823903293895
vn 0.3528823387324797 -0.42709067637706427 0.832506822291852
vn -0.000037495103106383016 -0.6504866535876851 0.7595176838615494
vn 0.29369440709075834 -0.65587471854437 0.695393377030549
vn 0.3528823387324797 -0.42709067637706427 0.832506822291852
vn -0.000037495103106383016 -0.6504866535876851 0.7595176838615494
vn 0.3528823387324797 -0.42709067637706427 0.832506822291852
vn -0.00004390490224288961 -0.4234600356286336 0.9059147842362194
vn -0.5784660060503952 -0.7635555843127821 0.2869842321607055
vn -0.4332456542315742 -0.8644921640469784 0.25485584433327707
vn -0.6870056874472055 -0.6672234863841128 0.28781244697306313
vn -0.5784660060503952 -0.7635555843127821 0.2869842321607055
vn -0.6870056874472055 -0.6672234863841128 0.28781244697306313
vn -0.7771311603390074 -0.6235018154160631 0.08551400939624704
vn -0.4332456542315742 -0.8644921640469784 0.25485584433327707
vn -0.315720130058685 -0.879716527182383 0.3555553842622756
vn -0.5028055310222296 -0.6719302630443235 0.5437796608725266
vn -0.4332456542315742 -0.8644921640469784 0.25485584433327707
vn -0.5028055310222296 -0.6719302630443235 0.5437796608725266
vn -0.6870056874472055 -0.6672234863841128 0.28781244697306313
vn -0.6870056874472055 -0.6672234863841128 0.28781244697306313
vn -0.5028055310222296 -0.6719302630443235 0.5437796608725266
vn -0.6112221215075004 -0.44586467495471155 0.6539206448854477
vn -0.6870056874472055 -0.6672234863841128 0.28781244697306313
vn -0.6112221215075004 -0.44586467495471155 0.6539206448854477
vn -0.8264995308305785 -0.458676225687704 0.32636581549806326
vn -0.7771311603390074 -0.6235018154160631 0.08551400939624704
vn -0.6870056874472055 -0.6672234863841128 0.28781244697306313
vn -0.8264995308305785 -0.458676225687704 0.32636581549806326
vn -0.7771311603390074 -0.6235018154160631 0.08551400939624704
vn -0.8264995308305785 -0.458676225687704 0.32636581549806326
vn -0.8923845875946975 -0.4478277636886184 0.05567801983810603
vn 0.876390528264969 -0.3368665303884246 -0.34418103182992704
vn 0.8885197538676793 -0.09587807496060363 -0.4487093064878059
vn 0.8606427054850487 0.16323124913422554 -0.4823377372769585
vn 0.876390528264969 -0.3368665303884246 -0.34418103182992704
vn 0.8606427054850487 0.16323124913422554 -0.4823377372769585
vn 0.8253348315671212 0.13799028407449473 -0.5475226911307988
vn 0.8885197538676793 -0.09587807496060363 -0.4487093064878059
vn 0.6759759451850906 -0.05127653967327254 -0.735137564004356
vn 0.6647527845548673 0.16312476774041954 -0.7290363815175374
vn 0.8885197538676793 -0.09587807496060363 -0.4487093064878059
vn 0.6647527845548673 0.16312476774041954 -0.7290363815175374
vn 0.8606427054850487 0.16323124913422554 -0.4823377372769585
vn 0.8606427054850487 0.16323124913422554 -0.4823377372769585
vn 0.6647527845548673 0.16312476774041954 -0.7290363815175374
vn 0.6233889143664925 0.3840371285488228 -0.6811033294155453
vn 0.8606427054850487 0.16323124913422554 -0.4823377372769585
vn 0.6233889143664925 0.3840371285488228 -0.6811033294155453
vn 0.8033424693265288 0.4236658137081278 -0.41850705522294973
vn 0.8253348315671212 0.13799028407449473 -0.5475226911307988
vn 0.8606427054850487 0.16323124913422554 -0.4823377372769585
vn 0.8033424693265288 0.4236658137081278 -0.41850705522294973
vn 0.8253348315671212 0.13799028407449473 -0.5475226911307988
vn 0.8033424693265288 0.4236658137081278 -0.41850705522294973
vn 0.7806602144470224 0.555038076637916 -0.2872322458597085
vn -0.00004390490224288961 -0.4234600356286336 0.9059147842362194
vn 0.3528823387324797 -0.42709067637706427 0.832506822291852
vn 0.3799027194954411 -0.23393472177268046 0.894957244603957
vn -0.00004390490224288961 -0.4234600356286336 0.9059147842362194
vn 0.3799027194954411 -0.23393472177268046 0.894957244603957
vn -0.00004679248298772897 -0.23183300347179236 0.972755599475897
vn 0.3528823387324797 -0.42709067637706427 0.832506822291852
vn 0.610393495989254 -0.44588198869949136 0.6546823903293895
vn 0.6594947218702408 -0.24886000558445476 0.7093203856127347
vn 0.3528823387324797 -0.42709067637706427 0.832506822291852
vn 0.6594947218702408 -0.24886000558445476 0.7093203856127347
vn 0.3799027194954411 -0.23393472177268046 0.894957244603957
vn 0.3799027194954411 -0.23393472177268046 0.894957244603957
vn 0.6594947218702408 -0.24886000558445476 0.7093203856127347
vn 0.6759758518610472 -0.05127631428998022 0.7351376655386164
vn 0.3799027194954411 -0.23393472177268046 0.894957244603957
vn 0.6759758518610472 -0.05127631428998022 0.7351376655386164
vn 0.39059649396649254 -0.04413365865761423 0.9195034524538648
vn -0.00004679248298772897 -0.23183300347179236 0.972755599475897
vn 0.3799027194954411 -0.23393472177268046 0.894957244603957
vn 0.39059649396649254 -0.04413365865761423 0.9195034524538648
vn -0.00004679248298772897 -0.23183300347179236 0.972755599475897
vn 0.39059649396649254 -0.04413365865761423 0.9195034524538648
vn -0.00004786792928227751 -0.043719096726346746 0.9990438620451526
vn -0.8923845875946975 -0.4478277636886184 0.05567801983810603
vn -0.8264995308305785 -0.458676225687704 0.32636581549806326
vn -0.8840895119731919 -0.28004617835804924 0.37411211261606453
vn -0.8923845875946975 -0.4478277636886184 0.05567801983810603
vn -0.8840895119731919 -0.28004617835804924 0.37411211261606453
vn -0.9406127999994994 -0.3267521274703607 0.09209021484769611
vn -0.8264995308305785 -0.458676225687704 0.32636581549806326
vn -0.6112221215075004 -0.44586467495471155 0.6539206448854477
vn -0.6606368100773025 -0.2485473211333006 0.7083665959998016
vn -0.8264995308305785 -0.458676225687704 0.32636581549806326
vn -0.6606368100773025 -0.2485473211333006 0.7083665959998016
vn -0.8840895119731919 -0.28004617835804924 0.37411211261606453
vn -0.8840895119731919 -0.28004617835804924 0.37411211261606453
vn -0.6606368100773025 -0.2485473211333006 0.7083665959998016
vn -0.6776459566299606 -0.050792811477203784 0.7336320929221313
vn -0.8840895119731919 -0.28004617835804924 0.37411211261606453
vn -0.6776459566299606 -0.050792811477203784 0.7336320929221313
vn -0.8960486840501205 -0.08870650690394526 0.435003346475573
vn -0.9406127999994994 -0.3267521274703607 0.09209021484769611
vn -0.8840895119731919 -0.28004617835804924 0.37411211261606453
vn -0.8960486840501205 -0.08870650690394526 0.435003346475573
vn -0.9406127999994994 -0.3267521274703607 0.09209021484769611
vn -0.8960486840501205 -0.08870650690394526 0.435003346475573
vn -0.8878881362852004 -0.31648683223578156 0.33390229478899075
vn 0.8922615206669554 -0.44795551989997356 -0.05661475892588935
vn 0.825882569676939 -0.45883793519711136 -0.32769762026579835
vn 0.8806240568961315 -0.2844515158608329 -0.37893087171708933
vn 0.8922615206669554 -0.44795551989997356 -0.05661475892588935
vn 0.8806240568961315 -0.2844515158608329 -0.37893087171708933
vn 0.9357654033608143 -0.3386557712343359 -0.09826178546438805
vn 0.825882569676939 -0.45883793519711136 -0.32769762026579835
vn 0.6103934054872464 -0.4458821557921065 -0.6546823609078419
vn 0.6594947619809142 -0.2488601368213414 -0.7093203022760596
vn 0.825882569676939 -0.45883793519711136 -0.32769762026579835
vn 0.6594947619809142 -0.2488601368213414 -0.7093203022760596
vn 0.8806240568961315 -0.2844515158608329 -0.37893087171708933
vn 0.8806240568961315 -0.2844515158608329 -0.37893087171708933
vn 0.6594947619809142 -0.2488601368213414 -0.7093203022760596
vn 0.6759759451850906 -0.05127653967327254 -0.735137564004356
vn 0.8806240568961315 -0.2844515158608329 -0.37893087171708933
vn 0.6759759451850906 -0.05127653967327254 -0.735137564004356
vn 0.8885197538676793 -0.09587807496060363 -0.4487093064878059
vn 0.9357654033608143 -0.3386557712343359 -0.09826178546438805
vn 0.8806240568961315 -0.2844515158608329 -0.37893087171708933
vn 0.8885197538676793 -0.09587807496060363 -0.4487093064878059
vn 0.9357654033608143 -0.3386557712343359 -0.09826178546438805
vn 0.8885197538676793 -0.09587807496060363 -0.4487093064878059
vn 0.876390528264969 -0.3368665303884246 -0.34418103182992704
vn -0.6112221215075004 -0.44586467495471155 0.6539206448854477
vn -0.35321150192163686 -0.4270817315318888 0.8323718096511828
vn -0.3802552108748781 -0.2339298575612475 0.8948088043508939
vn -0.6112221215075004 -0.44586467495471155 0.6539206448854477
vn -0.3802552108748781 -0.2339298575612475 0.8948088043508939
vn -0.6606368100773025 -0.2485473211333006 0.7083665959998016
vn -0.35321150192163686 -0.4270817315318888 0.8323718096511828
vn -0.00004390490224288961 -0.4234600356286336 0.9059147842362194
vn -0.00004679248298772897 -0.23183300347179236 0.972755599475897
vn -0.35321150192163686 -0.4270817315318888 0.8323718096511828
vn -0.00004679248298772897 -0.23183300347179236 0.972755599475897
vn -0.3802552108748781 -0.2339298575612475 0.8948088043508939
vn -0.3802552108748781 -0.2339298575612475 0.8948088043508939
vn -0.00004679248298772897 -0.23183300347179236 0.972755599475897
vn -0.00004786792928227751 -0.043719096726346746 0.9990438620451526
vn -0.3802552108748781 -0.2339298575612475 0.8948088043508939
vn -0.00004786792928227751 -0.043719096726346746 0.9990438620451526
vn -0.390958066221853 -0.04413281794726389 0.9193498163572466
vn -0.6606368100773025 -0.2485473211333006 0.7083665959998016
vn -0.3802552108748781 -0.2339298575612475 0.8948088043508939
vn -0.390958066221853 -0.04413281794726389 0.9193498163572466
vn -0.6606368100773025 -0.2485473211333006 0.7083665959998016
vn -0.390958066221853 -0.04413281794726389 0.9193498163572466
vn -0.6776459566299606 -0.050792811477203784 0.7336320929221313
vn -0.000043919772791392806 -0.4234604731366346 -0.9059145797270021
vn -0.3532114317427288 -0.4270821572682582 -0.8323716209898933
vn -0.3802551334683613 -0.23393034381338781 -0.8948087101242975
vn -0.000043919772791392806 -0.4234604731366346 -0.9059145797270021
vn -0.3802551334683613 -0.23393034381338781 -0.8948087101242975
vn -0.000046772641416742926 -0.23183351801518054 -0.9727554768476122
vn -0.3532114317427288 -0.4270821572682582 -0.8323716209898933
vn -0.6112221897055479 -0.44586500595493406 -0.6539203554534465
vn -0.6606370824391989 -0.24854770306813764 -0.7083662079784551
vn -0.3532114317427288 -0.4270821572682582 -0.8323716209898933
vn -0.6606370824391989 -0.24854770306813764 -0.7083662079784551
vn -0.3802551334683613 -0.23393034381338781 -0.8948087101242975
vn -0.3802551334683613 -0.23393034381338781 -0.8948087101242975
vn -0.6606370824391989 -0.24854770306813764 -0.7083662079784551
vn -0.677646043896585 -0.05079313362512148 -0.7336319900112372
vn -0.3802551334683613 -0.23393034381338781 -0.8948087101242975
vn -0.677646043896585 -0.05079313362512148 -0.7336319900112372
vn -0.3909580396892282 -0.044133139867757055 -0.9193498121867263
vn -0.000046772641416742926 -0.23183351801518054 -0.9727554768476122
vn -0.3802551334683613 -0.23393034381338781 -0.8948087101242975
vn -0.3909580396892282 -0.044133139867757055 -0.9193498121867263
vn -0.000046772641416742926 -0.23183351801518054 -0.9727554768476122
vn -0.3909580396892282 -0.044133139867757055 -0.9193498121867263
vn -0.00004788781341385 -0.04371949792642087 -0.9990438444872273
vn -0.00020807108767736582 0.36161035294281213 0.9323292923377433
vn 0.3635770030343479 0.36445269311353595 0.8573132434220601
vn 0.33265110011073334 0.5181821497891363 0.78792798226426
vn -0.00020807108767736582 0.36161035294281213 0.9323292923377433
vn 0.33265110011073334 0.5181821497891363 0.78792798226426
vn -0.00080755050003456 0.5181272145658925 0.8553031844839465
vn 0.3635770030343479 0.36445269311353595 0.8573132434220601
vn 0.6233890885758132 0.3840372491320297 0.6811031019777551
vn 0.571333039143379 0.5386181188804589 0.6192488033067693
vn 0.3635770030343479 0.36445269311353595 0.8573132434220601
vn 0.571333039143379 0.5386181188804589 0.6192488033067693
vn 0.33265110011073334 0.5181821497891363 0.78792798226426
vn 0.33265110011073334 0.5181821497891363 0.78792798226426
vn 0.571333039143379 0.5386181188804589 0.6192488033067693
vn 0.5524121572401924 0.5826570848183669 0.5961136888582576
vn 0.33265110011073334 0.5181821497891363 0.78792798226426
vn 0.5524121572401924 0.5826570848183669 0.5961136888582576
vn 0.31967445661922855 0.5669113918839384 0.7592230999761642
vn -0.00080755050003456 0.5181272145658925 0.8553031844839465
vn 0.33265110011073334 0.5181821497891363 0.78792798226426
vn 0.31967445661922855 0.5669113918839384 0.7592230999761642
vn -0.00080755050003456 0.5181272145658925 0.8553031844839465
vn 0.31967445661922855 0.5669113918839384 0.7592230999761642
vn -0.001054919382917521 0.5740813996181731 0.8187975535854606
vn -0.6776459566299606 -0.050792811477203784 0.7336320929221313
vn -0.390958066221853 -0.04413281794726389 0.9193498163572466
vn -0.38655956466889246 0.15568904956104096 0.9090283949414211
vn -0.6776459566299606 -0.050792811477203784 0.7336320929221313
vn -0.38655956466889246 0.15568904956104096 0.9090283949414211
vn -0.6668353222607185 0.16322902089464245 0.7271086161800175
vn -0.390958066221853 -0.04413281794726389 0.9193498163572466
vn -0.00004786792928227751 -0.043719096726346746 0.9990438620451526
vn -0.00004735184263002766 0.15420353084366717 0.988039102886697
vn -0.390958066221853 -0.04413281794726389 0.9193498163572466
vn -0.00004735184263002766 0.15420353084366717 0.988039102886697
vn -0.38655956466889246 0.15568904956104096 0.9090283949414211
vn -0.38655956466889246 0.15568904956104096 0.9090283949414211
vn -0.00004735184263002766 0.15420353084366717 0.988039102886697
vn -0.00020807108767736582 0.36161035294281213 0.9323292923377433
vn -0.38655956466889246 0.15568904956104096 0.9090283949414211
vn -0.00020807108767736582 0.36161035294281213 0.9323292923377433
vn -0.3639760760095916 0.3653432659020771 0.8567646783993048
vn -0.6668353222607185 0.16322902089464245 0.7271086161800175
vn -0.38655956466889246 0.15568904956104096 0.9090283949414211
vn -0.3639760760095916 0.3653432659020771 0.8567646783993048
vn -0.6668353222607185 0.16322902089464245 0.7271086161800175
vn -0.3639760760095916 0.3653432659020771 0.8567646783993048
vn -0.6250438407934655 0.3851848816758603 0.6789350513963072
vn -0.00004788781341385 -0.04371949792642087 -0.9990438444872273
vn -0.3909580396892282 -0.044133139867757055 -0.9193498121867263
vn -0.38655957036801875 0.15568906090410067 -0.9090283905751744
vn -0.00004788781341385 -0.04371949792642087 -0.9990438444872273
vn -0.38655957036801875 0.15568906090410067 -0.9090283905751744
vn -0.000047371737973190834 0.15420336716771535 -0.9880391284306796
vn -0.3909580396892282 -0.044133139867757055 -0.9193498121867263
vn -0.677646043896585 -0.05079313362512148 -0.7336319900112372
vn -0.6668354550324049 0.16322903775481648 -0.7271084906293985
vn -0.3909580396892282 -0.044133139867757055 -0.9193498121867263
vn -0.6668354550324049 0.16322903775481648 -0.7271084906293985
vn -0.38655957036801875 0.15568906090410067 -0.9090283905751744
vn -0.38655957036801875 0.15568906090410067 -0.9090283905751744
vn -0.6668354550324049 0.16322903775481648 -0.7271084906293985
vn -0.6250438989994066 0.3851848175813171 -0.6789350341737177
vn -0.38655957036801875 0.15568906090410067 -0.9090283905751744
vn -0.6250438989994066 0.3851848175813171 -0.6789350341737177
vn -0.3639760580814356 0.36534298798832593 -0.8567648045241245
vn -0.000047371737973190834 0.15420336716771535 -0.9880391284306796
vn -0.38655957036801875 0.15568906090410067 -0.9090283905751744
vn -0.3639760580814356 0.36534298798832593 -0.8567648045241245
vn -0.000047371737973190834 0.15420336716771535 -0.9880391284306796
vn -0.3639760580814356 0.36534298798832593 -0.8567648045241245
vn -0.00020802638454894956 0.3616102520344207 -0.9323293314857288
vn 0.6759759451850906 -0.05127653967327254 -0.735137564004356
vn 0.39059646659177 -0.044134028953363054 -0.9195034463091306
vn 0.38620199531668076 0.1556925301161356 -0.909179770386171
vn 0.6759759451850906 -0.05127653967327254 -0.735137564004356
vn 0.38620199531668076 0.1556925301161356 -0.909179770386171
vn 0.6647527845548673 0.16312476774041954 -0.7290363815175374
vn 0.39059646659177 -0.044134028953363054 -0.9195034463091306
vn -0.00004788781341385 -0.04371949792642087 -0.9990438444872273
vn -0.000047371737973190834 0.15420336716771535 -0.9880391284306796
vn 0.39059646659177 -0.044134028953363054 -0.9195034463091306
vn -0.000047371737973190834 0.15420336716771535 -0.9880391284306796
vn 0.38620199531668076 0.1556925301161356 -0.909179770386171
vn 0.38620199531668076 0.1556925301161356 -0.909179770386171
vn -0.000047371737973190834 0.15420336716771535 -0.9880391284306796
vn -0.00020802638454894956 0.3616102520344207 -0.9323293314857288
vn 0.38620199531668076 0.1556925301161356 -0.909179770386171
vn -0.00020802638454894956 0.3616102520344207 -0.9323293314857288
vn 0.36357709013719014 0.3644526690448651 -0.8573132167145493
vn 0.6647527845548673 0.16312476774041954 -0.7290363815175374
vn 0.38620199531668076 0.1556925301161356 -0.909179770386171
vn 0.36357709013719014 0.3644526690448651 -0.8573132167145493
vn 0.6647527845548673 0.16312476774041954 -0.7290363815175374
vn 0.36357709013719014 0.3644526690448651 -0.8573132167145493
vn 0.6233889143664925 0.3840371285488228 -0.6811033294155453
vn -0.00004786792928227751 -0.043719096726346746 0.9990438620451526
vn 0.39059649396649254 -0.04413365865761423 0.9195034524538648
vn 0.3862019624704593 0.15569254968432583 0.9091797809876547
vn -0.00004786792928227751 -0.043719096726346746 0.9990438620451526
vn 0.3862019624704593 0.15569254968432583 0.9091797809876547
vn -0.00004735184263002766 0.15420353084366717 0.988039102886697
vn 0.39059649396649254 -0.04413365865761423 0.9195034524538648
vn 0.6759758518610472 -0.05127631428998022 0.7351376655386164
vn 0.6647528930980051 0.16312457359782245 0.7290363259854484
vn 0.39059649396649254 -0.04413365865761423 0.9195034524538648
vn 0.6647528930980051 0.16312457359782245 0.7290363259854484
vn 0.3862019624704593 0.15569254968432583 0.9091797809876547
vn 0.3862019624704593 0.15569254968432583 0.9091797809876547
vn 0.6647528930980051 0.16312457359782245 0.7290363259854484
vn 0.6233890885758132 0.3840372491320297 0.6811031019777551
vn 0.3862019624704593 0.15569254968432583 0.9091797809876547
vn 0.6233890885758132 0.3840372491320297 0.6811031019777551
vn 0.3635770030343479 0.36445269311353595 0.8573132434220601
vn -0.00004735184263002766 0.15420353084366717 0.988039102886697
vn 0.3862019624704593 0.15569254968432583 0.9091797809876547
vn 0.3635770030343479 0.36445269311353595 0.8573132434220601
vn -0.00004735184263002766 0.15420353084366717 0.988039102886697
vn 0.3635770030343479 0.36445269311353595 0.8573132434220601
vn -0.00020807108767736582 0.36161035294281213 0.9323292923377433
vn -0.8878881362852004 -0.31648683223578156 0.33390229478899075
vn -0.8960486840501205 -0.08870650690394526 0.435003346475573
vn -0.8718783104764558 0.16415803643910348 0.4613895867845076
vn -0.8878881362852004 -0.31648683223578156 0.33390229478899075
vn -0.8718783104764558 0.16415803643910348 0.4613895867845076
vn -0.8605786930269621 0.1425239068738129 0.48896957888751175
vn -0.8960486840501205 -0.08870650690394526 0.435003346475573
vn -0.6776459566299606 -0.050792811477203784 0.7336320929221313
vn -0.6668353222607185 0.16322902089464245 0.7271086161800175
vn -0.8960486840501205 -0.08870650690394526 0.435003346475573
vn -0.6668353222607185 0.16322902089464245 0.7271086161800175
vn -0.8718783104764558 0.16415803643910348 0.4613895867845076
vn -0.8718783104764558 0.16415803643910348 0.4613895867845076
vn -0.6668353222607185 0.16322902089464245 0.7271086161800175
vn -0.6250438407934655 0.3851848816758603 0.6789350513963072
vn -0.8718783104764558 0.16415803643910348 0.4613895867845076
vn -0.6250438407934655 0.3851848816758603 0.6789350513963072
vn -0.8141170663438838 0.419496868833641 0.401541752905472
vn -0.8605786930269621 0.1425239068738129 0.48896957888751175
vn -0.8718783104764558 0.16415803643910348 0.4613895867845076
vn -0.8141170663438838 0.419496868833641 0.401541752905472
vn -0.8605786930269621 0.1425239068738129 0.48896957888751175
vn -0.8141170663438838 0.419496868833641 0.401541752905472
vn -0.8156342887252197 0.5225503223304506 0.2483583453158911
vn -0.5394522437558757 0.6095623046524035 0.5808830118479983
vn -0.3161134244974947 0.5842632932689642 0.7474681979796671
vn -0.31024941269315126 0.5832658326102141 0.7506971895731783
vn -0.5394522437558757 0.6095623046524035 0.5808830118479983
vn -0.31024941269315126 0.5832658326102141 0.7506971895731783
vn -0.5361465052706768 0.597927593085801 0.5958435350934514
vn -0.3161134244974947 0.5842632932689642 0.7474681979796671
vn -0.001054919382917521 0.5740813996181731 0.8187975535854606
vn -0.00047036555019311794 0.5708396869550231 0.8210614048616219
vn -0.3161134244974947 0.5842632932689642 0.7474681979796671
vn -0.00047036555019311794 0.5708396869550231 0.8210614048616219
vn -0.31024941269315126 0.5832658326102141 0.7506971895731783
vn -0.31024941269315126 0.5832658326102141 0.7506971895731783
vn -0.00047036555019311794 0.5708396869550231 0.8210614048616219
vn 0.0008868698738189927 0.5542718671409258 0.832335215377758
vn -0.31024941269315126 0.5832658326102141 0.7506971895731783
vn 0.0008868698738189927 0.5542718671409258 0.832335215377758
vn -0.2974472058494762 0.5716018731991047 0.7647198560830063
vn -0.5361465052706768 0.597927593085801 0.5958435350934514
vn -0.31024941269315126 0.5832658326102141 0.7506971895731783
vn -0.2974472058494762 0.5716018731991047 0.7647198560830063
vn -0.5361465052706768 0.597927593085801 0.5958435350934514
vn -0.2974472058494762 0.5716018731991047 0.7647198560830063
vn -0.5091039462350327 0.520758194525789 0.6852912335366311
vn -0.8156342887252197 0.5225503223304506 0.2483583453158911
vn -0.8141170663438838 0.419496868833641 0.401541752905472
vn -0.750218920358184 0.5776441669464134 0.3217122750679322
vn -0.8156342887252197 0.5225503223304506 0.2483583453158911
vn -0.750218920358184 0.5776441669464134 0.3217122750679322
vn -0.7975850475958225 0.5970118197310255 0.08622632401430058
vn -0.8141170663438838 0.419496868833641 0.401541752905472
vn -0.6250438407934655 0.3851848816758603 0.6789350513963072
vn -0.5688005561488554 0.5482775268421454 0.6130723292439593
vn -0.8141170663438838 0.419496868833641 0.401541752905472
vn -0.5688005561488554 0.5482775268421454 0.6130723292439593
vn -0.750218920358184 0.5776441669464134 0.3217122750679322
vn -0.750218920358184 0.5776441669464134 0.3217122750679322
vn -0.5688005561488554 0.5482775268421454 0.6130723292439593
vn -0.5394522437558757 0.6095623046524035 0.5808830118479983
vn -0.750218920358184 0.5776441669464134 0.3217122750679322
vn -0.5394522437558757 0.6095623046524035 0.5808830118479983
vn -0.7233807913707762 0.6292468200187549 0.2841982937529254
vn -0.7975850475958225 0.5970118197310255 0.08622632401430058
vn -0.750218920358184 0.5776441669464134 0.3217122750679322
vn -0.7233807913707762 0.6292468200187549 0.2841982937529254
vn -0.7975850475958225 0.5970118197310255 0.08622632401430058
vn -0.7233807913707762 0.6292468200187549 0.2841982937529254
vn -0.7871839188927953 0.6149733767286031 0.04635972122004607
vn 0.7806602144470224 0.555038076637916 -0.2872322458597085
vn 0.8033424693265288 0.4236658137081278 -0.41850705522294973
vn 0.7517058191259339 0.5697022378075915 -0.33223142796735994
vn 0.7806602144470224 0.555038076637916 -0.2872322458597085
vn 0.7517058191259339 0.5697022378075915 -0.33223142796735994
vn 0.7976554910209518 0.5955509381900201 -0.09520923098686913
vn 0.8033424693265288 0.4236658137081278 -0.41850705522294973
vn 0.6233889143664925 0.3840371285488228 -0.6811033294155453
vn 0.5713331506328595 0.5386177067809548 -0.6192490588849979
vn 0.8033424693265288 0.4236658137081278 -0.41850705522294973
vn 0.5713331506328595 0.5386177067809548 -0.6192490588849979
vn 0.7517058191259339 0.5697022378075915 -0.33223142796735994
vn 0.7517058191259339 0.5697022378075915 -0.33223142796735994
vn 0.5713331506328595 0.5386177067809548 -0.6192490588849979
vn 0.5524123198569106 0.5826567883387263 -0.5961138279499202
vn 0.7517058191259339 0.5697022378075915 -0.33223142796735994
vn 0.5524123198569106 0.5826567883387263 -0.5961138279499202
vn 0.7463907072225633 0.5965105157885977 -0.29508662579897305
vn 0.7976554910209518 0.5955509381900201 -0.09520923098686913
vn 0.7517058191259339 0.5697022378075915 -0.33223142796735994
vn 0.7463907072225633 0.5965105157885977 -0.29508662579897305
vn 0.7976554910209518 0.5955509381900201 -0.09520923098686913
vn 0.7463907072225633 0.5965105157885977 -0.29508662579897305
vn 0.8146466426793676 0.5778847336789121 -0.048990633309718874
vn -0.6250438407934655 0.3851848816758603 0.6789350513963072
vn -0.3639760760095916 0.3653432659020771 0.8567646783993048
vn -0.33246515391384185 0.5242589470574328 0.783976707474959
vn -0.6250438407934655 0.3851848816758603 0.6789350513963072
vn -0.33246515391384185 0.5242589470574328 0.783976707474959
vn -0.5688005561488554 0.5482775268421454 0.6130723292439593
vn -0.3639760760095916 0.3653432659020771 0.8567646783993048
vn -0.00020807108767736582 0.36161035294281213 0.9323292923377433
vn -0.00080755050003456 0.5181272145658925 0.8553031844839465
vn -0.3639760760095916 0.3653432659020771 0.8567646783993048
vn -0.00080755050003456 0.5181272145658925 0.8553031844839465
vn -0.33246515391384185 0.5242589470574328 0.783976707474959
vn -0.33246515391384185 0.5242589470574328 0.783976707474959
vn -0.00080755050003456 0.5181272145658925 0.8553031844839465
vn -0.001054919382917521 0.5740813996181731 0.8187975535854606
vn -0.33246515391384185 0.5242589470574328 0.783976707474959
vn -0.001054919382917521 0.5740813996181731 0.8187975535854606
vn -0.3161134244974947 0.5842632932689642 0.7474681979796671
vn -0.5688005561488554 0.5482775268421454 0.6130723292439593
vn -0.33246515391384185 0.5242589470574328 0.783976707474959
vn -0.3161134244974947 0.5842632932689642 0.7474681979796671
vn -0.5688005561488554 0.5482775268421454 0.6130723292439593
vn -0.3161134244974947 0.5842632932689642 0.7474681979796671
vn -0.5394522437558757 0.6095623046524035 0.5808830118479983
vn -0.00020802638454894956 0.3616102520344207 -0.9323293314857288
vn -0.3639760580814356 0.36534298798832593 -0.8567648045241245
vn -0.3324651643983627 0.5242585145032462 -0.7839769922851174
vn -0.00020802638454894956 0.3616102520344207 -0.9323293314857288
vn -0.3324651643983627 0.5242585145032462 -0.7839769922851174
vn -0.0008074625071521056 0.5181269583534027 -0.8553033397758661
vn -0.3639760580814356 0.36534298798832593 -0.8567648045241245
vn -0.6250438989994066 0.3851848175813171 -0.6789350341737177
vn -0.568800855086554 0.5482771841662897 -0.6130723583521684
vn -0.3639760580814356 0.36534298798832593 -0.8567648045241245
vn -0.568800855086554 0.5482771841662897 -0.6130723583521684
vn -0.3324651643983627 0.5242585145032462 -0.7839769922851174
vn -0.3324651643983627 0.5242585145032462 -0.7839769922851174
vn -0.568800855086554 0.5482771841662897 -0.6130723583521684
vn -0.5394526693912695 0.609562217658495 -0.5808827078592467
vn -0.3324651643983627 0.5242585145032462 -0.7839769922851174
vn -0.5394526693912695 0.609562217658495 -0.5808827078592467
vn -0.31611328422610163 0.5842629893559652 -0.7474684948575553
vn -0.0008074625071521056 0.5181269583534027 -0.8553033397758661
vn -0.3324651643983627 0.5242585145032462 -0.7839769922851174
vn -0.31611328422610163 0.5842629893559652 -0.7474684948575553
vn -0.0008074625071521056 0.5181269583534027 -0.8553033397758661
vn -0.31611328422610163 0.5842629893559652 -0.7474684948575553
vn -0.001054784129178723 0.5740810717355329 -0.818797783647112
vn 0.6233889143664925 0.3840371285488228 -0.6811033294155453
vn 0.36357709013719014 0.3644526690448651 -0.8573132167145493
vn 0.3326511633940006 0.5181818841845756 -0.7879281302222564
vn 0.6233889143664925 0.3840371285488228 -0.6811033294155453
vn 0.3326511633940006 0.5181818841845756 -0.7879281302222564
vn 0.5713331506328595 0.5386177067809548 -0.6192490588849979
vn 0.36357709013719014 0.3644526690448651 -0.8573132167145493
vn -0.00020802638454894956 0.3616102520344207 -0.9323293314857288
vn -0.0008074625071521056 0.5181269583534027 -0.8553033397758661
vn 0.36357709013719014 0.3644526690448651 -0.8573132167145493
vn -0.0008074625071521056 0.5181269583534027 -0.8553033397758661
vn 0.3326511633940006 0.5181818841845756 -0.7879281302222564
vn 0.3326511633940006 0.5181818841845756 -0.7879281302222564
vn -0.0008074625071521056 0.5181269583534027 -0.8553033397758661
vn -0.001054784129178723 0.5740810717355329 -0.818797783647112
vn 0.3326511633940006 0.5181818841845756 -0.7879281302222564
vn -0.001054784129178723 0.5740810717355329 -0.818797783647112
vn 0.31967445661922855 0.5669111878672157 -0.7592232523152748
vn 0.5713331506328595 0.5386177067809548 -0.6192490588849979
vn 0.3326511633940006 0.5181818841845756 -0.7879281302222564
vn 0.31967445661922855 0.5669111878672157 -0.7592232523152748
vn 0.5713331506328595 0.5386177067809548 -0.6192490588849979
vn 0.31967445661922855 0.5669111878672157 -0.7592232523152748
vn 0.5524123198569106 0.5826567883387263 -0.5961138279499202
vn -0.4211456230894461 0.6921180722577626 -0.5861816597325445
vn -0.3315205694078399 0.5676465103636168 -0.7535725255949224
vn -0.21697773163842637 0.5133271146469602 -0.8303107474561977
vn -0.4211456230894461 0.6921180722577626 -0.5861816597325445
vn -0.21697773163842637 0.5133271146469602 -0.8303107474561977
vn -0.06865673064436481 0.7278063347021254 -0.6823373011236341
vn -0.3315205694078399 0.5676465103636168 -0.7535725255949224
vn -0.5091041844198813 0.5207582485554252 -0.6852910155311053
vn -0.5090595272864743 0.3606817540371708 -0.781515879546629
vn -0.3315205694078399 0.5676465103636168 -0.7535725255949224
vn -0.5090595272864743 0.3606817540371708 -0.781515879546629
vn -0.21697773163842637 0.5133271146469602 -0.8303107474561977
vn -0.21697773163842637 0.5133271146469602 -0.8303107474561977
vn -0.5090595272864743 0.3606817540371708 -0.781515879546629
vn -0.4748151566953285 0.28197954591322255 -0.8336894521696694
vn -0.21697773163842637 0.5133271146469602 -0.8303107474561977
vn -0.4748151566953285 0.28197954591322255 -0.8336894521696694
vn -0.11307676375386463 0.4729694096286914 -0.8737926430535106
vn -0.06865673064436481 0.7278063347021254 -0.6823373011236341
vn -0.21697773163842637 0.5133271146469602 -0.8303107474561977
vn -0.11307676375386463 0.4729694096286914 -0.8737926430535106
vn -0.06865673064436481 0.7278063347021254 -0.6823373011236341
vn -0.11307676375386463 0.4729694096286914 -0.8737926430535106
vn 0.08029391918681314 0.6352430609080899 -0.768127033836033
vn -0.001054784129178723 0.5740810717355329 -0.818797783647112
vn -0.31611328422610163 0.5842629893559652 -0.7474684948575553
vn -0.31024916336832375 0.5832660276134284 -0.7506971411037253
vn -0.001054784129178723 0.5740810717355329 -0.818797783647112
vn -0.31024916336832375 0.5832660276134284 -0.7506971411037253
vn -0.00046994539232324674 0.5708396026707615 -0.8210614637005048
vn -0.31611328422610163 0.5842629893559652 -0.7474684948575553
vn -0.5394526693912695 0.609562217658495 -0.5808827078592467
vn -0.5361469162829657 0.5979279028723582 -0.5958428543894192
vn -0.31611328422610163 0.5842629893559652 -0.7474684948575553
vn -0.5361469162829657 0.5979279028723582 -0.5958428543894192
vn -0.31024916336832375 0.5832660276134284 -0.7506971411037253
vn -0.31024916336832375 0.5832660276134284 -0.7506971411037253
vn -0.5361469162829657 0.5979279028723582 -0.5958428543894192
vn -0.5091041844198813 0.5207582485554252 -0.6852910155311053
vn -0.31024916336832375 0.5832660276134284 -0.7506971411037253
vn -0.5091041844198813 0.5207582485554252 -0.6852910155311053
vn -0.2974472604554551 0.571602134936632 -0.7647196392034332
vn -0.00046994539232324674 0.5708396026707615 -0.8210614637005048
vn -0.31024916336832375 0.5832660276134284 -0.7506971411037253
vn -0.2974472604554551 0.571602134936632 -0.7647196392034332
vn -0.00046994539232324674 0.5708396026707615 -0.8210614637005048
vn -0.2974472604554551 0.571602134936632 -0.7647196392034332
vn 0.0008873284480995916 0.5542717120432938 -0.8323353181722023
vn 0.5524123198569106 0.5826567883387263 -0.5961138279499202
vn 0.31967445661922855 0.5669111878672157 -0.7592232523152748
vn 0.3230369572702817 0.553761676494359 -0.7674601813017502
vn 0.5524123198569106 0.5826567883387263 -0.5961138279499202
vn 0.3230369572702817 0.553761676494359 -0.7674601813017502
vn 0.5623574094362351 0.562330167511707 -0.6062498880481728
vn 0.31967445661922855 0.5669111878672157 -0.7592232523152748
vn -0.001054784129178723 0.5740810717355329 -0.818797783647112
vn -0.00046994539232324674 0.5708396026707615 -0.8210614637005048
vn 0.31967445661922855 0.5669111878672157 -0.7592232523152748
vn -0.00046994539232324674 0.5708396026707615 -0.8210614637005048
vn 0.3230369572702817 0.553761676494359 -0.7674601813017502
vn 0.3230369572702817 0.553761676494359 -0.7674601813017502
vn -0.00046994539232324674 0.5708396026707615 -0.8210614637005048
vn 0.0008873284480995916 0.5542717120432938 -0.8323353181722023
vn 0.3230369572702817 0.553761676494359 -0.7674601813017502
vn 0.0008873284480995916 0.5542717120432938 -0.8323353181722023
vn 0.33043171701092633 0.5228540418134645 -0.7857725697379203
vn 0.5623574094362351 0.562330167511707 -0.6062498880481728
vn 0.3230369572702817 0.553761676494359 -0.7674601813017502
vn 0.33043171701092633 0.5228540418134645 -0.7857725697379203
vn 0.5623574094362351 0.562330167511707 -0.6062498880481728
vn 0.33043171701092633 0.5228540418134645 -0.7857725697379203
vn 0.5806824370948456 0.5201844331892548 -0.6262715566886016
vn -0.001054919382917521 0.5740813996181731 0.8187975535854606
vn 0.31967445661922855 0.5669113918839384 0.7592230999761642
vn 0.32303710794225077 0.5537617067568171 0.767460096045445
vn -0.001054919382917521 0.5740813996181731 0.8187975535854606
vn 0.32303710794225077 0.5537617067568171 0.767460096045445
vn -0.00047036555019311794 0.5708396869550231 0.8210614048616219
vn 0.31967445661922855 0.5669113918839384 0.7592230999761642
vn 0.5524121572401924 0.5826570848183669 0.5961136888582576
vn 0.5623574690399664 0.5623302708162189 0.6062497369390943
vn 0.31967445661922855 0.5669113918839384 0.7592230999761642
vn 0.5623574690399664 0.5623302708162189 0.6062497369390943
vn 0.32303710794225077 0.5537617067568171 0.767460096045445
vn 0.32303710794225077 0.5537617067568171 0.767460096045445
vn 0.5623574690399664 0.5623302708162189 0.6062497369390943
vn 0.5806825701205897 0.5201844350425653 0.6262714318070032
vn 0.32303710794225077 0.5537617067568171 0.767460096045445
vn 0.5806825701205897 0.5201844350425653 0.6262714318070032
vn 0.33043181207322997 0.5228540830991817 0.7857725022909083
vn -0.00047036555019311794 0.5708396869550231 0.8210614048616219
vn 0.32303710794225077 0.5537617067568171 0.767460096045445
vn 0.33043181207322997 0.5228540830991817 0.7857725022909083
vn -0.00047036555019311794 0.5708396869550231 0.8210614048616219
vn 0.33043181207322997 0.5228540830991817 0.7857725022909083
vn 0.0008868698738189927 0.5542718671409258 0.832335215377758
vn -0.7871839188927953 0.6149733767286031 0.04635972122004607
vn -0.7233807913707762 0.6292468200187549 0.2841982937529254
vn -0.7402543833577835 0.6050054878370307 0.2932435977249362
vn -0.7871839188927953 0.6149733767286031 0.04635972122004607
vn -0.7402543833577835 0.6050054878370307 0.2932435977249362
vn -0.8158258588101334 0.5767217982469863 0.04266304634541209
vn -0.7233807913707762 0.6292468200187549 0.2841982937529254
vn -0.5394522437558757 0.6095623046524035 0.5808830118479983
vn -0.5361465052706768 0.597927593085801 0.5958435350934514
vn -0.7233807913707762 0.6292468200187549 0.2841982937529254
vn -0.5361465052706768 0.597927593085801 0.5958435350934514
vn -0.7402543833577835 0.6050054878370307 0.2932435977249362
vn -0.7402543833577835 0.6050054878370307 0.2932435977249362
vn -0.5361465052706768 0.597927593085801 0.5958435350934514
vn -0.5091039462350327 0.520758194525789 0.6852912335366311
vn -0.7402543833577835 0.6050054878370307 0.2932435977249362
vn -0.5091039462350327 0.520758194525789 0.6852912335366311
vn -0.815422993621663 0.45913525741100886 0.3525339088303592
vn -0.8158258588101334 0.5767217982469863 0.04266304634541209
vn -0.7402543833577835 0.6050054878370307 0.2932435977249362
vn -0.815422993621663 0.45913525741100886 0.3525339088303592
vn -0.8158258588101334 0.5767217982469863 0.04266304634541209
vn -0.815422993621663 0.45913525741100886 0.3525339088303592
vn -0.9202426524384237 0.38861276046721294 0.046190724557503726
vn 0.8146466426793676 0.5778847336789121 -0.048990633309718874
vn 0.7463907072225633 0.5965105157885977 -0.29508662579897305
vn 0.7668430078040056 0.5683119589654387 -0.2982839564558767
vn 0.8146466426793676 0.5778847336789121 -0.048990633309718874
vn 0.7668430078040056 0.5683119589654387 -0.2982839564558767
vn 0.8403410419286212 0.540176947141163 -0.04511982964919482
vn 0.7463907072225633 0.5965105157885977 -0.29508662579897305
vn 0.5524123198569106 0.5826567883387263 -0.5961138279499202
vn 0.5623574094362351 0.562330167511707 -0.6062498880481728
vn 0.7463907072225633 0.5965105157885977 -0.29508662579897305
vn 0.5623574094362351 0.562330167511707 -0.6062498880481728
vn 0.7668430078040056 0.5683119589654387 -0.2982839564558767
vn 0.7668430078040056 0.5683119589654387 -0.2982839564558767
vn 0.5623574094362351 0.562330167511707 -0.6062498880481728
vn 0.5806824370948456 0.5201844331892548 -0.6262715566886016
vn 0.7668430078040056 0.5683119589654387 -0.2982839564558767
vn 0.5806824370948456 0.5201844331892548 -0.6262715566886016
vn 0.7978187156699085 0.5167616931177046 -0.31055216864955454
vn 0.8403410419286212 0.540176947141163 -0.04511982964919482
vn 0.7668430078040056 0.5683119589654387 -0.2982839564558767
vn 0.7978187156699085 0.5167616931177046 -0.31055216864955454
vn 0.8403410419286212 0.540176947141163 -0.04511982964919482
vn 0.7978187156699085 0.5167616931177046 -0.31055216864955454
vn 0.8743939929598304 0.48293635905420956 -0.0469852974793991
vn 0.004630739623807789 0.4591804723188006 -0.8883309350076805
vn -0.3072429230554688 0.5290447069383425 -0.7910205334205015
vn -0.33396054604887415 0.4739329834732669 -0.8147747424036081
vn 0.004630739623807789 0.4591804723188006 -0.8883309350076805
vn -0.33396054604887415 0.4739329834732669 -0.8147747424036081
vn 0.0026842500774978185 0.40203814242457186 -0.9156189856252004
vn -0.3072429230554688 0.5290447069383425 -0.7910205334205015
vn -0.4211456230894461 0.6921180722577626 -0.5861816597325445
vn -0.6120497489223219 0.5567294304669089 -0.5616470832258581
vn -0.3072429230554688 0.5290447069383425 -0.7910205334205015
vn -0.6120497489223219 0.5567294304669089 -0.5616470832258581
vn -0.33396054604887415 0.4739329834732669 -0.8147747424036081
vn -0.33396054604887415 0.4739329834732669 -0.8147747424036081
vn -0.6120497489223219 0.5567294304669089 -0.5616470832258581
vn -0.6092640258154365 0.440279059610187 -0.6595086781202629
vn -0.33396054604887415 0.4739329834732669 -0.8147747424036081
vn -0.6092640258154365 0.440279059610187 -0.6595086781202629
vn -0.3302464772343052 0.45193930665669396 -0.8286664753524172
vn 0.0026842500774978185 0.40203814242457186 -0.9156189856252004
vn -0.33396054604887415 0.4739329834732669 -0.8147747424036081
vn -0.3302464772343052 0.45193930665669396 -0.8286664753524172
vn 0.0026842500774978185 0.40203814242457186 -0.9156189856252004
vn -0.3302464772343052 0.45193930665669396 -0.8286664753524172
vn 0.0011912524485342283 0.37523122963041833 -0.9269304748618679
vn 0.8743939929598304 0.48293635905420956 -0.0469852974793991
vn 0.7978187156699085 0.5167616931177046 -0.31055216864955454
vn 0.8398562359882348 0.43370901017356167 -0.3264015890983737
vn 0.8743939929598304 0.48293635905420956 -0.0469852974793991
vn 0.8398562359882348 0.43370901017356167 -0.3264015890983737
vn 0.9179118085388018 0.39371940363811075 -0.0492233983373427
vn 0.7978187156699085 0.5167616931177046 -0.31055216864955454
vn 0.5806824370948456 0.5201844331892548 -0.6262715566886016
vn 0.6073419995929965 0.4507264625798668 -0.6542028366344954
vn 0.7978187156699085 0.5167616931177046 -0.31055216864955454
vn 0.6073419995929965 0.4507264625798668 -0.6542028366344954
vn 0.8398562359882348 0.43370901017356167 -0.3264015890983737
vn 0.8398562359882348 0.43370901017356167 -0.3264015890983737
vn 0.6073419995929965 0.4507264625798668 -0.6542028366344954
vn 0.6358482472504688 0.36014707809874985 -0.6826353994669774
vn 0.8398562359882348 0.43370901017356167 -0.3264015890983737
vn 0.6358482472504688 0.36014707809874985 -0.6826353994669774
vn 0.8800656466083426 0.33044977268890263 -0.3410093919376596
vn 0.9179118085388018 0.39371940363811075 -0.0492233983373427
vn 0.8398562359882348 0.43370901017356167 -0.3264015890983737
vn 0.8800656466083426 0.33044977268890263 -0.3410093919376596
vn 0.9179118085388018 0.39371940363811075 -0.0492233983373427
vn 0.8800656466083426 0.33044977268890263 -0.3410093919376596
vn 0.955896188672773 0.28921964762662833 -0.05113190694268606
vn -0.5091039462350327 0.520758194525789 0.6852912335366311
vn -0.2974472058494762 0.5716018731991047 0.7647198560830063
vn -0.2843295333699737 0.5651432909591297 0.7744480467645957
vn -0.5091039462350327 0.520758194525789 0.6852912335366311
vn -0.2843295333699737 0.5651432909591297 0.7744480467645957
vn -0.33151976712177944 0.5676472533730262 0.7535723188557155
vn -0.2974472058494762 0.5716018731991047 0.7647198560830063
vn 0.0008868698738189927 0.5542718671409258 0.832335215377758
vn 0.003567317990570845 0.5201085039147463 0.8540927457822824
vn -0.2974472058494762 0.5716018731991047 0.7647198560830063
vn 0.003567317990570845 0.5201085039147463 0.8540927457822824
vn -0.2843295333699737 0.5651432909591297 0.7744480467645957
vn -0.2843295333699737 0.5651432909591297 0.7744480467645957
vn 0.003567317990570845 0.5201085039147463 0.8540927457822824
vn 0.004631042377094372 0.45918045009206176 0.8883309449184764
vn -0.2843295333699737 0.5651432909591297 0.7744480467645957
vn 0.004631042377094372 0.45918045009206176 0.8883309449184764
vn -0.30724268795280296 0.5290446867907093 0.7910206382124659
vn -0.33151976712177944 0.5676472533730262 0.7535723188557155
vn -0.2843295333699737 0.5651432909591297 0.7744480467645957
vn -0.30724268795280296 0.5290446867907093 0.7910206382124659
vn -0.33151976712177944 0.5676472533730262 0.7535723188557155
vn -0.30724268795280296 0.5290446867907093 0.7910206382124659
vn -0.42114462766988636 0.6921182591256579 0.5861821542572423
vn 0.0008873284480995916 0.5542717120432938 -0.8323353181722023
vn -0.2974472604554551 0.571602134936632 -0.7647196392034332
vn -0.28432984888164686 0.5651432967943573 -0.7744479266699245
vn 0.0008873284480995916 0.5542717120432938 -0.8323353181722023
vn -0.28432984888164686 0.5651432967943573 -0.7744479266699245
vn 0.003567540088394514 0.5201084838685412 -0.8540927570619512
vn -0.2974472604554551 0.571602134936632 -0.7647196392034332
vn -0.5091041844198813 0.5207582485554252 -0.6852910155311053
vn -0.3315205694078399 0.5676465103636168 -0.7535725255949224
vn -0.2974472604554551 0.571602134936632 -0.7647196392034332
vn -0.3315205694078399 0.5676465103636168 -0.7535725255949224
vn -0.28432984888164686 0.5651432967943573 -0.7744479266699245
vn -0.28432984888164686 0.5651432967943573 -0.7744479266699245
vn -0.3315205694078399 0.5676465103636168 -0.7535725255949224
vn -0.4211456230894461 0.6921180722577626 -0.5861816597325445
vn -0.28432984888164686 0.5651432967943573 -0.7744479266699245
vn -0.4211456230894461 0.6921180722577626 -0.5861816597325445
vn -0.3072429230554688 0.5290447069383425 -0.7910205334205015
vn 0.003567540088394514 0.5201084838685412 -0.8540927570619512
vn -0.28432984888164686 0.5651432967943573 -0.7744479266699245
vn -0.3072429230554688 0.5290447069383425 -0.7910205334205015
vn 0.003567540088394514 0.5201084838685412 -0.8540927570619512
vn -0.3072429230554688 0.5290447069383425 -0.7910205334205015
vn 0.004630739623807789 0.4591804723188006 -0.8883309350076805
vn 0.5806824370948456 0.5201844331892548 -0.6262715566886016
vn 0.33043171701092633 0.5228540418134645 -0.7857725697379203
vn 0.3430772362432489 0.4685848232222799 -0.8140800165938474
vn 0.5806824370948456 0.5201844331892548 -0.6262715566886016
vn 0.3430772362432489 0.4685848232222799 -0.8140800165938474
vn 0.6073419995929965 0.4507264625798668 -0.6542028366344954
vn 0.33043171701092633 0.5228540418134645 -0.7857725697379203
vn 0.0008873284480995916 0.5542717120432938 -0.8323353181722023
vn 0.003567540088394514 0.5201084838685412 -0.8540927570619512
vn 0.33043171701092633 0.5228540418134645 -0.7857725697379203
vn 0.003567540088394514 0.5201084838685412 -0.8540927570619512
vn 0.3430772362432489 0.4685848232222799 -0.8140800165938474
vn 0.3430772362432489 0.4685848232222799 -0.8140800165938474
vn 0.003567540088394514 0.5201084838685412 -0.8540927570619512
vn 0.004630739623807789 0.4591804723188006 -0.8883309350076805
vn 0.3430772362432489 0.4685848232222799 -0.8140800165938474
vn 0.004630739623807789 0.4591804723188006 -0.8883309350076805
vn 0.35888051391737724 0.3914619210902169 -0.8473265846571533
vn 0.6073419995929965 0.4507264625798668 -0.6542028366344954
vn 0.3430772362432489 0.4685848232222799 -0.8140800165938474
vn 0.35888051391737724 0.3914619210902169 -0.8473265846571533
vn 0.6073419995929965 0.4507264625798668 -0.6542028366344954
vn 0.35888051391737724 0.3914619210902169 -0.8473265846571533
vn 0.6358482472504688 0.36014707809874985 -0.6826353994669774
vn 0.0008868698738189927 0.5542718671409258 0.832335215377758
vn 0.33043181207322997 0.5228540830991817 0.7857725022909083
vn 0.343076727438772 0.4685850092206675 0.8140801239580593
vn 0.0008868698738189927 0.5542718671409258 0.832335215377758
vn 0.343076727438772 0.4685850092206675 0.8140801239580593
vn 0.003567317990570845 0.5201085039147463 0.8540927457822824
vn 0.33043181207322997 0.5228540830991817 0.7857725022909083
vn 0.5806825701205897 0.5201844350425653 0.6262714318070032
vn 0.6073417012460639 0.4507266083332277 0.6542030131908307
vn 0.33043181207322997 0.5228540830991817 0.7857725022909083
vn 0.6073417012460639 0.4507266083332277 0.6542030131908307
vn 0.343076727438772 0.4685850092206675 0.8140801239580593
vn 0.343076727438772 0.4685850092206675 0.8140801239580593
vn 0.6073417012460639 0.4507266083332277 0.6542030131908307
vn 0.6358483754035973 0.36014735600774167 0.6826351334770566
vn 0.343076727438772 0.4685850092206675 0.8140801239580593
vn 0.6358483754035973 0.36014735600774167 0.6826351334770566
vn 0.35887982331218715 0.3914622921740053 0.8473267057193978
vn 0.003567317990570845 0.5201085039147463 0.8540927457822824
vn 0.343076727438772 0.4685850092206675 0.8140801239580593
vn 0.35887982331218715 0.3914622921740053 0.8473267057193978
vn 0.003567317990570845 0.5201085039147463 0.8540927457822824
vn 0.35887982331218715 0.3914622921740053 0.8473267057193978
vn 0.004631042377094372 0.45918045009206176 0.8883309449184764
vn 0.9918033125992622 0.11610762738281295 -0.05334049100508771
vn 0.9193460808806617 0.16010458726138704 -0.35940131428144334
vn 0.929871316587091 0.04688974922393882 -0.364884483098838
vn 0.9918033125992622 0.11610762738281295 -0.05334049100508771
vn 0.929871316587091 0.04688974922393882 -0.364884483098838
vn 0.9985575724918203 -0.002718645939775962 -0.0536226014241847
vn 0.9193460808806617 0.16010458726138704 -0.35940131428144334
vn 0.6642242070764471 0.21593569272757646 -0.7156661088384211
vn 0.673630057906128 0.12987696717646585 -0.7275675353411736
vn 0.9193460808806617 0.16010458726138704 -0.35940131428144334
vn 0.673630057906128 0.12987696717646585 -0.7275675353411736
vn 0.929871316587091 0.04688974922393882 -0.364884483098838
vn 0.929871316587091 0.04688974922393882 -0.364884483098838
vn 0.673630057906128 0.12987696717646585 -0.7275675353411736
vn 0.6806373705018272 0.039301097931874175 -0.731565577086366
vn 0.929871316587091 0.04688974922393882 -0.364884483098838
vn 0.6806373705018272 0.039301097931874175 -0.731565577086366
vn 0.9293481635695874 -0.06462879318752525 -0.363503933900253
vn 0.9985575724918203 -0.002718645939775962 -0.0536226014241847
vn 0.929871316587091 0.04688974922393882 -0.364884483098838
vn 0.9293481635695874 -0.06462879318752525 -0.363503933900253
vn 0.9985575724918203 -0.002718645939775962 -0.0536226014241847
vn 0.9293481635695874 -0.06462879318752525 -0.363503933900253
vn 0.9918958024803618 -0.11525407144777423 -0.0534716376834562
vn 0.6358482472504688 0.36014707809874985 -0.6826353994669774
vn 0.35888051391737724 0.3914619210902169 -0.8473265846571533
vn 0.3687610641582421 0.3235645439722535 -0.8713904196426012
vn 0.6358482472504688 0.36014707809874985 -0.6826353994669774
vn 0.3687610641582421 0.3235645439722535 -0.8713904196426012
vn 0.6540571821625872 0.28120636438114316 -0.7022337097384858
vn 0.35888051391737724 0.3914619210902169 -0.8473265846571533
vn 0.004630739623807789 0.4591804723188006 -0.8883309350076805
vn 0.0026842500774978185 0.40203814242457186 -0.9156189856252004
vn 0.35888051391737724 0.3914619210902169 -0.8473265846571533
vn 0.0026842500774978185 0.40203814242457186 -0.9156189856252004
vn 0.3687610641582421 0.3235645439722535 -0.8713904196426012
vn 0.3687610641582421 0.3235645439722535 -0.8713904196426012
vn 0.0026842500774978185 0.40203814242457186 -0.9156189856252004
vn 0.0011912524485342283 0.37523122963041833 -0.9269304748618679
vn 0.3687610641582421 0.3235645439722535 -0.8713904196426012
vn 0.0011912524485342283 0.37523122963041833 -0.9269304748618679
vn 0.37276759252355046 0.2766528189850817 -0.8857243023152316
vn 0.6540571821625872 0.28120636438114316 -0.7022337097384858
vn 0.3687610641582421 0.3235645439722535 -0.8713904196426012
vn 0.37276759252355046 0.2766528189850817 -0.8857243023152316
vn 0.6540571821625872 0.28120636438114316 -0.7022337097384858
vn 0.37276759252355046 0.2766528189850817 -0.8857243023152316
vn 0.6642242070764471 0.21593569272757646 -0.7156661088384211
vn 0.004631042377094372 0.45918045009206176 0.8883309449184764
vn 0.35887982331218715 0.3914622921740053 0.8473267057193978
vn 0.36876093845058816 0.3235648022307117 0.8713903769439056
vn 0.004631042377094372 0.45918045009206176 0.8883309449184764
vn 0.36876093845058816 0.3235648022307117 0.8713903769439056
vn 0.0026851411925588025 0.4020381906679485 0.9156189618292199
vn 0.35887982331218715 0.3914622921740053 0.8473267057193978
vn 0.6358483754035973 0.36014735600774167 0.6826351334770566
vn 0.6540573939874312 0.2812065672765142 0.7022334311971551
vn 0.35887982331218715 0.3914622921740053 0.8473267057193978
vn 0.6540573939874312 0.2812065672765142 0.7022334311971551
vn 0.36876093845058816 0.3235648022307117 0.8713903769439056
vn 0.36876093845058816 0.3235648022307117 0.8713903769439056
vn 0.6540573939874312 0.2812065672765142 0.7022334311971551
vn 0.6642236474809324 0.21593571359988337 0.7156666219122106
vn 0.36876093845058816 0.3235648022307117 0.8713903769439056
vn 0.6642236474809324 0.21593571359988337 0.7156666219122106
vn 0.372767701314888 0.2766529896584647 0.8857242032198555
vn 0.0026851411925588025 0.4020381906679485 0.9156189618292199
vn 0.36876093845058816 0.3235648022307117 0.8713903769439056
vn 0.372767701314888 0.2766529896584647 0.8857242032198555
vn 0.0026851411925588025 0.4020381906679485 0.9156189618292199
vn 0.372767701314888 0.2766529896584647 0.8857242032198555
vn 0.0011919474250853468 0.3752306370409137 0.926930713854712
vn -0.8013912460625068 0.597988804559376 -0.013470722179277998
vn -0.36499770222743694 0.9148277275564967 0.17282044515191985
vn -0.8022581423108841 0.5792011475905351 0.14459565597104346
vn -0.8013912460625068 0.597988804559376 -0.013470722179277998
vn -0.8022581423108841 0.5792011475905351 0.14459565597104346
vn -0.8297966785389576 0.5554779334609993 -0.05368181930236433
vn -0.36499770222743694 0.9148277275564967 0.17282044515191985
vn -0.42114462766988636 0.6921182591256579 0.5861821542572423
vn -0.6120498631982716 0.556729159671499 0.561647227118984
vn -0.36499770222743694 0.9148277275564967 0.17282044515191985
vn -0.6120498631982716 0.556729159671499 0.561647227118984
vn -0.8022581423108841 0.5792011475905351 0.14459565597104346
vn -0.8022581423108841 0.5792011475905351 0.14459565597104346
vn -0.6120498631982716 0.556729159671499 0.561647227118984
vn -0.6092637185037152 0.4402796771544421 0.6595085497548957
vn -0.8022581423108841 0.5792011475905351 0.14459565597104346
vn -0.6092637185037152 0.4402796771544421 0.6595085497548957
vn -0.8966337343507134 0.42088487587845314 0.1374913367491695
vn -0.8297966785389576 0.5554779334609993 -0.05368181930236433
vn -0.8022581423108841 0.5792011475905351 0.14459565597104346
vn -0.8966337343507134 0.42088487587845314 0.1374913367491695
vn -0.8297966785389576 0.5554779334609993 -0.05368181930236433
vn -0.8966337343507134 0.42088487587845314 0.1374913367491695
vn -0.93334115978352 0.3050404683800176 -0.18927385478309847
vn 0.955896188672773 0.28921964762662833 -0.05113190694268606
vn 0.8800656466083426 0.33044977268890263 -0.3410093919376596
vn 0.9044890682412398 0.24166932429975382 -0.35141921279946287
vn 0.955896188672773 0.28921964762662833 -0.05113190694268606
vn 0.9044890682412398 0.24166932429975382 -0.35141921279946287
vn 0.9781390469017954 0.20122958787109707 -0.05244671478058479
vn 0.8800656466083426 0.33044977268890263 -0.3410093919376596
vn 0.6358482472504688 0.36014707809874985 -0.6826353994669774
vn 0.6540571821625872 0.28120636438114316 -0.7022337097384858
vn 0.8800656466083426 0.33044977268890263 -0.3410093919376596
vn 0.6540571821625872 0.28120636438114316 -0.7022337097384858
vn 0.9044890682412398 0.24166932429975382 -0.35141921279946287
vn 0.9044890682412398 0.24166932429975382 -0.35141921279946287
vn 0.6540571821625872 0.28120636438114316 -0.7022337097384858
vn 0.6642242070764471 0.21593569272757646 -0.7156661088384211
vn 0.9044890682412398 0.24166932429975382 -0.35141921279946287
vn 0.6642242070764471 0.21593569272757646 -0.7156661088384211
vn 0.9193460808806617 0.16010458726138704 -0.35940131428144334
vn 0.9781390469017954 0.20122958787109707 -0.05244671478058479
vn 0.9044890682412398 0.24166932429975382 -0.35141921279946287
vn 0.9193460808806617 0.16010458726138704 -0.35940131428144334
vn 0.9781390469017954 0.20122958787109707 -0.05244671478058479
vn 0.9193460808806617 0.16010458726138704 -0.35940131428144334
vn 0.9918033125992622 0.11610762738281295 -0.05334049100508771
vn -0.42114462766988636 0.6921182591256579 0.5861821542572423
vn -0.30724268795280296 0.5290446867907093 0.7910206382124659
vn -0.3339599333971797 0.47393357877388687 0.8147746472466648
vn -0.42114462766988636 0.6921182591256579 0.5861821542572423
vn -0.3339599333971797 0.47393357877388687 0.8147746472466648
vn -0.6120498631982716 0.556729159671499 0.561647227118984
vn -0.30724268795280296 0.5290446867907093 0.7910206382124659
vn 0.004631042377094372 0.45918045009206176 0.8883309449184764
vn 0.0026851411925588025 0.4020381906679485 0.9156189618292199
vn -0.30724268795280296 0.5290446867907093 0.7910206382124659
vn 0.0026851411925588025 0.4020381906679485 0.9156189618292199
vn -0.3339599333971797 0.47393357877388687 0.8147746472466648
vn -0.3339599333971797 0.47393357877388687 0.8147746472466648
vn 0.0026851411925588025 0.4020381906679485 0.9156189618292199
vn 0.0011919474250853468 0.3752306370409137 0.926930713854712
vn -0.3339599333971797 0.47393357877388687 0.8147746472466648
vn 0.0011919474250853468 0.3752306370409137 0.926930713854712
vn -0.33024708968970334 0.4519393619937394 0.8286662010919552
vn -0.6120498631982716 0.556729159671499 0.561647227118984
vn -0.3339599333971797 0.47393357877388687 0.8147746472466648
vn -0.33024708968970334 0.4519393619937394 0.8286662010919552
vn -0.6120498631982716 0.556729159671499 0.561647227118984
vn -0.33024708968970334 0.4519393619937394 0.8286662010919552
vn -0.6092637185037152 0.4402796771544421 0.6595085497548957
vn -0.6092637185037152 0.4402796771544421 0.6595085497548957
vn -0.33024708968970334 0.4519393619937394 0.8286662010919552
vn -0.30972570018779777 0.4587944209861254 0.8328131062340364
vn -0.6092637185037152 0.4402796771544421 0.6595085497548957
vn -0.30972570018779777 0.4587944209861254 0.8328131062340364
vn -0.3819486628145509 0.4746499185766606 0.7929834006896652
vn -0.33024708968970334 0.4519393619937394 0.8286662010919552
vn 0.0011919474250853468 0.3752306370409137 0.926930713854712
vn 0.0018970999903591805 0.3553869872990072 0.9347173317480328
vn -0.33024708968970334 0.4519393619937394 0.8286662010919552
vn 0.0018970999903591805 0.3553869872990072 0.9347173317480328
vn -0.30972570018779777 0.4587944209861254 0.8328131062340364
vn -0.30972570018779777 0.4587944209861254 0.8328131062340364
vn 0.0018970999903591805 0.3553869872990072 0.9347173317480328
vn 0.005813112783221792 0.32115937270679207 0.9470073204798101
vn -0.30972570018779777 0.4587944209861254 0.8328131062340364
vn 0.005813112783221792 0.32115937270679207 0.9470073204798101
vn -0.31455322840290717 0.4583146317897883 0.8312664824162582
vn -0.3819486628145509 0.4746499185766606 0.7929834006896652
vn -0.30972570018779777 0.4587944209861254 0.8328131062340364
vn -0.31455322840290717 0.4583146317897883 0.8312664824162582
vn -0.3819486628145509 0.4746499185766606 0.7929834006896652
vn -0.31455322840290717 0.4583146317897883 0.8312664824162582
vn -0.4178930053923606 0.5684766494060548 0.7086605217762634
vn 0.0011912524485342283 0.37523122963041833 -0.9269304748618679
vn -0.3302464772343052 0.45193930665669396 -0.8286664753524172
vn -0.30972485555027685 0.4587937350910726 -0.8328137982139483
vn 0.0011912524485342283 0.37523122963041833 -0.9269304748618679
vn -0.30972485555027685 0.4587937350910726 -0.8328137982139483
vn 0.0018954135900608423 0.3553875392934488 -0.9347171252963488
vn -0.3302464772343052 0.45193930665669396 -0.8286664753524172
vn -0.6092640258154365 0.440279059610187 -0.6595086781202629
vn -0.3819465736997284 0.4746488077491676 -0.792985071827542
vn -0.3302464772343052 0.45193930665669396 -0.8286664753524172
vn -0.3819465736997284 0.4746488077491676 -0.792985071827542
vn -0.30972485555027685 0.4587937350910726 -0.8328137982139483
vn -0.30972485555027685 0.4587937350910726 -0.8328137982139483
vn -0.3819465736997284 0.4746488077491676 -0.792985071827542
vn -0.41789215356336873 0.568477727594414 -0.7086601591872237
vn -0.30972485555027685 0.4587937350910726 -0.8328137982139483
vn -0.41789215356336873 0.568477727594414 -0.7086601591872237
vn -0.31455315413731466 0.45831301614533415 -0.831267401293972
vn 0.0018954135900608423 0.3553875392934488 -0.9347171252963488
vn -0.30972485555027685 0.4587937350910726 -0.8328137982139483
vn -0.31455315413731466 0.45831301614533415 -0.831267401293972
vn 0.0018954135900608423 0.3553875392934488 -0.9347171252963488
vn -0.31455315413731466 0.45831301614533415 -0.831267401293972
vn 0.005811429446047675 0.3211600138645597 -0.9470071133747145
vn 0.6642242070764471 0.21593569272757646 -0.7156661088384211
vn 0.37276759252355046 0.2766528189850817 -0.8857243023152316
vn 0.37749649878686586 0.22099976136691898 -0.8992527447160907
vn 0.6642242070764471 0.21593569272757646 -0.7156661088384211
vn 0.37749649878686586 0.22099976136691898 -0.8992527447160907
vn 0.673630057906128 0.12987696717646585 -0.7275675353411736
vn 0.37276759252355046 0.2766528189850817 -0.8857243023152316
vn 0.0011912524485342283 0.37523122963041833 -0.9269304748618679
vn 0.0018954135900608423 0.3553875392934488 -0.9347171252963488
vn 0.37276759252355046 0.2766528189850817 -0.8857243023152316
vn 0.0018954135900608423 0.3553875392934488 -0.9347171252963488
vn 0.37749649878686586 0.22099976136691898 -0.8992527447160907
vn 0.37749649878686586 0.22099976136691898 -0.8992527447160907
vn 0.0018954135900608423 0.3553875392934488 -0.9347171252963488
vn 0.005811429446047675 0.3211600138645597 -0.9470071133747145
vn 0.37749649878686586 0.22099976136691898 -0.8992527447160907
vn 0.005811429446047675 0.3211600138645597 -0.9470071133747145
vn 0.38523305651673395 0.155896897175068 -0.9095557429965253
vn 0.673630057906128 0.12987696717646585 -0.7275675353411736
vn 0.37749649878686586 0.22099976136691898 -0.8992527447160907
vn 0.38523305651673395 0.155896897175068 -0.9095557429965253
vn 0.673630057906128 0.12987696717646585 -0.7275675353411736
vn 0.38523305651673395 0.155896897175068 -0.9095557429965253
vn 0.6806373705018272 0.039301097931874175 -0.731565577086366
vn 0.0011919474250853468 0.3752306370409137 0.926930713854712
vn 0.372767701314888 0.2766529896584647 0.8857242032198555
vn 0.3774961198837202 0.2210000825099207 0.8992528248514676
vn 0.0011919474250853468 0.3752306370409137 0.926930713854712
vn 0.3774961198837202 0.2210000825099207 0.8992528248514676
vn 0.0018970999903591805 0.3553869872990072 0.9347173317480328
vn 0.372767701314888 0.2766529896584647 0.8857242032198555
vn 0.6642236474809324 0.21593571359988337 0.7156666219122106
vn 0.6736288178506797 0.12987717983268762 0.727568645503504
vn 0.372767701314888 0.2766529896584647 0.8857242032198555
vn 0.6736288178506797 0.12987717983268762 0.727568645503504
vn 0.3774961198837202 0.2210000825099207 0.8992528248514676
vn 0.3774961198837202 0.2210000825099207 0.8992528248514676
vn 0.6736288178506797 0.12987717983268762 0.727568645503504
vn 0.6806363237923171 0.039301229256364006 0.7315665438724073
vn 0.3774961198837202 0.2210000825099207 0.8992528248514676
vn 0.6806363237923171 0.039301229256364006 0.7315665438724073
vn 0.38523301142905736 0.15589740078331388 0.9095556757748844
vn 0.0018970999903591805 0.3553869872990072 0.9347173317480328
vn 0.3774961198837202 0.2210000825099207 0.8992528248514676
vn 0.38523301142905736 0.15589740078331388 0.9095556757748844
vn 0.0018970999903591805 0.3553869872990072 0.9347173317480328
vn 0.38523301142905736 0.15589740078331388 0.9095556757748844
vn 0.005813112783221792 0.32115937270679207 0.9470073204798101
vn -0.93334115978352 0.3050404683800176 -0.18927385478309847
vn -0.8966337343507134 0.42088487587845314 0.1374913367491695
vn -0.8998636256288807 -0.21135499147593947 -0.3815422949664315
vn -0.93334115978352 0.3050404683800176 -0.18927385478309847
vn -0.8998636256288807 -0.21135499147593947 -0.3815422949664315
vn -0.9068768881179842 -0.31734604300944674 -0.27724681924900013
vn -0.8966337343507134 0.42088487587845314 0.1374913367491695
vn -0.6092637185037152 0.4402796771544421 0.6595085497548957
vn -0.5942432820427107 0.24718437047847977 0.7653592677548661
vn -0.8966337343507134 0.42088487587845314 0.1374913367491695
vn -0.5942432820427107 0.24718437047847977 0.7653592677548661
vn -0.8295490208713246 0.08230332599949951 0.5523355723659726
vn -0.8295490208713246 0.08230332599949951 0.5523355723659726
vn -0.5942432820427107 0.24718437047847977 0.7653592677548661
vn -0.525838530243117 0.11596648415928572 0.8426420442058968
vn -0.8295490208713246 0.08230332599949951 0.5523355723659726
vn -0.525838530243117 0.11596648415928572 0.8426420442058968
vn -0.7107929028742618 -0.11068014845272721 0.6946390098188143
vn -0.9068768881179842 -0.31734604300944674 -0.27724681924900013
vn -0.8998636256288807 -0.21135499147593947 -0.3815422949664315
vn -0.739631937641817 -0.6208346340734181 -0.25982485245860565
vn -0.9068768881179842 -0.31734604300944674 -0.27724681924900013
vn -0.739631937641817 -0.6208346340734181 -0.25982485245860565
vn -0.748286936651228 -0.638954782395688 -0.178335208219802
vn 0.08029391918681314 0.6352430609080899 -0.768127033836033
vn -0.11307676375386463 0.4729694096286914 -0.8737926430535106
vn -0.08752867773797753 0.4773056685496382 -0.8743672165308031
vn 0.08029391918681314 0.6352430609080899 -0.768127033836033
vn -0.08752867773797753 0.4773056685496382 -0.8743672165308031
vn 0.10921910085638747 0.6251413410943935 -0.7728321238553852
vn -0.11307676375386463 0.4729694096286914 -0.8737926430535106
vn -0.4748151566953285 0.28197954591322255 -0.8336894521696694
vn -0.46605458238814385 0.2950048281936037 -0.8341254567374593
vn -0.11307676375386463 0.4729694096286914 -0.8737926430535106
vn -0.46605458238814385 0.2950048281936037 -0.8341254567374593
vn -0.08752867773797753 0.4773056685496382 -0.8743672165308031
vn -0.08752867773797753 0.4773056685496382 -0.8743672165308031
vn -0.46605458238814385 0.2950048281936037 -0.8341254567374593
vn -0.4629935690912527 0.3289125597599895 -0.8230756241149866
vn -0.08752867773797753 0.4773056685496382 -0.8743672165308031
vn -0.4629935690912527 0.3289125597599895 -0.8230756241149866
vn -0.15766809296964565 0.5252746993555787 -0.8361981001390887
vn 0.10921910085638747 0.6251413410943935 -0.7728321238553852
vn -0.08752867773797753 0.4773056685496382 -0.8743672165308031
vn -0.15766809296964565 0.5252746993555787 -0.8361981001390887
vn 0.10921910085638747 0.6251413410943935 -0.7728321238553852
vn -0.15766809296964565 0.5252746993555787 -0.8361981001390887
vn 0.09740451365767275 0.6365648060414614 -0.7650474550173401
vn 0.30676167423927475 0.9516855543617141 -0.013852105874335888
vn -0.3649977441599232 0.9148280095429849 -0.1728188638829318
vn 0.222126594557173 0.9374148444588517 -0.26816633901110704
vn 0.30676167423927475 0.9516855543617141 -0.013852105874335888
vn 0.222126594557173 0.9374148444588517 -0.26816633901110704
vn 0.39190915018161115 0.9192970612331842 -0.0360573322912033
vn -0.3649977441599232 0.9148280095429849 -0.1728188638829318
vn -0.4211456230894461 0.6921180722577626 -0.5861816597325445
vn -0.06865673064436481 0.7278063347021254 -0.6823373011236341
vn -0.3649977441599232 0.9148280095429849 -0.1728188638829318
vn -0.06865673064436481 0.7278063347021254 -0.6823373011236341
vn 0.222126594557173 0.9374148444588517 -0.26816633901110704
vn 0.222126594557173 0.9374148444588517 -0.26816633901110704
vn -0.06865673064436481 0.7278063347021254 -0.6823373011236341
vn 0.08029391918681314 0.6352430609080899 -0.768127033836033
vn 0.222126594557173 0.9374148444588517 -0.26816633901110704
vn 0.08029391918681314 0.6352430609080899 -0.768127033836033
vn 0.3512912613496885 0.8421161324357919 -0.4091880609093192
vn 0.39190915018161115 0.9192970612331842 -0.0360573322912033
vn 0.222126594557173 0.9374148444588517 -0.26816633901110704
vn 0.3512912613496885 0.8421161324357919 -0.4091880609093192
vn 0.39190915018161115 0.9192970612331842 -0.0360573322912033
vn 0.3512912613496885 0.8421161324357919 -0.4091880609093192
vn 0.485065206610531 0.872354680644052 -0.06090202372907526
vn -0.5091039462350327 0.520758194525789 0.6852912335366311
vn -0.33151976712177944 0.5676472533730262 0.7535723188557155
vn -0.21697861704997612 0.5133278889777719 0.8303100373599636
vn -0.5091039462350327 0.520758194525789 0.6852912335366311
vn -0.21697861704997612 0.5133278889777719 0.8303100373599636
vn -0.5090605479474991 0.3606821778908831 0.7815150190977019
vn -0.33151976712177944 0.5676472533730262 0.7535723188557155
vn -0.42114462766988636 0.6921182591256579 0.5861821542572423
vn -0.06865619394010652 0.7278074093451533 0.6823362088706382
vn -0.33151976712177944 0.5676472533730262 0.7535723188557155
vn -0.06865619394010652 0.7278074093451533 0.6823362088706382
vn -0.21697861704997612 0.5133278889777719 0.8303100373599636
vn -0.21697861704997612 0.5133278889777719 0.8303100373599636
vn -0.06865619394010652 0.7278074093451533 0.6823362088706382
vn 0.08029368011813653 0.6352423681045235 0.7681276317761544
vn -0.21697861704997612 0.5133278889777719 0.8303100373599636
vn 0.08029368011813653 0.6352423681045235 0.7681276317761544
vn -0.11307714427791116 0.4729697659188089 0.8737924009561193
vn -0.5090605479474991 0.3606821778908831 0.7815150190977019
vn -0.21697861704997612 0.5133278889777719 0.8303100373599636
vn -0.11307714427791116 0.4729697659188089 0.8737924009561193
vn -0.5090605479474991 0.3606821778908831 0.7815150190977019
vn -0.11307714427791116 0.4729697659188089 0.8737924009561193
vn -0.4748153394343495 0.2819792656318543 0.8336894428931937
vn -0.9202426524384237 0.38861276046721294 0.046190724557503726
vn -0.815422993621663 0.45913525741100886 0.3525339088303592
vn -0.8934010122917637 0.16958485479387478 0.4160235669533546
vn -0.9202426524384237 0.38861276046721294 0.046190724557503726
vn -0.8934010122917637 0.16958485479387478 0.4160235669533546
vn -0.9982998502413537 0.03476191360342029 0.046786946584692436
vn -0.815422993621663 0.45913525741100886 0.3525339088303592
vn -0.5091039462350327 0.520758194525789 0.6852912335366311
vn -0.5090605479474991 0.3606821778908831 0.7815150190977019
vn -0.815422993621663 0.45913525741100886 0.3525339088303592
vn -0.5090605479474991 0.3606821778908831 0.7815150190977019
vn -0.8934010122917637 0.16958485479387478 0.4160235669533546
vn -0.8934010122917637 0.16958485479387478 0.4160235669533546
vn -0.5090605479474991 0.3606821778908831 0.7815150190977019
vn -0.4748153394343495 0.2819792656318543 0.8336894428931937
vn -0.8934010122917637 0.16958485479387478 0.4160235669533546
vn -0.4748153394343495 0.2819792656318543 0.8336894428931937
vn -0.9064183324006537 -0.024284815707578213 0.4216824094197754
vn -0.9982998502413537 0.03476191360342029 0.046786946584692436
vn -0.8934010122917637 0.16958485479387478 0.4160235669533546
vn -0.9064183324006537 -0.024284815707578213 0.4216824094197754
vn -0.9982998502413537 0.03476191360342029 0.046786946584692436
vn -0.9064183324006537 -0.024284815707578213 0.4216824094197754
vn -0.9823854460631132 -0.18176333451429413 0.04336963903035107
vn -0.9952816762713854 0.012770460051712498 0.09618367963687374
vn -0.8314053928967897 0.19214598854340184 0.521387563860909
vn -0.9504184814828839 0.19065059388980624 0.2456767410750022
vn -0.9952816762713854 0.012770460051712498 0.09618367963687374
vn -0.9504184814828839 0.19065059388980624 0.2456767410750022
vn -0.9860680630338401 0.1408092685909601 0.08855803150233886
vn -0.8314053928967897 0.19214598854340184 0.521387563860909
vn -0.4629922478102606 0.3289152984128049 0.8230752729475098
vn -0.15766200300172686 0.5252738665216155 0.8361997715611478
vn -0.8314053928967897 0.19214598854340184 0.521387563860909
vn -0.15766200300172686 0.5252738665216155 0.8361997715611478
vn 0.04721957613916002 0.8394439872935284 0.5413908974354673
vn 0.04721957613916002 0.8394439872935284 0.5413908974354673
vn -0.15766200300172686 0.5252738665216155 0.8361997715611478
vn 0.09740049863145366 0.6365623944866944 0.7650499727414609
vn 0.04721957613916002 0.8394439872935284 0.5413908974354673
vn 0.09740049863145366 0.6365623944866944 0.7650499727414609
vn 0.24015708480177006 0.8409173384620792 0.4849562913225978
vn 0.22485944882870038 0.9672558265210569 0.11770469121288221
vn 0.04721957613916002 0.8394439872935284 0.5413908974354673
vn 0.24015708480177006 0.8409173384620792 0.4849562913225978
vn 0.22485944882870038 0.9672558265210569 0.11770469121288221
vn 0.24015708480177006 0.8409173384620792 0.4849562913225978
vn 0.3424377098037065 0.9325222722719292 0.11462384839635498
vn 0.485065206610531 0.872354680644052 -0.06090202372907526
vn 0.3512912613496885 0.8421161324357919 -0.4091880609093192
vn 0.3670336208103706 0.8290611001168019 -0.4218341065726519
vn 0.485065206610531 0.872354680644052 -0.06090202372907526
vn 0.3670336208103706 0.8290611001168019 -0.4218341065726519
vn 0.48689862701857356 0.870722784348349 -0.06907647808108415
vn 0.3512912613496885 0.8421161324357919 -0.4091880609093192
vn 0.08029391918681314 0.6352430609080899 -0.768127033836033
vn 0.10921910085638747 0.6251413410943935 -0.7728321238553852
vn 0.3512912613496885 0.8421161324357919 -0.4091880609093192
vn 0.10921910085638747 0.6251413410943935 -0.7728321238553852
vn 0.3670336208103706 0.8290611001168019 -0.4218341065726519
vn 0.3670336208103706 0.8290611001168019 -0.4218341065726519
vn 0.10921910085638747 0.6251413410943935 -0.7728321238553852
vn 0.09740451365767275 0.6365648060414614 -0.7650474550173401
vn 0.3670336208103706 0.8290611001168019 -0.4218341065726519
vn 0.09740451365767275 0.6365648060414614 -0.7650474550173401
vn 0.24015654998775585 0.8409191807990407 -0.48495336153309504
vn 0.48689862701857356 0.870722784348349 -0.06907647808108415
vn 0.3670336208103706 0.8290611001168019 -0.4218341065726519
vn 0.24015654998775585 0.8409191807990407 -0.48495336153309504
vn 0.48689862701857356 0.870722784348349 -0.06907647808108415
vn 0.24015654998775585 0.8409191807990407 -0.48495336153309504
vn 0.342437885146656 0.9325223512277845 -0.1146226822094585
vn -0.4748153394343495 0.2819792656318543 0.8336894428931937
vn -0.11307714427791116 0.4729697659188089 0.8737924009561193
vn -0.08752687602755281 0.4773071922599994 0.8743665651142737
vn -0.4748153394343495 0.2819792656318543 0.8336894428931937
vn -0.08752687602755281 0.4773071922599994 0.8743665651142737
vn -0.46605475753882075 0.2950059738910553 0.8341249536754196
vn -0.11307714427791116 0.4729697659188089 0.8737924009561193
vn 0.08029368011813653 0.6352423681045235 0.7681276317761544
vn 0.10921848207674813 0.6251398180501232 0.7728334432858802
vn -0.11307714427791116 0.4729697659188089 0.8737924009561193
vn 0.10921848207674813 0.6251398180501232 0.7728334432858802
vn -0.08752687602755281 0.4773071922599994 0.8743665651142737
vn -0.08752687602755281 0.4773071922599994 0.8743665651142737
vn 0.10921848207674813 0.6251398180501232 0.7728334432858802
vn 0.09740049863145366 0.6365623944866944 0.7650499727414609
vn -0.08752687602755281 0.4773071922599994 0.8743665651142737
vn 0.09740049863145366 0.6365623944866944 0.7650499727414609
vn -0.15766200300172686 0.5252738665216155 0.8361997715611478
vn -0.46605475753882075 0.2950059738910553 0.8341249536754196
vn -0.08752687602755281 0.4773071922599994 0.8743665651142737
vn -0.15766200300172686 0.5252738665216155 0.8361997715611478
vn -0.46605475753882075 0.2950059738910553 0.8341249536754196
vn -0.15766200300172686 0.5252738665216155 0.8361997715611478
vn -0.4629922478102606 0.3289152984128049 0.8230752729475098
vn -0.9823854460631132 -0.18176333451429413 0.04336963903035107
vn -0.9064183324006537 -0.024284815707578213 0.4216824094197754
vn -0.9087196500145658 -0.017980138129578202 0.4170195586663126
vn -0.9823854460631132 -0.18176333451429413 0.04336963903035107
vn -0.9087196500145658 -0.017980138129578202 0.4170195586663126
vn -0.9835174449409428 -0.17494713835390185 0.04568297580740821
vn -0.9064183324006537 -0.024284815707578213 0.4216824094197754
vn -0.4748153394343495 0.2819792656318543 0.8336894428931937
vn -0.46605475753882075 0.2950059738910553 0.8341249536754196
vn -0.9064183324006537 -0.024284815707578213 0.4216824094197754
vn -0.46605475753882075 0.2950059738910553 0.8341249536754196
vn -0.9087196500145658 -0.017980138129578202 0.4170195586663126
vn -0.9087196500145658 -0.017980138129578202 0.4170195586663126
vn -0.46605475753882075 0.2950059738910553 0.8341249536754196
vn -0.4629922478102606 0.3289152984128049 0.8230752729475098
vn -0.9087196500145658 -0.017980138129578202 0.4170195586663126
vn -0.4629922478102606 0.3289152984128049 0.8230752729475098
vn -0.8314053928967897 0.19214598854340184 0.521387563860909
vn -0.9835174449409428 -0.17494713835390185 0.04568297580740821
vn -0.9087196500145658 -0.017980138129578202 0.4170195586663126
vn -0.8314053928967897 0.19214598854340184 0.521387563860909
vn -0.9835174449409428 -0.17494713835390185 0.04568297580740821
vn -0.8314053928967897 0.19214598854340184 0.521387563860909
vn -0.9952816762713854 0.012770460051712498 0.09618367963687374
vn -0.5535197571869678 0.5860927999919044 -0.5917018744277641
vn -0.6046057133021631 0.7206250565079081 -0.3393397403419722
vn 0.3854301748674981 0.9227370049426934 0.000003316278366998735
vn -0.5535197571869678 0.5860927999919044 -0.5917018744277641
vn 0.3854301748674981 0.9227370049426934 0.000003316278366998735
vn -0.24820291998526003 0.554975746327575 -0.7939755862108996
vn -0.756316746836745 0.6541605530130886 0.007677847087113229
vn -0.6870785721428974 0.726583123735261 0.0000022776469077716856
vn 0.3854301748674981 0.9227370049426934 0.000003316278366998735
vn -0.756316746836745 0.6541605530130886 0.007677847087113229
vn 0.3854301748674981 0.9227370049426934 0.000003316278366998735
vn -0.6046057133021631 0.7206250565079081 -0.3393397403419722
vn -0.7563173061399879 0.654159915072447 -0.007677105285230005
vn -0.6045979805047931 0.7206272526978674 0.3393488538932312
vn 0.3854301748674981 0.9227370049426934 0.000003316278366998735
vn -0.7563173061399879 0.654159915072447 -0.007677105285230005
vn 0.3854301748674981 0.9227370049426934 0.000003316278366998735
vn -0.6870785721428974 0.726583123735261 0.0000022776469077716856
vn -0.5535226567454624 0.5860922249351738 0.591699731569977
vn -0.24819196667077295 0.554974143109209 0.7939801308347038
vn 0.3854301748674981 0.9227370049426934 0.000003316278366998735
vn -0.5535226567454624 0.5860922249351738 0.591699731569977
vn 0.3854301748674981 0.9227370049426934 0.000003316278366998735
vn -0.6045979805047931 0.7206272526978674 0.3393488538932312
vn 0.023856715359035753 0.3268248806645822 0.944783760715043
vn 0.35850113468056033 0.29742670910883195 0.8848809463094124
vn 0.3854301748674981 0.9227370049426934 0.000003316278366998735
vn 0.023856715359035753 0.3268248806645822 0.944783760715043
vn 0.3854301748674981 0.9227370049426934 0.000003316278366998735
vn -0.24819196667077295 0.554974143109209 0.7939801308347038
vn 0.687232954969555 0.02699522025534996 0.7259353440129352
vn 0.8925618676277447 0.08820201884751194 0.4422145591543718
vn 0.3854301748674981 0.9227370049426934 0.000003316278366998735
vn 0.687232954969555 0.02699522025534996 0.7259353440129352
vn 0.3854301748674981 0.9227370049426934 0.000003316278366998735
vn 0.35850113468056033 0.29742670910883195 0.8848809463094124
vn 0.9872813459058052 -0.14297208084378657 0.06953077107022042
vn 0.9999832576173646 -0.005786577941215801 -8.327529633078027e-7
vn 0.3854301748674981 0.9227370049426934 0.000003316278366998735
vn 0.9872813459058052 -0.14297208084378657 0.06953077107022042
vn 0.3854301748674981 0.9227370049426934 0.000003316278366998735
vn 0.8925618676277447 0.08820201884751194 0.4422145591543718
vn 0.9872812419799981 -0.1429723911329555 -0.0695316086981851
vn 0.8925660076845159 0.08819833545135454 -0.4422069374735488
vn 0.3854301748674981 0.9227370049426934 0.000003316278366998735
vn 0.9872812419799981 -0.1429723911329555 -0.0695316086981851
vn 0.3854301748674981 0.9227370049426934 0.000003316278366998735
vn 0.9999832576173646 -0.005786577941215801 -8.327529633078027e-7
vn 0.6872329978959245 0.02699440613034067 -0.7259353336493894
vn 0.35850871804109835 0.2974236564415374 -0.88487890000693
vn 0.3854301748674981 0.9227370049426934 0.000003316278366998735
vn 0.6872329978959245 0.02699440613034067 -0.7259353336493894
vn 0.3854301748674981 0.9227370049426934 0.000003316278366998735
vn 0.8925660076845159 0.08819833545135454 -0.4422069374735488
vn 0.023856676033384032 0.32682465370841773 -0.9447838402179681
vn -0.24820291998526003 0.554975746327575 -0.7939755862108996
vn 0.3854301748674981 0.9227370049426934 0.000003316278366998735
vn 0.023856676033384032 0.32682465370841773 -0.9447838402179681
vn 0.3854301748674981 0.9227370049426934 0.000003316278366998735
vn 0.35850871804109835 0.2974236564415374 -0.88487890000693
vn 0.005811429446047675 0.3211600138645597 -0.9470071133747145
vn -0.31455315413731466 0.45831301614533415 -0.831267401293972
vn -0.32612990924986995 0.45407323816108325 -0.829130132535647
vn 0.005811429446047675 0.3211600138645597 -0.9470071133747145
vn -0.32612990924986995 0.45407323816108325 -0.829130132535647
vn 0.008678060478107692 0.3045586494413131 -0.952454051551476
vn -0.31455315413731466 0.45831301614533415 -0.831267401293972
vn -0.41789215356336873 0.568477727594414 -0.7086601591872237
vn -0.5326567285844812 0.573180968404646 -0.6226880334103028
vn -0.31455315413731466 0.45831301614533415 -0.831267401293972
vn -0.5326567285844812 0.573180968404646 -0.6226880334103028
vn -0.32612990924986995 0.45407323816108325 -0.829130132535647
vn -0.32612990924986995 0.45407323816108325 -0.829130132535647
vn -0.5326567285844812 0.573180968404646 -0.6226880334103028
vn -0.5535197571869678 0.5860927999919044 -0.5917018744277641
vn -0.32612990924986995 0.45407323816108325 -0.829130132535647
vn -0.5535197571869678 0.5860927999919044 -0.5917018744277641
vn -0.24820291998526003 0.554975746327575 -0.7939755862108996
vn 0.008678060478107692 0.3045586494413131 -0.952454051551476
vn -0.32612990924986995 0.45407323816108325 -0.829130132535647
vn -0.24820291998526003 0.554975746327575 -0.7939755862108996
vn 0.008678060478107692 0.3045586494413131 -0.952454051551476
vn -0.24820291998526003 0.554975746327575 -0.7939755862108996
vn 0.023856676033384032 0.32682465370841773 -0.9447838402179681
vn 0.6806373705018272 0.039301097931874175 -0.731565577086366
vn 0.38523305651673395 0.155896897175068 -0.9095557429965253
vn 0.3887577803629015 0.12686778218281405 -0.912563397277868
vn 0.6806373705018272 0.039301097931874175 -0.731565577086366
vn 0.3887577803629015 0.12686778218281405 -0.912563397277868
vn 0.6819440591770219 0.0024582538968393308 -0.7314002031315995
vn 0.38523305651673395 0.155896897175068 -0.9095557429965253
vn 0.005811429446047675 0.3211600138645597 -0.9470071133747145
vn 0.008678060478107692 0.3045586494413131 -0.952454051551476
vn 0.38523305651673395 0.155896897175068 -0.9095557429965253
vn 0.008678060478107692 0.3045586494413131 -0.952454051551476
vn 0.3887577803629015 0.12686778218281405 -0.912563397277868
vn 0.3887577803629015 0.12686778218281405 -0.912563397277868
vn 0.008678060478107692 0.3045586494413131 -0.952454051551476
vn 0.023856676033384032 0.32682465370841773 -0.9447838402179681
vn 0.3887577803629015 0.12686778218281405 -0.912563397277868
vn 0.023856676033384032 0.32682465370841773 -0.9447838402179681
vn 0.35850871804109835 0.2974236564415374 -0.88487890000693
vn 0.6819440591770219 0.0024582538968393308 -0.7314002031315995
vn 0.3887577803629015 0.12686778218281405 -0.912563397277868
vn 0.35850871804109835 0.2974236564415374 -0.88487890000693
vn 0.6819440591770219 0.0024582538968393308 -0.7314002031315995
vn 0.35850871804109835 0.2974236564415374 -0.88487890000693
vn 0.6872329978959245 0.02699440613034067 -0.7259353336493894
vn 0.9918958024803618 -0.11525407144777423 -0.0534716376834562
vn 0.9293481635695874 -0.06462879318752525 -0.363503933900253
vn 0.924416909504397 -0.10951116120281294 -0.3653227107563266
vn 0.9918958024803618 -0.11525407144777423 -0.0534716376834562
vn 0.924416909504397 -0.10951116120281294 -0.3653227107563266
vn 0.9854037310610345 -0.15901577577347545 -0.06077392422866894
vn 0.9293481635695874 -0.06462879318752525 -0.363503933900253
vn 0.6806373705018272 0.039301097931874175 -0.731565577086366
vn 0.6819440591770219 0.0024582538968393308 -0.7314002031315995
vn 0.9293481635695874 -0.06462879318752525 -0.363503933900253
vn 0.6819440591770219 0.0024582538968393308 -0.7314002031315995
vn 0.924416909504397 -0.10951116120281294 -0.3653227107563266
vn 0.924416909504397 -0.10951116120281294 -0.3653227107563266
vn 0.6819440591770219 0.0024582538968393308 -0.7314002031315995
vn 0.6872329978959245 0.02699440613034067 -0.7259353336493894
vn 0.924416909504397 -0.10951116120281294 -0.3653227107563266
vn 0.6872329978959245 0.02699440613034067 -0.7259353336493894
vn 0.8925660076845159 0.08819833545135454 -0.4422069374735488
vn 0.9854037310610345 -0.15901577577347545 -0.06077392422866894
vn 0.924416909504397 -0.10951116120281294 -0.3653227107563266
vn 0.8925660076845159 0.08819833545135454 -0.4422069374735488
vn 0.9854037310610345 -0.15901577577347545 -0.06077392422866894
vn 0.8925660076845159 0.08819833545135454 -0.4422069374735488
vn 0.9872812419799981 -0.1429723911329555 -0.0695316086981851
vn 0.005813112783221792 0.32115937270679207 0.9470073204798101
vn 0.38523301142905736 0.15589740078331388 0.9095556757748844
vn 0.3887546177749717 0.1268692034407737 0.9125645469647281
vn 0.005813112783221792 0.32115937270679207 0.9470073204798101
vn 0.3887546177749717 0.1268692034407737 0.9125645469647281
vn 0.00868156216311801 0.30455827645804184 0.952454138906076
vn 0.38523301142905736 0.15589740078331388 0.9095556757748844
vn 0.6806363237923171 0.039301229256364006 0.7315665438724073
vn 0.6819456634254646 0.00245838685576688 0.7313987069097609
vn 0.38523301142905736 0.15589740078331388 0.9095556757748844
vn 0.6819456634254646 0.00245838685576688 0.7313987069097609
vn 0.3887546177749717 0.1268692034407737 0.9125645469647281
vn 0.3887546177749717 0.1268692034407737 0.9125645469647281
vn 0.6819456634254646 0.00245838685576688 0.7313987069097609
vn 0.687232954969555 0.02699522025534996 0.7259353440129352
vn 0.3887546177749717 0.1268692034407737 0.9125645469647281
vn 0.687232954969555 0.02699522025534996 0.7259353440129352
vn 0.35850113468056033 0.29742670910883195 0.8848809463094124
vn 0.00868156216311801 0.30455827645804184 0.952454138906076
vn 0.3887546177749717 0.1268692034407737 0.9125645469647281
vn 0.35850113468056033 0.29742670910883195 0.8848809463094124
vn 0.00868156216311801 0.30455827645804184 0.952454138906076
vn 0.35850113468056033 0.29742670910883195 0.8848809463094124
vn 0.023856715359035753 0.3268248806645822 0.944783760715043
vn -0.4178930053923606 0.5684766494060548 0.7086605217762634
vn -0.31455322840290717 0.4583146317897883 0.8312664824162582
vn -0.3261281784454116 0.4540735174075084 0.8291306603986196
vn -0.4178930053923606 0.5684766494060548 0.7086605217762634
vn -0.3261281784454116 0.4540735174075084 0.8291306603986196
vn -0.5326558952127526 0.5731811965131473 0.6226885363155948
vn -0.31455322840290717 0.4583146317897883 0.8312664824162582
vn 0.005813112783221792 0.32115937270679207 0.9470073204798101
vn 0.00868156216311801 0.30455827645804184 0.952454138906076
vn -0.31455322840290717 0.4583146317897883 0.8312664824162582
vn 0.00868156216311801 0.30455827645804184 0.952454138906076
vn -0.3261281784454116 0.4540735174075084 0.8291306603986196
vn -0.3261281784454116 0.4540735174075084 0.8291306603986196
vn 0.00868156216311801 0.30455827645804184 0.952454138906076
vn 0.023856715359035753 0.3268248806645822 0.944783760715043
vn -0.3261281784454116 0.4540735174075084 0.8291306603986196
vn 0.023856715359035753 0.3268248806645822 0.944783760715043
vn -0.24819196667077295 0.554974143109209 0.7939801308347038
vn -0.5326558952127526 0.5731811965131473 0.6226885363155948
vn -0.3261281784454116 0.4540735174075084 0.8291306603986196
vn -0.24819196667077295 0.554974143109209 0.7939801308347038
vn -0.5326558952127526 0.5731811965131473 0.6226885363155948
vn -0.24819196667077295 0.554974143109209 0.7939801308347038
vn -0.5535226567454624 0.5860922249351738 0.591699731569977
vn -0.6487794629938809 0.7595542526215825 0.04650317969602585
vn -0.5846506114897168 0.7263752059096998 0.3613346409138506
vn -0.7042879180481632 0.6679705665802285 0.24040351635088936
vn -0.6487794629938809 0.7595542526215825 0.04650317969602585
vn -0.7042879180481632 0.6679705665802285 0.24040351635088936
vn -0.7422519493855154 0.6701192638513812 -0.0014885727006175057
vn -0.5846506114897168 0.7263752059096998 0.3613346409138506
vn -0.4178930053923606 0.5684766494060548 0.7086605217762634
vn -0.5326558952127526 0.5731811965131473 0.6226885363155948
vn -0.5846506114897168 0.7263752059096998 0.3613346409138506
vn -0.5326558952127526 0.5731811965131473 0.6226885363155948
vn -0.7042879180481632 0.6679705665802285 0.24040351635088936
vn -0.7042879180481632 0.6679705665802285 0.24040351635088936
vn -0.5326558952127526 0.5731811965131473 0.6226885363155948
vn -0.5535226567454624 0.5860922249351738 0.591699731569977
vn -0.7042879180481632 0.6679705665802285 0.24040351635088936
vn -0.5535226567454624 0.5860922249351738 0.591699731569977
vn -0.6045979805047931 0.7206272526978674 0.3393488538932312
vn -0.7422519493855154 0.6701192638513812 -0.0014885727006175057
vn -0.7042879180481632 0.6679705665802285 0.24040351635088936
vn -0.6045979805047931 0.7206272526978674 0.3393488538932312
vn -0.7422519493855154 0.6701192638513812 -0.0014885727006175057
vn -0.6045979805047931 0.7206272526978674 0.3393488538932312
vn -0.7563173061399879 0.654159915072447 -0.007677105285230005
vn -0.41789215356336873 0.568477727594414 -0.7086601591872237
vn -0.5846532541599171 0.726373464812674 -0.3613338650282458
vn -0.7042852848590623 0.667970909172085 -0.24041027854650435
vn -0.41789215356336873 0.568477727594414 -0.7086601591872237
vn -0.7042852848590623 0.667970909172085 -0.24041027854650435
vn -0.5326567285844812 0.573180968404646 -0.6226880334103028
vn -0.5846532541599171 0.726373464812674 -0.3613338650282458
vn -0.6487794827828074 0.7595540146969517 -0.04650678958835674
vn -0.7422520619303009 0.6701191390252588 0.0014886477967449444
vn -0.5846532541599171 0.726373464812674 -0.3613338650282458
vn -0.7422520619303009 0.6701191390252588 0.0014886477967449444
vn -0.7042852848590623 0.667970909172085 -0.24041027854650435
vn -0.7042852848590623 0.667970909172085 -0.24041027854650435
vn -0.7422520619303009 0.6701191390252588 0.0014886477967449444
vn -0.756316746836745 0.6541605530130886 0.007677847087113229
vn -0.7042852848590623 0.667970909172085 -0.24041027854650435
vn -0.756316746836745 0.6541605530130886 0.007677847087113229
vn -0.6046057133021631 0.7206250565079081 -0.3393397403419722
vn -0.5326567285844812 0.573180968404646 -0.6226880334103028
vn -0.7042852848590623 0.667970909172085 -0.24041027854650435
vn -0.6046057133021631 0.7206250565079081 -0.3393397403419722
vn -0.5326567285844812 0.573180968404646 -0.6226880334103028
vn -0.6046057133021631 0.7206250565079081 -0.3393397403419722
vn -0.5535197571869678 0.5860927999919044 -0.5917018744277641
vn -0.6487794827828074 0.7595540146969517 -0.04650678958835674
vn -0.6497486234592494 0.7601491474068006 0.000003086163540640738
vn -0.7483204673352543 0.663337378816491 0.000005658069787008769
vn -0.6487794827828074 0.7595540146969517 -0.04650678958835674
vn -0.7483204673352543 0.663337378816491 0.000005658069787008769
vn -0.7422520619303009 0.6701191390252588 0.0014886477967449444
vn -0.6497486234592494 0.7601491474068006 0.000003086163540640738
vn -0.6487794629938809 0.7595542526215825 0.04650317969602585
vn -0.7422519493855154 0.6701192638513812 -0.0014885727006175057
vn -0.6497486234592494 0.7601491474068006 0.000003086163540640738
vn -0.7422519493855154 0.6701192638513812 -0.0014885727006175057
vn -0.7483204673352543 0.663337378816491 0.000005658069787008769
vn -0.7483204673352543 0.663337378816491 0.000005658069787008769
vn -0.7422519493855154 0.6701192638513812 -0.0014885727006175057
vn -0.7563173061399879 0.654159915072447 -0.007677105285230005
vn -0.7483204673352543 0.663337378816491 0.000005658069787008769
vn -0.7563173061399879 0.654159915072447 -0.007677105285230005
vn -0.6870785721428974 0.726583123735261 0.0000022776469077716856
vn -0.7422520619303009 0.6701191390252588 0.0014886477967449444
vn -0.7483204673352543 0.663337378816491 0.000005658069787008769
vn -0.6870785721428974 0.726583123735261 0.0000022776469077716856
vn -0.7422520619303009 0.6701191390252588 0.0014886477967449444
vn -0.6870785721428974 0.726583123735261 0.0000022776469077716856
vn -0.756316746836745 0.6541605530130886 0.007677847087113229
vn -0.4748151566953285 0.28197954591322255 -0.8336894521696694
vn -0.9064189375256153 -0.024285039160240402 -0.42168109581521446
vn -0.9087191579242117 -0.01797970785872365 -0.41702064952089196
vn -0.4748151566953285 0.28197954591322255 -0.8336894521696694
vn -0.9087191579242117 -0.01797970785872365 -0.41702064952089196
vn -0.46605458238814385 0.2950048281936037 -0.8341254567374593
vn -0.9064189375256153 -0.024285039160240402 -0.42168109581521446
vn -0.9823854791783134 -0.18176320328389214 -0.04336943891237346
vn -0.9835174711966228 -0.1749470211895909 -0.045682859235047175
vn -0.9064189375256153 -0.024285039160240402 -0.42168109581521446
vn -0.9835174711966228 -0.1749470211895909 -0.045682859235047175
vn -0.9087191579242117 -0.01797970785872365 -0.41702064952089196
vn -0.9087191579242117 -0.01797970785872365 -0.41702064952089196
vn -0.9835174711966228 -0.1749470211895909 -0.045682859235047175
vn -0.9952815379761917 0.012771755340662709 -0.0961849386820232
vn -0.9087191579242117 -0.01797970785872365 -0.41702064952089196
vn -0.9952815379761917 0.012771755340662709 -0.0961849386820232
vn -0.8314087626869812 0.19214247437964435 -0.5213834854179508
vn -0.46605458238814385 0.2950048281936037 -0.8341254567374593
vn -0.9087191579242117 -0.01797970785872365 -0.41702064952089196
vn -0.8314087626869812 0.19214247437964435 -0.5213834854179508
vn -0.46605458238814385 0.2950048281936037 -0.8341254567374593
vn -0.8314087626869812 0.19214247437964435 -0.5213834854179508
vn -0.4629935690912527 0.3289125597599895 -0.8230756241149866
vn -0.9823854791783134 -0.18176320328389214 -0.04336943891237346
vn -0.9816318299676167 -0.19078508954954482 2.563355876799941e-8
vn -0.9825010527483374 -0.18625703033283833 2.5025499675901902e-8
vn -0.9823854791783134 -0.18176320328389214 -0.04336943891237346
vn -0.9825010527483374 -0.18625703033283833 2.5025499675901902e-8
vn -0.9835174711966228 -0.1749470211895909 -0.045682859235047175
vn -0.9816318299676167 -0.19078508954954482 2.563355876799941e-8
vn -0.9823854460631132 -0.18176333451429413 0.04336963903035107
vn -0.9835174449409428 -0.17494713835390185 0.04568297580740821
vn -0.9816318299676167 -0.19078508954954482 2.563355876799941e-8
vn -0.9835174449409428 -0.17494713835390185 0.04568297580740821
vn -0.9825010527483374 -0.18625703033283833 2.5025499675901902e-8
vn -0.9825010527483374 -0.18625703033283833 2.5025499675901902e-8
vn -0.9835174449409428 -0.17494713835390185 0.04568297580740821
vn -0.9952816762713854 0.012770460051712498 0.09618367963687374
vn -0.9825010527483374 -0.18625703033283833 2.5025499675901902e-8
vn -0.9952816762713854 0.012770460051712498 0.09618367963687374
vn -0.9996908725715895 -0.024862809516507347 3.3408492514685743e-9
vn -0.9835174711966228 -0.1749470211895909 -0.045682859235047175
vn -0.9825010527483374 -0.18625703033283833 2.5025499675901902e-8
vn -0.9996908725715895 -0.024862809516507347 3.3408492514685743e-9
vn -0.9835174711966228 -0.1749470211895909 -0.045682859235047175
vn -0.9996908725715895 -0.024862809516507347 3.3408492514685743e-9
vn -0.9952815379761917 0.012771755340662709 -0.0961849386820232
vn 0.08029368011813653 0.6352423681045235 0.7681276317761544
vn 0.3512922148708969 0.8421149903275467 0.40918959277666833
vn 0.36703299397887706 0.8290607940189088 0.42183525356664786
vn 0.08029368011813653 0.6352423681045235 0.7681276317761544
vn 0.36703299397887706 0.8290607940189088 0.42183525356664786
vn 0.10921848207674813 0.6251398180501232 0.7728334432858802
vn 0.3512922148708969 0.8421149903275467 0.40918959277666833
vn 0.4850667466732014 0.872353845175212 0.06090172476948776
vn 0.48689771104310753 0.8707234193869894 0.06907492969241072
vn 0.3512922148708969 0.8421149903275467 0.40918959277666833
vn 0.48689771104310753 0.8707234193869894 0.06907492969241072
vn 0.36703299397887706 0.8290607940189088 0.42183525356664786
vn 0.36703299397887706 0.8290607940189088 0.42183525356664786
vn 0.48689771104310753 0.8707234193869894 0.06907492969241072
vn 0.3424377098037065 0.9325222722719292 0.11462384839635498
vn 0.36703299397887706 0.8290607940189088 0.42183525356664786
vn 0.3424377098037065 0.9325222722719292 0.11462384839635498
vn 0.24015708480177006 0.8409173384620792 0.4849562913225978
vn 0.10921848207674813 0.6251398180501232 0.7728334432858802
vn 0.36703299397887706 0.8290607940189088 0.42183525356664786
vn 0.24015708480177006 0.8409173384620792 0.4849562913225978
vn 0.10921848207674813 0.6251398180501232 0.7728334432858802
vn 0.24015708480177006 0.8409173384620792 0.4849562913225978
vn 0.09740049863145366 0.6365623944866944 0.7650499727414609
vn 0.4850667466732014 0.872353845175212 0.06090172476948776
vn 0.49593631036411867 0.8683588981880769 -1.1667084406004588e-7
vn 0.49710839924417943 0.8676884460455122 -1.1658452662417928e-7
vn 0.4850667466732014 0.872353845175212 0.06090172476948776
vn 0.49710839924417943 0.8676884460455122 -1.1658452662417928e-7
vn 0.48689771104310753 0.8707234193869894 0.06907492969241072
vn 0.49593631036411867 0.8683588981880769 -1.1667084406004588e-7
vn 0.485065206610531 0.872354680644052 -0.06090202372907526
vn 0.48689862701857356 0.870722784348349 -0.06907647808108415
vn 0.49593631036411867 0.8683588981880769 -1.1667084406004588e-7
vn 0.48689862701857356 0.870722784348349 -0.06907647808108415
vn 0.49710839924417943 0.8676884460455122 -1.1658452662417928e-7
vn 0.49710839924417943 0.8676884460455122 -1.1658452662417928e-7
vn 0.48689862701857356 0.870722784348349 -0.06907647808108415
vn 0.342437885146656 0.9325223512277845 -0.1146226822094585
vn 0.49710839924417943 0.8676884460455122 -1.1658452662417928e-7
vn 0.342437885146656 0.9325223512277845 -0.1146226822094585
vn 0.367718143211535 0.9299372920541581 2.0145831719891022e-7
vn 0.48689771104310753 0.8707234193869894 0.06907492969241072
vn 0.49710839924417943 0.8676884460455122 -1.1658452662417928e-7
vn 0.367718143211535 0.9299372920541581 2.0145831719891022e-7
vn 0.48689771104310753 0.8707234193869894 0.06907492969241072
vn 0.367718143211535 0.9299372920541581 2.0145831719891022e-7
vn 0.3424377098037065 0.9325222722719292 0.11462384839635498
vn -0.4629935690912527 0.3289125597599895 -0.8230756241149866
vn -0.8314087626869812 0.19214247437964435 -0.5213834854179508
vn 0.04721202926516662 0.8394464148373367 -0.5413877916146679
vn -0.4629935690912527 0.3289125597599895 -0.8230756241149866
vn 0.04721202926516662 0.8394464148373367 -0.5413877916146679
vn -0.15766809296964565 0.5252746993555787 -0.8361981001390887
vn -0.8314087626869812 0.19214247437964435 -0.5213834854179508
vn -0.9952815379761917 0.012771755340662709 -0.0961849386820232
vn -0.9860678273128581 0.14081016905092225 -0.08855922442270202
vn -0.8314087626869812 0.19214247437964435 -0.5213834854179508
vn -0.9860678273128581 0.14081016905092225 -0.08855922442270202
vn -0.9504171642109671 0.19065304497051333 -0.24567993490852083
vn 0.04721202926516662 0.8394464148373367 -0.5413877916146679
vn 0.22485729454268885 0.9672565972065376 -0.11770247342928852
vn 0.342437885146656 0.9325223512277845 -0.1146226822094585
vn 0.04721202926516662 0.8394464148373367 -0.5413877916146679
vn 0.342437885146656 0.9325223512277845 -0.1146226822094585
vn 0.24015654998775585 0.8409191807990407 -0.48495336153309504
vn -0.15766809296964565 0.5252746993555787 -0.8361981001390887
vn 0.04721202926516662 0.8394464148373367 -0.5413877916146679
vn 0.24015654998775585 0.8409191807990407 -0.48495336153309504
vn -0.15766809296964565 0.5252746993555787 -0.8361981001390887
vn 0.24015654998775585 0.8409191807990407 -0.48495336153309504
vn 0.09740451365767275 0.6365648060414614 -0.7650474550173401
vn -0.9952815379761917 0.012771755340662709 -0.0961849386820232
vn -0.9996908725715895 -0.024862809516507347 3.3408492514685743e-9
vn -0.9937834682255062 0.11133022178044874 -1.4958183715459133e-8
vn -0.9952815379761917 0.012771755340662709 -0.0961849386820232
vn -0.9937834682255062 0.11133022178044874 -1.4958183715459133e-8
vn -0.9860678273128581 0.14081016905092225 -0.08855922442270202
vn -0.9996908725715895 -0.024862809516507347 3.3408492514685743e-9
vn -0.9952816762713854 0.012770460051712498 0.09618367963687374
vn -0.9860680630338401 0.1408092685909601 0.08855803150233886
vn -0.9996908725715895 -0.024862809516507347 3.3408492514685743e-9
vn -0.9860680630338401 0.1408092685909601 0.08855803150233886
vn -0.9937834682255062 0.11133022178044874 -1.4958183715459133e-8
vn 0.2413069079564361 0.9704488529398327 5.166920674268486e-7
vn 0.22485944882870038 0.9672558265210569 0.11770469121288221
vn 0.3424377098037065 0.9325222722719292 0.11462384839635498
vn 0.2413069079564361 0.9704488529398327 5.166920674268486e-7
vn 0.3424377098037065 0.9325222722719292 0.11462384839635498
vn 0.367718143211535 0.9299372920541581 2.0145831719891022e-7
vn 0.22485729454268885 0.9672565972065376 -0.11770247342928852
vn 0.2413069079564361 0.9704488529398327 5.166920674268486e-7
vn 0.367718143211535 0.9299372920541581 2.0145831719891022e-7
vn 0.22485729454268885 0.9672565972065376 -0.11770247342928852
vn 0.367718143211535 0.9299372920541581 2.0145831719891022e-7
vn 0.342437885146656 0.9325223512277845 -0.1146226822094585
vn -0.5091041844198813 0.5207582485554252 -0.6852910155311053
vn -0.815422720621064 0.45913529597745323 -0.3525344900610982
vn -0.8934011167816465 0.1695845017883733 -0.4160234864601955
vn -0.5091041844198813 0.5207582485554252 -0.6852910155311053
vn -0.8934011167816465 0.1695845017883733 -0.4160234864601955
vn -0.5090595272864743 0.3606817540371708 -0.781515879546629
vn -0.815422720621064 0.45913529597745323 -0.3525344900610982
vn -0.9202425808845314 0.3886128622180666 -0.04619129404616083
vn -0.9982998550035603 0.03476196452672099 -0.046786807137410395
vn -0.815422720621064 0.45913529597745323 -0.3525344900610982
vn -0.9982998550035603 0.03476196452672099 -0.046786807137410395
vn -0.8934011167816465 0.1695845017883733 -0.4160234864601955
vn -0.8934011167816465 0.1695845017883733 -0.4160234864601955
vn -0.9982998550035603 0.03476196452672099 -0.046786807137410395
vn -0.9823854791783134 -0.18176320328389214 -0.04336943891237346
vn -0.8934011167816465 0.1695845017883733 -0.4160234864601955
vn -0.9823854791783134 -0.18176320328389214 -0.04336943891237346
vn -0.9064189375256153 -0.024285039160240402 -0.42168109581521446
vn -0.5090595272864743 0.3606817540371708 -0.781515879546629
vn -0.8934011167816465 0.1695845017883733 -0.4160234864601955
vn -0.9064189375256153 -0.024285039160240402 -0.42168109581521446
vn -0.5090595272864743 0.3606817540371708 -0.781515879546629
vn -0.9064189375256153 -0.024285039160240402 -0.42168109581521446
vn -0.4748151566953285 0.28197954591322255 -0.8336894521696694
vn -0.9202425808845314 0.3886128622180666 -0.04619129404616083
vn -0.9245544462014953 0.3810499652395252 -5.119765964720431e-8
vn -0.9996741470825093 0.0255264501029373 -3.4299261313591482e-9
vn -0.9202425808845314 0.3886128622180666 -0.04619129404616083
vn -0.9996741470825093 0.0255264501029373 -3.4299261313591482e-9
vn -0.9982998550035603 0.03476196452672099 -0.046786807137410395
vn -0.9245544462014953 0.3810499652395252 -5.119765964720431e-8
vn -0.9202426524384237 0.38861276046721294 0.046190724557503726
vn -0.9982998502413537 0.03476191360342029 0.046786946584692436
vn -0.9245544462014953 0.3810499652395252 -5.119765964720431e-8
vn -0.9982998502413537 0.03476191360342029 0.046786946584692436
vn -0.9996741470825093 0.0255264501029373 -3.4299261313591482e-9
vn -0.9996741470825093 0.0255264501029373 -3.4299261313591482e-9
vn -0.9982998502413537 0.03476191360342029 0.046786946584692436
vn -0.9823854460631132 -0.18176333451429413 0.04336963903035107
vn -0.9996741470825093 0.0255264501029373 -3.4299261313591482e-9
vn -0.9823854460631132 -0.18176333451429413 0.04336963903035107
vn -0.9816318299676167 -0.19078508954954482 2.563355876799941e-8
vn -0.9982998550035603 0.03476196452672099 -0.046786807137410395
vn -0.9996741470825093 0.0255264501029373 -3.4299261313591482e-9
vn -0.9816318299676167 -0.19078508954954482 2.563355876799941e-8
vn -0.9982998550035603 0.03476196452672099 -0.046786807137410395
vn -0.9816318299676167 -0.19078508954954482 2.563355876799941e-8
vn -0.9823854791783134 -0.18176320328389214 -0.04336943891237346
vn -0.42114462766988636 0.6921182591256579 0.5861821542572423
vn -0.36499770222743694 0.9148277275564967 0.17282044515191985
vn 0.2221265607756534 0.9374144228900063 0.2681678406442061
vn -0.42114462766988636 0.6921182591256579 0.5861821542572423
vn 0.2221265607756534 0.9374144228900063 0.2681678406442061
vn -0.06865619394010652 0.7278074093451533 0.6823362088706382
vn -0.36499770222743694 0.9148277275564967 0.17282044515191985
vn 0.3067616667196815 0.9516855347557285 0.013853619312876994
vn 0.39191066902226035 0.9192963531387421 0.036058877025406354
vn -0.36499770222743694 0.9148277275564967 0.17282044515191985
vn 0.39191066902226035 0.9192963531387421 0.036058877025406354
vn 0.2221265607756534 0.9374144228900063 0.2681678406442061
vn 0.2221265607756534 0.9374144228900063 0.2681678406442061
vn 0.39191066902226035 0.9192963531387421 0.036058877025406354
vn 0.4850667466732014 0.872353845175212 0.06090172476948776
vn 0.2221265607756534 0.9374144228900063 0.2681678406442061
vn 0.4850667466732014 0.872353845175212 0.06090172476948776
vn 0.3512922148708969 0.8421149903275467 0.40918959277666833
vn -0.06865619394010652 0.7278074093451533 0.6823362088706382
vn 0.2221265607756534 0.9374144228900063 0.2681678406442061
vn 0.3512922148708969 0.8421149903275467 0.40918959277666833
vn -0.06865619394010652 0.7278074093451533 0.6823362088706382
vn 0.3512922148708969 0.8421149903275467 0.40918959277666833
vn 0.08029368011813653 0.6352423681045235 0.7681276317761544
vn 0.3067616667196815 0.9516855347557285 0.013853619312876994
vn 0.33008300355000897 0.9439519112578716 -1.2660568004853527e-7
vn 0.40916811060314395 0.9124590167593493 -1.2256034453396744e-7
vn 0.3067616667196815 0.9516855347557285 0.013853619312876994
vn 0.40916811060314395 0.9124590167593493 -1.2256034453396744e-7
vn 0.39191066902226035 0.9192963531387421 0.036058877025406354
vn 0.33008300355000897 0.9439519112578716 -1.2660568004853527e-7
vn 0.30676167423927475 0.9516855543617141 -0.013852105874335888
vn 0.39190915018161115 0.9192970612331842 -0.0360573322912033
vn 0.33008300355000897 0.9439519112578716 -1.2660568004853527e-7
vn 0.39190915018161115 0.9192970612331842 -0.0360573322912033
vn 0.40916811060314395 0.9124590167593493 -1.2256034453396744e-7
vn 0.40916811060314395 0.9124590167593493 -1.2256034453396744e-7
vn 0.39190915018161115 0.9192970612331842 -0.0360573322912033
vn 0.485065206610531 0.872354680644052 -0.06090202372907526
vn 0.40916811060314395 0.9124590167593493 -1.2256034453396744e-7
vn 0.485065206610531 0.872354680644052 -0.06090202372907526
vn 0.49593631036411867 0.8683588981880769 -1.1667084406004588e-7
vn 0.39191066902226035 0.9192963531387421 0.036058877025406354
vn 0.40916811060314395 0.9124590167593493 -1.2256034453396744e-7
vn 0.49593631036411867 0.8683588981880769 -1.1667084406004588e-7
vn 0.39191066902226035 0.9192963531387421 0.036058877025406354
vn 0.49593631036411867 0.8683588981880769 -1.1667084406004588e-7
vn 0.4850667466732014 0.872353845175212 0.06090172476948776
vn -0.4178930053923606 0.5684766494060548 0.7086605217762634
vn -0.5846506114897168 0.7263752059096998 0.3613346409138506
vn -0.39110417326628616 0.7927832536410417 0.4674743184390119
vn -0.4178930053923606 0.5684766494060548 0.7086605217762634
vn -0.39110417326628616 0.7927832536410417 0.4674743184390119
vn -0.30636437303297287 0.573253726672493 0.7599480480876388
vn -0.5846506114897168 0.7263752059096998 0.3613346409138506
vn -0.6487794629938809 0.7595542526215825 0.04650317969602585
vn -0.44992112331098477 0.8834956016296339 0.13040899010295587
vn -0.5846506114897168 0.7263752059096998 0.3613346409138506
vn -0.44992112331098477 0.8834956016296339 0.13040899010295587
vn -0.39110417326628616 0.7927832536410417 0.4674743184390119
vn -0.39110417326628616 0.7927832536410417 0.4674743184390119
vn -0.44992112331098477 0.8834956016296339 0.13040899010295587
vn -0.0894913289704363 0.9893393886078902 0.11488636206300194
vn -0.39110417326628616 0.7927832536410417 0.4674743184390119
vn -0.0894913289704363 0.9893393886078902 0.11488636206300194
vn -0.13842197688519037 0.8599135883643023 0.4913125042797354
vn -0.30636437303297287 0.573253726672493 0.7599480480876388
vn -0.39110417326628616 0.7927832536410417 0.4674743184390119
vn -0.13842197688519037 0.8599135883643023 0.4913125042797354
vn -0.30636437303297287 0.573253726672493 0.7599480480876388
vn -0.13842197688519037 0.8599135883643023 0.4913125042797354
vn -0.18084942549123081 0.5634977669103212 0.8060792467162105
vn -0.6092637185037152 0.4402796771544421 0.6595085497548957
vn -0.3819486628145509 0.4746499185766606 0.7929834006896652
vn -0.3193996095554764 0.42831577673658433 0.8452984590157169
vn -0.6092637185037152 0.4402796771544421 0.6595085497548957
vn -0.3193996095554764 0.42831577673658433 0.8452984590157169
vn -0.5942432820427107 0.24718437047847977 0.7653592677548661
vn -0.3819486628145509 0.4746499185766606 0.7929834006896652
vn -0.4178930053923606 0.5684766494060548 0.7086605217762634
vn -0.30636437303297287 0.573253726672493 0.7599480480876388
vn -0.3819486628145509 0.4746499185766606 0.7929834006896652
vn -0.30636437303297287 0.573253726672493 0.7599480480876388
vn -0.3193996095554764 0.42831577673658433 0.8452984590157169
vn -0.3193996095554764 0.42831577673658433 0.8452984590157169
vn -0.30636437303297287 0.573253726672493 0.7599480480876388
vn -0.18084942549123081 0.5634977669103212 0.8060792467162105
vn -0.3193996095554764 0.42831577673658433 0.8452984590157169
vn -0.18084942549123081 0.5634977669103212 0.8060792467162105
vn -0.2525295750206276 0.37518750545913254 0.8918874085260173
vn -0.5942432820427107 0.24718437047847977 0.7653592677548661
vn -0.3193996095554764 0.42831577673658433 0.8452984590157169
vn -0.2525295750206276 0.37518750545913254 0.8918874085260173
vn -0.5942432820427107 0.24718437047847977 0.7653592677548661
vn -0.2525295750206276 0.37518750545913254 0.8918874085260173
vn -0.525838530243117 0.11596648415928572 0.8426420442058968
vn -0.4211456230894461 0.6921180722577626 -0.5861816597325445
vn -0.3649977441599232 0.9148280095429849 -0.1728188638829318
vn -0.8022581179147041 0.5792013891453073 -0.14459482373896823
vn -0.4211456230894461 0.6921180722577626 -0.5861816597325445
vn -0.8022581179147041 0.5792013891453073 -0.14459482373896823
vn -0.6120497489223219 0.5567294304669089 -0.5616470832258581
vn -0.3649977441599232 0.9148280095429849 -0.1728188638829318
vn -0.8013907915226653 0.597989435991844 0.013469732916141003
vn -0.8297970316845535 0.5554775276530585 0.05368055960913377
vn -0.3649977441599232 0.9148280095429849 -0.1728188638829318
vn -0.8297970316845535 0.5554775276530585 0.05368055960913377
vn -0.8022581179147041 0.5792013891453073 -0.14459482373896823
vn -0.8022581179147041 0.5792013891453073 -0.14459482373896823
vn -0.8297970316845535 0.5554775276530585 0.05368055960913377
vn -0.9333415302007574 0.3050385965923236 0.1892750448196868
vn -0.8022581179147041 0.5792013891453073 -0.14459482373896823
vn -0.9333415302007574 0.3050385965923236 0.1892750448196868
vn -0.8966338938731118 0.42088488948133324 -0.13749025479730187
vn -0.6120497489223219 0.5567294304669089 -0.5616470832258581
vn -0.8022581179147041 0.5792013891453073 -0.14459482373896823
vn -0.8966338938731118 0.42088488948133324 -0.13749025479730187
vn -0.6120497489223219 0.5567294304669089 -0.5616470832258581
vn -0.8966338938731118 0.42088488948133324 -0.13749025479730187
vn -0.6092640258154365 0.440279059610187 -0.6595086781202629
vn -0.8013907915226653 0.597989435991844 0.013469732916141003
vn -0.7986421374821997 0.6018062281473733 -9.460748111503271e-7
vn -0.8263847095476353 0.5631059507993885 -4.3249298458697684e-7
vn -0.8013907915226653 0.597989435991844 0.013469732916141003
vn -0.8263847095476353 0.5631059507993885 -4.3249298458697684e-7
vn -0.8297970316845535 0.5554775276530585 0.05368055960913377
vn -0.7986421374821997 0.6018062281473733 -9.460748111503271e-7
vn -0.8013912460625068 0.597988804559376 -0.013470722179277998
vn -0.8297966785389576 0.5554779334609993 -0.05368181930236433
vn -0.7986421374821997 0.6018062281473733 -9.460748111503271e-7
vn -0.8297966785389576 0.5554779334609993 -0.05368181930236433
vn -0.8263847095476353 0.5631059507993885 -4.3249298458697684e-7
vn -0.8263847095476353 0.5631059507993885 -4.3249298458697684e-7
vn -0.8297966785389576 0.5554779334609993 -0.05368181930236433
vn -0.93334115978352 0.3050404683800176 -0.18927385478309847
vn -0.8263847095476353 0.5631059507993885 -4.3249298458697684e-7
vn -0.93334115978352 0.3050404683800176 -0.18927385478309847
vn -0.9486983528421022 0.3161825980576424 4.485941254344956e-7
vn -0.8297970316845535 0.5554775276530585 0.05368055960913377
vn -0.8263847095476353 0.5631059507993885 -4.3249298458697684e-7
vn -0.9486983528421022 0.3161825980576424 4.485941254344956e-7
vn -0.8297970316845535 0.5554775276530585 0.05368055960913377
vn -0.9486983528421022 0.3161825980576424 4.485941254344956e-7
vn -0.9333415302007574 0.3050385965923236 0.1892750448196868
vn -0.5394526693912695 0.609562217658495 -0.5808827078592467
vn -0.7233809930254087 0.62924676351811 -0.28419790557208036
vn -0.7402543345558374 0.6050055966802114 -0.2932434963591105
vn -0.5394526693912695 0.609562217658495 -0.5808827078592467
vn -0.7402543345558374 0.6050055966802114 -0.2932434963591105
vn -0.5361469162829657 0.5979279028723582 -0.5958428543894192
vn -0.7233809930254087 0.62924676351811 -0.28419790557208036
vn -0.7871838613864428 0.6149734255147777 -0.046360050510647524
vn -0.8158257859372323 0.5767218370076292 -0.042663915882661635
vn -0.7233809930254087 0.62924676351811 -0.28419790557208036
vn -0.8158257859372323 0.5767218370076292 -0.042663915882661635
vn -0.7402543345558374 0.6050055966802114 -0.2932434963591105
vn -0.7402543345558374 0.6050055966802114 -0.2932434963591105
vn -0.8158257859372323 0.5767218370076292 -0.042663915882661635
vn -0.9202425808845314 0.3886128622180666 -0.04619129404616083
vn -0.7402543345558374 0.6050055966802114 -0.2932434963591105
vn -0.9202425808845314 0.3886128622180666 -0.04619129404616083
vn -0.815422720621064 0.45913529597745323 -0.3525344900610982
vn -0.5361469162829657 0.5979279028723582 -0.5958428543894192
vn -0.7402543345558374 0.6050055966802114 -0.2932434963591105
vn -0.815422720621064 0.45913529597745323 -0.3525344900610982
vn -0.5361469162829657 0.5979279028723582 -0.5958428543894192
vn -0.815422720621064 0.45913529597745323 -0.3525344900610982
vn -0.5091041844198813 0.5207582485554252 -0.6852910155311053
vn -0.7871838613864428 0.6149734255147777 -0.046360050510647524
vn -0.7900778385797068 0.6130065325794928 -2.933260675187383e-7
vn -0.8202324365964735 0.5720303750282375 -2.5723938383556675e-7
vn -0.7871838613864428 0.6149734255147777 -0.046360050510647524
vn -0.8202324365964735 0.5720303750282375 -2.5723938383556675e-7
vn -0.8158257859372323 0.5767218370076292 -0.042663915882661635
vn -0.7900778385797068 0.6130065325794928 -2.933260675187383e-7
vn -0.7871839188927953 0.6149733767286031 0.04635972122004607
vn -0.8158258588101334 0.5767217982469863 0.04266304634541209
vn -0.7900778385797068 0.6130065325794928 -2.933260675187383e-7
vn -0.8158258588101334 0.5767217982469863 0.04266304634541209
vn -0.8202324365964735 0.5720303750282375 -2.5723938383556675e-7
vn -0.8202324365964735 0.5720303750282375 -2.5723938383556675e-7
vn -0.8158258588101334 0.5767217982469863 0.04266304634541209
vn -0.9202426524384237 0.38861276046721294 0.046190724557503726
vn -0.8202324365964735 0.5720303750282375 -2.5723938383556675e-7
vn -0.9202426524384237 0.38861276046721294 0.046190724557503726
vn -0.9245544462014953 0.3810499652395252 -5.119765964720431e-8
vn -0.8158257859372323 0.5767218370076292 -0.042663915882661635
vn -0.8202324365964735 0.5720303750282375 -2.5723938383556675e-7
vn -0.9245544462014953 0.3810499652395252 -5.119765964720431e-8
vn -0.8158257859372323 0.5767218370076292 -0.042663915882661635
vn -0.9245544462014953 0.3810499652395252 -5.119765964720431e-8
vn -0.9202425808845314 0.3886128622180666 -0.04619129404616083
vn -0.6250438989994066 0.3851848175813171 -0.6789350341737177
vn -0.8141171134924814 0.4194969035255575 -0.4015416210695218
vn -0.750219003959065 0.5776440989729523 -0.3217122021627319
vn -0.6250438989994066 0.3851848175813171 -0.6789350341737177
vn -0.750219003959065 0.5776440989729523 -0.3217122021627319
vn -0.568800855086554 0.5482771841662897 -0.6130723583521684
vn -0.8141171134924814 0.4194969035255575 -0.4015416210695218
vn -0.8156342287830904 0.5225504341898863 -0.2483583068177393
vn -0.7975849520685127 0.5970119334963029 -0.08622641994698803
vn -0.8141171134924814 0.4194969035255575 -0.4015416210695218
vn -0.7975849520685127 0.5970119334963029 -0.08622641994698803
vn -0.750219003959065 0.5776440989729523 -0.3217122021627319
vn -0.750219003959065 0.5776440989729523 -0.3217122021627319
vn -0.7975849520685127 0.5970119334963029 -0.08622641994698803
vn -0.7871838613864428 0.6149734255147777 -0.046360050510647524
vn -0.750219003959065 0.5776440989729523 -0.3217122021627319
vn -0.7871838613864428 0.6149734255147777 -0.046360050510647524
vn -0.7233809930254087 0.62924676351811 -0.28419790557208036
vn -0.568800855086554 0.5482771841662897 -0.6130723583521684
vn -0.750219003959065 0.5776440989729523 -0.3217122021627319
vn -0.7233809930254087 0.62924676351811 -0.28419790557208036
vn -0.568800855086554 0.5482771841662897 -0.6130723583521684
vn -0.7233809930254087 0.62924676351811 -0.28419790557208036
vn -0.5394526693912695 0.609562217658495 -0.5808827078592467
vn -0.8156342287830904 0.5225504341898863 -0.2483583068177393
vn -0.7580304976125268 0.6522191078842309 5.300270989021404e-8
vn -0.79114834663756 0.6116243075717662 -1.1274476176416593e-7
vn -0.8156342287830904 0.5225504341898863 -0.2483583068177393
vn -0.79114834663756 0.6116243075717662 -1.1274476176416593e-7
vn -0.7975849520685127 0.5970119334963029 -0.08622641994698803
vn -0.7580304976125268 0.6522191078842309 5.300270989021404e-8
vn -0.8156342887252197 0.5225503223304506 0.2483583453158911
vn -0.7975850475958225 0.5970118197310255 0.08622632401430058
vn -0.7580304976125268 0.6522191078842309 5.300270989021404e-8
vn -0.7975850475958225 0.5970118197310255 0.08622632401430058
vn -0.79114834663756 0.6116243075717662 -1.1274476176416593e-7
vn -0.79114834663756 0.6116243075717662 -1.1274476176416593e-7
vn -0.7975850475958225 0.5970118197310255 0.08622632401430058
vn -0.7871839188927953 0.6149733767286031 0.04635972122004607
vn -0.79114834663756 0.6116243075717662 -1.1274476176416593e-7
vn -0.7871839188927953 0.6149733767286031 0.04635972122004607
vn -0.7900778385797068 0.6130065325794928 -2.933260675187383e-7
vn -0.7975849520685127 0.5970119334963029 -0.08622641994698803
vn -0.79114834663756 0.6116243075717662 -1.1274476176416593e-7
vn -0.7900778385797068 0.6130065325794928 -2.933260675187383e-7
vn -0.7975849520685127 0.5970119334963029 -0.08622641994698803
vn -0.7900778385797068 0.6130065325794928 -2.933260675187383e-7
vn -0.7871838613864428 0.6149734255147777 -0.046360050510647524
vn -0.677646043896585 -0.05079313362512148 -0.7336319900112372
vn -0.8960487502306969 -0.08870681226241309 -0.4350031478831469
vn -0.8718784256374791 0.16415806070497826 -0.4613893605334778
vn -0.677646043896585 -0.05079313362512148 -0.7336319900112372
vn -0.8718784256374791 0.16415806070497826 -0.4613893605334778
vn -0.6668354550324049 0.16322903775481648 -0.7271084906293985
vn -0.8960487502306969 -0.08870681226241309 -0.4350031478831469
vn -0.8878881107005683 -0.31648697244626456 -0.3339022299242295
vn -0.8605787131313416 0.1425236148958023 -0.48896962860921855
vn -0.8960487502306969 -0.08870681226241309 -0.4350031478831469
vn -0.8605787131313416 0.1425236148958023 -0.48896962860921855
vn -0.8718784256374791 0.16415806070497826 -0.4613893605334778
vn -0.8718784256374791 0.16415806070497826 -0.4613893605334778
vn -0.8605787131313416 0.1425236148958023 -0.48896962860921855
vn -0.8156342287830904 0.5225504341898863 -0.2483583068177393
vn -0.8718784256374791 0.16415806070497826 -0.4613893605334778
vn -0.8156342287830904 0.5225504341898863 -0.2483583068177393
vn -0.8141171134924814 0.4194969035255575 -0.4015416210695218
vn -0.6668354550324049 0.16322903775481648 -0.7271084906293985
vn -0.8718784256374791 0.16415806070497826 -0.4613893605334778
vn -0.8141171134924814 0.4194969035255575 -0.4015416210695218
vn -0.6668354550324049 0.16322903775481648 -0.7271084906293985
vn -0.8141171134924814 0.4194969035255575 -0.4015416210695218
vn -0.6250438989994066 0.3851848175813171 -0.6789350341737177
vn -0.8156342887252197 0.5225503223304506 0.2483583453158911
vn -0.7580304976125268 0.6522191078842309 5.300270989021404e-8
vn -0.6865080815152282 0.7271221726878278 1.1507980878397731e-7
vn -0.8156342887252197 0.5225503223304506 0.2483583453158911
vn -0.6865080815152282 0.7271221726878278 1.1507980878397731e-7
vn -0.6867050962541017 0.5519818165746858 0.47302450776841887
vn -0.7580304976125268 0.6522191078842309 5.300270989021404e-8
vn -0.8156342287830904 0.5225504341898863 -0.2483583068177393
vn -0.6867051600103219 0.5519818120110074 -0.47302442053687127
vn -0.7580304976125268 0.6522191078842309 5.300270989021404e-8
vn -0.6867051600103219 0.5519818120110074 -0.47302442053687127
vn -0.6865080815152282 0.7271221726878278 1.1507980878397731e-7
vn -0.6865080815152282 0.7271221726878278 1.1507980878397731e-7
vn -0.6867051600103219 0.5519818120110074 -0.47302442053687127
vn -0.6072037842745465 0.5455840260688645 -0.5776172044366051
vn -0.6865080815152282 0.7271221726878278 1.1507980878397731e-7
vn -0.6072037842745465 0.5455840260688645 -0.5776172044366051
vn -0.6651986844625617 0.7466663981921362 -2.4354827866011033e-7
vn -0.6867050962541017 0.5519818165746858 0.47302450776841887
vn -0.6865080815152282 0.7271221726878278 1.1507980878397731e-7
vn -0.6651986844625617 0.7466663981921362 -2.4354827866011033e-7
vn -0.6867050962541017 0.5519818165746858 0.47302450776841887
vn -0.6651986844625617 0.7466663981921362 -2.4354827866011033e-7
vn -0.6072035947238271 0.5455845292654762 0.5776169284055228
vn -0.6112221897055479 -0.44586500595493406 -0.6539203554534465
vn -0.8264995562372391 -0.4586762348047286 -0.32636573834427574
vn -0.8840894793555688 -0.28004652585564055 -0.3741119295732033
vn -0.6112221897055479 -0.44586500595493406 -0.6539203554534465
vn -0.8840894793555688 -0.28004652585564055 -0.3741119295732033
vn -0.6606370824391989 -0.24854770306813764 -0.7083662079784551
vn -0.8264995562372391 -0.4586762348047286 -0.32636573834427574
vn -0.8923846085171458 -0.4478276997429096 -0.055678198827499116
vn -0.9406127482259866 -0.3267522443440166 -0.09209032897598184
vn -0.8264995562372391 -0.4586762348047286 -0.32636573834427574
vn -0.9406127482259866 -0.3267522443440166 -0.09209032897598184
vn -0.8840894793555688 -0.28004652585564055 -0.3741119295732033
vn -0.8840894793555688 -0.28004652585564055 -0.3741119295732033
vn -0.9406127482259866 -0.3267522443440166 -0.09209032897598184
vn -0.8878881107005683 -0.31648697244626456 -0.3339022299242295
vn -0.8840894793555688 -0.28004652585564055 -0.3741119295732033
vn -0.8878881107005683 -0.31648697244626456 -0.3339022299242295
vn -0.8960487502306969 -0.08870681226241309 -0.4350031478831469
vn -0.6606370824391989 -0.24854770306813764 -0.7083662079784551
vn -0.8840894793555688 -0.28004652585564055 -0.3741119295732033
vn -0.8960487502306969 -0.08870681226241309 -0.4350031478831469
vn -0.6606370824391989 -0.24854770306813764 -0.7083662079784551
vn -0.8960487502306969 -0.08870681226241309 -0.4350031478831469
vn -0.677646043896585 -0.05079313362512148 -0.7336319900112372
vn -0.8923846085171458 -0.4478276997429096 -0.055678198827499116
vn -0.895521375017656 -0.44501850173502133 5.934590095568618e-8
vn -0.9340272675352919 -0.3572017126226498 4.6806459668316625e-8
vn -0.8923846085171458 -0.4478276997429096 -0.055678198827499116
vn -0.9340272675352919 -0.3572017126226498 4.6806459668316625e-8
vn -0.9406127482259866 -0.3267522443440166 -0.09209032897598184
vn -0.895521375017656 -0.44501850173502133 5.934590095568618e-8
vn -0.8923845875946975 -0.4478277636886184 0.05567801983810603
vn -0.9406127999994994 -0.3267521274703607 0.09209021484769611
vn -0.895521375017656 -0.44501850173502133 5.934590095568618e-8
vn -0.9406127999994994 -0.3267521274703607 0.09209021484769611
vn -0.9340272675352919 -0.3572017126226498 4.6806459668316625e-8
vn -0.9340272675352919 -0.3572017126226498 4.6806459668316625e-8
vn -0.9406127999994994 -0.3267521274703607 0.09209021484769611
vn -0.8878881362852004 -0.31648683223578156 0.33390229478899075
vn -0.9340272675352919 -0.3572017126226498 4.6806459668316625e-8
vn -0.8878881362852004 -0.31648683223578156 0.33390229478899075
vn -0.7912118328898494 -0.6115421780180578 1.2395770208555963e-7
vn -0.9406127482259866 -0.3267522443440166 -0.09209032897598184
vn -0.9340272675352919 -0.3572017126226498 4.6806459668316625e-8
vn -0.7912118328898494 -0.6115421780180578 1.2395770208555963e-7
vn -0.9406127482259866 -0.3267522443440166 -0.09209032897598184
vn -0.7912118328898494 -0.6115421780180578 1.2395770208555963e-7
vn -0.8878881107005683 -0.31648697244626456 -0.3339022299242295
vn -0.31572013992255427 -0.8797165906062452 -0.3555552185799086
vn -0.43324566527743313 -0.8644921951048673 -0.25485572020475067
vn -0.6870057873580452 -0.6672234257723658 -0.2878123490004223
vn -0.31572013992255427 -0.8797165906062452 -0.3555552185799086
vn -0.6870057873580452 -0.6672234257723658 -0.2878123490004223
vn -0.5028054462115439 -0.6719304946924093 -0.5437794530528204
vn -0.43324566527743313 -0.8644921951048673 -0.25485572020475067
vn -0.5784659912078919 -0.7635556418389108 -0.28698410902320026
vn -0.7771312332911772 -0.6235017298947821 -0.08551396997887567
vn -0.43324566527743313 -0.8644921951048673 -0.25485572020475067
vn -0.7771312332911772 -0.6235017298947821 -0.08551396997887567
vn -0.6870057873580452 -0.6672234257723658 -0.2878123490004223
vn -0.6870057873580452 -0.6672234257723658 -0.2878123490004223
vn -0.7771312332911772 -0.6235017298947821 -0.08551396997887567
vn -0.8923846085171458 -0.4478276997429096 -0.055678198827499116
vn -0.6870057873580452 -0.6672234257723658 -0.2878123490004223
vn -0.8923846085171458 -0.4478276997429096 -0.055678198827499116
vn -0.8264995562372391 -0.4586762348047286 -0.32636573834427574
vn -0.5028054462115439 -0.6719304946924093 -0.5437794530528204
vn -0.6870057873580452 -0.6672234257723658 -0.2878123490004223
vn -0.8264995562372391 -0.4586762348047286 -0.32636573834427574
vn -0.5028054462115439 -0.6719304946924093 -0.5437794530528204
vn -0.8264995562372391 -0.4586762348047286 -0.32636573834427574
vn -0.6112221897055479 -0.44586500595493406 -0.6539203554534465
vn -0.5784659912078919 -0.7635556418389108 -0.28698410902320026
vn -0.7882825595757079 -0.6153134211674274 8.02787992651389e-8
vn -0.8072309400983487 -0.5902357235443465 1.3311994317969939e-7
vn -0.5784659912078919 -0.7635556418389108 -0.28698410902320026
vn -0.8072309400983487 -0.5902357235443465 1.3311994317969939e-7
vn -0.7771312332911772 -0.6235017298947821 -0.08551396997887567
vn -0.7882825595757079 -0.6153134211674274 8.02787992651389e-8
vn -0.5784660060503952 -0.7635555843127821 0.2869842321607055
vn -0.7771311603390074 -0.6235018154160631 0.08551400939624704
vn -0.7882825595757079 -0.6153134211674274 8.02787992651389e-8
vn -0.7771311603390074 -0.6235018154160631 0.08551400939624704
vn -0.8072309400983487 -0.5902357235443465 1.3311994317969939e-7
vn -0.8072309400983487 -0.5902357235443465 1.3311994317969939e-7
vn -0.7771311603390074 -0.6235018154160631 0.08551400939624704
vn -0.8923845875946975 -0.4478277636886184 0.05567801983810603
vn -0.8072309400983487 -0.5902357235443465 1.3311994317969939e-7
vn -0.8923845875946975 -0.4478277636886184 0.05567801983810603
vn -0.895521375017656 -0.44501850173502133 5.934590095568618e-8
vn -0.7771312332911772 -0.6235017298947821 -0.08551396997887567
vn -0.8072309400983487 -0.5902357235443465 1.3311994317969939e-7
vn -0.895521375017656 -0.44501850173502133 5.934590095568618e-8
vn -0.7771312332911772 -0.6235017298947821 -0.08551396997887567
vn -0.895521375017656 -0.44501850173502133 5.934590095568618e-8
vn -0.8923846085171458 -0.4478276997429096 -0.055678198827499116
vn -0.04700032836793846 -0.9957821482494739 -0.07879646160183167
vn 0.028319394822244555 -0.9839229124896076 -0.17633409810603712
vn -0.13505337776114784 -0.9618850149304669 -0.23777679282789627
vn -0.04700032836793846 -0.9957821482494739 -0.07879646160183167
vn -0.13505337776114784 -0.9618850149304669 -0.23777679282789627
vn -0.13616682371086447 -0.9759406257990689 -0.17028943312905903
vn 0.028319394822244555 -0.9839229124896076 -0.17633409810603712
vn 0.2506387708833046 -0.8308423116507443 -0.4968714720135924
vn -0.03780731065996403 -0.7946269749435754 -0.605919613441159
vn 0.028319394822244555 -0.9839229124896076 -0.17633409810603712
vn -0.03780731065996403 -0.7946269749435754 -0.605919613441159
vn -0.13505337776114784 -0.9618850149304669 -0.23777679282789627
vn -0.13505337776114784 -0.9618850149304669 -0.23777679282789627
vn -0.03780731065996403 -0.7946269749435754 -0.605919613441159
vn -0.5784659912078919 -0.7635556418389108 -0.28698410902320026
vn -0.13505337776114784 -0.9618850149304669 -0.23777679282789627
vn -0.5784659912078919 -0.7635556418389108 -0.28698410902320026
vn -0.43324566527743313 -0.8644921951048673 -0.25485572020475067
vn -0.13616682371086447 -0.9759406257990689 -0.17028943312905903
vn -0.13505337776114784 -0.9618850149304669 -0.23777679282789627
vn -0.43324566527743313 -0.8644921951048673 -0.25485572020475067
vn -0.13616682371086447 -0.9759406257990689 -0.17028943312905903
vn -0.43324566527743313 -0.8644921951048673 -0.25485572020475067
vn -0.31572013992255427 -0.8797165906062452 -0.3555552185799086
vn 0.25063877459474515 -0.8308421904355981 0.49687167283094513
vn -0.037807258155200474 -0.7946268643558831 0.6059197617463247
vn 0.07901574652112804 -0.42855940460002623 0.9000518588006915
vn 0.25063877459474515 -0.8308421904355981 0.49687167283094513
vn 0.07901574652112804 -0.42855940460002623 0.9000518588006915
vn 0.4965054286343666 -0.45312141944451784 0.7403805363306015
vn -0.037807258155200474 -0.7946268643558831 0.6059197617463247
vn -0.5784660060503952 -0.7635555843127821 0.2869842321607055
vn -0.1520479992599809 -0.4819582366015636 0.8629007266730908
vn -0.037807258155200474 -0.7946268643558831 0.6059197617463247
vn -0.1520479992599809 -0.4819582366015636 0.8629007266730908
vn 0.07901574652112804 -0.42855940460002623 0.9000518588006915
vn 0.07901574652112804 -0.42855940460002623 0.9000518588006915
vn -0.1520479992599809 -0.4819582366015636 0.8629007266730908
vn -0.15107754552514216 -0.3420092641057867 0.927472500133517
vn 0.07901574652112804 -0.42855940460002623 0.9000518588006915
vn -0.15107754552514216 -0.3420092641057867 0.927472500133517
vn 0.0989813697968967 -0.3145186532203014 0.9440766415972899
vn 0.4965054286343666 -0.45312141944451784 0.7403805363306015
vn 0.07901574652112804 -0.42855940460002623 0.9000518588006915
vn 0.0989813697968967 -0.3145186532203014 0.9440766415972899
vn 0.4965054286343666 -0.45312141944451784 0.7403805363306015
vn 0.0989813697968967 -0.3145186532203014 0.9440766415972899
vn 0.6000256416260444 -0.2796028480245574 0.7495275023425158
vn 0.6806363237923171 0.039301229256364006 0.7315665438724073
vn 0.929347803386489 -0.0646288517919539 0.3635048443374054
vn 0.924416066235688 -0.10951093533102711 0.3653249122743475
vn 0.6806363237923171 0.039301229256364006 0.7315665438724073
vn 0.924416066235688 -0.10951093533102711 0.3653249122743475
vn 0.6819456634254646 0.00245838685576688 0.7313987069097609
vn 0.929347803386489 -0.0646288517919539 0.3635048443374054
vn 0.9918957614565642 -0.11525402943557438 0.05347248921984388
vn 0.9854037198151145 -0.15901557881364278 0.060774621916534044
vn 0.929347803386489 -0.0646288517919539 0.3635048443374054
vn 0.9854037198151145 -0.15901557881364278 0.060774621916534044
vn 0.924416066235688 -0.10951093533102711 0.3653249122743475
vn 0.924416066235688 -0.10951093533102711 0.3653249122743475
vn 0.9854037198151145 -0.15901557881364278 0.060774621916534044
vn 0.9872813459058052 -0.14297208084378657 0.06953077107022042
vn 0.924416066235688 -0.10951093533102711 0.3653249122743475
vn 0.9872813459058052 -0.14297208084378657 0.06953077107022042
vn 0.8925618676277447 0.08820201884751194 0.4422145591543718
vn 0.6819456634254646 0.00245838685576688 0.7313987069097609
vn 0.924416066235688 -0.10951093533102711 0.3653249122743475
vn 0.8925618676277447 0.08820201884751194 0.4422145591543718
vn 0.6819456634254646 0.00245838685576688 0.7313987069097609
vn 0.8925618676277447 0.08820201884751194 0.4422145591543718
vn 0.687232954969555 0.02699522025534996 0.7259353440129352
vn 0.9918957614565642 -0.11525402943557438 0.05347248921984388
vn 0.9928193665862319 -0.11962318057655097 2.5126596692569825e-7
vn 0.9860460342168318 -0.16647287586867673 -0.000002295791082934726
vn 0.9918957614565642 -0.11525402943557438 0.05347248921984388
vn 0.9860460342168318 -0.16647287586867673 -0.000002295791082934726
vn 0.9854037198151145 -0.15901557881364278 0.060774621916534044
vn 0.9928193665862319 -0.11962318057655097 2.5126596692569825e-7
vn 0.9918958024803618 -0.11525407144777423 -0.0534716376834562
vn 0.9854037310610345 -0.15901577577347545 -0.06077392422866894
vn 0.9928193665862319 -0.11962318057655097 2.5126596692569825e-7
vn 0.9854037310610345 -0.15901577577347545 -0.06077392422866894
vn 0.9860460342168318 -0.16647287586867673 -0.000002295791082934726
vn 0.9860460342168318 -0.16647287586867673 -0.000002295791082934726
vn 0.9854037310610345 -0.15901577577347545 -0.06077392422866894
vn 0.9872812419799981 -0.1429723911329555 -0.0695316086981851
vn 0.9860460342168318 -0.16647287586867673 -0.000002295791082934726
vn 0.9872812419799981 -0.1429723911329555 -0.0695316086981851
vn 0.9999832576173646 -0.005786577941215801 -8.327529633078027e-7
vn 0.9854037198151145 -0.15901557881364278 0.060774621916534044
vn 0.9860460342168318 -0.16647287586867673 -0.000002295791082934726
vn 0.9999832576173646 -0.005786577941215801 -8.327529633078027e-7
vn 0.9854037198151145 -0.15901557881364278 0.060774621916534044
vn 0.9999832576173646 -0.005786577941215801 -8.327529633078027e-7
vn 0.9872813459058052 -0.14297208084378657 0.06953077107022042
vn 0.6358483754035973 0.36014735600774167 0.6826351334770566
vn 0.8800659139158614 0.33044975596209647 0.34100871828742263
vn 0.9044893720312082 0.2416689285347456 0.3514187030643914
vn 0.6358483754035973 0.36014735600774167 0.6826351334770566
vn 0.9044893720312082 0.2416689285347456 0.3514187030643914
vn 0.6540573939874312 0.2812065672765142 0.7022334311971551
vn 0.8800659139158614 0.33044975596209647 0.34100871828742263
vn 0.9558963018329731 0.2892193019085463 0.05113174694432766
vn 0.9781390574710234 0.20122963394110777 0.052446340898350485
vn 0.8800659139158614 0.33044975596209647 0.34100871828742263
vn 0.9781390574710234 0.20122963394110777 0.052446340898350485
vn 0.9044893720312082 0.2416689285347456 0.3514187030643914
vn 0.9044893720312082 0.2416689285347456 0.3514187030643914
vn 0.9781390574710234 0.20122963394110777 0.052446340898350485
vn 0.9918033199485919 0.11610762814836588 0.053340352686422586
vn 0.9044893720312082 0.2416689285347456 0.3514187030643914
vn 0.9918033199485919 0.11610762814836588 0.053340352686422586
vn 0.9193458613554965 0.16010438910603983 0.3594019640980026
vn 0.6540573939874312 0.2812065672765142 0.7022334311971551
vn 0.9044893720312082 0.2416689285347456 0.3514187030643914
vn 0.9193458613554965 0.16010438910603983 0.3594019640980026
vn 0.6540573939874312 0.2812065672765142 0.7022334311971551
vn 0.9193458613554965 0.16010438910603983 0.3594019640980026
vn 0.6642236474809324 0.21593571359988337 0.7156666219122106
vn 0.9558963018329731 0.2892193019085463 0.05113174694432766
vn 0.9590209704486491 0.28333509884892666 -1.1718721168739392e-8
vn 0.9806138778900403 0.1959500510064485 1.6445435410918282e-7
vn 0.9558963018329731 0.2892193019085463 0.05113174694432766
vn 0.9806138778900403 0.1959500510064485 1.6445435410918282e-7
vn 0.9781390574710234 0.20122963394110777 0.052446340898350485
vn 0.9590209704486491 0.28333509884892666 -1.1718721168739392e-8
vn 0.955896188672773 0.28921964762662833 -0.05113190694268606
vn 0.9781390469017954 0.20122958787109707 -0.05244671478058479
vn 0.9590209704486491 0.28333509884892666 -1.1718721168739392e-8
vn 0.9781390469017954 0.20122958787109707 -0.05244671478058479
vn 0.9806138778900403 0.1959500510064485 1.6445435410918282e-7
vn 0.9806138778900403 0.1959500510064485 1.6445435410918282e-7
vn 0.9781390469017954 0.20122958787109707 -0.05244671478058479
vn 0.9918033125992622 0.11610762738281295 -0.05334049100508771
vn 0.9806138778900403 0.1959500510064485 1.6445435410918282e-7
vn 0.9918033125992622 0.11610762738281295 -0.05334049100508771
vn 0.9938238984666911 0.11096872909268755 1.4783703437775747e-7
vn 0.9781390574710234 0.20122963394110777 0.052446340898350485
vn 0.9806138778900403 0.1959500510064485 1.6445435410918282e-7
vn 0.9938238984666911 0.11096872909268755 1.4783703437775747e-7
vn 0.9781390574710234 0.20122963394110777 0.052446340898350485
vn 0.9938238984666911 0.11096872909268755 1.4783703437775747e-7
vn 0.9918033199485919 0.11610762814836588 0.053340352686422586
vn 0.6642236474809324 0.21593571359988337 0.7156666219122106
vn 0.9193458613554965 0.16010438910603983 0.3594019640980026
vn 0.9298707323200694 0.04689096173088261 0.3648858162254193
vn 0.6642236474809324 0.21593571359988337 0.7156666219122106
vn 0.9298707323200694 0.04689096173088261 0.3648858162254193
vn 0.6736288178506797 0.12987717983268762 0.727568645503504
vn 0.9193458613554965 0.16010438910603983 0.3594019640980026
vn 0.9918033199485919 0.11610762814836588 0.053340352686422586
vn 0.9985575733762997 -0.002718599635043138 0.053622587301061626
vn 0.9193458613554965 0.16010438910603983 0.3594019640980026
vn 0.9985575733762997 -0.002718599635043138 0.053622587301061626
vn 0.9298707323200694 0.04689096173088261 0.3648858162254193
vn 0.9298707323200694 0.04689096173088261 0.3648858162254193
vn 0.9985575733762997 -0.002718599635043138 0.053622587301061626
vn 0.9918957614565642 -0.11525402943557438 0.05347248921984388
vn 0.9298707323200694 0.04689096173088261 0.3648858162254193
vn 0.9918957614565642 -0.11525402943557438 0.05347248921984388
vn 0.929347803386489 -0.0646288517919539 0.3635048443374054
vn 0.6736288178506797 0.12987717983268762 0.727568645503504
vn 0.9298707323200694 0.04689096173088261 0.3648858162254193
vn 0.929347803386489 -0.0646288517919539 0.3635048443374054
vn 0.6736288178506797 0.12987717983268762 0.727568645503504
vn 0.929347803386489 -0.0646288517919539 0.3635048443374054
vn 0.6806363237923171 0.039301229256364006 0.7315665438724073
vn 0.9918033199485919 0.11610762814836588 0.053340352686422586
vn 0.9938238984666911 0.11096872909268755 1.4783703437775747e-7
vn 0.999971433394697 -0.007558597389667587 2.369526058610752e-7
vn 0.9918033199485919 0.11610762814836588 0.053340352686422586
vn 0.999971433394697 -0.007558597389667587 2.369526058610752e-7
vn 0.9985575733762997 -0.002718599635043138 0.053622587301061626
vn 0.9938238984666911 0.11096872909268755 1.4783703437775747e-7
vn 0.9918033125992622 0.11610762738281295 -0.05334049100508771
vn 0.9985575724918203 -0.002718645939775962 -0.0536226014241847
vn 0.9938238984666911 0.11096872909268755 1.4783703437775747e-7
vn 0.9985575724918203 -0.002718645939775962 -0.0536226014241847
vn 0.999971433394697 -0.007558597389667587 2.369526058610752e-7
vn 0.999971433394697 -0.007558597389667587 2.369526058610752e-7
vn 0.9985575724918203 -0.002718645939775962 -0.0536226014241847
vn 0.9918958024803618 -0.11525407144777423 -0.0534716376834562
vn 0.999971433394697 -0.007558597389667587 2.369526058610752e-7
vn 0.9918958024803618 -0.11525407144777423 -0.0534716376834562
vn 0.9928193665862319 -0.11962318057655097 2.5126596692569825e-7
vn 0.9985575733762997 -0.002718599635043138 0.053622587301061626
vn 0.999971433394697 -0.007558597389667587 2.369526058610752e-7
vn 0.9928193665862319 -0.11962318057655097 2.5126596692569825e-7
vn 0.9985575733762997 -0.002718599635043138 0.053622587301061626
vn 0.9928193665862319 -0.11962318057655097 2.5126596692569825e-7
vn 0.9918957614565642 -0.11525402943557438 0.05347248921984388
vn 0.5806825701205897 0.5201844350425653 0.6262714318070032
vn 0.7978188327225147 0.5167615963576959 0.31055202894705075
vn 0.8398563878378509 0.43370881671594846 0.3264014554361076
vn 0.5806825701205897 0.5201844350425653 0.6262714318070032
vn 0.8398563878378509 0.43370881671594846 0.3264014554361076
vn 0.6073417012460639 0.4507266083332277 0.6542030131908307
vn 0.7978188327225147 0.5167615963576959 0.31055202894705075
vn 0.8743940067690423 0.4829363495046096 0.04698513864555112
vn 0.9179119287863756 0.39371914908972877 0.04922319201083449
vn 0.7978188327225147 0.5167615963576959 0.31055202894705075
vn 0.9179119287863756 0.39371914908972877 0.04922319201083449
vn 0.8398563878378509 0.43370881671594846 0.3264014554361076
vn 0.8398563878378509 0.43370881671594846 0.3264014554361076
vn 0.9179119287863756 0.39371914908972877 0.04922319201083449
vn 0.9558963018329731 0.2892193019085463 0.05113174694432766
vn 0.8398563878378509 0.43370881671594846 0.3264014554361076
vn 0.9558963018329731 0.2892193019085463 0.05113174694432766
vn 0.8800659139158614 0.33044975596209647 0.34100871828742263
vn 0.6073417012460639 0.4507266083332277 0.6542030131908307
vn 0.8398563878378509 0.43370881671594846 0.3264014554361076
vn 0.8800659139158614 0.33044975596209647 0.34100871828742263
vn 0.6073417012460639 0.4507266083332277 0.6542030131908307
vn 0.8800659139158614 0.33044975596209647 0.34100871828742263
vn 0.6358483754035973 0.36014735600774167 0.6826351334770566
vn 0.8743940067690423 0.4829363495046096 0.04698513864555112
vn 0.8788622757133944 0.4770755708772662 -6.409938471132343e-8
vn 0.9219079350422849 0.38740903358861895 -5.38233046447915e-8
vn 0.8743940067690423 0.4829363495046096 0.04698513864555112
vn 0.9219079350422849 0.38740903358861895 -5.38233046447915e-8
vn 0.9179119287863756 0.39371914908972877 0.04922319201083449
vn 0.8788622757133944 0.4770755708772662 -6.409938471132343e-8
vn 0.8743939929598304 0.48293635905420956 -0.0469852974793991
vn 0.9179118085388018 0.39371940363811075 -0.0492233983373427
vn 0.8788622757133944 0.4770755708772662 -6.409938471132343e-8
vn 0.9179118085388018 0.39371940363811075 -0.0492233983373427
vn 0.9219079350422849 0.38740903358861895 -5.38233046447915e-8
vn 0.9219079350422849 0.38740903358861895 -5.38233046447915e-8
vn 0.9179118085388018 0.39371940363811075 -0.0492233983373427
vn 0.955896188672773 0.28921964762662833 -0.05113190694268606
vn 0.9219079350422849 0.38740903358861895 -5.38233046447915e-8
vn 0.955896188672773 0.28921964762662833 -0.05113190694268606
vn 0.9590209704486491 0.28333509884892666 -1.1718721168739392e-8
vn 0.9179119287863756 0.39371914908972877 0.04922319201083449
vn 0.9219079350422849 0.38740903358861895 -5.38233046447915e-8
vn 0.9590209704486491 0.28333509884892666 -1.1718721168739392e-8
vn 0.9179119287863756 0.39371914908972877 0.04922319201083449
vn 0.9590209704486491 0.28333509884892666 -1.1718721168739392e-8
vn 0.9558963018329731 0.2892193019085463 0.05113174694432766
vn 0.5524121572401924 0.5826570848183669 0.5961136888582576
vn 0.7463907464674712 0.5965106384168356 0.29508627864282394
vn 0.7668429777243652 0.5683121206054018 0.29828372581791984
vn 0.5524121572401924 0.5826570848183669 0.5961136888582576
vn 0.7668429777243652 0.5683121206054018 0.29828372581791984
vn 0.5623574690399664 0.5623302708162189 0.6062497369390943
vn 0.7463907464674712 0.5965106384168356 0.29508627864282394
vn 0.8146466751998425 0.5778847103078834 0.04899036821882774
vn 0.8403411312097717 0.5401768208183398 0.045119679161895195
vn 0.7463907464674712 0.5965106384168356 0.29508627864282394
vn 0.8403411312097717 0.5401768208183398 0.045119679161895195
vn 0.7668429777243652 0.5683121206054018 0.29828372581791984
vn 0.7668429777243652 0.5683121206054018 0.29828372581791984
vn 0.8403411312097717 0.5401768208183398 0.045119679161895195
vn 0.8743940067690423 0.4829363495046096 0.04698513864555112
vn 0.7668429777243652 0.5683121206054018 0.29828372581791984
vn 0.8743940067690423 0.4829363495046096 0.04698513864555112
vn 0.7978188327225147 0.5167615963576959 0.31055202894705075
vn 0.5623574690399664 0.5623302708162189 0.6062497369390943
vn 0.7668429777243652 0.5683121206054018 0.29828372581791984
vn 0.7978188327225147 0.5167615963576959 0.31055202894705075
vn 0.5623574690399664 0.5623302708162189 0.6062497369390943
vn 0.7978188327225147 0.5167615963576959 0.31055202894705075
vn 0.5806825701205897 0.5201844350425653 0.6262714318070032
vn 0.8146466751998425 0.5778847103078834 0.04899036821882774
vn 0.8178037325693827 0.5754972241423795 3.8169106962262935e-8
vn 0.8448892814595906 0.5349412136624886 2.154237110344655e-8
vn 0.8146466751998425 0.5778847103078834 0.04899036821882774
vn 0.8448892814595906 0.5349412136624886 2.154237110344655e-8
vn 0.8403411312097717 0.5401768208183398 0.045119679161895195
vn 0.8178037325693827 0.5754972241423795 3.8169106962262935e-8
vn 0.8146466426793676 0.5778847336789121 -0.048990633309718874
vn 0.8403410419286212 0.540176947141163 -0.04511982964919482
vn 0.8178037325693827 0.5754972241423795 3.8169106962262935e-8
vn 0.8403410419286212 0.540176947141163 -0.04511982964919482
vn 0.8448892814595906 0.5349412136624886 2.154237110344655e-8
vn 0.8448892814595906 0.5349412136624886 2.154237110344655e-8
vn 0.8403410419286212 0.540176947141163 -0.04511982964919482
vn 0.8743939929598304 0.48293635905420956 -0.0469852974793991
vn 0.8448892814595906 0.5349412136624886 2.154237110344655e-8
vn 0.8743939929598304 0.48293635905420956 -0.0469852974793991
vn 0.8788622757133944 0.4770755708772662 -6.409938471132343e-8
vn 0.8403411312097717 0.5401768208183398 0.045119679161895195
vn 0.8448892814595906 0.5349412136624886 2.154237110344655e-8
vn 0.8788622757133944 0.4770755708772662 -6.409938471132343e-8
vn 0.8403411312097717 0.5401768208183398 0.045119679161895195
vn 0.8788622757133944 0.4770755708772662 -6.409938471132343e-8
vn 0.8743940067690423 0.4829363495046096 0.04698513864555112
vn 0.6233890885758132 0.3840372491320297 0.6811031019777551
vn 0.8033426533478335 0.42366583950762365 0.41850667586833407
vn 0.7517059787701494 0.5697023125556698 0.3322309385802795
vn 0.6233890885758132 0.3840372491320297 0.6811031019777551
vn 0.7517059787701494 0.5697023125556698 0.3322309385802795
vn 0.571333039143379 0.5386181188804589 0.6192488033067693
vn 0.8033426533478335 0.42366583950762365 0.41850667586833407
vn 0.7806602902836323 0.5550381057583187 0.28723198347414697
vn 0.7976556561296416 0.5955507596255206 0.09520896467169598
vn 0.8033426533478335 0.42366583950762365 0.41850667586833407
vn 0.7976556561296416 0.5955507596255206 0.09520896467169598
vn 0.7517059787701494 0.5697023125556698 0.3322309385802795
vn 0.7517059787701494 0.5697023125556698 0.3322309385802795
vn 0.7976556561296416 0.5955507596255206 0.09520896467169598
vn 0.8146466751998425 0.5778847103078834 0.04899036821882774
vn 0.7517059787701494 0.5697023125556698 0.3322309385802795
vn 0.8146466751998425 0.5778847103078834 0.04899036821882774
vn 0.7463907464674712 0.5965106384168356 0.29508627864282394
vn 0.571333039143379 0.5386181188804589 0.6192488033067693
vn 0.7517059787701494 0.5697023125556698 0.3322309385802795
vn 0.7463907464674712 0.5965106384168356 0.29508627864282394
vn 0.571333039143379 0.5386181188804589 0.6192488033067693
vn 0.7463907464674712 0.5965106384168356 0.29508627864282394
vn 0.5524121572401924 0.5826570848183669 0.5961136888582576
vn 0.7806602902836323 0.5550381057583187 0.28723198347414697
vn 0.7106482363837328 0.703547499551153 1.0359845227622278e-7
vn 0.7900191395173082 0.6130821798065329 4.6761697412241107e-8
vn 0.7806602902836323 0.5550381057583187 0.28723198347414697
vn 0.7900191395173082 0.6130821798065329 4.6761697412241107e-8
vn 0.7976556561296416 0.5955507596255206 0.09520896467169598
vn 0.7106482363837328 0.703547499551153 1.0359845227622278e-7
vn 0.7806602144470224 0.555038076637916 -0.2872322458597085
vn 0.7976554910209518 0.5955509381900201 -0.09520923098686913
vn 0.7106482363837328 0.703547499551153 1.0359845227622278e-7
vn 0.7976554910209518 0.5955509381900201 -0.09520923098686913
vn 0.7900191395173082 0.6130821798065329 4.6761697412241107e-8
vn 0.7900191395173082 0.6130821798065329 4.6761697412241107e-8
vn 0.7976554910209518 0.5955509381900201 -0.09520923098686913
vn 0.8146466426793676 0.5778847336789121 -0.048990633309718874
vn 0.7900191395173082 0.6130821798065329 4.6761697412241107e-8
vn 0.8146466426793676 0.5778847336789121 -0.048990633309718874
vn 0.8178037325693827 0.5754972241423795 3.8169106962262935e-8
vn 0.7976556561296416 0.5955507596255206 0.09520896467169598
vn 0.7900191395173082 0.6130821798065329 4.6761697412241107e-8
vn 0.8178037325693827 0.5754972241423795 3.8169106962262935e-8
vn 0.7976556561296416 0.5955507596255206 0.09520896467169598
vn 0.8178037325693827 0.5754972241423795 3.8169106962262935e-8
vn 0.8146466751998425 0.5778847103078834 0.04899036821882774
vn 0.610393495989254 -0.44588198869949136 0.6546823903293895
vn 0.8258825228928971 -0.4588378807516306 0.3276978144074443
vn 0.8806240568961315 -0.2844514140353818 0.3789309481542391
vn 0.610393495989254 -0.44588198869949136 0.6546823903293895
vn 0.8806240568961315 -0.2844514140353818 0.3789309481542391
vn 0.6594947218702408 -0.24886000558445476 0.7093203856127347
vn 0.8258825228928971 -0.4588378807516306 0.3276978144074443
vn 0.8922614902569236 -0.4479555490239898 0.05661500775509833
vn 0.9357654842946228 -0.3386555223613937 0.09826187244797248
vn 0.8258825228928971 -0.4588378807516306 0.3276978144074443
vn 0.9357654842946228 -0.3386555223613937 0.09826187244797248
vn 0.8806240568961315 -0.2844514140353818 0.3789309481542391
vn 0.8806240568961315 -0.2844514140353818 0.3789309481542391
vn 0.9357654842946228 -0.3386555223613937 0.09826187244797248
vn 0.87639051946653 -0.3368664643212546 0.3441811188965519
vn 0.8806240568961315 -0.2844514140353818 0.3789309481542391
vn 0.87639051946653 -0.3368664643212546 0.3441811188965519
vn 0.8885197326429201 -0.09587792229181608 0.44870938113790115
vn 0.6594947218702408 -0.24886000558445476 0.7093203856127347
vn 0.8806240568961315 -0.2844514140353818 0.3789309481542391
vn 0.8885197326429201 -0.09587792229181608 0.44870938113790115
vn 0.6594947218702408 -0.24886000558445476 0.7093203856127347
vn 0.8885197326429201 -0.09587792229181608 0.44870938113790115
vn 0.6759758518610472 -0.05127631428998022 0.7351376655386164
vn 0.8922614902569236 -0.4479555490239898 0.05661500775509833
vn 0.8955469489918976 -0.4449670349040478 5.919041121986875e-8
vn 0.927930028513951 -0.3727544261066475 4.414890816248639e-8
vn 0.8922614902569236 -0.4479555490239898 0.05661500775509833
vn 0.927930028513951 -0.3727544261066475 4.414890816248639e-8
vn 0.9357654842946228 -0.3386555223613937 0.09826187244797248
vn 0.8955469489918976 -0.4449670349040478 5.919041121986875e-8
vn 0.8922615206669554 -0.44795551989997356 -0.05661475892588935
vn 0.9357654033608143 -0.3386557712343359 -0.09826178546438805
vn 0.8955469489918976 -0.4449670349040478 5.919041121986875e-8
vn 0.9357654033608143 -0.3386557712343359 -0.09826178546438805
vn 0.927930028513951 -0.3727544261066475 4.414890816248639e-8
vn 0.927930028513951 -0.3727544261066475 4.414890816248639e-8
vn 0.9357654033608143 -0.3386557712343359 -0.09826178546438805
vn 0.876390528264969 -0.3368665303884246 -0.34418103182992704
vn 0.927930028513951 -0.3727544261066475 4.414890816248639e-8
vn 0.876390528264969 -0.3368665303884246 -0.34418103182992704
vn 0.7941304710080008 -0.6077473118135043 2.6441551502357734e-7
vn 0.9357654842946228 -0.3386555223613937 0.09826187244797248
vn 0.927930028513951 -0.3727544261066475 4.414890816248639e-8
vn 0.7941304710080008 -0.6077473118135043 2.6441551502357734e-7
vn 0.9357654842946228 -0.3386555223613937 0.09826187244797248
vn 0.7941304710080008 -0.6077473118135043 2.6441551502357734e-7
vn 0.87639051946653 -0.3368664643212546 0.3441811188965519
vn 0.6759758518610472 -0.05127631428998022 0.7351376655386164
vn 0.8885197326429201 -0.09587792229181608 0.44870938113790115
vn 0.8606427852686638 0.1632311888589926 0.4823376153159491
vn 0.6759758518610472 -0.05127631428998022 0.7351376655386164
vn 0.8606427852686638 0.1632311888589926 0.4823376153159491
vn 0.6647528930980051 0.16312457359782245 0.7290363259854484
vn 0.8885197326429201 -0.09587792229181608 0.44870938113790115
vn 0.87639051946653 -0.3368664643212546 0.3441811188965519
vn 0.8253349044398426 0.13799043342185738 0.547522543643021
vn 0.8885197326429201 -0.09587792229181608 0.44870938113790115
vn 0.8253349044398426 0.13799043342185738 0.547522543643021
vn 0.8606427852686638 0.1632311888589926 0.4823376153159491
vn 0.8606427852686638 0.1632311888589926 0.4823376153159491
vn 0.8253349044398426 0.13799043342185738 0.547522543643021
vn 0.7806602902836323 0.5550381057583187 0.28723198347414697
vn 0.8606427852686638 0.1632311888589926 0.4823376153159491
vn 0.7806602902836323 0.5550381057583187 0.28723198347414697
vn 0.8033426533478335 0.42366583950762365 0.41850667586833407
vn 0.6647528930980051 0.16312457359782245 0.7290363259854484
vn 0.8606427852686638 0.1632311888589926 0.4823376153159491
vn 0.8033426533478335 0.42366583950762365 0.41850667586833407
vn 0.6647528930980051 0.16312457359782245 0.7290363259854484
vn 0.8033426533478335 0.42366583950762365 0.41850667586833407
vn 0.6233890885758132 0.3840372491320297 0.6811031019777551
vn 0.7806602902836323 0.5550381057583187 0.28723198347414697
vn 0.8253349044398426 0.13799043342185738 0.547522543643021
vn 0.5433672656651181 0.038204239974829315 0.838625333895631
vn 0.7806602902836323 0.5550381057583187 0.28723198347414697
vn 0.5433672656651181 0.038204239974829315 0.838625333895631
vn 0.5889921786872865 0.6148489439256785 0.5244511317546006
vn 0.8253349044398426 0.13799043342185738 0.547522543643021
vn 0.87639051946653 -0.3368664643212546 0.3441811188965519
vn 0.4624893220556946 -0.653525392818014 0.5991729198875099
vn 0.8253349044398426 0.13799043342185738 0.547522543643021
vn 0.4624893220556946 -0.653525392818014 0.5991729198875099
vn 0.5433672656651181 0.038204239974829315 0.838625333895631
vn 0.5433672656651181 0.038204239974829315 0.838625333895631
vn 0.4624893220556946 -0.653525392818014 0.5991729198875099
vn 0.2292949761597164 -0.40734389196787174 0.8840219270947876
vn 0.5433672656651181 0.038204239974829315 0.838625333895631
vn 0.2292949761597164 -0.40734389196787174 0.8840219270947876
vn 0.3495238068584315 -0.037070093354814516 0.9361938456419456
vn 0.5889921786872865 0.6148489439256785 0.5244511317546006
vn 0.5433672656651181 0.038204239974829315 0.838625333895631
vn 0.3495238068584315 -0.037070093354814516 0.9361938456419456
vn 0.5889921786872865 0.6148489439256785 0.5244511317546006
vn 0.3495238068584315 -0.037070093354814516 0.9361938456419456
vn 0.48878576044079175 0.6241876752502699 0.6094901364714451
vn 0.0475660143339276 -0.9958628456225215 0.07742523483334525
vn -0.020578853182827775 -0.987180693428905 0.15827441145967192
vn 0.1329802711559975 -0.9637927954613341 0.23112701032139035
vn 0.0475660143339276 -0.9958628456225215 0.07742523483334525
vn 0.1329802711559975 -0.9637927954613341 0.23112701032139035
vn 0.13602699017933534 -0.9760843987035859 0.169575660252909
vn -0.020578853182827775 -0.987180693428905 0.15827441145967192
vn -0.21806465409616416 -0.8739595255996473 0.43433000615610173
vn 0.03181222611547455 -0.8094445006031541 0.5863340197471817
vn -0.020578853182827775 -0.987180693428905 0.15827441145967192
vn 0.03181222611547455 -0.8094445006031541 0.5863340197471817
vn 0.1329802711559975 -0.9637927954613341 0.23112701032139035
vn 0.1329802711559975 -0.9637927954613341 0.23112701032139035
vn 0.03181222611547455 -0.8094445006031541 0.5863340197471817
vn 0.5910979284955753 -0.7440235168464365 0.3114999924682182
vn 0.1329802711559975 -0.9637927954613341 0.23112701032139035
vn 0.5910979284955753 -0.7440235168464365 0.3114999924682182
vn 0.43125224688954394 -0.8641598882225247 0.25932448233815775
vn 0.13602699017933534 -0.9760843987035859 0.169575660252909
vn 0.1329802711559975 -0.9637927954613341 0.23112701032139035
vn 0.43125224688954394 -0.8641598882225247 0.25932448233815775
vn 0.13602699017933534 -0.9760843987035859 0.169575660252909
vn 0.43125224688954394 -0.8641598882225247 0.25932448233815775
vn 0.3150915349289279 -0.8797854173462528 0.3559423324655442
vn 0.5910979284955754 -0.7440236005519781 -0.31149979253590215
vn 0.8254671824846858 -0.5644501135094139 6.62537554679124e-8
vn 0.9044227616288083 -0.4266373966821423 6.227954570574698e-8
vn 0.5910979284955754 -0.7440236005519781 -0.31149979253590215
vn 0.9044227616288083 -0.4266373966821423 6.227954570574698e-8
vn 0.863583205034759 -0.4079611233215717 -0.29629675975294556
vn 0.8254671824846858 -0.5644501135094139 6.62537554679124e-8
vn 0.5910979284955753 -0.7440235168464365 0.3114999924682182
vn 0.8635832440607807 -0.4079609445729504 0.29629689212106913
vn 0.8254671824846858 -0.5644501135094139 6.62537554679124e-8
vn 0.8635832440607807 -0.4079609445729504 0.29629689212106913
vn 0.9044227616288083 -0.4266373966821423 6.227954570574698e-8
vn 0.9044227616288083 -0.4266373966821423 6.227954570574698e-8
vn 0.8635832440607807 -0.4079609445729504 0.29629689212106913
vn 0.8157139413456462 -0.4683963654664124 0.3394342509414842
vn 0.9044227616288083 -0.4266373966821423 6.227954570574698e-8
vn 0.8157139413456462 -0.4683963654664124 0.3394342509414842
vn 0.8727132745021526 -0.48823308010388455 6.559844061753258e-8
vn 0.863583205034759 -0.4079611233215717 -0.29629675975294556
vn 0.9044227616288083 -0.4266373966821423 6.227954570574698e-8
vn 0.8727132745021526 -0.48823308010388455 6.559844061753258e-8
vn 0.863583205034759 -0.4079611233215717 -0.29629675975294556
vn 0.8727132745021526 -0.48823308010388455 6.559844061753258e-8
vn 0.8157139217071465 -0.46839647520396904 -0.3394341467054319
vn 0.3150915349289279 -0.8797854173462528 0.3559423324655442
vn 0.43125224688954394 -0.8641598882225247 0.25932448233815775
vn 0.6873868405723726 -0.6653652335153488 0.2911845418922457
vn 0.3150915349289279 -0.8797854173462528 0.3559423324655442
vn 0.6873868405723726 -0.6653652335153488 0.2911845418922457
vn 0.5020891517464441 -0.6718158935943981 0.5445823067383815
vn 0.43125224688954394 -0.8641598882225247 0.25932448233815775
vn 0.5910979284955753 -0.7440235168464365 0.3114999924682182
vn 0.7824280214878355 -0.6161546759582898 0.09033164719723653
vn 0.43125224688954394 -0.8641598882225247 0.25932448233815775
vn 0.7824280214878355 -0.6161546759582898 0.09033164719723653
vn 0.6873868405723726 -0.6653652335153488 0.2911845418922457
vn 0.6873868405723726 -0.6653652335153488 0.2911845418922457
vn 0.7824280214878355 -0.6161546759582898 0.09033164719723653
vn 0.8922614902569236 -0.4479555490239898 0.05661500775509833
vn 0.6873868405723726 -0.6653652335153488 0.2911845418922457
vn 0.8922614902569236 -0.4479555490239898 0.05661500775509833
vn 0.8258825228928971 -0.4588378807516306 0.3276978144074443
vn 0.5020891517464441 -0.6718158935943981 0.5445823067383815
vn 0.6873868405723726 -0.6653652335153488 0.2911845418922457
vn 0.8258825228928971 -0.4588378807516306 0.3276978144074443
vn 0.5020891517464441 -0.6718158935943981 0.5445823067383815
vn 0.8258825228928971 -0.4588378807516306 0.3276978144074443
vn 0.610393495989254 -0.44588198869949136 0.6546823903293895
vn 0.5910979284955753 -0.7440235168464365 0.3114999924682182
vn 0.8254671824846858 -0.5644501135094139 6.62537554679124e-8
vn 0.8158497803596091 -0.5782638981357672 6.830972982483805e-8
vn 0.5910979284955753 -0.7440235168464365 0.3114999924682182
vn 0.8158497803596091 -0.5782638981357672 6.830972982483805e-8
vn 0.7824280214878355 -0.6161546759582898 0.09033164719723653
vn 0.8254671824846858 -0.5644501135094139 6.62537554679124e-8
vn 0.5910979284955754 -0.7440236005519781 -0.31149979253590215
vn 0.7824280262271597 -0.6161547039641462 -0.0903314151174805
vn 0.8254671824846858 -0.5644501135094139 6.62537554679124e-8
vn 0.7824280262271597 -0.6161547039641462 -0.0903314151174805
vn 0.8158497803596091 -0.5782638981357672 6.830972982483805e-8
vn 0.8158497803596091 -0.5782638981357672 6.830972982483805e-8
vn 0.7824280262271597 -0.6161547039641462 -0.0903314151174805
vn 0.8922615206669554 -0.44795551989997356 -0.05661475892588935
vn 0.8158497803596091 -0.5782638981357672 6.830972982483805e-8
vn 0.8922615206669554 -0.44795551989997356 -0.05661475892588935
vn 0.8955469489918976 -0.4449670349040478 5.919041121986875e-8
vn 0.7824280214878355 -0.6161546759582898 0.09033164719723653
vn 0.8158497803596091 -0.5782638981357672 6.830972982483805e-8
vn 0.8955469489918976 -0.4449670349040478 5.919041121986875e-8
vn 0.7824280214878355 -0.6161546759582898 0.09033164719723653
vn 0.8955469489918976 -0.4449670349040478 5.919041121986875e-8
vn 0.8922614902569236 -0.4479555490239898 0.05661500775509833
vn -0.6072035947238271 0.5455845292654762 0.5776169284055228
vn -0.6651986844625617 0.7466663981921362 -2.4354827866011033e-7
vn -0.6844297675999789 0.7290787976775346 -3.45903316240203e-7
vn -0.6072035947238271 0.5455845292654762 0.5776169284055228
vn -0.6844297675999789 0.7290787976775346 -3.45903316240203e-7
vn -0.5951468657336295 0.5192438519205801 0.6133400610184497
vn -0.6651986844625617 0.7466663981921362 -2.4354827866011033e-7
vn -0.6072037842745465 0.5455840260688645 -0.5776172044366051
vn -0.5951466582343564 0.5192435352671907 -0.6133405304361582
vn -0.6651986844625617 0.7466663981921362 -2.4354827866011033e-7
vn -0.5951466582343564 0.5192435352671907 -0.6133405304361582
vn -0.6844297675999789 0.7290787976775346 -3.45903316240203e-7
vn -0.6844297675999789 0.7290787976775346 -3.45903316240203e-7
vn -0.5951466582343564 0.5192435352671907 -0.6133405304361582
vn -0.5775150120296816 0.5160116529286337 -0.6326202533291326
vn -0.6844297675999789 0.7290787976775346 -3.45903316240203e-7
vn -0.5775150120296816 0.5160116529286337 -0.6326202533291326
vn -0.6757120273494505 0.7371656910728908 5.685596695875498e-7
vn -0.5951468657336295 0.5192438519205801 0.6133400610184497
vn -0.6844297675999789 0.7290787976775346 -3.45903316240203e-7
vn -0.6757120273494505 0.7371656910728908 5.685596695875498e-7
vn -0.5951468657336295 0.5192438519205801 0.6133400610184497
vn -0.6757120273494505 0.7371656910728908 5.685596695875498e-7
vn -0.5775147499677078 0.5160115633809048 0.6326205656054268
vn -0.8878881107005683 -0.31648697244626456 -0.3339022299242295
vn -0.7912118328898494 -0.6115421780180578 1.2395770208555963e-7
vn -0.19463403298803092 -0.9808759316053647 3.4922948129250746e-7
vn -0.8878881107005683 -0.31648697244626456 -0.3339022299242295
vn -0.19463403298803092 -0.9808759316053647 3.4922948129250746e-7
vn -0.3950775231361772 -0.6768590027150098 -0.6211083972675187
vn -0.7912118328898494 -0.6115421780180578 1.2395770208555963e-7
vn -0.8878881362852004 -0.31648683223578156 0.33390229478899075
vn -0.39507732045540683 -0.6768587267716831 0.6211088269013668
vn -0.7912118328898494 -0.6115421780180578 1.2395770208555963e-7
vn -0.39507732045540683 -0.6768587267716831 0.6211088269013668
vn -0.19463403298803092 -0.9808759316053647 3.4922948129250746e-7
vn -0.19463403298803092 -0.9808759316053647 3.4922948129250746e-7
vn -0.39507732045540683 -0.6768587267716831 0.6211088269013668
vn 0.2153080952781364 -0.9296611260771314 0.2989525292896867
vn -0.19463403298803092 -0.9808759316053647 3.4922948129250746e-7
vn 0.2153080952781364 -0.9296611260771314 0.2989525292896867
vn 0.23834931196069747 -0.9711794919003401 2.437113146279032e-7
vn -0.3950775231361772 -0.6768590027150098 -0.6211083972675187
vn -0.19463403298803092 -0.9808759316053647 3.4922948129250746e-7
vn 0.23834931196069747 -0.9711794919003401 2.437113146279032e-7
vn -0.3950775231361772 -0.6768590027150098 -0.6211083972675187
vn 0.23834931196069747 -0.9711794919003401 2.437113146279032e-7
vn 0.21530708466507786 -0.929661515944981 -0.29895204475618575
vn -0.8878881362852004 -0.31648683223578156 0.33390229478899075
vn -0.8605786930269621 0.1425239068738129 0.48896957888751175
vn -0.597488214530971 0.03196347895457364 0.8012403943322584
vn -0.8878881362852004 -0.31648683223578156 0.33390229478899075
vn -0.597488214530971 0.03196347895457364 0.8012403943322584
vn -0.39507732045540683 -0.6768587267716831 0.6211088269013668
vn -0.8605786930269621 0.1425239068738129 0.48896957888751175
vn -0.8156342887252197 0.5225503223304506 0.2483583453158911
vn -0.6867050962541017 0.5519818165746858 0.47302450776841887
vn -0.8605786930269621 0.1425239068738129 0.48896957888751175
vn -0.6867050962541017 0.5519818165746858 0.47302450776841887
vn -0.597488214530971 0.03196347895457364 0.8012403943322584
vn -0.597488214530971 0.03196347895457364 0.8012403943322584
vn -0.6867050962541017 0.5519818165746858 0.47302450776841887
vn -0.6072035947238271 0.5455845292654762 0.5776169284055228
vn -0.597488214530971 0.03196347895457364 0.8012403943322584
vn -0.6072035947238271 0.5455845292654762 0.5776169284055228
vn -0.3500355586624172 -0.057712301437082655 0.9349568962977516
vn -0.39507732045540683 -0.6768587267716831 0.6211088269013668
vn -0.597488214530971 0.03196347895457364 0.8012403943322584
vn -0.3500355586624172 -0.057712301437082655 0.9349568962977516
vn -0.39507732045540683 -0.6768587267716831 0.6211088269013668
vn -0.3500355586624172 -0.057712301437082655 0.9349568962977516
vn -0.13334187152084326 -0.4068584639699844 0.9037068858846344
vn -0.8156342287830904 0.5225504341898863 -0.2483583068177393
vn -0.8605787131313416 0.1425236148958023 -0.48896962860921855
vn -0.5974883442686253 0.03196347282658476 -0.8012402978308074
vn -0.8156342287830904 0.5225504341898863 -0.2483583068177393
vn -0.5974883442686253 0.03196347282658476 -0.8012402978308074
vn -0.6867051600103219 0.5519818120110074 -0.47302442053687127
vn -0.8605787131313416 0.1425236148958023 -0.48896962860921855
vn -0.8878881107005683 -0.31648697244626456 -0.3339022299242295
vn -0.3950775231361772 -0.6768590027150098 -0.6211083972675187
vn -0.8605787131313416 0.1425236148958023 -0.48896962860921855
vn -0.3950775231361772 -0.6768590027150098 -0.6211083972675187
vn -0.5974883442686253 0.03196347282658476 -0.8012402978308074
vn -0.5974883442686253 0.03196347282658476 -0.8012402978308074
vn -0.3950775231361772 -0.6768590027150098 -0.6211083972675187
vn -0.13334190654531228 -0.40685848432749944 -0.9037068715516061
vn -0.5974883442686253 0.03196347282658476 -0.8012402978308074
vn -0.13334190654531228 -0.40685848432749944 -0.9037068715516061
vn -0.350035503200067 -0.05771270982172489 -0.9349568918535813
vn -0.6867051600103219 0.5519818120110074 -0.47302442053687127
vn -0.5974883442686253 0.03196347282658476 -0.8012402978308074
vn -0.350035503200067 -0.05771270982172489 -0.9349568918535813
vn -0.6867051600103219 0.5519818120110074 -0.47302442053687127
vn -0.350035503200067 -0.05771270982172489 -0.9349568918535813
vn -0.6072037842745465 0.5455840260688645 -0.5776172044366051
vn -0.5775150120296816 0.5160116529286337 -0.6326202533291326
vn -0.2561965526445351 -0.09535621474110866 -0.9619098287902581
vn -0.3367047849056315 -0.1285961353820533 -0.9327877152849158
vn -0.5775150120296816 0.5160116529286337 -0.6326202533291326
vn -0.3367047849056315 -0.1285961353820533 -0.9327877152849158
vn -0.6088205472676843 0.48831738425133075 -0.6252069045225074
vn -0.2561965526445351 -0.09535621474110866 -0.9619098287902581
vn -0.058270309957632105 -0.41931187715112844 -0.905970264775527
vn -0.1730931964362955 -0.43905890579847284 -0.881626918025144
vn -0.2561965526445351 -0.09535621474110866 -0.9619098287902581
vn -0.1730931964362955 -0.43905890579847284 -0.881626918025144
vn -0.3367047849056315 -0.1285961353820533 -0.9327877152849158
vn -0.3367047849056315 -0.1285961353820533 -0.9327877152849158
vn -0.1730931964362955 -0.43905890579847284 -0.881626918025144
vn -0.35427402427787025 -0.770352975397192 -0.5301379150925315
vn -0.3367047849056315 -0.1285961353820533 -0.9327877152849158
vn -0.35427402427787025 -0.770352975397192 -0.5301379150925315
vn -0.7040319232015867 -0.26572302005930554 -0.6585820584586534
vn -0.6088205472676843 0.48831738425133075 -0.6252069045225074
vn -0.3367047849056315 -0.1285961353820533 -0.9327877152849158
vn -0.7040319232015867 -0.26572302005930554 -0.6585820584586534
vn -0.6088205472676843 0.48831738425133075 -0.6252069045225074
vn -0.7040319232015867 -0.26572302005930554 -0.6585820584586534
vn -0.7881442786794803 0.32104837418926946 -0.5251252587861571
vn -0.6072037842745465 0.5455840260688645 -0.5776172044366051
vn -0.350035503200067 -0.05771270982172489 -0.9349568918535813
vn -0.2749697496833547 -0.08386711309947563 -0.9577880475864339
vn -0.6072037842745465 0.5455840260688645 -0.5776172044366051
vn -0.2749697496833547 -0.08386711309947563 -0.9577880475864339
vn -0.5951466582343564 0.5192435352671907 -0.6133405304361582
vn -0.350035503200067 -0.05771270982172489 -0.9349568918535813
vn -0.13334190654531228 -0.40685848432749944 -0.9037068715516061
vn -0.058288048715340164 -0.41472910384951023 -0.9080761387665357
vn -0.350035503200067 -0.05771270982172489 -0.9349568918535813
vn -0.058288048715340164 -0.41472910384951023 -0.9080761387665357
vn -0.2749697496833547 -0.08386711309947563 -0.9577880475864339
vn -0.2749697496833547 -0.08386711309947563 -0.9577880475864339
vn -0.058288048715340164 -0.41472910384951023 -0.9080761387665357
vn -0.058270309957632105 -0.41931187715112844 -0.905970264775527
vn -0.2749697496833547 -0.08386711309947563 -0.9577880475864339
vn -0.058270309957632105 -0.41931187715112844 -0.905970264775527
vn -0.2561965526445351 -0.09535621474110866 -0.9619098287902581
vn -0.5951466582343564 0.5192435352671907 -0.6133405304361582
vn -0.2749697496833547 -0.08386711309947563 -0.9577880475864339
vn -0.2561965526445351 -0.09535621474110866 -0.9619098287902581
vn -0.5951466582343564 0.5192435352671907 -0.6133405304361582
vn -0.2561965526445351 -0.09535621474110866 -0.9619098287902581
vn -0.5775150120296816 0.5160116529286337 -0.6326202533291326
vn 0.21530708466507786 -0.929661515944981 -0.29895204475618575
vn 0.23834931196069747 -0.9711794919003401 2.437113146279032e-7
vn 0.29950537964302254 -0.9540946114326798 1.1324894641090182e-7
vn 0.21530708466507786 -0.929661515944981 -0.29895204475618575
vn 0.29950537964302254 -0.9540946114326798 1.1324894641090182e-7
vn 0.28526454824863273 -0.9088411347107818 -0.30435493978268563
vn 0.23834931196069747 -0.9711794919003401 2.437113146279032e-7
vn 0.2153080952781364 -0.9296611260771314 0.2989525292896867
vn 0.28526469030926477 -0.9088410307796736 0.30435511698359813
vn 0.23834931196069747 -0.9711794919003401 2.437113146279032e-7
vn 0.28526469030926477 -0.9088410307796736 0.30435511698359813
vn 0.29950537964302254 -0.9540946114326798 1.1324894641090182e-7
vn 0.29950537964302254 -0.9540946114326798 1.1324894641090182e-7
vn 0.28526469030926477 -0.9088410307796736 0.30435511698359813
vn 0.25482283946091144 -0.9173025600206557 0.30597603479460617
vn 0.29950537964302254 -0.9540946114326798 1.1324894641090182e-7
vn 0.25482283946091144 -0.9173025600206557 0.30597603479460617
vn 0.26397451447388504 -0.9645296551730648 7.434055556966917e-8
vn 0.28526454824863273 -0.9088411347107818 -0.30435493978268563
vn 0.29950537964302254 -0.9540946114326798 1.1324894641090182e-7
vn 0.26397451447388504 -0.9645296551730648 7.434055556966917e-8
vn 0.28526454824863273 -0.9088411347107818 -0.30435493978268563
vn 0.26397451447388504 -0.9645296551730648 7.434055556966917e-8
vn 0.25482279068820873 -0.9173026216296297 -0.30597589071245695
vn -0.13334187152084326 -0.4068584639699844 0.9037068858846344
vn -0.3500355586624172 -0.057712301437082655 0.9349568962977516
vn -0.2749696802622151 -0.08386679312612816 0.9577880955343068
vn -0.13334187152084326 -0.4068584639699844 0.9037068858846344
vn -0.2749696802622151 -0.08386679312612816 0.9577880955343068
vn -0.0582878072314923 -0.4147288678256799 0.9080762620618237
vn -0.3500355586624172 -0.057712301437082655 0.9349568962977516
vn -0.6072035947238271 0.5455845292654762 0.5776169284055228
vn -0.5951468657336295 0.5192438519205801 0.6133400610184497
vn -0.3500355586624172 -0.057712301437082655 0.9349568962977516
vn -0.5951468657336295 0.5192438519205801 0.6133400610184497
vn -0.2749696802622151 -0.08386679312612816 0.9577880955343068
vn -0.2749696802622151 -0.08386679312612816 0.9577880955343068
vn -0.5951468657336295 0.5192438519205801 0.6133400610184497
vn -0.5775147499677078 0.5160115633809048 0.6326205656054268
vn -0.2749696802622151 -0.08386679312612816 0.9577880955343068
vn -0.5775147499677078 0.5160115633809048 0.6326205656054268
vn -0.25619681418127815 -0.09535550673622924 0.9619098293179255
vn -0.0582878072314923 -0.4147288678256799 0.9080762620618237
vn -0.2749696802622151 -0.08386679312612816 0.9577880955343068
vn -0.25619681418127815 -0.09535550673622924 0.9619098293179255
vn -0.0582878072314923 -0.4147288678256799 0.9080762620618237
vn -0.25619681418127815 -0.09535550673622924 0.9619098293179255
vn -0.058270499094860276 -0.4193111209263153 0.905970602615092
vn -0.35427402427787025 -0.770352975397192 -0.5301379150925315
vn -0.41929137344877976 -0.9078517192533996 2.8736096969559105e-7
vn -0.9348256173414836 -0.3551071178661451 0.0000017070252747453379
vn -0.35427402427787025 -0.770352975397192 -0.5301379150925315
vn -0.9348256173414836 -0.3551071178661451 0.0000017070252747453379
vn -0.7040319232015867 -0.26572302005930554 -0.6585820584586534
vn -0.41929137344877976 -0.9078517192533996 2.8736096969559105e-7
vn -0.35427430046369596 -0.7703524926311635 0.5301384320419641
vn -0.7040312793003739 -0.2657217150329537 0.6585832733425779
vn -0.41929137344877976 -0.9078517192533996 2.8736096969559105e-7
vn -0.7040312793003739 -0.2657217150329537 0.6585832733425779
vn -0.9348256173414836 -0.3551071178661451 0.0000017070252747453379
vn -0.9348256173414836 -0.3551071178661451 0.0000017070252747453379
vn -0.7040312793003739 -0.2657217150329537 0.6585832733425779
vn -0.7881443909477115 0.32104892970476223 0.5251247506574864
vn -0.9348256173414836 -0.3551071178661451 0.0000017070252747453379
vn -0.7881443909477115 0.32104892970476223 0.5251247506574864
vn -0.9270500382780891 0.37493763018460996 3.772294274978274e-7
vn -0.7040319232015867 -0.26572302005930554 -0.6585820584586534
vn -0.9348256173414836 -0.3551071178661451 0.0000017070252747453379
vn -0.9270500382780891 0.37493763018460996 3.772294274978274e-7
vn -0.7040319232015867 -0.26572302005930554 -0.6585820584586534
vn -0.9270500382780891 0.37493763018460996 3.772294274978274e-7
vn -0.7881442786794803 0.32104837418926946 -0.5251252587861571
vn 0.25482279068820873 -0.9173026216296297 -0.30597589071245695
vn 0.26397451447388504 -0.9645296551730648 7.434055556966917e-8
vn 0.10517210988986665 -0.9944540347855468 -2.457064332077348e-7
vn 0.25482279068820873 -0.9173026216296297 -0.30597589071245695
vn 0.10517210988986665 -0.9944540347855468 -2.457064332077348e-7
vn 0.11298499935610233 -0.9505516949329754 -0.28928509325672025
vn 0.26397451447388504 -0.9645296551730648 7.434055556966917e-8
vn 0.25482283946091144 -0.9173025600206557 0.30597603479460617
vn 0.11298645897865077 -0.9505516709862744 0.28928460185890853
vn 0.26397451447388504 -0.9645296551730648 7.434055556966917e-8
vn 0.11298645897865077 -0.9505516709862744 0.28928460185890853
vn 0.10517210988986665 -0.9944540347855468 -2.457064332077348e-7
vn 0.10517210988986665 -0.9944540347855468 -2.457064332077348e-7
vn 0.11298645897865077 -0.9505516709862744 0.28928460185890853
vn -0.35427430046369596 -0.7703524926311635 0.5301384320419641
vn 0.10517210988986665 -0.9944540347855468 -2.457064332077348e-7
vn -0.35427430046369596 -0.7703524926311635 0.5301384320419641
vn -0.41929137344877976 -0.9078517192533996 2.8736096969559105e-7
vn 0.11298499935610233 -0.9505516949329754 -0.28928509325672025
vn 0.10517210988986665 -0.9944540347855468 -2.457064332077348e-7
vn -0.41929137344877976 -0.9078517192533996 2.8736096969559105e-7
vn 0.11298499935610233 -0.9505516949329754 -0.28928509325672025
vn -0.41929137344877976 -0.9078517192533996 2.8736096969559105e-7
vn -0.35427402427787025 -0.770352975397192 -0.5301379150925315
vn -0.058270499094860276 -0.4193111209263153 0.905970602615092
vn -0.25619681418127815 -0.09535550673622924 0.9619098293179255
vn -0.33670573373158724 -0.12859522722269853 0.9327874979907353
vn -0.058270499094860276 -0.4193111209263153 0.905970602615092
vn -0.33670573373158724 -0.12859522722269853 0.9327874979907353
vn -0.1730944634446675 -0.43905768645219273 0.881627276513182
vn -0.25619681418127815 -0.09535550673622924 0.9619098293179255
vn -0.5775147499677078 0.5160115633809048 0.6326205656054268
vn -0.6088209056454336 0.48831779127546227 0.625206237631174
vn -0.25619681418127815 -0.09535550673622924 0.9619098293179255
vn -0.6088209056454336 0.48831779127546227 0.625206237631174
vn -0.33670573373158724 -0.12859522722269853 0.9327874979907353
vn -0.33670573373158724 -0.12859522722269853 0.9327874979907353
vn -0.6088209056454336 0.48831779127546227 0.625206237631174
vn -0.7881443909477115 0.32104892970476223 0.5251247506574864
vn -0.33670573373158724 -0.12859522722269853 0.9327874979907353
vn -0.7881443909477115 0.32104892970476223 0.5251247506574864
vn -0.7040312793003739 -0.2657217150329537 0.6585832733425779
vn -0.1730944634446675 -0.43905768645219273 0.881627276513182
vn -0.33670573373158724 -0.12859522722269853 0.9327874979907353
vn -0.7040312793003739 -0.2657217150329537 0.6585832733425779
vn -0.1730944634446675 -0.43905768645219273 0.881627276513182
vn -0.7040312793003739 -0.2657217150329537 0.6585832733425779
vn -0.35427430046369596 -0.7703524926311635 0.5301384320419641
vn -0.5775147499677078 0.5160115633809048 0.6326205656054268
vn -0.6757120273494505 0.7371656910728908 5.685596695875498e-7
vn -0.6908291364137767 0.7230180525282847 -4.7044398292635387e-8
vn -0.5775147499677078 0.5160115633809048 0.6326205656054268
vn -0.6908291364137767 0.7230180525282847 -4.7044398292635387e-8
vn -0.6088209056454336 0.48831779127546227 0.625206237631174
vn -0.6757120273494505 0.7371656910728908 5.685596695875498e-7
vn -0.5775150120296816 0.5160116529286337 -0.6326202533291326
vn -0.6088205472676843 0.48831738425133075 -0.6252069045225074
vn -0.6757120273494505 0.7371656910728908 5.685596695875498e-7
vn -0.6088205472676843 0.48831738425133075 -0.6252069045225074
vn -0.6908291364137767 0.7230180525282847 -4.7044398292635387e-8
vn -0.6908291364137767 0.7230180525282847 -4.7044398292635387e-8
vn -0.6088205472676843 0.48831738425133075 -0.6252069045225074
vn -0.7881442786794803 0.32104837418926946 -0.5251252587861571
vn -0.6908291364137767 0.7230180525282847 -4.7044398292635387e-8
vn -0.7881442786794803 0.32104837418926946 -0.5251252587861571
vn -0.9270500382780891 0.37493763018460996 3.772294274978274e-7
vn -0.6088209056454336 0.48831779127546227 0.625206237631174
vn -0.6908291364137767 0.7230180525282847 -4.7044398292635387e-8
vn -0.9270500382780891 0.37493763018460996 3.772294274978274e-7
vn -0.6088209056454336 0.48831779127546227 0.625206237631174
vn -0.9270500382780891 0.37493763018460996 3.772294274978274e-7
vn -0.7881443909477115 0.32104892970476223 0.5251247506574864
vn -0.525838530243117 0.11596648415928572 0.8426420442058968
vn -0.2525295750206276 0.37518750545913254 0.8918874085260173
vn -0.21912484375372637 0.34746989563019376 0.9117285640368231
vn -0.525838530243117 0.11596648415928572 0.8426420442058968
vn -0.21912484375372637 0.34746989563019376 0.9117285640368231
vn -0.47189455522236007 0.15139238578211137 0.8685596549913491
vn -0.2525295750206276 0.37518750545913254 0.8918874085260173
vn -0.18084942549123081 0.5634977669103212 0.8060792467162105
vn -0.11226129634780074 0.5361242103162751 0.8366410415793989
vn -0.2525295750206276 0.37518750545913254 0.8918874085260173
vn -0.11226129634780074 0.5361242103162751 0.8366410415793989
vn -0.21912484375372637 0.34746989563019376 0.9117285640368231
vn -0.21912484375372637 0.34746989563019376 0.9117285640368231
vn -0.11226129634780074 0.5361242103162751 0.8366410415793989
vn -0.13676100562872148 0.5145530073070829 0.8464819135756285
vn -0.21912484375372637 0.34746989563019376 0.9117285640368231
vn -0.13676100562872148 0.5145530073070829 0.8464819135756285
vn -0.28459377885317805 0.38416915718233535 0.8783054364558393
vn -0.47189455522236007 0.15139238578211137 0.8685596549913491
vn -0.21912484375372637 0.34746989563019376 0.9117285640368231
vn -0.28459377885317805 0.38416915718233535 0.8783054364558393
vn -0.47189455522236007 0.15139238578211137 0.8685596549913491
vn -0.28459377885317805 0.38416915718233535 0.8783054364558393
vn -0.45468352967005105 0.2115304603283726 0.8651692043756821
vn -0.748286936651228 -0.638954782395688 -0.178335208219802
vn -0.739631937641817 -0.6208346340734181 -0.25982485245860565
vn -0.8944560284041136 -0.44644250326251705 -0.02524885209740458
vn -0.748286936651228 -0.638954782395688 -0.178335208219802
vn -0.8944560284041136 -0.44644250326251705 -0.02524885209740458
vn -0.8984293197072003 -0.4384480528881287 -0.024249998125070105
vn -0.7107929028742618 -0.11068014845272721 0.6946390098188143
vn -0.525838530243117 0.11596648415928572 0.8426420442058968
vn -0.47189455522236007 0.15139238578211137 0.8685596549913491
vn -0.7107929028742618 -0.11068014845272721 0.6946390098188143
vn -0.47189455522236007 0.15139238578211137 0.8685596549913491
vn -0.6379747775876221 -0.004790078768986899 0.7700423613720293
vn -0.6379747775876221 -0.004790078768986899 0.7700423613720293
vn -0.47189455522236007 0.15139238578211137 0.8685596549913491
vn -0.45468352967005105 0.2115304603283726 0.8651692043756821
vn -0.6379747775876221 -0.004790078768986899 0.7700423613720293
vn -0.45468352967005105 0.2115304603283726 0.8651692043756821
vn -0.8457956047279603 0.0784238691974275 0.5277115611420397
vn -0.8984293197072003 -0.4384480528881287 -0.024249998125070105
vn -0.8944560284041136 -0.44644250326251705 -0.02524885209740458
vn -0.8457956047279603 0.0784238691974275 0.5277115611420397
vn -0.8984293197072003 -0.4384480528881287 -0.024249998125070105
vn -0.8457956047279603 0.0784238691974275 0.5277115611420397
vn -0.994889738972607 -0.03246909333284421 0.09560421154510353
vn -0.18084942549123081 0.5634977669103212 0.8060792467162105
vn -0.13842197688519037 0.8599135883643023 0.4913125042797354
vn 0.04975645338700871 0.8777693364327112 0.47649269392596594
vn -0.18084942549123081 0.5634977669103212 0.8060792467162105
vn 0.04975645338700871 0.8777693364327112 0.47649269392596594
vn -0.11226129634780074 0.5361242103162751 0.8366410415793989
vn -0.13842197688519037 0.8599135883643023 0.4913125042797354
vn -0.0894913289704363 0.9893393886078902 0.11488636206300194
vn 0.14279229140500488 0.986089577253203 0.08507471509154295
vn -0.13842197688519037 0.8599135883643023 0.4913125042797354
vn 0.14279229140500488 0.986089577253203 0.08507471509154295
vn 0.04975645338700871 0.8777693364327112 0.47649269392596594
vn 0.04975645338700871 0.8777693364327112 0.47649269392596594
vn 0.14279229140500488 0.986089577253203 0.08507471509154295
vn -0.07929817284589398 0.9888907801087272 0.1257251955626061
vn 0.04975645338700871 0.8777693364327112 0.47649269392596594
vn -0.07929817284589398 0.9888907801087272 0.1257251955626061
vn -0.10779058729155726 0.8352248924876774 0.5392407331241665
vn -0.11226129634780074 0.5361242103162751 0.8366410415793989
vn 0.04975645338700871 0.8777693364327112 0.47649269392596594
vn -0.10779058729155726 0.8352248924876774 0.5392407331241665
vn -0.11226129634780074 0.5361242103162751 0.8366410415793989
vn -0.10779058729155726 0.8352248924876774 0.5392407331241665
vn -0.13676100562872148 0.5145530073070829 0.8464819135756285
vn -0.6487794827828074 0.7595540146969517 -0.04650678958835674
vn -0.5846532541599171 0.726373464812674 -0.3613338650282458
vn -0.3911048851137631 0.7927806177182654 -0.4674781930854056
vn -0.6487794827828074 0.7595540146969517 -0.04650678958835674
vn -0.3911048851137631 0.7927806177182654 -0.4674781930854056
vn -0.4499230879371678 0.8834932970391588 -0.13041782480918834
vn -0.5846532541599171 0.726373464812674 -0.3613338650282458
vn -0.41789215356336873 0.568477727594414 -0.7086601591872237
vn -0.30636720979668153 0.5732597317169263 -0.7599423746266777
vn -0.5846532541599171 0.726373464812674 -0.3613338650282458
vn -0.30636720979668153 0.5732597317169263 -0.7599423746266777
vn -0.3911048851137631 0.7927806177182654 -0.4674781930854056
vn -0.3911048851137631 0.7927806177182654 -0.4674781930854056
vn -0.30636720979668153 0.5732597317169263 -0.7599423746266777
vn -0.1808469992957328 0.5635082875327759 -0.806072436402342
vn -0.3911048851137631 0.7927806177182654 -0.4674781930854056
vn -0.1808469992957328 0.5635082875327759 -0.806072436402342
vn -0.1384261805746524 0.8599138832770242 -0.4913108037474263
vn -0.4499230879371678 0.8834932970391588 -0.13041782480918834
vn -0.3911048851137631 0.7927806177182654 -0.4674781930854056
vn -0.1384261805746524 0.8599138832770242 -0.4913108037474263
vn -0.4499230879371678 0.8834932970391588 -0.13041782480918834
vn -0.1384261805746524 0.8599138832770242 -0.4913108037474263
vn -0.08949776561352205 0.989336429826551 -0.11490682559465612
vn -0.41789215356336873 0.568477727594414 -0.7086601591872237
vn -0.3819465736997284 0.4746488077491676 -0.792985071827542
vn -0.3193995333465325 0.42831553748614526 -0.8452986090405993
vn -0.41789215356336873 0.568477727594414 -0.7086601591872237
vn -0.3193995333465325 0.42831553748614526 -0.8452986090405993
vn -0.30636720979668153 0.5732597317169263 -0.7599423746266777
vn -0.3819465736997284 0.4746488077491676 -0.792985071827542
vn -0.6092640258154365 0.440279059610187 -0.6595086781202629
vn -0.5942444128372906 0.24718477505613676 -0.7653582591127577
vn -0.3819465736997284 0.4746488077491676 -0.792985071827542
vn -0.5942444128372906 0.24718477505613676 -0.7653582591127577
vn -0.3193995333465325 0.42831553748614526 -0.8452986090405993
vn -0.3193995333465325 0.42831553748614526 -0.8452986090405993
vn -0.5942444128372906 0.24718477505613676 -0.7653582591127577
vn -0.5258398565292128 0.11596353411844251 -0.8426416225419306
vn -0.3193995333465325 0.42831553748614526 -0.8452986090405993
vn -0.5258398565292128 0.11596353411844251 -0.8426416225419306
vn -0.25252770683839043 0.37518561077521895 -0.8918887345101798
vn -0.30636720979668153 0.5732597317169263 -0.7599423746266777
vn -0.3193995333465325 0.42831553748614526 -0.8452986090405993
vn -0.25252770683839043 0.37518561077521895 -0.8918887345101798
vn -0.30636720979668153 0.5732597317169263 -0.7599423746266777
vn -0.25252770683839043 0.37518561077521895 -0.8918887345101798
vn -0.1808469992957328 0.5635082875327759 -0.806072436402342
vn -0.6487794629938809 0.7595542526215825 0.04650317969602585
vn -0.6497486234592494 0.7601491474068006 0.000003086163540640738
vn -0.45345891309354547 0.8912771814289904 -1.209419632537036e-7
vn -0.6487794629938809 0.7595542526215825 0.04650317969602585
vn -0.45345891309354547 0.8912771814289904 -1.209419632537036e-7
vn -0.44992112331098477 0.8834956016296339 0.13040899010295587
vn -0.6497486234592494 0.7601491474068006 0.000003086163540640738
vn -0.6487794827828074 0.7595540146969517 -0.04650678958835674
vn -0.4499230879371678 0.8834932970391588 -0.13041782480918834
vn -0.6497486234592494 0.7601491474068006 0.000003086163540640738
vn -0.4499230879371678 0.8834932970391588 -0.13041782480918834
vn -0.45345891309354547 0.8912771814289904 -1.209419632537036e-7
vn -0.45345891309354547 0.8912771814289904 -1.209419632537036e-7
vn -0.4499230879371678 0.8834932970391588 -0.13041782480918834
vn -0.08949776561352205 0.989336429826551 -0.11490682559465612
vn -0.45345891309354547 0.8912771814289904 -1.209419632537036e-7
vn -0.08949776561352205 0.989336429826551 -0.11490682559465612
vn -0.08364805984858818 0.9964953597735715 -0.00000577124579044743
vn -0.44992112331098477 0.8834956016296339 0.13040899010295587
vn -0.45345891309354547 0.8912771814289904 -1.209419632537036e-7
vn -0.08364805984858818 0.9964953597735715 -0.00000577124579044743
vn -0.44992112331098477 0.8834956016296339 0.13040899010295587
vn -0.08364805984858818 0.9964953597735715 -0.00000577124579044743
vn -0.0894913289704363 0.9893393886078902 0.11488636206300194
vn -0.9333415302007574 0.3050385965923236 0.1892750448196868
vn -0.9486983528421022 0.3161825980576424 4.485941254344956e-7
vn -0.9916576980042907 0.12889922414374952 0.0000019926551050837716
vn -0.9333415302007574 0.3050385965923236 0.1892750448196868
vn -0.9916576980042907 0.12889922414374952 0.0000019926551050837716
vn -0.9068748579703311 -0.31735185916764824 0.2772468024416675
vn -0.9486983528421022 0.3161825980576424 4.485941254344956e-7
vn -0.93334115978352 0.3050404683800176 -0.18927385478309847
vn -0.9068768881179842 -0.31734604300944674 -0.27724681924900013
vn -0.9486983528421022 0.3161825980576424 4.485941254344956e-7
vn -0.9068768881179842 -0.31734604300944674 -0.27724681924900013
vn -0.9916576980042907 0.12889922414374952 0.0000019926551050837716
vn -0.6959375059557785 -0.7181023518938245 0.000002934048284394172
vn -0.9068768881179842 -0.31734604300944674 -0.27724681924900013
vn -0.748286936651228 -0.638954782395688 -0.178335208219802
vn -0.6959375059557785 -0.7181023518938245 0.000002934048284394172
vn -0.748286936651228 -0.638954782395688 -0.178335208219802
vn -0.7464327114860986 -0.6654608983180724 0.000005763213801875767
vn -0.9068748579703311 -0.31735185916764824 0.2772468024416675
vn -0.6959375059557785 -0.7181023518938245 0.000002934048284394172
vn -0.7464327114860986 -0.6654608983180724 0.000005763213801875767
vn -0.9068748579703311 -0.31735185916764824 0.2772468024416675
vn -0.7464327114860986 -0.6654608983180724 0.000005763213801875767
vn -0.7482848054115597 -0.6389577867159404 0.17833338662530673
vn -0.6092640258154365 0.440279059610187 -0.6595086781202629
vn -0.8966338938731118 0.42088488948133324 -0.13749025479730187
vn -0.8295522949483245 0.08230139647437171 -0.5523309425374759
vn -0.6092640258154365 0.440279059610187 -0.6595086781202629
vn -0.8295522949483245 0.08230139647437171 -0.5523309425374759
vn -0.5942444128372906 0.24718477505613676 -0.7653582591127577
vn -0.8966338938731118 0.42088488948133324 -0.13749025479730187
vn -0.9333415302007574 0.3050385965923236 0.1892750448196868
vn -0.9068748579703311 -0.31735185916764824 0.2772468024416675
vn -0.8966338938731118 0.42088488948133324 -0.13749025479730187
vn -0.9068748579703311 -0.31735185916764824 0.2772468024416675
vn -0.8998659751215129 -0.21135094599247448 0.38153899466069635
vn -0.8998659751215129 -0.21135094599247448 0.38153899466069635
vn -0.9068748579703311 -0.31735185916764824 0.2772468024416675
vn -0.7482848054115597 -0.6389577867159404 0.17833338662530673
vn -0.8998659751215129 -0.21135094599247448 0.38153899466069635
vn -0.7482848054115597 -0.6389577867159404 0.17833338662530673
vn -0.739639274236207 -0.6208346282455602 0.25980398068261706
vn -0.5942444128372906 0.24718477505613676 -0.7653582591127577
vn -0.8295522949483245 0.08230139647437171 -0.5523309425374759
vn -0.7107923774031641 -0.11068064974729512 -0.6946394676356032
vn -0.5942444128372906 0.24718477505613676 -0.7653582591127577
vn -0.7107923774031641 -0.11068064974729512 -0.6946394676356032
vn -0.5258398565292128 0.11596353411844251 -0.8426416225419306
vn -0.994889738972607 -0.03246909333284421 0.09560421154510353
vn -0.8457956047279603 0.0784238691974275 0.5277115611420397
vn -0.5952149385367722 0.58279825333121 0.5532317532976188
vn -0.994889738972607 -0.03246909333284421 0.09560421154510353
vn -0.5952149385367722 0.58279825333121 0.5532317532976188
vn -0.9753817226340098 0.18879449873755486 0.11396110037178049
vn -0.8457956047279603 0.0784238691974275 0.5277115611420397
vn -0.45468352967005105 0.2115304603283726 0.8651692043756821
vn -0.28459377885317805 0.38416915718233535 0.8783054364558393
vn -0.8457956047279603 0.0784238691974275 0.5277115611420397
vn -0.28459377885317805 0.38416915718233535 0.8783054364558393
vn -0.5952149385367722 0.58279825333121 0.5532317532976188
vn -0.5952149385367722 0.58279825333121 0.5532317532976188
vn -0.28459377885317805 0.38416915718233535 0.8783054364558393
vn -0.13676100562872148 0.5145530073070829 0.8464819135756285
vn -0.5952149385367722 0.58279825333121 0.5532317532976188
vn -0.13676100562872148 0.5145530073070829 0.8464819135756285
vn -0.10779058729155726 0.8352248924876774 0.5392407331241665
vn -0.26322239281713644 0.95467994481192 0.13892506934866164
vn -0.5952149385367722 0.58279825333121 0.5532317532976188
vn -0.10779058729155726 0.8352248924876774 0.5392407331241665
vn -0.26322239281713644 0.95467994481192 0.13892506934866164
vn -0.10779058729155726 0.8352248924876774 0.5392407331241665
vn -0.07929817284589398 0.9888907801087272 0.1257251955626061
vn -0.4546798205771329 0.2115331868434464 -0.8651704870277315
vn -0.8457963879475092 0.07841123354315671 -0.5277121834761702
vn -0.5952240842123894 0.5827981898931073 -0.5532219802491946
vn -0.4546798205771329 0.2115331868434464 -0.8651704870277315
vn -0.5952240842123894 0.5827981898931073 -0.5532219802491946
vn -0.2845998010250699 0.38416499009834054 -0.8783053077599113
vn -0.8457963879475092 0.07841123354315671 -0.5277121834761702
vn -0.9948894250196922 -0.0324612134381294 -0.09561015430439511
vn -0.9753801149292092 0.18879987754887345 -0.11396594946830775
vn -0.8457963879475092 0.07841123354315671 -0.5277121834761702
vn -0.9753801149292092 0.18879987754887345 -0.11396594946830775
vn -0.5952240842123894 0.5827981898931073 -0.5532219802491946
vn -0.5952240842123894 0.5827981898931073 -0.5532219802491946
vn -0.2632337190186077 0.9546802102907446 -0.13890178274900764
vn -0.07930231401834979 0.9888919811864592 -0.125713135894602
vn -0.5952240842123894 0.5827981898931073 -0.5532219802491946
vn -0.07930231401834979 0.9888919811864592 -0.125713135894602
vn -0.10778767298014007 0.8352388650971523 -0.5392196730320099
vn -0.2845998010250699 0.38416499009834054 -0.8783053077599113
vn -0.5952240842123894 0.5827981898931073 -0.5532219802491946
vn -0.10778767298014007 0.8352388650971523 -0.5392196730320099
vn -0.2845998010250699 0.38416499009834054 -0.8783053077599113
vn -0.10778767298014007 0.8352388650971523 -0.5392196730320099
vn -0.13676732487113935 0.51455510875144 -0.8464796151741554
vn -0.9948894250196922 -0.0324612134381294 -0.09561015430439511
vn -0.9981788810035255 -0.06032347402586919 9.558961905914536e-9
vn -0.9858262018759435 0.16776978182870372 -2.277614224472837e-8
vn -0.9948894250196922 -0.0324612134381294 -0.09561015430439511
vn -0.9858262018759435 0.16776978182870372 -2.277614224472837e-8
vn -0.9753801149292092 0.18879987754887345 -0.11396594946830775
vn -0.9981788810035255 -0.06032347402586919 9.558961905914536e-9
vn -0.994889738972607 -0.03246909333284421 0.09560421154510353
vn -0.9753817226340098 0.18879449873755486 0.11396110037178049
vn -0.9981788810035255 -0.06032347402586919 9.558961905914536e-9
vn -0.9753817226340098 0.18879449873755486 0.11396110037178049
vn -0.9858262018759435 0.16776978182870372 -2.277614224472837e-8
vn -0.25681518780754803 0.9664605316883608 -1.5762381693233039e-7
vn -0.26322239281713644 0.95467994481192 0.13892506934866164
vn -0.07929817284589398 0.9888907801087272 0.1257251955626061
vn -0.25681518780754803 0.9664605316883608 -1.5762381693233039e-7
vn -0.07929817284589398 0.9888907801087272 0.1257251955626061
vn -0.06259402447275143 0.9980390713842384 -0.000009528472666164676
vn -0.2632337190186077 0.9546802102907446 -0.13890178274900764
vn -0.25681518780754803 0.9664605316883608 -1.5762381693233039e-7
vn -0.06259402447275143 0.9980390713842384 -0.000009528472666164676
vn -0.2632337190186077 0.9546802102907446 -0.13890178274900764
vn -0.06259402447275143 0.9980390713842384 -0.000009528472666164676
vn -0.07930231401834979 0.9888919811864592 -0.125713135894602
vn -0.5258398565292128 0.11596353411844251 -0.8426416225419306
vn -0.7107923774031641 -0.11068064974729512 -0.6946394676356032
vn -0.6379685851940955 -0.004789719963960474 -0.770047493917168
vn -0.5258398565292128 0.11596353411844251 -0.8426416225419306
vn -0.6379685851940955 -0.004789719963960474 -0.770047493917168
vn -0.4718901281830291 0.15139244517963935 -0.8685620498651403
vn -0.739639274236207 -0.6208346282455602 0.25980398068261706
vn -0.7482848054115597 -0.6389577867159404 0.17833338662530673
vn -0.8984284304623755 -0.43844986666801117 0.024250149601919537
vn -0.739639274236207 -0.6208346282455602 0.25980398068261706
vn -0.8984284304623755 -0.43844986666801117 0.024250149601919537
vn -0.8944574210753999 -0.4464408086109306 0.025229472645363103
vn -0.8944574210753999 -0.4464408086109306 0.025229472645363103
vn -0.8984284304623755 -0.43844986666801117 0.024250149601919537
vn -0.9948894250196922 -0.0324612134381294 -0.09561015430439511
vn -0.8944574210753999 -0.4464408086109306 0.025229472645363103
vn -0.9948894250196922 -0.0324612134381294 -0.09561015430439511
vn -0.8457963879475092 0.07841123354315671 -0.5277121834761702
vn -0.4718901281830291 0.15139244517963935 -0.8685620498651403
vn -0.6379685851940955 -0.004789719963960474 -0.770047493917168
vn -0.8457963879475092 0.07841123354315671 -0.5277121834761702
vn -0.4718901281830291 0.15139244517963935 -0.8685620498651403
vn -0.8457963879475092 0.07841123354315671 -0.5277121834761702
vn -0.4546798205771329 0.2115331868434464 -0.8651704870277315
vn -0.0894913289704363 0.9893393886078902 0.11488636206300194
vn -0.08364805984858818 0.9964953597735715 -0.00000577124579044743
vn 0.1526783049531784 0.9882759407054297 -0.000014812910259833707
vn -0.0894913289704363 0.9893393886078902 0.11488636206300194
vn 0.1526783049531784 0.9882759407054297 -0.000014812910259833707
vn 0.14279229140500488 0.986089577253203 0.08507471509154295
vn -0.08364805984858818 0.9964953597735715 -0.00000577124579044743
vn -0.08949776561352205 0.989336429826551 -0.11490682559465612
vn 0.14279335101114973 0.9860885523250233 -0.08508481580485638
vn -0.08364805984858818 0.9964953597735715 -0.00000577124579044743
vn 0.14279335101114973 0.9860885523250233 -0.08508481580485638
vn 0.1526783049531784 0.9882759407054297 -0.000014812910259833707
vn 0.1526783049531784 0.9882759407054297 -0.000014812910259833707
vn 0.14279335101114973 0.9860885523250233 -0.08508481580485638
vn -0.07930231401834979 0.9888919811864592 -0.125713135894602
vn 0.1526783049531784 0.9882759407054297 -0.000014812910259833707
vn -0.07930231401834979 0.9888919811864592 -0.125713135894602
vn -0.06259402447275143 0.9980390713842384 -0.000009528472666164676
vn 0.14279229140500488 0.986089577253203 0.08507471509154295
vn 0.1526783049531784 0.9882759407054297 -0.000014812910259833707
vn -0.06259402447275143 0.9980390713842384 -0.000009528472666164676
vn 0.14279229140500488 0.986089577253203 0.08507471509154295
vn -0.06259402447275143 0.9980390713842384 -0.000009528472666164676
vn -0.07929817284589398 0.9888907801087272 0.1257251955626061
vn -0.7482848054115597 -0.6389577867159404 0.17833338662530673
vn -0.7464327114860986 -0.6654608983180724 0.000005763213801875767
vn -0.8910118843015972 -0.453979979749461 0.000004471740505394444
vn -0.7482848054115597 -0.6389577867159404 0.17833338662530673
vn -0.8910118843015972 -0.453979979749461 0.000004471740505394444
vn -0.8984284304623755 -0.43844986666801117 0.024250149601919537
vn -0.7464327114860986 -0.6654608983180724 0.000005763213801875767
vn -0.748286936651228 -0.638954782395688 -0.178335208219802
vn -0.8984293197072003 -0.4384480528881287 -0.024249998125070105
vn -0.7464327114860986 -0.6654608983180724 0.000005763213801875767
vn -0.8984293197072003 -0.4384480528881287 -0.024249998125070105
vn -0.8910118843015972 -0.453979979749461 0.000004471740505394444
vn -0.8910118843015972 -0.453979979749461 0.000004471740505394444
vn -0.8984293197072003 -0.4384480528881287 -0.024249998125070105
vn -0.994889738972607 -0.03246909333284421 0.09560421154510353
vn -0.8910118843015972 -0.453979979749461 0.000004471740505394444
vn -0.994889738972607 -0.03246909333284421 0.09560421154510353
vn -0.9981788810035255 -0.06032347402586919 9.558961905914536e-9
vn -0.8984284304623755 -0.43844986666801117 0.024250149601919537
vn -0.8910118843015972 -0.453979979749461 0.000004471740505394444
vn -0.9981788810035255 -0.06032347402586919 9.558961905914536e-9
vn -0.8984284304623755 -0.43844986666801117 0.024250149601919537
vn -0.9981788810035255 -0.06032347402586919 9.558961905914536e-9
vn -0.9948894250196922 -0.0324612134381294 -0.09561015430439511
vn -0.1808469992957328 0.5635082875327759 -0.806072436402342
vn -0.25252770683839043 0.37518561077521895 -0.8918887345101798
vn -0.2191285767213503 0.3474698714230684 -0.9117276760729114
vn -0.1808469992957328 0.5635082875327759 -0.806072436402342
vn -0.2191285767213503 0.3474698714230684 -0.9117276760729114
vn -0.11225786509056289 0.5361352673002565 -0.836634416505914
vn -0.25252770683839043 0.37518561077521895 -0.8918887345101798
vn -0.5258398565292128 0.11596353411844251 -0.8426416225419306
vn -0.4718901281830291 0.15139244517963935 -0.8685620498651403
vn -0.25252770683839043 0.37518561077521895 -0.8918887345101798
vn -0.4718901281830291 0.15139244517963935 -0.8685620498651403
vn -0.2191285767213503 0.3474698714230684 -0.9117276760729114
vn -0.2191285767213503 0.3474698714230684 -0.9117276760729114
vn -0.4718901281830291 0.15139244517963935 -0.8685620498651403
vn -0.4546798205771329 0.2115331868434464 -0.8651704870277315
vn -0.2191285767213503 0.3474698714230684 -0.9117276760729114
vn -0.4546798205771329 0.2115331868434464 -0.8651704870277315
vn -0.2845998010250699 0.38416499009834054 -0.8783053077599113
vn -0.11225786509056289 0.5361352673002565 -0.836634416505914
vn -0.2191285767213503 0.3474698714230684 -0.9117276760729114
vn -0.2845998010250699 0.38416499009834054 -0.8783053077599113
vn -0.11225786509056289 0.5361352673002565 -0.836634416505914
vn -0.2845998010250699 0.38416499009834054 -0.8783053077599113
vn -0.13676732487113935 0.51455510875144 -0.8464796151741554
vn -0.08949776561352205 0.989336429826551 -0.11490682559465612
vn -0.1384261805746524 0.8599138832770242 -0.4913108037474263
vn 0.04976296337875709 0.8777765138491407 -0.47647879198408594
vn -0.08949776561352205 0.989336429826551 -0.11490682559465612
vn 0.04976296337875709 0.8777765138491407 -0.47647879198408594
vn 0.14279335101114973 0.9860885523250233 -0.08508481580485638
vn -0.1384261805746524 0.8599138832770242 -0.4913108037474263
vn -0.1808469992957328 0.5635082875327759 -0.806072436402342
vn -0.11225786509056289 0.5361352673002565 -0.836634416505914
vn -0.1384261805746524 0.8599138832770242 -0.4913108037474263
vn -0.11225786509056289 0.5361352673002565 -0.836634416505914
vn 0.04976296337875709 0.8777765138491407 -0.47647879198408594
vn 0.04976296337875709 0.8777765138491407 -0.47647879198408594
vn -0.11225786509056289 0.5361352673002565 -0.836634416505914
vn -0.13676732487113935 0.51455510875144 -0.8464796151741554
vn 0.04976296337875709 0.8777765138491407 -0.47647879198408594
vn -0.13676732487113935 0.51455510875144 -0.8464796151741554
vn -0.10778767298014007 0.8352388650971523 -0.5392196730320099
vn 0.14279335101114973 0.9860885523250233 -0.08508481580485638
vn 0.04976296337875709 0.8777765138491407 -0.47647879198408594
vn -0.10778767298014007 0.8352388650971523 -0.5392196730320099
vn 0.14279335101114973 0.9860885523250233 -0.08508481580485638
vn -0.10778767298014007 0.8352388650971523 -0.5392196730320099
vn -0.07930231401834979 0.9888919811864592 -0.125713135894602
vn 0.48878576044079175 0.6241876752502699 0.6094901364714451
vn 0.3495238068584315 -0.037070093354814516 0.9361938456419456
vn 0.30407022688473606 -0.06574028691929455 0.9503786149730191
vn 0.48878576044079175 0.6241876752502699 0.6094901364714451
vn 0.30407022688473606 -0.06574028691929455 0.9503786149730191
vn 0.4954306735693562 0.5989935201144784 0.6290907808476294
vn 0.3495238068584315 -0.037070093354814516 0.9361938456419456
vn 0.2292949761597164 -0.40734389196787174 0.8840219270947876
vn 0.0666568653108451 -0.7573438880218529 0.6496053398663493
vn 0.3495238068584315 -0.037070093354814516 0.9361938456419456
vn 0.0666568653108451 -0.7573438880218529 0.6496053398663493
vn 0.30407022688473606 -0.06574028691929455 0.9503786149730191
vn 0.30407022688473606 -0.06574028691929455 0.9503786149730191
vn 0.0666568653108451 -0.7573438880218529 0.6496053398663493
vn 0.043653528162758436 -0.7561644720553188 0.652923931771722
vn 0.30407022688473606 -0.06574028691929455 0.9503786149730191
vn 0.043653528162758436 -0.7561644720553188 0.652923931771722
vn 0.3190522332874485 -0.08358800262543549 0.9440438116164851
vn 0.4954306735693562 0.5989935201144784 0.6290907808476294
vn 0.30407022688473606 -0.06574028691929455 0.9503786149730191
vn 0.3190522332874485 -0.08358800262543549 0.9440438116164851
vn 0.4954306735693562 0.5989935201144784 0.6290907808476294
vn 0.3190522332874485 -0.08358800262543549 0.9440438116164851
vn 0.5506630178234952 0.5555529660719987 0.6230017196526231
vn 0.876390528264969 -0.3368665303884246 -0.34418103182992704
vn 0.8253348315671212 0.13799028407449473 -0.5475226911307988
vn 0.5433672467789492 0.0382036146873876 -0.8386253746177026
vn 0.876390528264969 -0.3368665303884246 -0.34418103182992704
vn 0.5433672467789492 0.0382036146873876 -0.8386253746177026
vn 0.4624894941578517 -0.6535256039468548 -0.5991725567643376
vn 0.8253348315671212 0.13799028407449473 -0.5475226911307988
vn 0.7806602144470224 0.555038076637916 -0.2872322458597085
vn 0.5889923697450805 0.6148484581497886 -0.5244514866914782
vn 0.8253348315671212 0.13799028407449473 -0.5475226911307988
vn 0.5889923697450805 0.6148484581497886 -0.5244514866914782
vn 0.5433672467789492 0.0382036146873876 -0.8386253746177026
vn 0.5433672467789492 0.0382036146873876 -0.8386253746177026
vn 0.5889923697450805 0.6148484581497886 -0.5244514866914782
vn 0.4887860137821046 0.6241874113167453 -0.6094902036002716
vn 0.5433672467789492 0.0382036146873876 -0.8386253746177026
vn 0.4887860137821046 0.6241874113167453 -0.6094902036002716
vn 0.3495241048744739 -0.03707054609159357 -0.9361937164519794
vn 0.4624894941578517 -0.6535256039468548 -0.5991725567643376
vn 0.5433672467789492 0.0382036146873876 -0.8386253746177026
vn 0.3495241048744739 -0.03707054609159357 -0.9361937164519794
vn 0.4624894941578517 -0.6535256039468548 -0.5991725567643376
vn 0.3495241048744739 -0.03707054609159357 -0.9361937164519794
vn 0.22929521969230118 -0.40734407900063674 -0.8840217777461042
vn 0.7806602144470224 0.555038076637916 -0.2872322458597085
vn 0.7106482363837328 0.703547499551153 1.0359845227622278e-7
vn 0.5758686359328018 0.8175422399783958 -3.718599894189156e-8
vn 0.7806602144470224 0.555038076637916 -0.2872322458597085
vn 0.5758686359328018 0.8175422399783958 -3.718599894189156e-8
vn 0.5889923697450805 0.6148484581497886 -0.5244514866914782
vn 0.7106482363837328 0.703547499551153 1.0359845227622278e-7
vn 0.7806602902836323 0.5550381057583187 0.28723198347414697
vn 0.5889921786872865 0.6148489439256785 0.5244511317546006
vn 0.7106482363837328 0.703547499551153 1.0359845227622278e-7
vn 0.5889921786872865 0.6148489439256785 0.5244511317546006
vn 0.5758686359328018 0.8175422399783958 -3.718599894189156e-8
vn 0.5758686359328018 0.8175422399783958 -3.718599894189156e-8
vn 0.5889921786872865 0.6148489439256785 0.5244511317546006
vn 0.48878576044079175 0.6241876752502699 0.6094901364714451
vn 0.5758686359328018 0.8175422399783958 -3.718599894189156e-8
vn 0.48878576044079175 0.6241876752502699 0.6094901364714451
vn 0.5156997308134643 0.8567693899987949 -1.1511455950669492e-7
vn 0.5889923697450805 0.6148484581497886 -0.5244514866914782
vn 0.5758686359328018 0.8175422399783958 -3.718599894189156e-8
vn 0.5156997308134643 0.8567693899987949 -1.1511455950669492e-7
vn 0.5889923697450805 0.6148484581497886 -0.5244514866914782
vn 0.5156997308134643 0.8567693899987949 -1.1511455950669492e-7
vn 0.4887860137821046 0.6241874113167453 -0.6094902036002716
vn 0.87639051946653 -0.3368664643212546 0.3441811188965519
vn 0.7941304710080008 -0.6077473118135043 2.6441551502357734e-7
vn 0.3536861789509893 -0.9353641466396568 3.395978800505885e-7
vn 0.87639051946653 -0.3368664643212546 0.3441811188965519
vn 0.3536861789509893 -0.9353641466396568 3.395978800505885e-7
vn 0.4624893220556946 -0.653525392818014 0.5991729198875099
vn 0.7941304710080008 -0.6077473118135043 2.6441551502357734e-7
vn 0.876390528264969 -0.3368665303884246 -0.34418103182992704
vn 0.4624894941578517 -0.6535256039468548 -0.5991725567643376
vn 0.7941304710080008 -0.6077473118135043 2.6441551502357734e-7
vn 0.4624894941578517 -0.6535256039468548 -0.5991725567643376
vn 0.3536861789509893 -0.9353641466396568 3.395978800505885e-7
vn 0.3536861789509893 -0.9353641466396568 3.395978800505885e-7
vn 0.4624894941578517 -0.6535256039468548 -0.5991725567643376
vn 0.04479205401619877 -0.9552586357505479 -0.29236041236975285
vn 0.3536861789509893 -0.9353641466396568 3.395978800505885e-7
vn 0.04479205401619877 -0.9552586357505479 -0.29236041236975285
vn 0.03995731591131073 -0.9992013875616356 2.570690677037122e-7
vn 0.4624893220556946 -0.653525392818014 0.5991729198875099
vn 0.3536861789509893 -0.9353641466396568 3.395978800505885e-7
vn 0.03995731591131073 -0.9992013875616356 2.570690677037122e-7
vn 0.4624893220556946 -0.653525392818014 0.5991729198875099
vn 0.03995731591131073 -0.9992013875616356 2.570690677037122e-7
vn 0.04479245341076797 -0.9552584547951205 0.2923609424322669
vn 0.04365363881549453 -0.7561644495360985 -0.6529239504536004
vn 0.3190519779936131 -0.08358812558304095 -0.9440438870094318
vn 0.4166355976543254 -0.12855168141421994 -0.8999384667702566
vn 0.04365363881549453 -0.7561644495360985 -0.6529239504536004
vn 0.4166355976543254 -0.12855168141421994 -0.8999384667702566
vn 0.2508753792386985 -0.4449379779813252 -0.8597044491229117
vn 0.3190519779936131 -0.08358812558304095 -0.9440438870094318
vn 0.5506629834580251 0.5555524664957543 -0.6230021955174719
vn 0.664768211977355 0.4623667216872584 -0.5867710277617731
vn 0.3190519779936131 -0.08358812558304095 -0.9440438870094318
vn 0.664768211977355 0.4623667216872584 -0.5867710277617731
vn 0.4166355976543254 -0.12855168141421994 -0.8999384667702566
vn 0.4166355976543254 -0.12855168141421994 -0.8999384667702566
vn 0.664768211977355 0.4623667216872584 -0.5867710277617731
vn 0.8315814866842252 0.27498061323916456 -0.4825535134538623
vn 0.4166355976543254 -0.12855168141421994 -0.8999384667702566
vn 0.8315814866842252 0.27498061323916456 -0.4825535134538623
vn 0.7352031398773942 -0.26382774213034493 -0.6243967213213287
vn 0.2508753792386985 -0.4449379779813252 -0.8597044491229117
vn 0.4166355976543254 -0.12855168141421994 -0.8999384667702566
vn 0.7352031398773942 -0.26382774213034493 -0.6243967213213287
vn 0.2508753792386985 -0.4449379779813252 -0.8597044491229117
vn 0.7352031398773942 -0.26382774213034493 -0.6243967213213287
vn 0.37407533302343243 -0.7669973327767606 -0.5213278591603782
vn 0.04479245341076797 -0.9552584547951205 0.2923609424322669
vn 0.03995731591131073 -0.9992013875616356 2.570690677037122e-7
vn -0.04721627650977872 -0.9988846896576713 2.2320386274561655e-7
vn 0.04479245341076797 -0.9552584547951205 0.2923609424322669
vn -0.04721627650977872 -0.9988846896576713 2.2320386274561655e-7
vn 0.0666568653108451 -0.7573438880218529 0.6496053398663493
vn 0.03995731591131073 -0.9992013875616356 2.570690677037122e-7
vn 0.04479205401619877 -0.9552586357505479 -0.29236041236975285
vn 0.06665712975906744 -0.7573440197179232 -0.649605159192706
vn 0.03995731591131073 -0.9992013875616356 2.570690677037122e-7
vn 0.06665712975906744 -0.7573440197179232 -0.649605159192706
vn -0.04721627650977872 -0.9988846896576713 2.2320386274561655e-7
vn -0.04721627650977872 -0.9988846896576713 2.2320386274561655e-7
vn 0.06665712975906744 -0.7573440197179232 -0.649605159192706
vn 0.04365363881549453 -0.7561644495360985 -0.6529239504536004
vn -0.04721627650977872 -0.9988846896576713 2.2320386274561655e-7
vn 0.04365363881549453 -0.7561644495360985 -0.6529239504536004
vn -0.0853333612096664 -0.996352456445329 -1.3873554963906548e-7
vn 0.0666568653108451 -0.7573438880218529 0.6496053398663493
vn -0.04721627650977872 -0.9988846896576713 2.2320386274561655e-7
vn -0.0853333612096664 -0.996352456445329 -1.3873554963906548e-7
vn 0.0666568653108451 -0.7573438880218529 0.6496053398663493
vn -0.0853333612096664 -0.996352456445329 -1.3873554963906548e-7
vn 0.043653528162758436 -0.7561644720553188 0.652923931771722
vn 0.22929521969230118 -0.40734407900063674 -0.8840217777461042
vn 0.3495241048744739 -0.03707054609159357 -0.9361937164519794
vn 0.30407049050961404 -0.06574039229758331 -0.9503785233378345
vn 0.22929521969230118 -0.40734407900063674 -0.8840217777461042
vn 0.30407049050961404 -0.06574039229758331 -0.9503785233378345
vn 0.06665712975906744 -0.7573440197179232 -0.649605159192706
vn 0.3495241048744739 -0.03707054609159357 -0.9361937164519794
vn 0.4887860137821046 0.6241874113167453 -0.6094902036002716
vn 0.49543054824365074 0.598993462880938 -0.6290909340412544
vn 0.3495241048744739 -0.03707054609159357 -0.9361937164519794
vn 0.49543054824365074 0.598993462880938 -0.6290909340412544
vn 0.30407049050961404 -0.06574039229758331 -0.9503785233378345
vn 0.30407049050961404 -0.06574039229758331 -0.9503785233378345
vn 0.49543054824365074 0.598993462880938 -0.6290909340412544
vn 0.5506629834580251 0.5555524664957543 -0.6230021955174719
vn 0.30407049050961404 -0.06574039229758331 -0.9503785233378345
vn 0.5506629834580251 0.5555524664957543 -0.6230021955174719
vn 0.3190519779936131 -0.08358812558304095 -0.9440438870094318
vn 0.06665712975906744 -0.7573440197179232 -0.649605159192706
vn 0.30407049050961404 -0.06574039229758331 -0.9503785233378345
vn 0.3190519779936131 -0.08358812558304095 -0.9440438870094318
vn 0.06665712975906744 -0.7573440197179232 -0.649605159192706
vn 0.3190519779936131 -0.08358812558304095 -0.9440438870094318
vn 0.04365363881549453 -0.7561644495360985 -0.6529239504536004
vn 0.4887860137821046 0.6241874113167453 -0.6094902036002716
vn 0.5156997308134643 0.8567693899987949 -1.1511455950669492e-7
vn 0.545154505366473 0.8383355922770874 -2.477696743642283e-7
vn 0.4887860137821046 0.6241874113167453 -0.6094902036002716
vn 0.545154505366473 0.8383355922770874 -2.477696743642283e-7
vn 0.49543054824365074 0.598993462880938 -0.6290909340412544
vn 0.5156997308134643 0.8567693899987949 -1.1511455950669492e-7
vn 0.48878576044079175 0.6241876752502699 0.6094901364714451
vn 0.4954306735693562 0.5989935201144784 0.6290907808476294
vn 0.5156997308134643 0.8567693899987949 -1.1511455950669492e-7
vn 0.4954306735693562 0.5989935201144784 0.6290907808476294
vn 0.545154505366473 0.8383355922770874 -2.477696743642283e-7
vn 0.545154505366473 0.8383355922770874 -2.477696743642283e-7
vn 0.4954306735693562 0.5989935201144784 0.6290907808476294
vn 0.5506630178234952 0.5555529660719987 0.6230017196526231
vn 0.545154505366473 0.8383355922770874 -2.477696743642283e-7
vn 0.5506630178234952 0.5555529660719987 0.6230017196526231
vn 0.616575589709449 0.7872957145662723 -1.6611992196406192e-7
vn 0.49543054824365074 0.598993462880938 -0.6290909340412544
vn 0.545154505366473 0.8383355922770874 -2.477696743642283e-7
vn 0.616575589709449 0.7872957145662723 -1.6611992196406192e-7
vn 0.49543054824365074 0.598993462880938 -0.6290909340412544
vn 0.616575589709449 0.7872957145662723 -1.6611992196406192e-7
vn 0.5506629834580251 0.5555524664957543 -0.6230021955174719
vn 0.37407279797349113 -0.766997904143598 0.5213288375446073
vn 0.42608554755972894 -0.9046828760172784 0.0000013533804270243847
vn 0.9347567104309478 -0.35528846351046334 -8.292031720876309e-7
vn 0.37407279797349113 -0.766997904143598 0.5213288375446073
vn 0.9347567104309478 -0.35528846351046334 -8.292031720876309e-7
vn 0.7352046107249682 -0.26382774624354854 0.6243949877127438
vn 0.42608554755972894 -0.9046828760172784 0.0000013533804270243847
vn 0.37407533302343243 -0.7669973327767606 -0.5213278591603782
vn 0.7352031398773942 -0.26382774213034493 -0.6243967213213287
vn 0.42608554755972894 -0.9046828760172784 0.0000013533804270243847
vn 0.7352031398773942 -0.26382774213034493 -0.6243967213213287
vn 0.9347567104309478 -0.35528846351046334 -8.292031720876309e-7
vn 0.9347567104309478 -0.35528846351046334 -8.292031720876309e-7
vn 0.7352031398773942 -0.26382774213034493 -0.6243967213213287
vn 0.8315814866842252 0.27498061323916456 -0.4825535134538623
vn 0.9347567104309478 -0.35528846351046334 -8.292031720876309e-7
vn 0.8315814866842252 0.27498061323916456 -0.4825535134538623
vn 0.9486354780506288 0.3163711898664868 -0.0000024735439965276215
vn 0.7352046107249682 -0.26382774624354854 0.6243949877127438
vn 0.9347567104309478 -0.35528846351046334 -8.292031720876309e-7
vn 0.9486354780506288 0.3163711898664868 -0.0000024735439965276215
vn 0.7352046107249682 -0.26382774624354854 0.6243949877127438
vn 0.9486354780506288 0.3163711898664868 -0.0000024735439965276215
vn 0.831582485189715 0.274982079128881 0.48255095739585385
vn 0.5506629834580251 0.5555524664957543 -0.6230021955174719
vn 0.616575589709449 0.7872957145662723 -1.6611992196406192e-7
vn 0.7349363331173627 0.6781361119008498 -5.571765699050629e-8
vn 0.5506629834580251 0.5555524664957543 -0.6230021955174719
vn 0.7349363331173627 0.6781361119008498 -5.571765699050629e-8
vn 0.664768211977355 0.4623667216872584 -0.5867710277617731
vn 0.616575589709449 0.7872957145662723 -1.6611992196406192e-7
vn 0.5506630178234952 0.5555529660719987 0.6230017196526231
vn 0.6647673756349791 0.462368159557135 0.586770842253712
vn 0.616575589709449 0.7872957145662723 -1.6611992196406192e-7
vn 0.6647673756349791 0.462368159557135 0.586770842253712
vn 0.7349363331173627 0.6781361119008498 -5.571765699050629e-8
vn 0.7349363331173627 0.6781361119008498 -5.571765699050629e-8
vn 0.6647673756349791 0.462368159557135 0.586770842253712
vn 0.831582485189715 0.274982079128881 0.48255095739585385
vn 0.7349363331173627 0.6781361119008498 -5.571765699050629e-8
vn 0.831582485189715 0.274982079128881 0.48255095739585385
vn 0.9486354780506288 0.3163711898664868 -0.0000024735439965276215
vn 0.664768211977355 0.4623667216872584 -0.5867710277617731
vn 0.7349363331173627 0.6781361119008498 -5.571765699050629e-8
vn 0.9486354780506288 0.3163711898664868 -0.0000024735439965276215
vn 0.664768211977355 0.4623667216872584 -0.5867710277617731
vn 0.9486354780506288 0.3163711898664868 -0.0000024735439965276215
vn 0.8315814866842252 0.27498061323916456 -0.4825535134538623
vn 0.5506630178234952 0.5555529660719987 0.6230017196526231
vn 0.3190522332874485 -0.08358800262543549 0.9440438116164851
vn 0.41663614782172476 -0.1285524031999019 0.899938108960724
vn 0.5506630178234952 0.5555529660719987 0.6230017196526231
vn 0.41663614782172476 -0.1285524031999019 0.899938108960724
vn 0.6647673756349791 0.462368159557135 0.586770842253712
vn 0.3190522332874485 -0.08358800262543549 0.9440438116164851
vn 0.043653528162758436 -0.7561644720553188 0.652923931771722
vn 0.25087543226990855 -0.44494017909581796 0.8597032944624371
vn 0.3190522332874485 -0.08358800262543549 0.9440438116164851
vn 0.25087543226990855 -0.44494017909581796 0.8597032944624371
vn 0.41663614782172476 -0.1285524031999019 0.899938108960724
vn 0.41663614782172476 -0.1285524031999019 0.899938108960724
vn 0.25087543226990855 -0.44494017909581796 0.8597032944624371
vn 0.37407279797349113 -0.766997904143598 0.5213288375446073
vn 0.41663614782172476 -0.1285524031999019 0.899938108960724
vn 0.37407279797349113 -0.766997904143598 0.5213288375446073
vn 0.7352046107249682 -0.26382774624354854 0.6243949877127438
vn 0.6647673756349791 0.462368159557135 0.586770842253712
vn 0.41663614782172476 -0.1285524031999019 0.899938108960724
vn 0.7352046107249682 -0.26382774624354854 0.6243949877127438
vn 0.6647673756349791 0.462368159557135 0.586770842253712
vn 0.7352046107249682 -0.26382774624354854 0.6243949877127438
vn 0.831582485189715 0.274982079128881 0.48255095739585385
vn 0.043653528162758436 -0.7561644720553188 0.652923931771722
vn -0.0853333612096664 -0.996352456445329 -1.3873554963906548e-7
vn -0.0374520546863546 -0.9992984256966297 -8.707804100098225e-8
vn 0.043653528162758436 -0.7561644720553188 0.652923931771722
vn -0.0374520546863546 -0.9992984256966297 -8.707804100098225e-8
vn -0.04461980714492656 -0.9567085464585924 0.2876070756143472
vn -0.0853333612096664 -0.996352456445329 -1.3873554963906548e-7
vn 0.04365363881549453 -0.7561644495360985 -0.6529239504536004
vn -0.04461847921609872 -0.9567085474125885 -0.2876072784547312
vn -0.0853333612096664 -0.996352456445329 -1.3873554963906548e-7
vn -0.04461847921609872 -0.9567085474125885 -0.2876072784547312
vn -0.0374520546863546 -0.9992984256966297 -8.707804100098225e-8
vn -0.0374520546863546 -0.9992984256966297 -8.707804100098225e-8
vn -0.04461847921609872 -0.9567085474125885 -0.2876072784547312
vn 0.37407533302343243 -0.7669973327767606 -0.5213278591603782
vn -0.0374520546863546 -0.9992984256966297 -8.707804100098225e-8
vn 0.37407533302343243 -0.7669973327767606 -0.5213278591603782
vn 0.42608554755972894 -0.9046828760172784 0.0000013533804270243847
vn -0.04461980714492656 -0.9567085464585924 0.2876070756143472
vn -0.0374520546863546 -0.9992984256966297 -8.707804100098225e-8
vn 0.42608554755972894 -0.9046828760172784 0.0000013533804270243847
vn -0.04461980714492656 -0.9567085464585924 0.2876070756143472
vn 0.42608554755972894 -0.9046828760172784 0.0000013533804270243847
vn 0.37407279797349113 -0.766997904143598 0.5213288375446073
vn 0.13767228525667363 -0.35203313248811824 0.9258072237257647
vn -0.09453700203908359 -0.3467484071211513 0.9331818136914192
vn -0.1140791834300798 -0.4822479617430204 0.8685751799945867
vn 0.13767228525667363 -0.35203313248811824 0.9258072237257647
vn -0.1140791834300798 -0.4822479617430204 0.8685751799945867
vn 0.42306792566592666 -0.6682113980853311 0.6119698176720623
vn -0.09453700203908359 -0.3467484071211513 0.9331818136914192
vn -0.5834007771790286 -0.3367770876124445 0.7390701769427482
vn -0.6001380466896358 -0.3885762341877985 0.6991729651094768
vn -0.09453700203908359 -0.3467484071211513 0.9331818136914192
vn -0.6001380466896358 -0.3885762341877985 0.6991729651094768
vn -0.1140791834300798 -0.4822479617430204 0.8685751799945867
vn -0.1140791834300798 -0.4822479617430204 0.8685751799945867
vn -0.6001380466896358 -0.3885762341877985 0.6991729651094768
vn -0.47652628975074784 -0.6944798930379035 0.5390921751819892
vn -0.1140791834300798 -0.4822479617430204 0.8685751799945867
vn -0.47652628975074784 -0.6944798930379035 0.5390921751819892
vn -0.10439409964036828 -0.8199679896176718 0.5628093531229119
vn 0.42306792566592666 -0.6682113980853311 0.6119698176720623
vn -0.1140791834300798 -0.4822479617430204 0.8685751799945867
vn -0.10439409964036828 -0.8199679896176718 0.5628093531229119
vn 0.42306792566592666 -0.6682113980853311 0.6119698176720623
vn -0.10439409964036828 -0.8199679896176718 0.5628093531229119
vn 0.24764503062193186 -0.86064691624152 0.4449256391490879
vn -0.21806465409616416 -0.8739595255996473 0.43433000615610173
vn -0.20368584867044465 -0.9790362991490082 1.2180257413090718e-7
vn -0.5802148604092794 -0.6593837944187536 0.4780833896070509
vn -0.21806465409616416 -0.8739595255996473 0.43433000615610173
vn -0.5802148604092794 -0.6593837944187536 0.4780833896070509
vn -0.4636335450284147 -0.5522653647869245 0.6928541713673593
vn -0.20368584867044465 -0.9790362991490082 1.2180257413090718e-7
vn -0.2180645859559113 -0.8739596678236419 -0.4343297541839224
vn -0.46363344006730833 -0.5522656871503638 -0.6928539846516651
vn -0.20368584867044465 -0.9790362991490082 1.2180257413090718e-7
vn -0.46363344006730833 -0.5522656871503638 -0.6928539846516651
vn -0.5802147337272107 -0.6593839740004426 -0.4780832956684909
vn -0.5802147337272107 -0.6593839740004426 -0.4780832956684909
vn -0.46363344006730833 -0.5522656871503638 -0.6928539846516651
vn -0.5834007947453572 -0.3367772069471552 -0.7390701086983282
vn -0.5802147337272107 -0.6593839740004426 -0.4780832956684909
vn -0.5834007947453572 -0.3367772069471552 -0.7390701086983282
vn -0.7836520558628299 -0.35646446139219634 -0.5087460497206161
vn -0.4636335450284147 -0.5522653647869245 0.6928541713673593
vn -0.5802148604092794 -0.6593837944187536 0.4780833896070509
vn -0.7836519373595516 -0.3564644144112034 0.5087462651765605
vn -0.4636335450284147 -0.5522653647869245 0.6928541713673593
vn -0.7836519373595516 -0.3564644144112034 0.5087462651765605
vn -0.5834007771790286 -0.3367770876124445 0.7390701769427482
vn -0.2180645859559113 -0.8739596678236419 -0.4343297541839224
vn 0.03181219373357422 -0.8094446873134552 -0.5863337637471339
vn -0.07658102831804818 -0.4621266410889923 -0.8835011679095596
vn -0.2180645859559113 -0.8739596678236419 -0.4343297541839224
vn -0.07658102831804818 -0.4621266410889923 -0.8835011679095596
vn -0.46363344006730833 -0.5522656871503638 -0.6928539846516651
vn 0.03181219373357422 -0.8094446873134552 -0.5863337637471339
vn 0.5910979284955754 -0.7440236005519781 -0.31149979253590215
vn 0.14338669849636806 -0.46472127973331007 -0.8737702139906958
vn 0.03181219373357422 -0.8094446873134552 -0.5863337637471339
vn 0.14338669849636806 -0.46472127973331007 -0.8737702139906958
vn -0.07658102831804818 -0.4621266410889923 -0.8835011679095596
vn -0.07658102831804818 -0.4621266410889923 -0.8835011679095596
vn 0.14338669849636806 -0.46472127973331007 -0.8737702139906958
vn 0.13767243144396066 -0.35203337404702695 -0.9258071101354611
vn -0.07658102831804818 -0.4621266410889923 -0.8835011679095596
vn 0.13767243144396066 -0.35203337404702695 -0.9258071101354611
vn -0.09453694394407777 -0.3467486336184513 -0.9331817354156967
vn -0.46363344006730833 -0.5522656871503638 -0.6928539846516651
vn -0.07658102831804818 -0.4621266410889923 -0.8835011679095596
vn -0.09453694394407777 -0.3467486336184513 -0.9331817354156967
vn -0.46363344006730833 -0.5522656871503638 -0.6928539846516651
vn -0.09453694394407777 -0.3467486336184513 -0.9331817354156967
vn -0.5834007947453572 -0.3367772069471552 -0.7390701086983282
vn 0.5910979284955753 -0.7440235168464365 0.3114999924682182
vn 0.03181222611547455 -0.8094445006031541 0.5863340197471817
vn -0.07658121262148028 -0.46212630243554287 0.8835013290712567
vn 0.5910979284955753 -0.7440235168464365 0.3114999924682182
vn -0.07658121262148028 -0.46212630243554287 0.8835013290712567
vn 0.1433865268547451 -0.46472112778610064 0.8737703229715165
vn 0.03181222611547455 -0.8094445006031541 0.5863340197471817
vn -0.21806465409616416 -0.8739595255996473 0.43433000615610173
vn -0.4636335450284147 -0.5522653647869245 0.6928541713673593
vn 0.03181222611547455 -0.8094445006031541 0.5863340197471817
vn -0.4636335450284147 -0.5522653647869245 0.6928541713673593
vn -0.07658121262148028 -0.46212630243554287 0.8835013290712567
vn -0.07658121262148028 -0.46212630243554287 0.8835013290712567
vn -0.4636335450284147 -0.5522653647869245 0.6928541713673593
vn -0.5834007771790286 -0.3367770876124445 0.7390701769427482
vn -0.07658121262148028 -0.46212630243554287 0.8835013290712567
vn -0.5834007771790286 -0.3367770876124445 0.7390701769427482
vn -0.09453700203908359 -0.3467484071211513 0.9331818136914192
vn 0.1433865268547451 -0.46472112778610064 0.8737703229715165
vn -0.07658121262148028 -0.46212630243554287 0.8835013290712567
vn -0.09453700203908359 -0.3467484071211513 0.9331818136914192
vn 0.1433865268547451 -0.46472112778610064 0.8737703229715165
vn -0.09453700203908359 -0.3467484071211513 0.9331818136914192
vn 0.13767228525667363 -0.35203313248811824 0.9258072237257647
vn -0.47652628975074784 -0.6944798930379035 0.5390921751819892
vn -0.6235937559911142 -0.7817485705064131 2.7240825608677055e-7
vn -0.07446318820514178 -0.997223763055286 4.247627105987523e-7
vn -0.47652628975074784 -0.6944798930379035 0.5390921751819892
vn -0.07446318820514178 -0.997223763055286 4.247627105987523e-7
vn -0.10439409964036828 -0.8199679896176718 0.5628093531229119
vn -0.6235937559911142 -0.7817485705064131 2.7240825608677055e-7
vn -0.47652662300358484 -0.6944800619824392 -0.5390916629643485
vn -0.10439402144784621 -0.8199684099201593 -0.5628087552792264
vn -0.6235937559911142 -0.7817485705064131 2.7240825608677055e-7
vn -0.10439402144784621 -0.8199684099201593 -0.5628087552792264
vn -0.07446318820514178 -0.997223763055286 4.247627105987523e-7
vn -0.07446318820514178 -0.997223763055286 4.247627105987523e-7
vn -0.10439402144784621 -0.8199684099201593 -0.5628087552792264
vn 0.2476454723648828 -0.8606468982006502 -0.44492542817282754
vn -0.07446318820514178 -0.997223763055286 4.247627105987523e-7
vn 0.2476454723648828 -0.8606468982006502 -0.44492542817282754
vn 0.33590653052960234 -0.941895324729612 2.5281005808862606e-7
vn -0.10439409964036828 -0.8199679896176718 0.5628093531229119
vn -0.07446318820514178 -0.997223763055286 4.247627105987523e-7
vn 0.33590653052960234 -0.941895324729612 2.5281005808862606e-7
vn -0.10439409964036828 -0.8199679896176718 0.5628093531229119
vn 0.33590653052960234 -0.941895324729612 2.5281005808862606e-7
vn 0.24764503062193186 -0.86064691624152 0.4449256391490879
vn -0.5834007771790286 -0.3367770876124445 0.7390701769427482
vn -0.7836519373595516 -0.3564644144112034 0.5087462651765605
vn -0.8053067641838179 -0.350249434591531 0.47833706643757157
vn -0.5834007771790286 -0.3367770876124445 0.7390701769427482
vn -0.8053067641838179 -0.350249434591531 0.47833706643757157
vn -0.6001380466896358 -0.3885762341877985 0.6991729651094768
vn -0.7836520558628299 -0.35646446139219634 -0.5087460497206161
vn -0.5834007947453572 -0.3367772069471552 -0.7390701086983282
vn -0.600138330465681 -0.3885764426455119 -0.6991726056753257
vn -0.7836520558628299 -0.35646446139219634 -0.5087460497206161
vn -0.600138330465681 -0.3885764426455119 -0.6991726056753257
vn -0.8053070632784942 -0.3502494443858274 -0.4783365557232546
vn -0.8053070632784942 -0.3502494443858274 -0.4783365557232546
vn -0.600138330465681 -0.3885764426455119 -0.6991726056753257
vn -0.47652662300358484 -0.6944800619824392 -0.5390916629643485
vn -0.8053070632784942 -0.3502494443858274 -0.4783365557232546
vn -0.47652662300358484 -0.6944800619824392 -0.5390916629643485
vn -0.6235937559911142 -0.7817485705064131 2.7240825608677055e-7
vn -0.6001380466896358 -0.3885762341877985 0.6991729651094768
vn -0.8053067641838179 -0.350249434591531 0.47833706643757157
vn -0.6235937559911142 -0.7817485705064131 2.7240825608677055e-7
vn -0.6001380466896358 -0.3885762341877985 0.6991729651094768
vn -0.6235937559911142 -0.7817485705064131 2.7240825608677055e-7
vn -0.47652628975074784 -0.6944798930379035 0.5390921751819892
vn -0.5834007947453572 -0.3367772069471552 -0.7390701086983282
vn -0.09453694394407777 -0.3467486336184513 -0.9331817354156967
vn -0.11407894548740431 -0.48224813755169316 -0.8685751136340514
vn -0.5834007947453572 -0.3367772069471552 -0.7390701086983282
vn -0.11407894548740431 -0.48224813755169316 -0.8685751136340514
vn -0.600138330465681 -0.3885764426455119 -0.6991726056753257
vn -0.09453694394407777 -0.3467486336184513 -0.9331817354156967
vn 0.13767243144396066 -0.35203337404702695 -0.9258071101354611
vn 0.42306828668386726 -0.6682113294682764 -0.6119696430155793
vn -0.09453694394407777 -0.3467486336184513 -0.9331817354156967
vn 0.42306828668386726 -0.6682113294682764 -0.6119696430155793
vn -0.11407894548740431 -0.48224813755169316 -0.8685751136340514
vn -0.11407894548740431 -0.48224813755169316 -0.8685751136340514
vn 0.42306828668386726 -0.6682113294682764 -0.6119696430155793
vn 0.2476454723648828 -0.8606468982006502 -0.44492542817282754
vn -0.11407894548740431 -0.48224813755169316 -0.8685751136340514
vn 0.2476454723648828 -0.8606468982006502 -0.44492542817282754
vn -0.10439402144784621 -0.8199684099201593 -0.5628087552792264
vn -0.600138330465681 -0.3885764426455119 -0.6991726056753257
vn -0.11407894548740431 -0.48224813755169316 -0.8685751136340514
vn -0.10439402144784621 -0.8199684099201593 -0.5628087552792264
vn -0.600138330465681 -0.3885764426455119 -0.6991726056753257
vn -0.10439402144784621 -0.8199684099201593 -0.5628087552792264
vn -0.47652662300358484 -0.6944800619824392 -0.5390916629643485
vn 0.8157139217071465 -0.46839647520396904 -0.3394341467054319
vn 0.8727132745021526 -0.48823308010388455 6.559844061753258e-8
vn 0.6813148724777656 -0.7319904675203104 5.6859571176349586e-8
vn 0.8157139217071465 -0.46839647520396904 -0.3394341467054319
vn 0.6813148724777656 -0.7319904675203104 5.6859571176349586e-8
vn 0.42306828668386726 -0.6682113294682764 -0.6119696430155793
vn 0.8727132745021526 -0.48823308010388455 6.559844061753258e-8
vn 0.8157139413456462 -0.4683963654664124 0.3394342509414842
vn 0.42306792566592666 -0.6682113980853311 0.6119698176720623
vn 0.8727132745021526 -0.48823308010388455 6.559844061753258e-8
vn 0.42306792566592666 -0.6682113980853311 0.6119698176720623
vn 0.6813148724777656 -0.7319904675203104 5.6859571176349586e-8
vn 0.6813148724777656 -0.7319904675203104 5.6859571176349586e-8
vn 0.42306792566592666 -0.6682113980853311 0.6119698176720623
vn 0.24764503062193186 -0.86064691624152 0.4449256391490879
vn 0.6813148724777656 -0.7319904675203104 5.6859571176349586e-8
vn 0.24764503062193186 -0.86064691624152 0.4449256391490879
vn 0.33590653052960234 -0.941895324729612 2.5281005808862606e-7
vn 0.42306828668386726 -0.6682113294682764 -0.6119696430155793
vn 0.6813148724777656 -0.7319904675203104 5.6859571176349586e-8
vn 0.33590653052960234 -0.941895324729612 2.5281005808862606e-7
vn 0.42306828668386726 -0.6682113294682764 -0.6119696430155793
vn 0.33590653052960234 -0.941895324729612 2.5281005808862606e-7
vn 0.2476454723648828 -0.8606468982006502 -0.44492542817282754
vn -0.15107729798727831 -0.34200952642308147 -0.9274724437247301
vn 0.0989818696618069 -0.31451873024458044 -0.9440765635283984
vn 0.09195192797794968 -0.5053693131804824 -0.8579899184935833
vn -0.15107729798727831 -0.34200952642308147 -0.9274724437247301
vn 0.09195192797794968 -0.5053693131804824 -0.8579899184935833
vn -0.45460059184740864 -0.6401185700106917 -0.6193436188574585
vn 0.0989818696618069 -0.31451873024458044 -0.9440765635283984
vn 0.6000255580612045 -0.2796028296545461 -0.7495275760921083
vn 0.5662768333870076 -0.47463909277656263 -0.6738310467598125
vn 0.0989818696618069 -0.31451873024458044 -0.9440765635283984
vn 0.5662768333870076 -0.47463909277656263 -0.6738310467598125
vn 0.09195192797794968 -0.5053693131804824 -0.8579899184935833
vn 0.09195192797794968 -0.5053693131804824 -0.8579899184935833
vn 0.5662768333870076 -0.47463909277656263 -0.6738310467598125
vn 0.34217003036795185 -0.8176051099890889 -0.46307834589594543
vn 0.09195192797794968 -0.5053693131804824 -0.8579899184935833
vn 0.34217003036795185 -0.8176051099890889 -0.46307834589594543
vn 0.03758759605474392 -0.8688644689538864 -0.4936210157725321
vn -0.45460059184740864 -0.6401185700106917 -0.6193436188574585
vn 0.09195192797794968 -0.5053693131804824 -0.8579899184935833
vn 0.03758759605474392 -0.8688644689538864 -0.4936210157725321
vn -0.45460059184740864 -0.6401185700106917 -0.6193436188574585
vn 0.03758759605474392 -0.8688644689538864 -0.4936210157725321
vn -0.2789766337585389 -0.8732270955633581 -0.3995578523702621
vn -0.5784660060503952 -0.7635555843127821 0.2869842321607055
vn -0.7882825595757079 -0.6153134211674274 8.02787992651389e-8
vn -0.8553943566312736 -0.5179773109349176 -3.356478951172298e-8
vn -0.5784660060503952 -0.7635555843127821 0.2869842321607055
vn -0.8553943566312736 -0.5179773109349176 -3.356478951172298e-8
vn -0.8239129885208876 -0.4950549463522847 0.27584051087307004
vn -0.7882825595757079 -0.6153134211674274 8.02787992651389e-8
vn -0.5784659912078919 -0.7635556418389108 -0.28698410902320026
vn -0.8239129600379329 -0.49505497355898015 -0.27584054712106654
vn -0.7882825595757079 -0.6153134211674274 8.02787992651389e-8
vn -0.8239129600379329 -0.49505497355898015 -0.27584054712106654
vn -0.8553943566312736 -0.5179773109349176 -3.356478951172298e-8
vn -0.8553943566312736 -0.5179773109349176 -3.356478951172298e-8
vn -0.8239129600379329 -0.49505497355898015 -0.27584054712106654
vn -0.8108423202048964 -0.4825331791481756 -0.3312045633530654
vn -0.8553943566312736 -0.5179773109349176 -3.356478951172298e-8
vn -0.8108423202048964 -0.4825331791481756 -0.3312045633530654
vn -0.8629223547238709 -0.5053365311530402 1.4966614070016566e-7
vn -0.8239129885208876 -0.4950549463522847 0.27584051087307004
vn -0.8553943566312736 -0.5179773109349176 -3.356478951172298e-8
vn -0.8629223547238709 -0.5053365311530402 1.4966614070016566e-7
vn -0.8239129885208876 -0.4950549463522847 0.27584051087307004
vn -0.8629223547238709 -0.5053365311530402 1.4966614070016566e-7
vn -0.810842283091261 -0.48253304392737784 0.33120485121678156
vn 0.2506387708833046 -0.8308423116507443 -0.4968714720135924
vn 0.2522132008444303 -0.9676716908744409 8.567284868197992e-8
vn 0.6517310387146996 -0.5332595729573129 -0.5393337380743423
vn 0.2506387708833046 -0.8308423116507443 -0.4968714720135924
vn 0.6517310387146996 -0.5332595729573129 -0.5393337380743423
vn 0.4965052671461099 -0.45312133879055194 -0.7403806939871055
vn 0.2522132008444303 -0.9676716908744409 8.567284868197992e-8
vn 0.25063877459474515 -0.8308421904355981 0.49687167283094513
vn 0.4965054286343666 -0.45312141944451784 0.7403805363306015
vn 0.2522132008444303 -0.9676716908744409 8.567284868197992e-8
vn 0.4965054286343666 -0.45312141944451784 0.7403805363306015
vn 0.651731488472753 -0.5332595142465462 0.539333252635722
vn 0.651731488472753 -0.5332595142465462 0.539333252635722
vn 0.4965054286343666 -0.45312141944451784 0.7403805363306015
vn 0.6000256416260444 -0.2796028480245574 0.7495275023425158
vn 0.651731488472753 -0.5332595142465462 0.539333252635722
vn 0.6000256416260444 -0.2796028480245574 0.7495275023425158
vn 0.8014140460647238 -0.2787941284728215 0.5291591071683912
vn 0.4965052671461099 -0.45312133879055194 -0.7403806939871055
vn 0.6517310387146996 -0.5332595729573129 -0.5393337380743423
vn 0.8014137319467926 -0.2787939877802313 -0.5291596570267906
vn 0.4965052671461099 -0.45312133879055194 -0.7403806939871055
vn 0.8014137319467926 -0.2787939877802313 -0.5291596570267906
vn 0.6000255580612045 -0.2796028296545461 -0.7495275760921083
vn -0.5784659912078919 -0.7635556418389108 -0.28698410902320026
vn -0.03780731065996403 -0.7946269749435754 -0.605919613441159
vn 0.07901577930246187 -0.4285596222073566 -0.900051752309117
vn -0.5784659912078919 -0.7635556418389108 -0.28698410902320026
vn 0.07901577930246187 -0.4285596222073566 -0.900051752309117
vn -0.1520478973633123 -0.4819584761220465 -0.8629006108478025
vn -0.03780731065996403 -0.7946269749435754 -0.605919613441159
vn 0.2506387708833046 -0.8308423116507443 -0.4968714720135924
vn 0.4965052671461099 -0.45312133879055194 -0.7403806939871055
vn -0.03780731065996403 -0.7946269749435754 -0.605919613441159
vn 0.4965052671461099 -0.45312133879055194 -0.7403806939871055
vn 0.07901577930246187 -0.4285596222073566 -0.900051752309117
vn 0.07901577930246187 -0.4285596222073566 -0.900051752309117
vn 0.4965052671461099 -0.45312133879055194 -0.7403806939871055
vn 0.6000255580612045 -0.2796028296545461 -0.7495275760921083
vn 0.07901577930246187 -0.4285596222073566 -0.900051752309117
vn 0.6000255580612045 -0.2796028296545461 -0.7495275760921083
vn 0.0989818696618069 -0.31451873024458044 -0.9440765635283984
vn -0.1520478973633123 -0.4819584761220465 -0.8629006108478025
vn 0.07901577930246187 -0.4285596222073566 -0.900051752309117
vn 0.0989818696618069 -0.31451873024458044 -0.9440765635283984
vn -0.1520478973633123 -0.4819584761220465 -0.8629006108478025
vn 0.0989818696618069 -0.31451873024458044 -0.9440765635283984
vn -0.15107729798727831 -0.34200952642308147 -0.9274724437247301
vn 0.34217003036795185 -0.8176051099890889 -0.46307834589594543
vn 0.45316927384022343 -0.8914244831992754 1.7199003874654779e-7
vn -0.01471861740044262 -0.9998916752837674 2.0109355668140695e-7
vn 0.34217003036795185 -0.8176051099890889 -0.46307834589594543
vn -0.01471861740044262 -0.9998916752837674 2.0109355668140695e-7
vn 0.03758759605474392 -0.8688644689538864 -0.4936210157725321
vn 0.45316927384022343 -0.8914244831992754 1.7199003874654779e-7
vn 0.3421697745607433 -0.8176051228160018 0.4630785122655561
vn 0.03758743237355805 -0.8688643416622769 0.49362125229303216
vn 0.45316927384022343 -0.8914244831992754 1.7199003874654779e-7
vn 0.03758743237355805 -0.8688643416622769 0.49362125229303216
vn -0.01471861740044262 -0.9998916752837674 2.0109355668140695e-7
vn -0.01471861740044262 -0.9998916752837674 2.0109355668140695e-7
vn 0.03758743237355805 -0.8688643416622769 0.49362125229303216
vn -0.2789761087939583 -0.8732272029339266 0.3995579842505621
vn -0.01471861740044262 -0.9998916752837674 2.0109355668140695e-7
vn -0.2789761087939583 -0.8732272029339266 0.3995579842505621
vn -0.37633318884266254 -0.9264843932714096 1.4464259548880693e-7
vn 0.03758759605474392 -0.8688644689538864 -0.4936210157725321
vn -0.01471861740044262 -0.9998916752837674 2.0109355668140695e-7
vn -0.37633318884266254 -0.9264843932714096 1.4464259548880693e-7
vn 0.03758759605474392 -0.8688644689538864 -0.4936210157725321
vn -0.37633318884266254 -0.9264843932714096 1.4464259548880693e-7
vn -0.2789766337585389 -0.8732270955633581 -0.3995578523702621
vn 0.6000255580612045 -0.2796028296545461 -0.7495275760921083
vn 0.8014137319467926 -0.2787939877802313 -0.5291596570267906
vn 0.8616760154546924 -0.5074588105355154 6.818158786306475e-8
vn 0.6000255580612045 -0.2796028296545461 -0.7495275760921083
vn 0.8616760154546924 -0.5074588105355154 6.818158786306475e-8
vn 0.5662768333870076 -0.47463909277656263 -0.6738310467598125
vn 0.8014140460647238 -0.2787941284728215 0.5291591071683912
vn 0.6000256416260444 -0.2796028480245574 0.7495275023425158
vn 0.5662768426840874 -0.47463880028947797 0.6738312449712512
vn 0.8014140460647238 -0.2787941284728215 0.5291591071683912
vn 0.5662768426840874 -0.47463880028947797 0.6738312449712512
vn 0.8616760154546924 -0.5074588105355154 6.818158786306475e-8
vn 0.8616760154546924 -0.5074588105355154 6.818158786306475e-8
vn 0.5662768426840874 -0.47463880028947797 0.6738312449712512
vn 0.3421697745607433 -0.8176051228160018 0.4630785122655561
vn 0.8616760154546924 -0.5074588105355154 6.818158786306475e-8
vn 0.3421697745607433 -0.8176051228160018 0.4630785122655561
vn 0.45316927384022343 -0.8914244831992754 1.7199003874654779e-7
vn 0.5662768333870076 -0.47463909277656263 -0.6738310467598125
vn 0.8616760154546924 -0.5074588105355154 6.818158786306475e-8
vn 0.45316927384022343 -0.8914244831992754 1.7199003874654779e-7
vn 0.5662768333870076 -0.47463909277656263 -0.6738310467598125
vn 0.45316927384022343 -0.8914244831992754 1.7199003874654779e-7
vn 0.34217003036795185 -0.8176051099890889 -0.46307834589594543
vn 0.6000256416260444 -0.2796028480245574 0.7495275023425158
vn 0.0989813697968967 -0.3145186532203014 0.9440766415972899
vn 0.09195201385915376 -0.5053691228503926 0.8579900213969104
vn 0.6000256416260444 -0.2796028480245574 0.7495275023425158
vn 0.09195201385915376 -0.5053691228503926 0.8579900213969104
vn 0.5662768426840874 -0.47463880028947797 0.6738312449712512
vn 0.0989813697968967 -0.3145186532203014 0.9440766415972899
vn -0.15107754552514216 -0.3420092641057867 0.927472500133517
vn -0.4546007251571632 -0.6401185602864129 0.619343531058032
vn 0.0989813697968967 -0.3145186532203014 0.9440766415972899
vn -0.4546007251571632 -0.6401185602864129 0.619343531058032
vn 0.09195201385915376 -0.5053691228503926 0.8579900213969104
vn 0.09195201385915376 -0.5053691228503926 0.8579900213969104
vn -0.4546007251571632 -0.6401185602864129 0.619343531058032
vn -0.2789761087939583 -0.8732272029339266 0.3995579842505621
vn 0.09195201385915376 -0.5053691228503926 0.8579900213969104
vn -0.2789761087939583 -0.8732272029339266 0.3995579842505621
vn 0.03758743237355805 -0.8688643416622769 0.49362125229303216
vn 0.5662768426840874 -0.47463880028947797 0.6738312449712512
vn 0.09195201385915376 -0.5053691228503926 0.8579900213969104
vn 0.03758743237355805 -0.8688643416622769 0.49362125229303216
vn 0.5662768426840874 -0.47463880028947797 0.6738312449712512
vn 0.03758743237355805 -0.8688643416622769 0.49362125229303216
vn 0.3421697745607433 -0.8176051228160018 0.4630785122655561
vn -0.810842283091261 -0.48253304392737784 0.33120485121678156
vn -0.8629223547238709 -0.5053365311530402 1.4966614070016566e-7
vn -0.7256374171716002 -0.6880772767651173 1.7086217567878368e-7
vn -0.810842283091261 -0.48253304392737784 0.33120485121678156
vn -0.7256374171716002 -0.6880772767651173 1.7086217567878368e-7
vn -0.4546007251571632 -0.6401185602864129 0.619343531058032
vn -0.8629223547238709 -0.5053365311530402 1.4966614070016566e-7
vn -0.8108423202048964 -0.4825331791481756 -0.3312045633530654
vn -0.45460059184740864 -0.6401185700106917 -0.6193436188574585
vn -0.8629223547238709 -0.5053365311530402 1.4966614070016566e-7
vn -0.45460059184740864 -0.6401185700106917 -0.6193436188574585
vn -0.7256374171716002 -0.6880772767651173 1.7086217567878368e-7
vn -0.7256374171716002 -0.6880772767651173 1.7086217567878368e-7
vn -0.45460059184740864 -0.6401185700106917 -0.6193436188574585
vn -0.2789766337585389 -0.8732270955633581 -0.3995578523702621
vn -0.7256374171716002 -0.6880772767651173 1.7086217567878368e-7
vn -0.2789766337585389 -0.8732270955633581 -0.3995578523702621
vn -0.37633318884266254 -0.9264843932714096 1.4464259548880693e-7
vn -0.4546007251571632 -0.6401185602864129 0.619343531058032
vn -0.7256374171716002 -0.6880772767651173 1.7086217567878368e-7
vn -0.37633318884266254 -0.9264843932714096 1.4464259548880693e-7
vn -0.4546007251571632 -0.6401185602864129 0.619343531058032
vn -0.37633318884266254 -0.9264843932714096 1.4464259548880693e-7
vn -0.2789761087939583 -0.8732272029339266 0.3995579842505621
f 1/1/1 2/2/2 3/3/3
f 4/4/4 5/5/5 6/6/6
f 7/7/7 8/8/8 9/9/9
f 10/10/10 11/11/11 12/12/12
f 13/13/13 14/14/14 15/15/15
f 16/16/16 17/17/17 18/18/18
f 19/19/19 20/20/20 21/21/21
f 22/22/22 23/23/23 24/24/24
f 25/25/25 26/26/26 27/27/27
f 28/28/28 29/29/29 30/30/30
f 31/31/31 32/32/32 33/33/33
f 34/34/34 35/35/35 36/36/36
f 37/37/37 38/38/38 39/39/39
f 40/40/40 41/41/41 42/42/42
f 43/43/43 44/44/44 45/45/45
f 46/46/46 47/47/47 48/48/48
f 49/49/49 50/50/50 51/51/51
f 52/52/52 53/53/53 54/54/54
f 55/55/55 56/56/56 57/57/57
f 58/58/58 59/59/59 60/60/60
f 61/61/61 62/62/62 63/63/63
f 64/64/64 65/65/65 66/66/66
f 67/67/67 68/68/68 69/69/69
f 70/70/70 71/71/71 72/72/72
f 73/73/73 74/74/74 75/75/75
f 76/76/76 77/77/77 78/78/78
f 79/79/79 80/80/80 81/81/81
f 82/82/82 83/83/83 84/84/84
f 85/85/85 86/86/86 87/87/87
f 88/88/88 89/89/89 90/90/90
f 91/91/91 92/92/92 93/93/93
f 94/94/94 95/95/95 96/96/96
f 97/97/97 98/98/98 99/99/99
f 100/100/100 101/101/101 102/102/102
f 103/103/103 104/104/104 105/105/105
f 106/106/106 107/107/107 108/108/108
f 109/109/109 110/110/110 111/111/111
f 112/112/112 113/113/113 114/114/114
f 115/115/115 116/116/116 117/117/117
f 118/118/118 119/119/119 120/120/120
f 121/121/121 122/122/122 123/123/123
f 124/124/124 125/125/125 126/126/126
f 127/127/127 128/128/128 129/129/129
f 130/130/130 131/131/131 132/132/132
f 133/133/133 134/134/134 135/135/135
f 136/136/136 137/137/137 138/138/138
f 139/139/139 140/140/140 141/141/141
f 142/142/142 143/143/143 144/144/144
f 145/145/145 146/146/146 147/147/147
f 148/148/148 149/149/149 150/150/150
f 151/151/151 152/152/152 153/153/153
f 154/154/154 155/155/155 156/156/156
f 157/157/157 158/158/158 159/159/159
f 160/160/160 161/161/161 162/162/162
f 163/163/163 164/164/164 165/165/165
f 166/166/166 167/167/167 168/168/168
f 169/169/169 170/170/170 171/171/171
f 172/172/172 173/173/173 174/174/174
f 175/175/175 176/176/176 177/177/177
f 178/178/178 179/179/179 180/180/180
f 181/181/181 182/182/182 183/183/183
f 184/184/184 185/185/185 186/186/186
f 187/187/187 188/188/188 189/189/189
f 190/190/190 191/191/191 192/192/192
f 193/193/193 194/194/194 195/195/195
f 196/196/196 197/197/197 198/198/198
f 199/199/199 200/200/200 201/201/201
f 202/202/202 203/203/203 204/204/204
f 205/205/205 206/206/206 207/207/207
f 208/208/208 209/209/209 210/210/210
f 211/211/211 212/212/212 213/213/213
f 214/214/214 215/215/215 216/216/216
f 217/217/217 218/218/218 219/219/219
f 220/220/220 221/221/221 222/222/222
f 223/223/223 224/224/224 225/225/225
f 226/226/226 227/227/227 228/228/228
f 229/229/229 230/230/230 231/231/231
f 232/232/232 233/233/233 234/234/234
f 235/235/235 236/236/236 237/237/237
f 238/238/238 239/239/239 240/240/240
f 241/241/241 242/242/242 243/243/243
f 244/244/244 245/245/245 246/246/246
f 247/247/247 248/248/248 249/249/249
f 250/250/250 251/251/251 252/252/252
f 253/253/253 254/254/254 255/255/255
f 256/256/256 257/257/257 258/258/258
f 259/259/259 260/260/260 261/261/261
f 262/262/262 263/263/263 264/264/264
f 265/265/265 266/266/266 267/267/267
f 268/268/268 269/269/269 270/270/270
f 271/271/271 272/272/272 273/273/273
f 274/274/274 275/275/275 276/276/276
f 277/277/277 278/278/278 279/279/279
f 280/280/280 281/281/281 282/282/282
f 283/283/283 284/284/284 285/285/285
f 286/286/286 287/287/287 288/288/288
f 289/289/289 290/290/290 291/291/291
f 292/292/292 293/293/293 294/294/294
f 295/295/295 296/296/296 297/297/297
f 298/298/298 299/299/299 300/300/300
f 301/301/301 302/302/302 303/303/303
f 304/304/304 305/305/305 306/306/306
f 307/307/307 308/308/308 309/309/309
f 310/310/310 311/311/311 312/312/312
f 313/313/313 314/314/314 315/315/315
f 316/316/316 317/317/317 318/318/318
f 319/319/319 320/320/320 321/321/321
f 322/322/322 323/323/323 324/324/324
f 325/325/325 326/326/326 327/327/327
f 328/328/328 329/329/329 330/330/330
f 331/331/331 332/332/332 333/333/333
f 334/334/334 335/335/335 336/336/336
f 337/337/337 338/338/338 339/339/339
f 340/340/340 341/341/341 342/342/342
f 343/343/343 344/344/344 345/345/345
f 346/346/346 347/347/347 348/348/348
f 349/349/349 350/350/350 351/351/351
f 352/352/352 353/353/353 354/354/354
f 355/355/355 356/356/356 357/357/357
f 358/358/358 359/359/359 360/360/360
f 361/361/361 362/362/362 363/363/363
f 364/364/364 365/365/365 366/366/366
f 367/367/367 368/368/368 369/369/369
f 370/370/370 371/371/371 372/372/372
f 373/373/373 374/374/374 375/375/375
f 376/376/376 377/377/377 378/378/378
f 379/379/379 380/380/380 381/381/381
f 382/382/382 383/383/383 384/384/384
f 385/385/385 386/386/386 387/387/387
f 388/388/388 389/389/389 390/390/390
f 391/391/391 392/392/392 393/393/393
f 394/394/394 395/395/395 396/396/396
f 397/397/397 398/398/398 399/399/399
f 400/400/400 401/401/401 402/402/402
f 403/403/403 404/404/404 405/405/405
f 406/406/406 407/407/407 408/408/408
f 409/409/409 410/410/410 411/411/411
f 412/412/412 413/413/413 414/414/414
f 415/415/415 416/416/416 417/417/417
f 418/418/418 419/419/419 420/420/420
f 421/421/421 422/422/422 423/423/423
f 424/424/424 425/425/425 426/426/426
f 427/427/427 428/428/428 429/429/429
f 430/430/430 431/431/431 432/432/432
f 433/433/433 434/434/434 435/435/435
f 436/436/436 437/437/437 438/438/438
f 439/439/439 440/440/440 441/441/441
f 442/442/442 443/443/443 444/444/444
f 445/445/445 446/446/446 447/447/447
f 448/448/448 449/449/449 450/450/450
f 451/451/451 452/452/452 453/453/453
f 454/454/454 455/455/455 456/456/456
f 457/457/457 458/458/458 459/459/459
f 460/460/460 461/461/461 462/462/462
f 463/463/463 464/464/464 465/465/465
f 466/466/466 467/467/467 468/468/468
f 469/469/469 470/470/470 471/471/471
f 472/472/472 473/473/473 474/474/474
f 475/475/475 476/476/476 477/477/477
f 478/478/478 479/479/479 480/480/480
f 481/481/481 482/482/482 483/483/483
f 484/484/484 485/485/485 486/486/486
f 487/487/487 488/488/488 489/489/489
f 490/490/490 491/491/491 492/492/492
f 493/493/493 494/494/494 495/495/495
f 496/496/496 497/497/497 498/498/498
f 499/499/499 500/500/500 501/501/501
f 502/502/502 503/503/503 504/504/504
f 505/505/505 506/506/506 507/507/507
f 508/508/508 509/509/509 510/510/510
f 511/511/511 512/512/512 513/513/513
f 514/514/514 515/515/515 516/516/516
f 517/517/517 518/518/518 519/519/519
f 520/520/520 521/521/521 522/522/522
f 523/523/523 524/524/524 525/525/525
f 526/526/526 527/527/527 528/528/528
f 529/529/529 530/530/530 531/531/531
f 532/532/532 533/533/533 534/534/534
f 535/535/535 536/536/536 537/537/537
f 538/538/538 539/539/539 540/540/540
f 541/541/541 542/542/542 543/543/543
f 544/544/544 545/545/545 546/546/546
f 547/547/547 548/548/548 549/549/549
f 550/550/550 551/551/551 552/552/552
f 553/553/553 554/554/554 555/555/555
f 556/556/556 557/557/557 558/558/558
f 559/559/559 560/560/560 561/561/561
f 562/562/562 563/563/563 564/564/564
f 565/565/565 566/566/566 567/567/567
f 568/568/568 569/569/569 570/570/570
f 571/571/571 572/572/572 573/573/573
f 574/574/574 575/575/575 576/576/576
f 577/577/577 578/578/578 579/579/579
f 580/580/580 581/581/581 582/582/582
f 583/583/583 584/584/584 585/585/585
f 586/586/586 587/587/587 588/588/588
f 589/589/589 590/590/590 591/591/591
f 592/592/592 593/593/593 594/594/594
f 595/595/595 596/596/596 597/597/597
f 598/598/598 599/599/599 600/600/600
f 601/601/601 602/602/602 603/603/603
f 604/604/604 605/605/605 606/606/606
f 607/607/607 608/608/608 609/609/609
f 610/610/610 611/611/611 612/612/612
f 613/613/613 614/614/614 615/615/615
f 616/616/616 617/617/617 618/618/618
f 619/619/619 620/620/620 621/621/621
f 622/622/622 623/623/623 624/624/624
f 625/625/625 626/626/626 627/627/627
f 628/628/628 629/629/629 630/630/630
f 631/631/631 632/632/632 633/633/633
f 634/634/634 635/635/635 636/636/636
f 637/637/637 638/638/638 639/639/639
f 640/640/640 641/641/641 642/642/642
f 643/643/643 644/644/644 645/645/645
f 646/646/646 647/647/647 648/648/648
f 649/649/649 650/650/650 651/651/651
f 652/652/652 653/653/653 654/654/654
f 655/655/655 656/656/656 657/657/657
f 658/658/658 659/659/659 660/660/660
f 661/661/661 662/662/662 663/663/663
f 664/664/664 665/665/665 666/666/666
f 667/667/667 668/668/668 669/669/669
f 670/670/670 671/671/671 672/672/672
f 673/673/673 674/674/674 675/675/675
f 676/676/676 677/677/677 678/678/678
f 679/679/679 680/680/680 681/681/681
f 682/682/682 683/683/683 684/684/684
f 685/685/685 686/686/686 687/687/687
f 688/688/688 689/689/689 690/690/690
f 691/691/691 692/692/692 693/693/693
f 694/694/694 695/695/695 696/696/696
f 697/697/697 698/698/698 699/699/699
f 700/700/700 701/701/701 702/702/702
f 703/703/703 704/704/704 705/705/705
f 706/706/706 707/707/707 708/708/708
f 709/709/709 710/710/710 711/711/711
f 712/712/712 713/713/713 714/714/714
f 715/715/715 716/716/716 717/717/717
f 718/718/718 719/719/719 720/720/720
f 721/721/721 722/722/722 723/723/723
f 724/724/724 725/725/725 726/726/726
f 727/727/727 728/728/728 729/729/729
f 730/730/730 731/731/731 732/732/732
f 733/733/733 734/734/734 735/735/735
f 736/736/736 737/737/737 738/738/738
f 739/739/739 740/740/740 741/741/741
f 742/742/742 743/743/743 744/744/744
f 745/745/745 746/746/746 747/747/747
f 748/748/748 749/749/749 750/750/750
f 751/751/751 752/752/752 753/753/753
f 754/754/754 755/755/755 756/756/756
f 757/757/757 758/758/758 759/759/759
f 760/760/760 761/761/761 762/762/762
f 763/763/763 764/764/764 765/765/765
f 766/766/766 767/767/767 768/768/768
f 769/769/769 770/770/770 771/771/771
f 772/772/772 773/773/773 774/774/774
f 775/775/775 776/776/776 777/777/777
f 778/778/778 779/779/779 780/780/780
f 781/781/781 782/782/782 783/783/783
f 784/784/784 785/785/785 786/786/786
f 787/787/787 788/788/788 789/789/789
f 790/790/790 791/791/791 792/792/792
f 793/793/793 794/794/794 795/795/795
f 796/796/796 797/797/797 798/798/798
f 799/799/799 800/800/800 801/801/801
f 802/802/802 803/803/803 804/804/804
f 805/805/805 806/806/806 807/807/807
f 808/808/808 809/809/809 810/810/810
f 811/811/811 812/812/812 813/813/813
f 814/814/814 815/815/815 816/816/816
f 817/817/817 818/818/818 819/819/819
f 820/820/820 821/821/821 822/822/822
f 823/823/823 824/824/824 825/825/825
f 826/826/826 827/827/827 828/828/828
f 829/829/829 830/830/830 831/831/831
f 832/832/832 833/833/833 834/834/834
f 835/835/835 836/836/836 837/837/837
f 838/838/838 839/839/839 840/840/840
f 841/841/841 842/842/842 843/843/843
f 844/844/844 845/845/845 846/846/846
f 847/847/847 848/848/848 849/849/849
f 850/850/850 851/851/851 852/852/852
f 853/853/853 854/854/854 855/855/855
f 856/856/856 857/857/857 858/858/858
f 859/859/859 860/860/860 861/861/861
f 862/862/862 863/863/863 864/864/864
f 865/865/865 866/866/866 867/867/867
f 868/868/868 869/869/869 870/870/870
f 871/871/871 872/872/872 873/873/873
f 874/874/874 875/875/875 876/876/876
f 877/877/877 878/878/878 879/879/879
f 880/880/880 881/881/881 882/882/882
f 883/883/883 884/884/884 885/885/885
f 886/886/886 887/887/887 888/888/888
f 889/889/889 890/890/890 891/891/891
f 892/892/892 893/893/893 894/894/894
f 895/895/895 896/896/896 897/897/897
f 898/898/898 899/899/899 900/900/900
f 901/901/901 902/902/902 903/903/903
f 904/904/904 905/905/905 906/906/906
f 907/907/907 908/908/908 909/909/909
f 910/910/910 911/911/911 912/912/912
f 913/913/913 914/914/914 915/915/915
f 916/916/916 917/917/917 918/918/918
f 919/919/919 920/920/920 921/921/921
f 922/922/922 923/923/923 924/924/924
f 925/925/925 926/926/926 927/927/927
f 928/928/928 929/929/929 930/930/930
f 931/931/931 932/932/932 933/933/933
f 934/934/934 935/935/935 936/936/936
f 937/937/937 938/938/938 939/939/939
f 940/940/940 941/941/941 942/942/942
f 943/943/943 944/944/944 945/945/945
f 946/946/946 947/947/947 948/948/948
f 949/949/949 950/950/950 951/951/951
f 952/952/952 953/953/953 954/954/954
f 955/955/955 956/956/956 957/957/957
f 958/958/958 959/959/959 960/960/960
f 961/961/961 962/962/962 963/963/963
f 964/964/964 965/965/965 966/966/966
f 967/967/967 968/968/968 969/969/969
f 970/970/970 971/971/971 972/972/972
f 973/973/973 974/974/974 975/975/975
f 976/976/976 977/977/977 978/978/978
f 979/979/979 980/980/980 981/981/981
f 982/982/982 983/983/983 984/984/984
f 985/985/985 986/986/986 987/987/987
f 988/988/988 989/989/989 990/990/990
f 991/991/991 992/992/992 993/993/993
f 994/994/994 995/995/995 996/996/996
f 997/997/997 998/998/998 999/999/999
f 1000/1000/1000 1001/1001/1001 1002/1002/1002
f 1003/1003/1003 1004/1004/1004 1005/1005/1005
f 1006/1006/1006 1007/1007/1007 1008/1008/1008
f 1009/1009/1009 1010/1010/1010 1011/1011/1011
f 1012/1012/1012 1013/1013/1013 1014/1014/1014
f 1015/1015/1015 1016/1016/1016 1017/1017/1017
f 1018/1018/1018 1019/1019/1019 1020/1020/1020
f 1021/1021/1021 1022/1022/1022 1023/1023/1023
f 1024/1024/1024 1025/1025/1025 1026/1026/1026
f 1027/1027/1027 1028/1028/1028 1029/1029/1029
f 1030/1030/1030 1031/1031/1031 1032/1032/1032
f 1033/1033/1033 1034/1034/1034 1035/1035/1035
f 1036/1036/1036 1037/1037/1037 1038/1038/1038
f 1039/1039/1039 1040/1040/1040 1041/1041/1041
f 1042/1042/1042 1043/1043/1043 1044/1044/1044
f 1045/1045/1045 1046/1046/1046 1047/1047/1047
f 1048/1048/1048 1049/1049/1049 1050/1050/1050
f 1051/1051/1051 1052/1052/1052 1053/1053/1053
f 1054/1054/1054 1055/1055/1055 1056/1056/1056
f 1057/1057/1057 1058/1058/1058 1059/1059/1059
f 1060/1060/1060 1061/1061/1061 1062/1062/1062
f 1063/1063/1063 1064/1064/1064 1065/1065/1065
f 1066/1066/1066 1067/1067/1067 1068/1068/1068
f 1069/1069/1069 1070/1070/1070 1071/1071/1071
f 1072/1072/1072 1073/1073/1073 1074/1074/1074
f 1075/1075/1075 1076/1076/1076 1077/1077/1077
f 1078/1078/1078 1079/1079/1079 1080/1080/1080
f 1081/1081/1081 1082/1082/1082 1083/1083/1083
f 1084/1084/1084 1085/1085/1085 1086/1086/1086
f 1087/1087/1087 1088/1088/1088 1089/1089/1089
f 1090/1090/1090 1091/1091/1091 1092/1092/1092
f 1093/1093/1093 1094/1094/1094 1095/1095/1095
f 1096/1096/1096 1097/1097/1097 1098/1098/1098
f 1099/1099/1099 1100/1100/1100 1101/1101/1101
f 1102/1102/1102 1103/1103/1103 1104/1104/1104
f 1105/1105/1105 1106/1106/1106 1107/1107/1107
f 1108/1108/1108 1109/1109/1109 1110/1110/1110
f 1111/1111/1111 1112/1112/1112 1113/1113/1113
f 1114/1114/1114 1115/1115/1115 1116/1116/1116
f 1117/1117/1117 1118/1118/1118 1119/1119/1119
f 1120/1120/1120 1121/1121/1121 1122/1122/1122
f 1123/1123/1123 1124/1124/1124 1125/1125/1125
f 1126/1126/1126 1127/1127/1127 1128/1128/1128
f 1129/1129/1129 1130/1130/1130 1131/1131/1131
f 1132/1132/1132 1133/1133/1133 1134/1134/1134
f 1135/1135/1135 1136/1136/1136 1137/1137/1137
f 1138/1138/1138 1139/1139/1139 1140/1140/1140
f 1141/1141/1141 1142/1142/1142 1143/1143/1143
f 1144/1144/1144 1145/1145/1145 1146/1146/1146
f 1147/1147/1147 1148/1148/1148 1149/1149/1149
f 1150/1150/1150 1151/1151/1151 1152/1152/1152
f 1153/1153/1153 1154/1154/1154 1155/1155/1155
f 1156/1156/1156 1157/1157/1157 1158/1158/1158
f 1159/1159/1159 1160/1160/1160 1161/1161/1161
f 1162/1162/1162 1163/1163/1163 1164/1164/1164
f 1165/1165/1165 1166/1166/1166 1167/1167/1167
f 1168/1168/1168 1169/1169/1169 1170/1170/1170
f 1171/1171/1171 1172/1172/1172 1173/1173/1173
f 1174/1174/1174 1175/1175/1175 1176/1176/1176
f 1177/1177/1177 1178/1178/1178 1179/1179/1179
f 1180/1180/1180 1181/1181/1181 1182/1182/1182
f 1183/1183/1183 1184/1184/1184 1185/1185/1185
f 1186/1186/1186 1187/1187/1187 1188/1188/1188
f 1189/1189/1189 1190/1190/1190 1191/1191/1191
f 1192/1192/1192 1193/1193/1193 1194/1194/1194
f 1195/1195/1195 1196/1196/1196 1197/1197/1197
f 1198/1198/1198 1199/1199/1199 1200/1200/1200
f 1201/1201/1201 1202/1202/1202 1203/1203/1203
f 1204/1204/1204 1205/1205/1205 1206/1206/1206
f 1207/1207/1207 1208/1208/1208 1209/1209/1209
f 1210/1210/1210 1211/1211/1211 1212/1212/1212
f 1213/1213/1213 1214/1214/1214 1215/1215/1215
f 1216/1216/1216 1217/1217/1217 1218/1218/1218
f 1219/1219/1219 1220/1220/1220 1221/1221/1221
f 1222/1222/1222 1223/1223/1223 1224/1224/1224
f 1225/1225/1225 1226/1226/1226 1227/1227/1227
f 1228/1228/1228 1229/1229/1229 1230/1230/1230
f 1231/1231/1231 1232/1232/1232 1233/1233/1233
f 1234/1234/1234 1235/1235/1235 1236/1236/1236
f 1237/1237/1237 1238/1238/1238 1239/1239/1239
f 1240/1240/1240 1241/1241/1241 1242/1242/1242
f 1243/1243/1243 1244/1244/1244 1245/1245/1245
f 1246/1246/1246 1247/1247/1247 1248/1248/1248
f 1249/1249/1249 1250/1250/1250 1251/1251/1251
f 1252/1252/1252 1253/1253/1253 1254/1254/1254
f 1255/1255/1255 1256/1256/1256 1257/1257/1257
f 1258/1258/1258 1259/1259/1259 1260/1260/1260
f 1261/1261/1261 1262/1262/1262 1263/1263/1263
f 1264/1264/1264 1265/1265/1265 1266/1266/1266
f 1267/1267/1267 1268/1268/1268 1269/1269/1269
f 1270/1270/1270 1271/1271/1271 1272/1272/1272
f 1273/1273/1273 1274/1274/1274 1275/1275/1275
f 1276/1276/1276 1277/1277/1277 1278/1278/1278
f 1279/1279/1279 1280/1280/1280 1281/1281/1281
f 1282/1282/1282 1283/1283/1283 1284/1284/1284
f 1285/1285/1285 1286/1286/1286 1287/1287/1287
f 1288/1288/1288 1289/1289/1289 1290/1290/1290
f 1291/1291/1291 1292/1292/1292 1293/1293/1293
f 1294/1294/1294 1295/1295/1295 1296/1296/1296
f 1297/1297/1297 1298/1298/1298 1299/1299/1299
f 1300/1300/1300 1301/1301/1301 1302/1302/1302
f 1303/1303/1303 1304/1304/1304 1305/1305/1305
f 1306/1306/1306 1307/1307/1307 1308/1308/1308
f 1309/1309/1309 1310/1310/1310 1311/1311/1311
f 1312/1312/1312 1313/1313/1313 1314/1314/1314
f 1315/1315/1315 1316/1316/1316 1317/1317/1317
f 1318/1318/1318 1319/1319/1319 1320/1320/1320
f 1321/1321/1321 1322/1322/1322 1323/1323/1323
f 1324/1324/1324 1325/1325/1325 1326/1326/1326
f 1327/1327/1327 1328/1328/1328 1329/1329/1329
f 1330/1330/1330 1331/1331/1331 1332/1332/1332
f 1333/1333/1333 1334/1334/1334 1335/1335/1335
f 1336/1336/1336 1337/1337/1337 1338/1338/1338
f 1339/1339/1339 1340/1340/1340 1341/1341/1341
f 1342/1342/1342 1343/1343/1343 1344/1344/1344
f 1345/1345/1345 1346/1346/1346 1347/1347/1347
f 1348/1348/1348 1349/1349/1349 1350/1350/1350
f 1351/1351/1351 1352/1352/1352 1353/1353/1353
f 1354/1354/1354 1355/1355/1355 1356/1356/1356
f 1357/1357/1357 1358/1358/1358 1359/1359/1359
f 1360/1360/1360 1361/1361/1361 1362/1362/1362
f 1363/1363/1363 1364/1364/1364 1365/1365/1365
f 1366/1366/1366 1367/1367/1367 1368/1368/1368
f 1369/1369/1369 1370/1370/1370 1371/1371/1371
f 1372/1372/1372 1373/1373/1373 1374/1374/1374
f 1375/1375/1375 1376/1376/1376 1377/1377/1377
f 1378/1378/1378 1379/1379/1379 1380/1380/1380
f 1381/1381/1381 1382/1382/1382 1383/1383/1383
f 1384/1384/1384 1385/1385/1385 1386/1386/1386
f 1387/1387/1387 1388/1388/1388 1389/1389/1389
f 1390/1390/1390 1391/1391/1391 1392/1392/1392
f 1393/1393/1393 1394/1394/1394 1395/1395/1395
f 1396/1396/1396 1397/1397/1397 1398/1398/1398
f 1399/1399/1399 1400/1400/1400 1401/1401/1401
f 1402/1402/1402 1403/1403/1403 1404/1404/1404
f 1405/1405/1405 1406/1406/1406 1407/1407/1407
f 1408/1408/1408 1409/1409/1409 1410/1410/1410
f 1411/1411/1411 1412/1412/1412 1413/1413/1413
f 1414/1414/1414 1415/1415/1415 1416/1416/1416
f 1417/1417/1417 1418/1418/1418 1419/1419/1419
f 1420/1420/1420 1421/1421/1421 1422/1422/1422
f 1423/1423/1423 1424/1424/1424 1425/1425/1425
f 1426/1426/1426 1427/1427/1427 1428/1428/1428
f 1429/1429/1429 1430/1430/1430 1431/1431/1431
f 1432/1432/1432 1433/1433/1433 1434/1434/1434
f 1435/1435/1435 1436/1436/1436 1437/1437/1437
f 1438/1438/1438 1439/1439/1439 1440/1440/1440
f 1441/1441/1441 1442/1442/1442 1443/1443/1443
f 1444/1444/1444 1445/1445/1445 1446/1446/1446
f 1447/1447/1447 1448/1448/1448 1449/1449/1449
f 1450/1450/1450 1451/1451/1451 1452/1452/1452
f 1453/1453/1453 1454/1454/1454 1455/1455/1455
f 1456/1456/1456 1457/1457/1457 1458/1458/1458
f 1459/1459/1459 1460/1460/1460 1461/1461/1461
f 1462/1462/1462 1463/1463/1463 1464/1464/1464
f 1465/1465/1465 1466/1466/1466 1467/1467/1467
f 1468/1468/1468 1469/1469/1469 1470/1470/1470
f 1471/1471/1471 1472/1472/1472 1473/1473/1473
f 1474/1474/1474 1475/1475/1475 1476/1476/1476
f 1477/1477/1477 1478/1478/1478 1479/1479/1479
f 1480/1480/1480 1481/1481/1481 1482/1482/1482
f 1483/1483/1483 1484/1484/1484 1485/1485/1485
f 1486/1486/1486 1487/1487/1487 1488/1488/1488
f 1489/1489/1489 1490/1490/1490 1491/1491/1491
f 1492/1492/1492 1493/1493/1493 1494/1494/1494
f 1495/1495/1495 1496/1496/1496 1497/1497/1497
f 1498/1498/1498 1499/1499/1499 1500/1500/1500
f 1501/1501/1501 1502/1502/1502 1503/1503/1503
f 1504/1504/1504 1505/1505/1505 1506/1506/1506
f 1507/1507/1507 1508/1508/1508 1509/1509/1509
f 1510/1510/1510 1511/1511/1511 1512/1512/1512
f 1513/1513/1513 1514/1514/1514 1515/1515/1515
f 1516/1516/1516 1517/1517/1517 1518/1518/1518
f 1519/1519/1519 1520/1520/1520 1521/1521/1521
f 1522/1522/1522 1523/1523/1523 1524/1524/1524
f 1525/1525/1525 1526/1526/1526 1527/1527/1527
f 1528/1528/1528 1529/1529/1529 1530/1530/1530
f 1531/1531/1531 1532/1532/1532 1533/1533/1533
f 1534/1534/1534 1535/1535/1535 1536/1536/1536
f 1537/1537/1537 1538/1538/1538 1539/1539/1539
f 1540/1540/1540 1541/1541/1541 1542/1542/1542
f 1543/1543/1543 1544/1544/1544 1545/1545/1545
f 1546/1546/1546 1547/1547/1547 1548/1548/1548
f 1549/1549/1549 1550/1550/1550 1551/1551/1551
f 1552/1552/1552 1553/1553/1553 1554/1554/1554
f 1555/1555/1555 1556/1556/1556 1557/1557/1557
f 1558/1558/1558 1559/1559/1559 1560/1560/1560
f 1561/1561/1561 1562/1562/1562 1563/1563/1563
f 1564/1564/1564 1565/1565/1565 1566/1566/1566
f 1567/1567/1567 1568/1568/1568 1569/1569/1569
f 1570/1570/1570 1571/1571/1571 1572/1572/1572
f 1573/1573/1573 1574/1574/1574 1575/1575/1575
f 1576/1576/1576 1577/1577/1577 1578/1578/1578
f 1579/1579/1579 1580/1580/1580 1581/1581/1581
f 1582/1582/1582 1583/1583/1583 1584/1584/1584
f 1585/1585/1585 1586/1586/1586 1587/1587/1587
f 1588/1588/1588 1589/1589/1589 1590/1590/1590
f 1591/1591/1591 1592/1592/1592 1593/1593/1593
f 1594/1594/1594 1595/1595/1595 1596/1596/1596
f 1597/1597/1597 1598/1598/1598 1599/1599/1599
f 1600/1600/1600 1601/1601/1601 1602/1602/1602
f 1603/1603/1603 1604/1604/1604 1605/1605/1605
f 1606/1606/1606 1607/1607/1607 1608/1608/1608
f 1609/1609/1609 1610/1610/1610 1611/1611/1611
f 1612/1612/1612 1613/1613/1613 1614/1614/1614
f 1615/1615/1615 1616/1616/1616 1617/1617/1617
f 1618/1618/1618 1619/1619/1619 1620/1620/1620
f 1621/1621/1621 1622/1622/1622 1623/1623/1623
f 1624/1624/1624 1625/1625/1625 1626/1626/1626
f 1627/1627/1627 1628/1628/1628 1629/1629/1629
f 1630/1630/1630 1631/1631/1631 1632/1632/1632
f 1633/1633/1633 1634/1634/1634 1635/1635/1635
f 1636/1636/1636 1637/1637/1637 1638/1638/1638
f 1639/1639/1639 1640/1640/1640 1641/1641/1641
f 1642/1642/1642 1643/1643/1643 1644/1644/1644
f 1645/1645/1645 1646/1646/1646 1647/1647/1647
f 1648/1648/1648 1649/1649/1649 1650/1650/1650
f 1651/1651/1651 1652/1652/1652 1653/1653/1653
f 1654/1654/1654 1655/1655/1655 1656/1656/1656
f 1657/1657/1657 1658/1658/1658 1659/1659/1659
f 1660/1660/1660 1661/1661/1661 1662/1662/1662
f 1663/1663/1663 1664/1664/1664 1665/1665/1665
f 1666/1666/1666 1667/1667/1667 1668/1668/1668
f 1669/1669/1669 1670/1670/1670 1671/1671/1671
f 1672/1672/1672 1673/1673/1673 1674/1674/1674
f 1675/1675/1675 1676/1676/1676 1677/1677/1677
f 1678/1678/1678 1679/1679/1679 1680/1680/1680
f 1681/1681/1681 1682/1682/1682 1683/1683/1683
f 1684/1684/1684 1685/1685/1685 1686/1686/1686
f 1687/1687/1687 1688/1688/1688 1689/1689/1689
f 1690/1690/1690 1691/1691/1691 1692/1692/1692
f 1693/1693/1693 1694/1694/1694 1695/1695/1695
f 1696/1696/1696 1697/1697/1697 1698/1698/1698
f 1699/1699/1699 1700/1700/1700 1701/1701/1701
f 1702/1702/1702 1703/1703/1703 1704/1704/1704
f 1705/1705/1705 1706/1706/1706 1707/1707/1707
f 1708/1708/1708 1709/1709/1709 1710/1710/1710
f 1711/1711/1711 1712/1712/1712 1713/1713/1713
f 1714/1714/1714 1715/1715/1715 1716/1716/1716
f 1717/1717/1717 1718/1718/1718 1719/1719/1719
f 1720/1720/1720 1721/1721/1721 1722/1722/1722
f 1723/1723/1723 1724/1724/1724 1725/1725/1725
f 1726/1726/1726 1727/1727/1727 1728/1728/1728
f 1729/1729/1729 1730/1730/1730 1731/1731/1731
f 1732/1732/1732 1733/1733/1733 1734/1734/1734
f 1735/1735/1735 1736/1736/1736 1737/1737/1737
f 1738/1738/1738 1739/1739/1739 1740/1740/1740
f 1741/1741/1741 1742/1742/1742 1743/1743/1743
f 1744/1744/1744 1745/1745/1745 1746/1746/1746
f 1747/1747/1747 1748/1748/1748 1749/1749/1749
f 1750/1750/1750 1751/1751/1751 1752/1752/1752
f 1753/1753/1753 1754/1754/1754 1755/1755/1755
f 1756/1756/1756 1757/1757/1757 1758/1758/1758
f 1759/1759/1759 1760/1760/1760 1761/1761/1761
f 1762/1762/1762 1763/1763/1763 1764/1764/1764
f 1765/1765/1765 1766/1766/1766 1767/1767/1767
f 1768/1768/1768 1769/1769/1769 1770/1770/1770
f 1771/1771/1771 1772/1772/1772 1773/1773/1773
f 1774/1774/1774 1775/1775/1775 1776/1776/1776
f 1777/1777/1777 1778/1778/1778 1779/1779/1779
f 1780/1780/1780 1781/1781/1781 1782/1782/1782
f 1783/1783/1783 1784/1784/1784 1785/1785/1785
f 1786/1786/1786 1787/1787/1787 1788/1788/1788
f 1789/1789/1789 1790/1790/1790 1791/1791/1791
f 1792/1792/1792 1793/1793/1793 1794/1794/1794
f 1795/1795/1795 1796/1796/1796 1797/1797/1797
f 1798/1798/1798 1799/1799/1799 1800/1800/1800
f 1801/1801/1801 1802/1802/1802 1803/1803/1803
f 1804/1804/1804 1805/1805/1805 1806/1806/1806
f 1807/1807/1807 1808/1808/1808 1809/1809/1809
f 1810/1810/1810 1811/1811/1811 1812/1812/1812
f 1813/1813/1813 1814/1814/1814 1815/1815/1815
f 1816/1816/1816 1817/1817/1817 1818/1818/1818
f 1819/1819/1819 1820/1820/1820 1821/1821/1821
f 1822/1822/1822 1823/1823/1823 1824/1824/1824
f 1825/1825/1825 1826/1826/1826 1827/1827/1827
f 1828/1828/1828 1829/1829/1829 1830/1830/1830
f 1831/1831/1831 1832/1832/1832 1833/1833/1833
f 1834/1834/1834 1835/1835/1835 1836/1836/1836
f 1837/1837/1837 1838/1838/1838 1839/1839/1839
f 1840/1840/1840 1841/1841/1841 1842/1842/1842
f 1843/1843/1843 1844/1844/1844 1845/1845/1845
f 1846/1846/1846 1847/1847/1847 1848/1848/1848
f 1849/1849/1849 1850/1850/1850 1851/1851/1851
f 1852/1852/1852 1853/1853/1853 1854/1854/1854
f 1855/1855/1855 1856/1856/1856 1857/1857/1857
f 1858/1858/1858 1859/1859/1859 1860/1860/1860
f 1861/1861/1861 1862/1862/1862 1863/1863/1863
f 1864/1864/1864 1865/1865/1865 1866/1866/1866
f 1867/1867/1867 1868/1868/1868 1869/1869/1869
f 1870/1870/1870 1871/1871/1871 1872/1872/1872
f 1873/1873/1873 1874/1874/1874 1875/1875/1875
f 1876/1876/1876 1877/1877/1877 1878/1878/1878
f 1879/1879/1879 1880/1880/1880 1881/1881/1881
f 1882/1882/1882 1883/1883/1883 1884/1884/1884
f 1885/1885/1885 1886/1886/1886 1887/1887/1887
f 1888/1888/1888 1889/1889/1889 1890/1890/1890
f 1891/1891/1891 1892/1892/1892 1893/1893/1893
f 1894/1894/1894 1895/1895/1895 1896/1896/1896
f 1897/1897/1897 1898/1898/1898 1899/1899/1899
f 1900/1900/1900 1901/1901/1901 1902/1902/1902
f 1903/1903/1903 1904/1904/1904 1905/1905/1905
f 1906/1906/1906 1907/1907/1907 1908/1908/1908
f 1909/1909/1909 1910/1910/1910 1911/1911/1911
f 1912/1912/1912 1913/1913/1913 1914/1914/1914
f 1915/1915/1915 1916/1916/1916 1917/1917/1917
f 1918/1918/1918 1919/1919/1919 1920/1920/1920
f 1921/1921/1921 1922/1922/1922 1923/1923/1923
f 1924/1924/1924 1925/1925/1925 1926/1926/1926
f 1927/1927/1927 1928/1928/1928 1929/1929/1929
f 1930/1930/1930 1931/1931/1931 1932/1932/1932
f 1933/1933/1933 1934/1934/1934 1935/1935/1935
f 1936/1936/1936 1937/1937/1937 1938/1938/1938
f 1939/1939/1939 1940/1940/1940 1941/1941/1941
f 1942/1942/1942 1943/1943/1943 1944/1944/1944
f 1945/1945/1945 1946/1946/1946 1947/1947/1947
f 1948/1948/1948 1949/1949/1949 1950/1950/1950
f 1951/1951/1951 1952/1952/1952 1953/1953/1953
f 1954/1954/1954 1955/1955/1955 1956/1956/1956
f 1957/1957/1957 1958/1958/1958 1959/1959/1959
f 1960/1960/1960 1961/1961/1961 1962/1962/1962
f 1963/1963/1963 1964/1964/1964 1965/1965/1965
f 1966/1966/1966 1967/1967/1967 1968/1968/1968
f 1969/1969/1969 1970/1970/1970 1971/1971/1971
f 1972/1972/1972 1973/1973/1973 1974/1974/1974
f 1975/1975/1975 1976/1976/1976 1977/1977/1977
f 1978/1978/1978 1979/1979/1979 1980/1980/1980
f 1981/1981/1981 1982/1982/1982 1983/1983/1983
f 1984/1984/1984 1985/1985/1985 1986/1986/1986
f 1987/1987/1987 1988/1988/1988 1989/1989/1989
f 1990/1990/1990 1991/1991/1991 1992/1992/1992
f 1993/1993/1993 1994/1994/1994 1995/1995/1995
f 1996/1996/1996 1997/1997/1997 1998/1998/1998
f 1999/1999/1999 2000/2000/2000 2001/2001/2001
f 2002/2002/2002 2003/2003/2003 2004/2004/2004
f 2005/2005/2005 2006/2006/2006 2007/2007/2007
f 2008/2008/2008 2009/2009/2009 2010/2010/2010
f 2011/2011/2011 2012/2012/2012 2013/2013/2013
f 2014/2014/2014 2015/2015/2015 2016/2016/2016
f 2017/2017/2017 2018/2018/2018 2019/2019/2019
f 2020/2020/2020 2021/2021/2021 2022/2022/2022
f 2023/2023/2023 2024/2024/2024 2025/2025/2025
f 2026/2026/2026 2027/2027/2027 2028/2028/2028
f 2029/2029/2029 2030/2030/2030 2031/2031/2031
f 2032/2032/2032 2033/2033/2033 2034/2034/2034
f 2035/2035/2035 2036/2036/2036 2037/2037/2037
f 2038/2038/2038 2039/2039/2039 2040/2040/2040
f 2041/2041/2041 2042/2042/2042 2043/2043/2043
f 2044/2044/2044 2045/2045/2045 2046/2046/2046
f 2047/2047/2047 2048/2048/2048 2049/2049/2049
f 2050/2050/2050 2051/2051/2051 2052/2052/2052
f 2053/2053/2053 2054/2054/2054 2055/2055/2055
f 2056/2056/2056 2057/2057/2057 2058/2058/2058
f 2059/2059/2059 2060/2060/2060 2061/2061/2061
f 2062/2062/2062 2063/2063/2063 2064/2064/2064
f 2065/2065/2065 2066/2066/2066 2067/2067/2067
f 2068/2068/2068 2069/2069/2069 2070/2070/2070
f 2071/2071/2071 2072/2072/2072 2073/2073/2073
f 2074/2074/2074 2075/2075/2075 2076/2076/2076
f 2077/2077/2077 2078/2078/2078 2079/2079/2079
f 2080/2080/2080 2081/2081/2081 2082/2082/2082
f 2083/2083/2083 2084/2084/2084 2085/2085/2085
f 2086/2086/2086 2087/2087/2087 2088/2088/2088
f 2089/2089/2089 2090/2090/2090 2091/2091/2091
f 2092/2092/2092 2093/2093/2093 2094/2094/2094
f 2095/2095/2095 2096/2096/2096 2097/2097/2097
f 2098/2098/2098 2099/2099/2099 2100/2100/2100
f 2101/2101/2101 2102/2102/2102 2103/2103/2103
f 2104/2104/2104 2105/2105/2105 2106/2106/2106
f 2107/2107/2107 2108/2108/2108 2109/2109/2109
f 2110/2110/2110 2111/2111/2111 2112/2112/2112
f 2113/2113/2113 2114/2114/2114 2115/2115/2115
f 2116/2116/2116 2117/2117/2117 2118/2118/2118
f 2119/2119/2119 2120/2120/2120 2121/2121/2121
f 2122/2122/2122 2123/2123/2123 2124/2124/2124
f 2125/2125/2125 2126/2126/2126 2127/2127/2127
f 2128/2128/2128 2129/2129/2129 2130/2130/2130
f 2131/2131/2131 2132/2132/2132 2133/2133/2133
f 2134/2134/2134 2135/2135/2135 2136/2136/2136
f 2137/2137/2137 2138/2138/2138 2139/2139/2139
f 2140/2140/2140 2141/2141/2141 2142/2142/2142
f 2143/2143/2143 2144/2144/2144 2145/2145/2145
f 2146/2146/2146 2147/2147/2147 2148/2148/2148
f 2149/2149/2149 2150/2150/2150 2151/2151/2151
f 2152/2152/2152 2153/2153/2153 2154/2154/2154
f 2155/2155/2155 2156/2156/2156 2157/2157/2157
f 2158/2158/2158 2159/2159/2159 2160/2160/2160
f 2161/2161/2161 2162/2162/2162 2163/2163/2163
f 2164/2164/2164 2165/2165/2165 2166/2166/2166
f 2167/2167/2167 2168/2168/2168 2169/2169/2169
f 2170/2170/2170 2171/2171/2171 2172/2172/2172
f 2173/2173/2173 2174/2174/2174 2175/2175/2175
f 2176/2176/2176 2177/2177/2177 2178/2178/2178
f 2179/2179/2179 2180/2180/2180 2181/2181/2181
f 2182/2182/2182 2183/2183/2183 2184/2184/2184
f 2185/2185/2185 2186/2186/2186 2187/2187/2187
f 2188/2188/2188 2189/2189/2189 2190/2190/2190
f 2191/2191/2191 2192/2192/2192 2193/2193/2193
f 2194/2194/2194 2195/2195/2195 2196/2196/2196
f 2197/2197/2197 2198/2198/2198 2199/2199/2199
f 2200/2200/2200 2201/2201/2201 2202/2202/2202
f 2203/2203/2203 2204/2204/2204 2205/2205/2205
f 2206/2206/2206 2207/2207/2207 2208/2208/2208
f 2209/2209/2209 2210/2210/2210 2211/2211/2211
f 2212/2212/2212 2213/2213/2213 2214/2214/2214
f 2215/2215/2215 2216/2216/2216 2217/2217/2217
f 2218/2218/2218 2219/2219/2219 2220/2220/2220
f 2221/2221/2221 2222/2222/2222 2223/2223/2223
f 2224/2224/2224 2225/2225/2225 2226/2226/2226
f 2227/2227/2227 2228/2228/2228 2229/2229/2229
f 2230/2230/2230 2231/2231/2231 2232/2232/2232
f 2233/2233/2233 2234/2234/2234 2235/2235/2235
f 2236/2236/2236 2237/2237/2237 2238/2238/2238
f 2239/2239/2239 2240/2240/2240 2241/2241/2241
f 2242/2242/2242 2243/2243/2243 2244/2244/2244
f 2245/2245/2245 2246/2246/2246 2247/2247/2247
f 2248/2248/2248 2249/2249/2249 2250/2250/2250
f 2251/2251/2251 2252/2252/2252 2253/2253/2253
f 2254/2254/2254 2255/2255/2255 2256/2256/2256
f 2257/2257/2257 2258/2258/2258 2259/2259/2259
f 2260/2260/2260 2261/2261/2261 2262/2262/2262
f 2263/2263/2263 2264/2264/2264 2265/2265/2265
f 2266/2266/2266 2267/2267/2267 2268/2268/2268
f 2269/2269/2269 2270/2270/2270 2271/2271/2271
f 2272/2272/2272 2273/2273/2273 2274/2274/2274
f 2275/2275/2275 2276/2276/2276 2277/2277/2277
f 2278/2278/2278 2279/2279/2279 2280/2280/2280
f 2281/2281/2281 2282/2282/2282 2283/2283/2283
f 2284/2284/2284 2285/2285/2285 2286/2286/2286
f 2287/2287/2287 2288/2288/2288 2289/2289/2289
f 2290/2290/2290 2291/2291/2291 2292/2292/2292
f 2293/2293/2293 2294/2294/2294 2295/2295/2295
f 2296/2296/2296 2297/2297/2297 2298/2298/2298
f 2299/2299/2299 2300/2300/2300 2301/2301/2301
f 2302/2302/2302 2303/2303/2303 2304/2304/2304
f 2305/2305/2305 2306/2306/2306 2307/2307/2307
f 2308/2308/2308 2309/2309/2309 2310/2310/2310
f 2311/2311/2311 2312/2312/2312 2313/2313/2313
f 2314/2314/2314 2315/2315/2315 2316/2316/2316
f 2317/2317/2317 2318/2318/2318 2319/2319/2319
f 2320/2320/2320 2321/2321/2321 2322/2322/2322
f 2323/2323/2323 2324/2324/2324 2325/2325/2325
f 2326/2326/2326 2327/2327/2327 2328/2328/2328
f 2329/2329/2329 2330/2330/2330 2331/2331/2331
f 2332/2332/2332 2333/2333/2333 2334/2334/2334
f 2335/2335/2335 2336/2336/2336 2337/2337/2337
f 2338/2338/2338 2339/2339/2339 2340/2340/2340
f 2341/2341/2341 2342/2342/2342 2343/2343/2343
f 2344/2344/2344 2345/2345/2345 2346/2346/2346
f 2347/2347/2347 2348/2348/2348 2349/2349/2349
f 2350/2350/2350 2351/2351/2351 2352/2352/2352
f 2353/2353/2353 2354/2354/2354 2355/2355/2355
f 2356/2356/2356 2357/2357/2357 2358/2358/2358
f 2359/2359/2359 2360/2360/2360 2361/2361/2361
f 2362/2362/2362 2363/2363/2363 2364/2364/2364
f 2365/2365/2365 2366/2366/2366 2367/2367/2367
f 2368/2368/2368 2369/2369/2369 2370/2370/2370
f 2371/2371/2371 2372/2372/2372 2373/2373/2373
f 2374/2374/2374 2375/2375/2375 2376/2376/2376
f 2377/2377/2377 2378/2378/2378 2379/2379/2379
f 2380/2380/2380 2381/2381/2381 2382/2382/2382
f 2383/2383/2383 2384/2384/2384 2385/2385/2385
f 2386/2386/2386 2387/2387/2387 2388/2388/2388
f 2389/2389/2389 2390/2390/2390 2391/2391/2391
f 2392/2392/2392 2393/2393/2393 2394/2394/2394
f 2395/2395/2395 2396/2396/2396 2397/2397/2397
f 2398/2398/2398 2399/2399/2399 2400/2400/2400
f 2401/2401/2401 2402/2402/2402 2403/2403/2403
f 2404/2404/2404 2405/2405/2405 2406/2406/2406
f 2407/2407/2407 2408/2408/2408 2409/2409/2409
f 2410/2410/2410 2411/2411/2411 2412/2412/2412
f 2413/2413/2413 2414/2414/2414 2415/2415/2415
f 2416/2416/2416 2417/2417/2417 2418/2418/2418
f 2419/2419/2419 2420/2420/2420 2421/2421/2421
f 2422/2422/2422 2423/2423/2423 2424/2424/2424
f 2425/2425/2425 2426/2426/2426 2427/2427/2427
f 2428/2428/2428 2429/2429/2429 2430/2430/2430
f 2431/2431/2431 2432/2432/2432 2433/2433/2433
f 2434/2434/2434 2435/2435/2435 2436/2436/2436
f 2437/2437/2437 2438/2438/2438 2439/2439/2439
f 2440/2440/2440 2441/2441/2441 2442/2442/2442
f 2443/2443/2443 2444/2444/2444 2445/2445/2445
f 2446/2446/2446 2447/2447/2447 2448/2448/2448
f 2449/2449/2449 2450/2450/2450 2451/2451/2451
f 2452/2452/2452 2453/2453/2453 2454/2454/2454
f 2455/2455/2455 2456/2456/2456 2457/2457/2457
f 2458/2458/2458 2459/2459/2459 2460/2460/2460
f 2461/2461/2461 2462/2462/2462 2463/2463/2463
f 2464/2464/2464 2465/2465/2465 2466/2466/2466
f 2467/2467/2467 2468/2468/2468 2469/2469/2469
f 2470/2470/2470 2471/2471/2471 2472/2472/2472
f 2473/2473/2473 2474/2474/2474 2475/2475/2475
f 2476/2476/2476 2477/2477/2477 2478/2478/2478
f 2479/2479/2479 2480/2480/2480 2481/2481/2481
f 2482/2482/2482 2483/2483/2483 2484/2484/2484
f 2485/2485/2485 2486/2486/2486 2487/2487/2487
f 2488/2488/2488 2489/2489/2489 2490/2490/2490
f 2491/2491/2491 2492/2492/2492 2493/2493/2493
f 2494/2494/2494 2495/2495/2495 2496/2496/2496
f 2497/2497/2497 2498/2498/2498 2499/2499/2499
f 2500/2500/2500 2501/2501/2501 2502/2502/2502
f 2503/2503/2503 2504/2504/2504 2505/2505/2505
f 2506/2506/2506 2507/2507/2507 2508/2508/2508
f 2509/2509/2509 2510/2510/2510 2511/2511/2511
f 2512/2512/2512 2513/2513/2513 2514/2514/2514
f 2515/2515/2515 2516/2516/2516 2517/2517/2517
f 2518/2518/2518 2519/2519/2519 2520/2520/2520
f 2521/2521/2521 2522/2522/2522 2523/2523/2523
f 2524/2524/2524 2525/2525/2525 2526/2526/2526
f 2527/2527/2527 2528/2528/2528 2529/2529/2529
f 2530/2530/2530 2531/2531/2531 2532/2532/2532
f 2533/2533/2533 2534/2534/2534 2535/2535/2535
f 2536/2536/2536 2537/2537/2537 2538/2538/2538
f 2539/2539/2539 2540/2540/2540 2541/2541/2541
f 2542/2542/2542 2543/2543/2543 2544/2544/2544
f 2545/2545/2545 2546/2546/2546 2547/2547/2547
f 2548/2548/2548 2549/2549/2549 2550/2550/2550
f 2551/2551/2551 2552/2552/2552 2553/2553/2553
f 2554/2554/2554 2555/2555/2555 2556/2556/2556
f 2557/2557/2557 2558/2558/2558 2559/2559/2559
f 2560/2560/2560 2561/2561/2561 2562/2562/2562
f 2563/2563/2563 2564/2564/2564 2565/2565/2565
f 2566/2566/2566 2567/2567/2567 2568/2568/2568
f 2569/2569/2569 2570/2570/2570 2571/2571/2571
f 2572/2572/2572 2573/2573/2573 2574/2574/2574
f 2575/2575/2575 2576/2576/2576 2577/2577/2577
f 2578/2578/2578 2579/2579/2579 2580/2580/2580
f 2581/2581/2581 2582/2582/2582 2583/2583/2583
f 2584/2584/2584 2585/2585/2585 2586/2586/2586
f 2587/2587/2587 2588/2588/2588 2589/2589/2589
f 2590/2590/2590 2591/2591/2591 2592/2592/2592
f 2593/2593/2593 2594/2594/2594 2595/2595/2595
f 2596/2596/2596 2597/2597/2597 2598/2598/2598
f 2599/2599/2599 2600/2600/2600 2601/2601/2601
f 2602/2602/2602 2603/2603/2603 2604/2604/2604
f 2605/2605/2605 2606/2606/2606 2607/2607/2607
f 2608/2608/2608 2609/2609/2609 2610/2610/2610
f 2611/2611/2611 2612/2612/2612 2613/2613/2613
f 2614/2614/2614 2615/2615/2615 2616/2616/2616
f 2617/2617/2617 2618/2618/2618 2619/2619/2619
f 2620/2620/2620 2621/2621/2621 2622/2622/2622
f 2623/2623/2623 2624/2624/2624 2625/2625/2625
f 2626/2626/2626 2627/2627/2627 2628/2628/2628
f 2629/2629/2629 2630/2630/2630 2631/2631/2631
f 2632/2632/2632 2633/2633/2633 2634/2634/2634
f 2635/2635/2635 2636/2636/2636 2637/2637/2637
f 2638/2638/2638 2639/2639/2639 2640/2640/2640
f 2641/2641/2641 2642/2642/2642 2643/2643/2643
f 2644/2644/2644 2645/2645/2645 2646/2646/2646
f 2647/2647/2647 2648/2648/2648 2649/2649/2649
f 2650/2650/2650 2651/2651/2651 2652/2652/2652
f 2653/2653/2653 2654/2654/2654 2655/2655/2655
f 2656/2656/2656 2657/2657/2657 2658/2658/2658
f 2659/2659/2659 2660/2660/2660 2661/2661/2661
f 2662/2662/2662 2663/2663/2663 2664/2664/2664
f 2665/2665/2665 2666/2666/2666 2667/2667/2667
f 2668/2668/2668 2669/2669/2669 2670/2670/2670
f 2671/2671/2671 2672/2672/2672 2673/2673/2673
f 2674/2674/2674 2675/2675/2675 2676/2676/2676
f 2677/2677/2677 2678/2678/2678 2679/2679/2679
f 2680/2680/2680 2681/2681/2681 2682/2682/2682
f 2683/2683/2683 2684/2684/2684 2685/2685/2685
f 2686/2686/2686 2687/2687/2687 2688/2688/2688
f 2689/2689/2689 2690/2690/2690 2691/2691/2691
f 2692/2692/2692 2693/2693/2693 2694/2694/2694
f 2695/2695/2695 2696/2696/2696 2697/2697/2697
f 2698/2698/2698 2699/2699/2699 2700/2700/2700
f 2701/2701/2701 2702/2702/2702 2703/2703/2703
f 2704/2704/2704 2705/2705/2705 2706/2706/2706
f 2707/2707/2707 2708/2708/2708 2709/2709/2709
f 2710/2710/2710 2711/2711/2711 2712/2712/2712
f 2713/2713/2713 2714/2714/2714 2715/2715/2715
f 2716/2716/2716 2717/2717/2717 2718/2718/2718
f 2719/2719/2719 2720/2720/2720 2721/2721/2721
f 2722/2722/2722 2723/2723/2723 2724/2724/2724
f 2725/2725/2725 2726/2726/2726 2727/2727/2727
f 2728/2728/2728 2729/2729/2729 2730/2730/2730
f 2731/2731/2731 2732/2732/2732 2733/2733/2733
f 2734/2734/2734 2735/2735/2735 2736/2736/2736
f 2737/2737/2737 2738/2738/2738 2739/2739/2739
f 2740/2740/2740 2741/2741/2741 2742/2742/2742
f 2743/2743/2743 2744/2744/2744 2745/2745/2745
f 2746/2746/2746 2747/2747/2747 2748/2748/2748
f 2749/2749/2749 2750/2750/2750 2751/2751/2751
f 2752/2752/2752 2753/2753/2753 2754/2754/2754
f 2755/2755/2755 2756/2756/2756 2757/2757/2757
f 2758/2758/2758 2759/2759/2759 2760/2760/2760
f 2761/2761/2761 2762/2762/2762 2763/2763/2763
f 2764/2764/2764 2765/2765/2765 2766/2766/2766
f 2767/2767/2767 2768/2768/2768 2769/2769/2769
f 2770/2770/2770 2771/2771/2771 2772/2772/2772
f 2773/2773/2773 2774/2774/2774 2775/2775/2775
f 2776/2776/2776 2777/2777/2777 2778/2778/2778
f 2779/2779/2779 2780/2780/2780 2781/2781/2781
f 2782/2782/2782 2783/2783/2783 2784/2784/2784
f 2785/2785/2785 2786/2786/2786 2787/2787/2787
f 2788/2788/2788 2789/2789/2789 2790/2790/2790
f 2791/2791/2791 2792/2792/2792 2793/2793/2793
f 2794/2794/2794 2795/2795/2795 2796/2796/2796
f 2797/2797/2797 2798/2798/2798 2799/2799/2799
f 2800/2800/2800 2801/2801/2801 2802/2802/2802
f 2803/2803/2803 2804/2804/2804 2805/2805/2805
f 2806/2806/2806 2807/2807/2807 2808/2808/2808
f 2809/2809/2809 2810/2810/2810 2811/2811/2811
f 2812/2812/2812 2813/2813/2813 2814/2814/2814
f 2815/2815/2815 2816/2816/2816 2817/2817/2817
f 2818/2818/2818 2819/2819/2819 2820/2820/2820
f 2821/2821/2821 2822/2822/2822 2823/2823/2823
f 2824/2824/2824 2825/2825/2825 2826/2826/2826
f 2827/2827/2827 2828/2828/2828 2829/2829/2829
f 2830/2830/2830 2831/2831/2831 2832/2832/2832
f 2833/2833/2833 2834/2834/2834 2835/2835/2835
f 2836/2836/2836 2837/2837/2837 2838/2838/2838
f 2839/2839/2839 2840/2840/2840 2841/2841/2841
f 2842/2842/2842 2843/2843/2843 2844/2844/2844
f 2845/2845/2845 2846/2846/2846 2847/2847/2847
f 2848/2848/2848 2849/2849/2849 2850/2850/2850
f 2851/2851/2851 2852/2852/2852 2853/2853/2853
f 2854/2854/2854 2855/2855/2855 2856/2856/2856
f 2857/2857/2857 2858/2858/2858 2859/2859/2859
f 2860/2860/2860 2861/2861/2861 2862/2862/2862
f 2863/2863/2863 2864/2864/2864 2865/2865/2865
f 2866/2866/2866 2867/2867/2867 2868/2868/2868
f 2869/2869/2869 2870/2870/2870 2871/2871/2871
f 2872/2872/2872 2873/2873/2873 2874/2874/2874
f 2875/2875/2875 2876/2876/2876 2877/2877/2877
f 2878/2878/2878 2879/2879/2879 2880/2880/2880
f 2881/2881/2881 2882/2882/2882 2883/2883/2883
f 2884/2884/2884 2885/2885/2885 2886/2886/2886
f 2887/2887/2887 2888/2888/2888 2889/2889/2889
f 2890/2890/2890 2891/2891/2891 2892/2892/2892
f 2893/2893/2893 2894/2894/2894 2895/2895/2895
f 2896/2896/2896 2897/2897/2897 2898/2898/2898
f 2899/2899/2899 2900/2900/2900 2901/2901/2901
f 2902/2902/2902 2903/2903/2903 2904/2904/2904
f 2905/2905/2905 2906/2906/2906 2907/2907/2907
f 2908/2908/2908 2909/2909/2909 2910/2910/2910
f 2911/2911/2911 2912/2912/2912 2913/2913/2913
f 2914/2914/2914 2915/2915/2915 2916/2916/2916
f 2917/2917/2917 2918/2918/2918 2919/2919/2919
f 2920/2920/2920 2921/2921/2921 2922/2922/2922
f 2923/2923/2923 2924/2924/2924 2925/2925/2925
f 2926/2926/2926 2927/2927/2927 2928/2928/2928
f 2929/2929/2929 2930/2930/2930 2931/2931/2931
f 2932/2932/2932 2933/2933/2933 2934/2934/2934
f 2935/2935/2935 2936/2936/2936 2937/2937/2937
f 2938/2938/2938 2939/2939/2939 2940/2940/2940
f 2941/2941/2941 2942/2942/2942 2943/2943/2943
f 2944/2944/2944 2945/2945/2945 2946/2946/2946
f 2947/2947/2947 2948/2948/2948 2949/2949/2949
f 2950/2950/2950 2951/2951/2951 2952/2952/2952
f 2953/2953/2953 2954/2954/2954 2955/2955/2955
f 2956/2956/2956 2957/2957/2957 2958/2958/2958
f 2959/2959/2959 2960/2960/2960 2961/2961/2961
f 2962/2962/2962 2963/2963/2963 2964/2964/2964
f 2965/2965/2965 2966/2966/2966 2967/2967/2967
f 2968/2968/2968 2969/2969/2969 2970/2970/2970
f 2971/2971/2971 2972/2972/2972 2973/2973/2973
f 2974/2974/2974 2975/2975/2975 2976/2976/2976
f 2977/2977/2977 2978/2978/2978 2979/2979/2979
f 2980/2980/2980 2981/2981/2981 2982/2982/2982
f 2983/2983/2983 2984/2984/2984 2985/2985/2985
f 2986/2986/2986 2987/2987/2987 2988/2988/2988
f 2989/2989/2989 2990/2990/2990 2991/2991/2991
f 2992/2992/2992 2993/2993/2993 2994/2994/2994
f 2995/2995/2995 2996/2996/2996 2997/2997/2997
f 2998/2998/2998 2999/2999/2999 3000/3000/3000
f 3001/3001/3001 3002/3002/3002 3003/3003/3003
f 3004/3004/3004 3005/3005/3005 3006/3006/3006
f 3007/3007/3007 3008/3008/3008 3009/3009/3009
f 3010/3010/3010 3011/3011/3011 3012/3012/3012
f 3013/3013/3013 3014/3014/3014 3015/3015/3015
f 3016/3016/3016 3017/3017/3017 3018/3018/3018
f 3019/3019/3019 3020/3020/3020 3021/3021/3021
f 3022/3022/3022 3023/3023/3023 3024/3024/3024
f 3025/3025/3025 3026/3026/3026 3027/3027/3027
f 3028/3028/3028 3029/3029/3029 3030/3030/3030
f 3031/3031/3031 3032/3032/3032 3033/3033/3033
f 3034/3034/3034 3035/3035/3035 3036/3036/3036
f 3037/3037/3037 3038/3038/3038 3039/3039/3039
f 3040/3040/3040 3041/3041/3041 3042/3042/3042
f 3043/3043/3043 3044/3044/3044 3045/3045/3045
f 3046/3046/3046 3047/3047/3047 3048/3048/3048
f 3049/3049/3049 3050/3050/3050 3051/3051/3051
f 3052/3052/3052 3053/3053/3053 3054/3054/3054
f 3055/3055/3055 3056/3056/3056 3057/3057/3057
f 3058/3058/3058 3059/3059/3059 3060/3060/3060
f 3061/3061/3061 3062/3062/3062 3063/3063/3063
f 3064/3064/3064 3065/3065/3065 3066/3066/3066
f 3067/3067/3067 3068/3068/3068 3069/3069/3069
f 3070/3070/3070 3071/3071/3071 3072/3072/3072
f 3073/3073/3073 3074/3074/3074 3075/3075/3075
f 3076/3076/3076 3077/3077/3077 3078/3078/3078
f 3079/3079/3079 3080/3080/3080 3081/3081/3081
f 3082/3082/3082 3083/3083/3083 3084/3084/3084
f 3085/3085/3085 3086/3086/3086 3087/3087/3087
f 3088/3088/3088 3089/3089/3089 3090/3090/3090
f 3091/3091/3091 3092/3092/3092 3093/3093/3093
f 3094/3094/3094 3095/3095/3095 3096/3096/3096
f 3097/3097/3097 3098/3098/3098 3099/3099/3099
f 3100/3100/3100 3101/3101/3101 3102/3102/3102
f 3103/3103/3103 3104/3104/3104 3105/3105/3105
f 3106/3106/3106 3107/3107/3107 3108/3108/3108
f 3109/3109/3109 3110/3110/3110 3111/3111/3111
f 3112/3112/3112 3113/3113/3113 3114/3114/3114
f 3115/3115/3115 3116/3116/3116 3117/3117/3117
f 3118/3118/3118 3119/3119/3119 3120/3120/3120
f 3121/3121/3121 3122/3122/3122 3123/3123/3123
f 3124/3124/3124 3125/3125/3125 3126/3126/3126
f 3127/3127/3127 3128/3128/3128 3129/3129/3129
f 3130/3130/3130 3131/3131/3131 3132/3132/3132
f 3133/3133/3133 3134/3134/3134 3135/3135/3135
f 3136/3136/3136 3137/3137/3137 3138/3138/3138
f 3139/3139/3139 3140/3140/3140 3141/3141/3141
f 3142/3142/3142 3143/3143/3143 3144/3144/3144
f 3145/3145/3145 3146/3146/3146 3147/3147/3147
f 3148/3148/3148 3149/3149/3149 3150/3150/3150
f 3151/3151/3151 3152/3152/3152 3153/3153/3153
f 3154/3154/3154 3155/3155/3155 3156/3156/3156
f 3157/3157/3157 3158/3158/3158 3159/3159/3159
f 3160/3160/3160 3161/3161/3161 3162/3162/3162
f 3163/3163/3163 3164/3164/3164 3165/3165/3165
f 3166/3166/3166 3167/3167/3167 3168/3168/3168
f 3169/3169/3169 3170/3170/3170 3171/3171/3171
f 3172/3172/3172 3173/3173/3173 3174/3174/3174
f 3175/3175/3175 3176/3176/3176 3177/3177/3177
f 3178/3178/3178 3179/3179/3179 3180/3180/3180
f 3181/3181/3181 3182/3182/3182 3183/3183/3183
f 3184/3184/3184 3185/3185/3185 3186/3186/3186
f 3187/3187/3187 3188/3188/3188 3189/3189/3189
f 3190/3190/3190 3191/3191/3191 3192/3192/3192
f 3193/3193/3193 3194/3194/3194 3195/3195/3195
f 3196/3196/3196 3197/3197/3197 3198/3198/3198
f 3199/3199/3199 3200/3200/3200 3201/3201/3201
f 3202/3202/3202 3203/3203/3203 3204/3204/3204
f 3205/3205/3205 3206/3206/3206 3207/3207/3207
f 3208/3208/3208 3209/3209/3209 3210/3210/3210
f 3211/3211/3211 3212/3212/3212 3213/3213/3213
f 3214/3214/3214 3215/3215/3215 3216/3216/3216
f 3217/3217/3217 3218/3218/3218 3219/3219/3219
f 3220/3220/3220 3221/3221/3221 3222/3222/3222
f 3223/3223/3223 3224/3224/3224 3225/3225/3225
f 3226/3226/3226 3227/3227/3227 3228/3228/3228
f 3229/3229/3229 3230/3230/3230 3231/3231/3231
f 3232/3232/3232 3233/3233/3233 3234/3234/3234
f 3235/3235/3235 3236/3236/3236 3237/3237/3237
f 3238/3238/3238 3239/3239/3239 3240/3240/3240
f 3241/3241/3241 3242/3242/3242 3243/3243/3243
f 3244/3244/3244 3245/3245/3245 3246/3246/3246
f 3247/3247/3247 3248/3248/3248 3249/3249/3249
f 3250/3250/3250 3251/3251/3251 3252/3252/3252
f 3253/3253/3253 3254/3254/3254 3255/3255/3255
f 3256/3256/3256 3257/3257/3257 3258/3258/3258
f 3259/3259/3259 3260/3260/3260 3261/3261/3261
f 3262/3262/3262 3263/3263/3263 3264/3264/3264
f 3265/3265/3265 3266/3266/3266 3267/3267/3267
f 3268/3268/3268 3269/3269/3269 3270/3270/3270
f 3271/3271/3271 3272/3272/3272 3273/3273/3273
f 3274/3274/3274 3275/3275/3275 3276/3276/3276
f 3277/3277/3277 3278/3278/3278 3279/3279/3279
f 3280/3280/3280 3281/3281/3281 3282/3282/3282
f 3283/3283/3283 3284/3284/3284 3285/3285/3285
f 3286/3286/3286 3287/3287/3287 3288/3288/3288
f 3289/3289/3289 3290/3290/3290 3291/3291/3291
f 3292/3292/3292 3293/3293/3293 3294/3294/3294
f 3295/3295/3295 3296/3296/3296 3297/3297/3297
f 3298/3298/3298 3299/3299/3299 3300/3300/3300
f 3301/3301/3301 3302/3302/3302 3303/3303/3303
f 3304/3304/3304 3305/3305/3305 3306/3306/3306
f 3307/3307/3307 3308/3308/3308 3309/3309/3309
f 3310/3310/3310 3311/3311/3311 3312/3312/3312
f 3313/3313/3313 3314/3314/3314 3315/3315/3315
f 3316/3316/3316 3317/3317/3317 3318/3318/3318
f 3319/3319/3319 3320/3320/3320 3321/3321/3321
f 3322/3322/3322 3323/3323/3323 3324/3324/3324
f 3325/3325/3325 3326/3326/3326 3327/3327/3327
f 3328/3328/3328 3329/3329/3329 3330/3330/3330
f 3331/3331/3331 3332/3332/3332 3333/3333/3333
f 3334/3334/3334 3335/3335/3335 3336/3336/3336
f 3337/3337/3337 3338/3338/3338 3339/3339/3339
f 3340/3340/3340 3341/3341/3341 3342/3342/3342
f 3343/3343/3343 3344/3344/3344 3345/3345/3345
f 3346/3346/3346 3347/3347/3347 3348/3348/3348
f 3349/3349/3349 3350/3350/3350 3351/3351/3351
f 3352/3352/3352 3353/3353/3353 3354/3354/3354
f 3355/3355/3355 3356/3356/3356 3357/3357/3357
f 3358/3358/3358 3359/3359/3359 3360/3360/3360
f 3361/3361/3361 3362/3362/3362 3363/3363/3363
f 3364/3364/3364 3365/3365/3365 3366/3366/3366
f 3367/3367/3367 3368/3368/3368 3369/3369/3369
f 3370/3370/3370 3371/3371/3371 3372/3372/3372
f 3373/3373/3373 3374/3374/3374 3375/3375/3375
f 3376/3376/3376 3377/3377/3377 3378/3378/3378
f 3379/3379/3379 3380/3380/3380 3381/3381/3381
f 3382/3382/3382 3383/3383/3383 3384/3384/3384
f 3385/3385/3385 3386/3386/3386 3387/3387/3387
f 3388/3388/3388 3389/3389/3389 3390/3390/3390
f 3391/3391/3391 3392/3392/3392 3393/3393/3393
f 3394/3394/3394 3395/3395/3395 3396/3396/3396
f 3397/3397/3397 3398/3398/3398 3399/3399/3399
f 3400/3400/3400 3401/3401/3401 3402/3402/3402
f 3403/3403/3403 3404/3404/3404 3405/3405/3405
f 3406/3406/3406 3407/3407/3407 3408/3408/3408
f 3409/3409/3409 3410/3410/3410 3411/3411/3411
f 3412/3412/3412 3413/3413/3413 3414/3414/3414
f 3415/3415/3415 3416/3416/3416 3417/3417/3417
f 3418/3418/3418 3419/3419/3419 3420/3420/3420
f 3421/3421/3421 3422/3422/3422 3423/3423/3423
f 3424/3424/3424 3425/3425/3425 3426/3426/3426
f 3427/3427/3427 3428/3428/3428 3429/3429/3429
f 3430/3430/3430 3431/3431/3431 3432/3432/3432
f 3433/3433/3433 3434/3434/3434 3435/3435/3435
f 3436/3436/3436 3437/3437/3437 3438/3438/3438
f 3439/3439/3439 3440/3440/3440 3441/3441/3441
f 3442/3442/3442 3443/3443/3443 3444/3444/3444
f 3445/3445/3445 3446/3446/3446 3447/3447/3447
f 3448/3448/3448 3449/3449/3449 3450/3450/3450
f 3451/3451/3451 3452/3452/3452 3453/3453/3453
f 3454/3454/3454 3455/3455/3455 3456/3456/3456
f 3457/3457/3457 3458/3458/3458 3459/3459/3459
f 3460/3460/3460 3461/3461/3461 3462/3462/3462
f 3463/3463/3463 3464/3464/3464 3465/3465/3465
f 3466/3466/3466 3467/3467/3467 3468/3468/3468
f 3469/3469/3469 3470/3470/3470 3471/3471/3471
f 3472/3472/3472 3473/3473/3473 3474/3474/3474
f 3475/3475/3475 3476/3476/3476 3477/3477/3477
f 3478/3478/3478 3479/3479/3479 3480/3480/3480
f 3481/3481/3481 3482/3482/3482 3483/3483/3483
f 3484/3484/3484 3485/3485/3485 3486/3486/3486
f 3487/3487/3487 3488/3488/3488 3489/3489/3489
f 3490/3490/3490 3491/3491/3491 3492/3492/3492
f 3493/3493/3493 3494/3494/3494 3495/3495/3495
f 3496/3496/3496 3497/3497/3497 3498/3498/3498
f 3499/3499/3499 3500/3500/3500 3501/3501/3501
f 3502/3502/3502 3503/3503/3503 3504/3504/3504
f 3505/3505/3505 3506/3506/3506 3507/3507/3507
f 3508/3508/3508 3509/3509/3509 3510/3510/3510
f 3511/3511/3511 3512/3512/3512 3513/3513/3513
f 3514/3514/3514 3515/3515/3515 3516/3516/3516
f 3517/3517/3517 3518/3518/3518 3519/3519/3519
f 3520/3520/3520 3521/3521/3521 3522/3522/3522
f 3523/3523/3523 3524/3524/3524 3525/3525/3525
f 3526/3526/3526 3527/3527/3527 3528/3528/3528
f 3529/3529/3529 3530/3530/3530 3531/3531/3531
f 3532/3532/3532 3533/3533/3533 3534/3534/3534
f 3535/3535/3535 3536/3536/3536 3537/3537/3537
f 3538/3538/3538 3539/3539/3539 3540/3540/3540
f 3541/3541/3541 3542/3542/3542 3543/3543/3543
f 3544/3544/3544 3545/3545/3545 3546/3546/3546
f 3547/3547/3547 3548/3548/3548 3549/3549/3549
f 3550/3550/3550 3551/3551/3551 3552/3552/3552
f 3553/3553/3553 3554/3554/3554 3555/3555/3555
f 3556/3556/3556 3557/3557/3557 3558/3558/3558
f 3559/3559/3559 3560/3560/3560 3561/3561/3561
f 3562/3562/3562 3563/3563/3563 3564/3564/3564
f 3565/3565/3565 3566/3566/3566 3567/3567/3567
f 3568/3568/3568 3569/3569/3569 3570/3570/3570
f 3571/3571/3571 3572/3572/3572 3573/3573/3573
f 3574/3574/3574 3575/3575/3575 3576/3576/3576
f 3577/3577/3577 3578/3578/3578 3579/3579/3579
f 3580/3580/3580 3581/3581/3581 3582/3582/3582
f 3583/3583/3583 3584/3584/3584 3585/3585/3585
f 3586/3586/3586 3587/3587/3587 3588/3588/3588
f 3589/3589/3589 3590/3590/3590 3591/3591/3591
f 3592/3592/3592 3593/3593/3593 3594/3594/3594
f 3595/3595/3595 3596/3596/3596 3597/3597/3597
f 3598/3598/3598 3599/3599/3599 3600/3600/3600
f 3601/3601/3601 3602/3602/3602 3603/3603/3603
f 3604/3604/3604 3605/3605/3605 3606/3606/3606
f 3607/3607/3607 3608/3608/3608 3609/3609/3609
f 3610/3610/3610 3611/3611/3611 3612/3612/3612
f 3613/3613/3613 3614/3614/3614 3615/3615/3615
f 3616/3616/3616 3617/3617/3617 3618/3618/3618
f 3619/3619/3619 3620/3620/3620 3621/3621/3621
f 3622/3622/3622 3623/3623/3623 3624/3624/3624
f 3625/3625/3625 3626/3626/3626 3627/3627/3627
f 3628/3628/3628 3629/3629/3629 3630/3630/3630
f 3631/3631/3631 3632/3632/3632 3633/3633/3633
f 3634/3634/3634 3635/3635/3635 3636/3636/3636
f 3637/3637/3637 3638/3638/3638 3639/3639/3639
f 3640/3640/3640 3641/3641/3641 3642/3642/3642
f 3643/3643/3643 3644/3644/3644 3645/3645/3645
f 3646/3646/3646 3647/3647/3647 3648/3648/3648
f 3649/3649/3649 3650/3650/3650 3651/3651/3651
f 3652/3652/3652 3653/3653/3653 3654/3654/3654
f 3655/3655/3655 3656/3656/3656 3657/3657/3657
f 3658/3658/3658 3659/3659/3659 3660/3660/3660
f 3661/3661/3661 3662/3662/3662 3663/3663/3663
f 3664/3664/3664 3665/3665/3665 3666/3666/3666
f 3667/3667/3667 3668/3668/3668 3669/3669/3669
f 3670/3670/3670 3671/3671/3671 3672/3672/3672
f 3673/3673/3673 3674/3674/3674 3675/3675/3675
f 3676/3676/3676 3677/3677/3677 3678/3678/3678
f 3679/3679/3679 3680/3680/3680 3681/3681/3681
f 3682/3682/3682 3683/3683/3683 3684/3684/3684
f 3685/3685/3685 3686/3686/3686 3687/3687/3687
f 3688/3688/3688 3689/3689/3689 3690/3690/3690
f 3691/3691/3691 3692/3692/3692 3693/3693/3693
f 3694/3694/3694 3695/3695/3695 3696/3696/3696
f 3697/3697/3697 3698/3698/3698 3699/3699/3699
f 3700/3700/3700 3701/3701/3701 3702/3702/3702
f 3703/3703/3703 3704/3704/3704 3705/3705/3705
f 3706/3706/3706 3707/3707/3707 3708/3708/3708
f 3709/3709/3709 3710/3710/3710 3711/3711/3711
f 3712/3712/3712 3713/3713/3713 3714/3714/3714
f 3715/3715/3715 3716/3716/3716 3717/3717/3717
f 3718/3718/3718 3719/3719/3719 3720/3720/3720
f 3721/3721/3721 3722/3722/3722 3723/3723/3723
f 3724/3724/3724 3725/3725/3725 3726/3726/3726
f 3727/3727/3727 3728/3728/3728 3729/3729/3729
f 3730/3730/3730 3731/3731/3731 3732/3732/3732
f 3733/3733/3733 3734/3734/3734 3735/3735/3735
f 3736/3736/3736 3737/3737/3737 3738/3738/3738
f 3739/3739/3739 3740/3740/3740 3741/3741/3741
f 3742/3742/3742 3743/3743/3743 3744/3744/3744
f 3745/3745/3745 3746/3746/3746 3747/3747/3747
f 3748/3748/3748 3749/3749/3749 3750/3750/3750
f 3751/3751/3751 3752/3752/3752 3753/3753/3753
f 3754/3754/3754 3755/3755/3755 3756/3756/3756
f 3757/3757/3757 3758/3758/3758 3759/3759/3759
f 3760/3760/3760 3761/3761/3761 3762/3762/3762
f 3763/3763/3763 3764/3764/3764 3765/3765/3765
f 3766/3766/3766 3767/3767/3767 3768/3768/3768
f 3769/3769/3769 3770/3770/3770 3771/3771/3771
f 3772/3772/3772 3773/3773/3773 3774/3774/3774
f 3775/3775/3775 3776/3776/3776 3777/3777/3777
f 3778/3778/3778 3779/3779/3779 3780/3780/3780
f 3781/3781/3781 3782/3782/3782 3783/3783/3783
f 3784/3784/3784 3785/3785/3785 3786/3786/3786
f 3787/3787/3787 3788/3788/3788 3789/3789/3789
f 3790/3790/3790 3791/3791/3791 3792/3792/3792
f 3793/3793/3793 3794/3794/3794 3795/3795/3795
f 3796/3796/3796 3797/3797/3797 3798/3798/3798
f 3799/3799/3799 3800/3800/3800 3801/3801/3801
f 3802/3802/3802 3803/3803/3803 3804/3804/3804
f 3805/3805/3805 3806/3806/3806 3807/3807/3807
f 3808/3808/3808 3809/3809/3809 3810/3810/3810
f 3811/3811/3811 3812/3812/3812 3813/3813/3813
f 3814/3814/3814 3815/3815/3815 3816/3816/3816
f 3817/3817/3817 3818/3818/3818 3819/3819/3819
f 3820/3820/3820 3821/3821/3821 3822/3822/3822
f 3823/3823/3823 3824/3824/3824 3825/3825/3825
f 3826/3826/3826 3827/3827/3827 3828/3828/3828
f 3829/3829/3829 3830/3830/3830 3831/3831/3831
f 3832/3832/3832 3833/3833/3833 3834/3834/3834
f 3835/3835/3835 3836/3836/3836 3837/3837/3837
f 3838/3838/3838 3839/3839/3839 3840/3840/3840
f 3841/3841/3841 3842/3842/3842 3843/3843/3843
f 3844/3844/3844 3845/3845/3845 3846/3846/3846
f 3847/3847/3847 3848/3848/3848 3849/3849/3849
f 3850/3850/3850 3851/3851/3851 3852/3852/3852
f 3853/3853/3853 3854/3854/3854 3855/3855/3855
f 3856/3856/3856 3857/3857/3857 3858/3858/3858
f 3859/3859/3859 3860/3860/3860 3861/3861/3861
f 3862/3862/3862 3863/3863/3863 3864/3864/3864
f 3865/3865/3865 3866/3866/3866 3867/3867/3867
f 3868/3868/3868 3869/3869/3869 3870/3870/3870
f 3871/3871/3871 3872/3872/3872 3873/3873/3873
f 3874/3874/3874 3875/3875/3875 3876/3876/3876
f 3877/3877/3877 3878/3878/3878 3879/3879/3879
f 3880/3880/3880 3881/3881/3881 3882/3882/3882
f 3883/3883/3883 3884/3884/3884 3885/3885/3885
f 3886/3886/3886 3887/3887/3887 3888/3888/3888
f 3889/3889/3889 3890/3890/3890 3891/3891/3891
f 3892/3892/3892 3893/3893/3893 3894/3894/3894
f 3895/3895/3895 3896/3896/3896 3897/3897/3897
f 3898/3898/3898 3899/3899/3899 3900/3900/3900
f 3901/3901/3901 3902/3902/3902 3903/3903/3903
f 3904/3904/3904 3905/3905/3905 3906/3906/3906
f 3907/3907/3907 3908/3908/3908 3909/3909/3909
f 3910/3910/3910 3911/3911/3911 3912/3912/3912
f 3913/3913/3913 3914/3914/3914 3915/3915/3915
f 3916/3916/3916 3917/3917/3917 3918/3918/3918
f 3919/3919/3919 3920/3920/3920 3921/3921/3921
f 3922/3922/3922 3923/3923/3923 3924/3924/3924
f 3925/3925/3925 3926/3926/3926 3927/3927/3927
f 3928/3928/3928 3929/3929/3929 3930/3930/3930
f 3931/3931/3931 3932/3932/3932 3933/3933/3933
f 3934/3934/3934 3935/3935/3935 3936/3936/3936
f 3937/3937/3937 3938/3938/3938 3939/3939/3939
f 3940/3940/3940 3941/3941/3941 3942/3942/3942
f 3943/3943/3943 3944/3944/3944 3945/3945/3945
f 3946/3946/3946 3947/3947/3947 3948/3948/3948
f 3949/3949/3949 3950/3950/3950 3951/3951/3951
f 3952/3952/3952 3953/3953/3953 3954/3954/3954
f 3955/3955/3955 3956/3956/3956 3957/3957/3957
f 3958/3958/3958 3959/3959/3959 3960/3960/3960
f 3961/3961/3961 3962/3962/3962 3963/3963/3963
f 3964/3964/3964 3965/3965/3965 3966/3966/3966
f 3967/3967/3967 3968/3968/3968 3969/3969/3969
f 3970/3970/3970 3971/3971/3971 3972/3972/3972
f 3973/3973/3973 3974/3974/3974 3975/3975/3975
f 3976/3976/3976 3977/3977/3977 3978/3978/3978
f 3979/3979/3979 3980/3980/3980 3981/3981/3981
f 3982/3982/3982 3983/3983/3983 3984/3984/3984
f 3985/3985/3985 3986/3986/3986 3987/3987/3987
f 3988/3988/3988 3989/3989/3989 3990/3990/3990
f 3991/3991/3991 3992/3992/3992 3993/3993/3993
f 3994/3994/3994 3995/3995/3995 3996/3996/3996
f 3997/3997/3997 3998/3998/3998 3999/3999/3999
f 4000/4000/4000 4001/4001/4001 4002/4002/4002
f 4003/4003/4003 4004/4004/4004 4005/4005/4005
f 4006/4006/4006 4007/4007/4007 4008/4008/4008
f 4009/4009/4009 4010/4010/4010 4011/4011/4011
f 4012/4012/4012 4013/4013/4013 4014/4014/4014
f 4015/4015/4015 4016/4016/4016 4017/4017/4017
f 4018/4018/4018 4019/4019/4019 4020/4020/4020
f 4021/4021/4021 4022/4022/4022 4023/4023/4023
f 4024/4024/4024 4025/4025/4025 4026/4026/4026
f 4027/4027/4027 4028/4028/4028 4029/4029/4029
f 4030/4030/4030 4031/4031/4031 4032/4032/4032
f 4033/4033/4033 4034/4034/4034 4035/4035/4035
f 4036/4036/4036 4037/4037/4037 4038/4038/4038
f 4039/4039/4039 4040/4040/4040 4041/4041/4041
f 4042/4042/4042 4043/4043/4043 4044/4044/4044
f 4045/4045/4045 4046/4046/4046 4047/4047/4047
f 4048/4048/4048 4049/4049/4049 4050/4050/4050
f 4051/4051/4051 4052/4052/4052 4053/4053/4053
f 4054/4054/4054 4055/4055/4055 4056/4056/4056
f 4057/4057/4057 4058/4058/4058 4059/4059/4059
f 4060/4060/4060 4061/4061/4061 4062/4062/4062
f 4063/4063/4063 4064/4064/4064 4065/4065/4065
f 4066/4066/4066 4067/4067/4067 4068/4068/4068
f 4069/4069/4069 4070/4070/4070 4071/4071/4071
f 4072/4072/4072 4073/4073/4073 4074/4074/4074
f 4075/4075/4075 4076/4076/4076 4077/4077/4077
f 4078/4078/4078 4079/4079/4079 4080/4080/4080
f 4081/4081/4081 4082/4082/4082 4083/4083/4083
f 4084/4084/4084 4085/4085/4085 4086/4086/4086
f 4087/4087/4087 4088/4088/4088 4089/4089/4089
f 4090/4090/4090 4091/4091/4091 4092/4092/4092
f 4093/4093/4093 4094/4094/4094 4095/4095/4095
f 4096/4096/4096 4097/4097/4097 4098/4098/4098
f 4099/4099/4099 4100/4100/4100 4101/4101/4101
f 4102/4102/4102 4103/4103/4103 4104/4104/4104
f 4105/4105/4105 4106/4106/4106 4107/4107/4107
f 4108/4108/4108 4109/4109/4109 4110/4110/4110
f 4111/4111/4111 4112/4112/4112 4113/4113/4113
f 4114/4114/4114 4115/4115/4115 4116/4116/4116
f 4117/4117/4117 4118/4118/4118 4119/4119/4119
f 4120/4120/4120 4121/4121/4121 4122/4122/4122
f 4123/4123/4123 4124/4124/4124 4125/4125/4125
f 4126/4126/4126 4127/4127/4127 4128/4128/4128
f 4129/4129/4129 4130/4130/4130 4131/4131/4131
f 4132/4132/4132 4133/4133/4133 4134/4134/4134
f 4135/4135/4135 4136/4136/4136 4137/4137/4137
f 4138/4138/4138 4139/4139/4139 4140/4140/4140
f 4141/4141/4141 4142/4142/4142 4143/4143/4143
f 4144/4144/4144 4145/4145/4145 4146/4146/4146
f 4147/4147/4147 4148/4148/4148 4149/4149/4149
f 4150/4150/4150 4151/4151/4151 4152/4152/4152
f 4153/4153/4153 4154/4154/4154 4155/4155/4155
f 4156/4156/4156 4157/4157/4157 4158/4158/4158
f 4159/4159/4159 4160/4160/4160 4161/4161/4161
f 4162/4162/4162 4163/4163/4163 4164/4164/4164
f 4165/4165/4165 4166/4166/4166 4167/4167/4167
f 4168/4168/4168 4169/4169/4169 4170/4170/4170
f 4171/4171/4171 4172/4172/4172 4173/4173/4173
f 4174/4174/4174 4175/4175/4175 4176/4176/4176
f 4177/4177/4177 4178/4178/4178 4179/4179/4179
f 4180/4180/4180 4181/4181/4181 4182/4182/4182
f 4183/4183/4183 4184/4184/4184 4185/4185/4185
f 4186/4186/4186 4187/4187/4187 4188/4188/4188
f 4189/4189/4189 4190/4190/4190 4191/4191/4191
f 4192/4192/4192 4193/4193/4193 4194/4194/4194
f 4195/4195/4195 4196/4196/4196 4197/4197/4197
f 4198/4198/4198 4199/4199/4199 4200/4200/4200
f 4201/4201/4201 4202/4202/4202 4203/4203/4203
f 4204/4204/4204 4205/4205/4205 4206/4206/4206
f 4207/4207/4207 4208/4208/4208 4209/4209/4209
f 4210/4210/4210 4211/4211/4211 4212/4212/4212
f 4213/4213/4213 4214/4214/4214 4215/4215/4215
f 4216/4216/4216 4217/4217/4217 4218/4218/4218
f 4219/4219/4219 4220/4220/4220 4221/4221/4221
f 4222/4222/4222 4223/4223/4223 4224/4224/4224
f 4225/4225/4225 4226/4226/4226 4227/4227/4227
f 4228/4228/4228 4229/4229/4229 4230/4230/4230
f 4231/4231/4231 4232/4232/4232 4233/4233/4233
f 4234/4234/4234 4235/4235/4235 4236/4236/4236
f 4237/4237/4237 4238/4238/4238 4239/4239/4239
f 4240/4240/4240 4241/4241/4241 4242/4242/4242
f 4243/4243/4243 4244/4244/4244 4245/4245/4245
f 4246/4246/4246 4247/4247/4247 4248/4248/4248
f 4249/4249/4249 4250/4250/4250 4251/4251/4251
f 4252/4252/4252 4253/4253/4253 4254/4254/4254
f 4255/4255/4255 4256/4256/4256 4257/4257/4257
f 4258/4258/4258 4259/4259/4259 4260/4260/4260
f 4261/4261/4261 4262/4262/4262 4263/4263/4263
f 4264/4264/4264 4265/4265/4265 4266/4266/4266
f 4267/4267/4267 4268/4268/4268 4269/4269/4269
f 4270/4270/4270 4271/4271/4271 4272/4272/4272
f 4273/4273/4273 4274/4274/4274 4275/4275/4275
f 4276/4276/4276 4277/4277/4277 4278/4278/4278
f 4279/4279/4279 4280/4280/4280 4281/4281/4281
f 4282/4282/4282 4283/4283/4283 4284/4284/4284
f 4285/4285/4285 4286/4286/4286 4287/4287/4287
f 4288/4288/4288 4289/4289/4289 4290/4290/4290
f 4291/4291/4291 4292/4292/4292 4293/4293/4293
f 4294/4294/4294 4295/4295/4295 4296/4296/4296
f 4297/4297/4297 4298/4298/4298 4299/4299/4299
f 4300/4300/4300 4301/4301/4301 4302/4302/4302
f 4303/4303/4303 4304/4304/4304 4305/4305/4305
f 4306/4306/4306 4307/4307/4307 4308/4308/4308
f 4309/4309/4309 4310/4310/4310 4311/4311/4311
f 4312/4312/4312 4313/4313/4313 4314/4314/4314
f 4315/4315/4315 4316/4316/4316 4317/4317/4317
f 4318/4318/4318 4319/4319/4319 4320/4320/4320
f 4321/4321/4321 4322/4322/4322 4323/4323/4323
f 4324/4324/4324 4325/4325/4325 4326/4326/4326
f 4327/4327/4327 4328/4328/4328 4329/4329/4329
f 4330/4330/4330 4331/4331/4331 4332/4332/4332
f 4333/4333/4333 4334/4334/4334 4335/4335/4335
f 4336/4336/4336 4337/4337/4337 4338/4338/4338
f 4339/4339/4339 4340/4340/4340 4341/4341/4341
f 4342/4342/4342 4343/4343/4343 4344/4344/4344
f 4345/4345/4345 4346/4346/4346 4347/4347/4347
f 4348/4348/4348 4349/4349/4349 4350/4350/4350
f 4351/4351/4351 4352/4352/4352 4353/4353/4353
f 4354/4354/4354 4355/4355/4355 4356/4356/4356
f 4357/4357/4357 4358/4358/4358 4359/4359/4359
f 4360/4360/4360 4361/4361/4361 4362/4362/4362
f 4363/4363/4363 4364/4364/4364 4365/4365/4365
f 4366/4366/4366 4367/4367/4367 4368/4368/4368
f 4369/4369/4369 4370/4370/4370 4371/4371/4371
f 4372/4372/4372 4373/4373/4373 4374/4374/4374
f 4375/4375/4375 4376/4376/4376 4377/4377/4377
f 4378/4378/4378 4379/4379/4379 4380/4380/4380
f 4381/4381/4381 4382/4382/4382 4383/4383/4383
f 4384/4384/4384 4385/4385/4385 4386/4386/4386
f 4387/4387/4387 4388/4388/4388 4389/4389/4389
f 4390/4390/4390 4391/4391/4391 4392/4392/4392
f 4393/4393/4393 4394/4394/4394 4395/4395/4395
f 4396/4396/4396 4397/4397/4397 4398/4398/4398
f 4399/4399/4399 4400/4400/4400 4401/4401/4401
f 4402/4402/4402 4403/4403/4403 4404/4404/4404
f 4405/4405/4405 4406/4406/4406 4407/4407/4407
f 4408/4408/4408 4409/4409/4409 4410/4410/4410
f 4411/4411/4411 4412/4412/4412 4413/4413/4413
f 4414/4414/4414 4415/4415/4415 4416/4416/4416
f 4417/4417/4417 4418/4418/4418 4419/4419/4419
f 4420/4420/4420 4421/4421/4421 4422/4422/4422
f 4423/4423/4423 4424/4424/4424 4425/4425/4425
f 4426/4426/4426 4427/4427/4427 4428/4428/4428
f 4429/4429/4429 4430/4430/4430 4431/4431/4431
f 4432/4432/4432 4433/4433/4433 4434/4434/4434
f 4435/4435/4435 4436/4436/4436 4437/4437/4437
f 4438/4438/4438 4439/4439/4439 4440/4440/4440
f 4441/4441/4441 4442/4442/4442 4443/4443/4443
f 4444/4444/4444 4445/4445/4445 4446/4446/4446
f 4447/4447/4447 4448/4448/4448 4449/4449/4449
f 4450/4450/4450 4451/4451/4451 4452/4452/4452
f 4453/4453/4453 4454/4454/4454 4455/4455/4455
f 4456/4456/4456 4457/4457/4457 4458/4458/4458
f 4459/4459/4459 4460/4460/4460 4461/4461/4461
f 4462/4462/4462 4463/4463/4463 4464/4464/4464
f 4465/4465/4465 4466/4466/4466 4467/4467/4467
f 4468/4468/4468 4469/4469/4469 4470/4470/4470
f 4471/4471/4471 4472/4472/4472 4473/4473/4473
f 4474/4474/4474 4475/4475/4475 4476/4476/4476
f 4477/4477/4477 4478/4478/4478 4479/4479/4479
f 4480/4480/4480 4481/4481/4481 4482/4482/4482
f 4483/4483/4483 4484/4484/4484 4485/4485/4485
f 4486/4486/4486 4487/4487/4487 4488/4488/4488
f 4489/4489/4489 4490/4490/4490 4491/4491/4491
f 4492/4492/4492 4493/4493/4493 4494/4494/4494
f 4495/4495/4495 4496/4496/4496 4497/4497/4497
f 4498/4498/4498 4499/4499/4499 4500/4500/4500
f 4501/4501/4501 4502/4502/4502 4503/4503/4503
f 4504/4504/4504 4505/4505/4505 4506/4506/4506
f 4507/4507/4507 4508/4508/4508 4509/4509/4509
f 4510/4510/4510 4511/4511/4511 4512/4512/4512
f 4513/4513/4513 4514/4514/4514 4515/4515/4515
f 4516/4516/4516 4517/4517/4517 4518/4518/4518
f 4519/4519/4519 4520/4520/4520 4521/4521/4521
f 4522/4522/4522 4523/4523/4523 4524/4524/4524
f 4525/4525/4525 4526/4526/4526 4527/4527/4527
f 4528/4528/4528 4529/4529/4529 4530/4530/4530
f 4531/4531/4531 4532/4532/4532 4533/4533/4533
f 4534/4534/4534 4535/4535/4535 4536/4536/4536
f 4537/4537/4537 4538/4538/4538 4539/4539/4539
f 4540/4540/4540 4541/4541/4541 4542/4542/4542
f 4543/4543/4543 4544/4544/4544 4545/4545/4545
f 4546/4546/4546 4547/4547/4547 4548/4548/4548
f 4549/4549/4549 4550/4550/4550 4551/4551/4551
f 4552/4552/4552 4553/4553/4553 4554/4554/4554
f 4555/4555/4555 4556/4556/4556 4557/4557/4557
f 4558/4558/4558 4559/4559/4559 4560/4560/4560
f 4561/4561/4561 4562/4562/4562 4563/4563/4563
f 4564/4564/4564 4565/4565/4565 4566/4566/4566
f 4567/4567/4567 4568/4568/4568 4569/4569/4569
f 4570/4570/4570 4571/4571/4571 4572/4572/4572
f 4573/4573/4573 4574/4574/4574 4575/4575/4575
f 4576/4576/4576 4577/4577/4577 4578/4578/4578
f 4579/4579/4579 4580/4580/4580 4581/4581/4581
f 4582/4582/4582 4583/4583/4583 4584/4584/4584
f 4585/4585/4585 4586/4586/4586 4587/4587/4587
f 4588/4588/4588 4589/4589/4589 4590/4590/4590
f 4591/4591/4591 4592/4592/4592 4593/4593/4593
f 4594/4594/4594 4595/4595/4595 4596/4596/4596
f 4597/4597/4597 4598/4598/4598 4599/4599/4599
f 4600/4600/4600 4601/4601/4601 4602/4602/4602
f 4603/4603/4603 4604/4604/4604 4605/4605/4605
f 4606/4606/4606 4607/4607/4607 4608/4608/4608
f 4609/4609/4609 4610/4610/4610 4611/4611/4611
f 4612/4612/4612 4613/4613/4613 4614/4614/4614
f 4615/4615/4615 4616/4616/4616 4617/4617/4617
f 4618/4618/4618 4619/4619/4619 4620/4620/4620
f 4621/4621/4621 4622/4622/4622 4623/4623/4623
f 4624/4624/4624 4625/4625/4625 4626/4626/4626
f 4627/4627/4627 4628/4628/4628 4629/4629/4629
f 4630/4630/4630 4631/4631/4631 4632/4632/4632
f 4633/4633/4633 4634/4634/4634 4635/4635/4635
f 4636/4636/4636 4637/4637/4637 4638/4638/4638
f 4639/4639/4639 4640/4640/4640 4641/4641/4641
f 4642/4642/4642 4643/4643/4643 4644/4644/4644
f 4645/4645/4645 4646/4646/4646 4647/4647/4647
f 4648/4648/4648 4649/4649/4649 4650/4650/4650
f 4651/4651/4651 4652/4652/4652 4653/4653/4653
f 4654/4654/4654 4655/4655/4655 4656/4656/4656
f 4657/4657/4657 4658/4658/4658 4659/4659/4659
f 4660/4660/4660 4661/4661/4661 4662/4662/4662
f 4663/4663/4663 4664/4664/4664 4665/4665/4665
f 4666/4666/4666 4667/4667/4667 4668/4668/4668
f 4669/4669/4669 4670/4670/4670 4671/4671/4671
f 4672/4672/4672 4673/4673/4673 4674/4674/4674
f 4675/4675/4675 4676/4676/4676 4677/4677/4677
f 4678/4678/4678 4679/4679/4679 4680/4680/4680
f 4681/4681/4681 4682/4682/4682 4683/4683/4683
f 4684/4684/4684 4685/4685/4685 4686/4686/4686
f 4687/4687/4687 4688/4688/4688 4689/4689/4689
f 4690/4690/4690 4691/4691/4691 4692/4692/4692
f 4693/4693/4693 4694/4694/4694 4695/4695/4695
f 4696/4696/4696 4697/4697/4697 4698/4698/4698
f 4699/4699/4699 4700/4700/4700 4701/4701/4701
f 4702/4702/4702 4703/4703/4703 4704/4704/4704
f 4705/4705/4705 4706/4706/4706 4707/4707/4707
f 4708/4708/4708 4709/4709/4709 4710/4710/4710
f 4711/4711/4711 4712/4712/4712 4713/4713/4713
f 4714/4714/4714 4715/4715/4715 4716/4716/4716
f 4717/4717/4717 4718/4718/4718 4719/4719/4719
f 4720/4720/4720 4721/4721/4721 4722/4722/4722
f 4723/4723/4723 4724/4724/4724 4725/4725/4725
f 4726/4726/4726 4727/4727/4727 4728/4728/4728
f 4729/4729/4729 4730/4730/4730 4731/4731/4731
f 4732/4732/4732 4733/4733/4733 4734/4734/4734
f 4735/4735/4735 4736/4736/4736 4737/4737/4737
f 4738/4738/4738 4739/4739/4739 4740/4740/4740
