mtllib maya2sketchfab.mtl
o stone1
usemtl lambert5
v -2.021944439003505 0.4311314907539554 -4.229453788119713
v -1.550670335769155 0.4311314907539554 -4.229453788119713
v -1.550670335769155 0.5261693592951531 -4.229453788119713
v -2.021944439003505 0.4311314907539554 -4.229453788119713
v -1.550670335769155 0.5261693592951531 -4.229453788119713
v -2.021944439003505 0.5261693592951531 -4.229453788119713
v -2.726241153031708 0.5261693201380595 -5.442308032022666
v -2.0536914246058338 0.5261693592951531 -5.121920698428937
v -1.0324203288378015 0.5261693592951531 -5.121920737586031
v -2.726241153031708 0.5261693201380595 -5.442308032022666
v -1.0324203288378015 0.5261693592951531 -5.121920737586031
v 0.6768799209568783 0.5754797305964701 -8.294735410890269
v -2.726241153031708 0.5261693201380595 -5.442308032022666
v 0.6768799209568783 0.5754797305964701 -8.294735410890269
v -3.8821513502423386 0.5508573194331277 -8.197739844299065
v -3.8821513502423386 0.5508573194331277 -8.197739844299065
v 0.6768799209568783 0.5754797305964701 -8.294735410890269
v 0.8233973071546643 0.4924702946857451 -8.386313202015458
v -3.8821513502423386 0.5508573194331277 -8.197739844299065
v 0.8233973071546643 0.4924702946857451 -8.386313202015458
v -4.074512608562088 0.4004754413569671 -8.171498796358918
v -4.049170294233505 -0.43172094884717893 -8.169751450215557
v 0.8414809927344322 -0.4242093261168236 -8.34892475605011
v -0.9438636641097276 -0.21189324092263107 -5.0814275648288
v -4.049170294233505 -0.43172094884717893 -8.169751450215557
v -0.9438636641097276 -0.21189324092263107 -5.0814275648288
v -1.9409913378614831 -0.4242093261168236 -5.121920776743124
v -4.049170294233505 -0.43172094884717893 -8.169751450215557
v -1.9409913378614831 -0.4242093261168236 -5.121920776743124
v -2.7140435617570233 -0.4242093261168236 -5.421302757377632
v -1.0324203288378015 0.5261693592951531 -5.121920737586031
v -1.0828763583827197 0.341524280362556 -5.201489635470438
v 0.8233973071546643 0.4924702946857451 -8.386313202015458
v -1.0324203288378015 0.5261693592951531 -5.121920737586031
v 0.8233973071546643 0.4924702946857451 -8.386313202015458
v 0.6768799209568783 0.5754797305964701 -8.294735410890269
v -4.074512608562088 0.4004754413569671 -8.171498796358918
v -2.725021409567077 0.43113145159686184 -5.440207488895325
v -2.726241153031708 0.5261693201380595 -5.442308032022666
v -4.074512608562088 0.4004754413569671 -8.171498796358918
v -2.726241153031708 0.5261693201380595 -5.442308032022666
v -3.8821513502423386 0.5508573194331277 -8.197739844299065
v -2.021944439003505 0.5261693592951531 -4.229453788119713
v -1.550670335769155 0.5261693592951531 -4.229453788119713
v -1.0324203288378015 0.5261693592951531 -5.121920737586031
v -2.021944439003505 0.5261693592951531 -4.229453788119713
v -1.0324203288378015 0.5261693592951531 -5.121920737586031
v -2.0536914246058338 0.5261693592951531 -5.121920698428937
v -2.021944439003505 0.5261693592951531 -4.229453788119713
v -2.0536914246058338 0.5261693592951531 -5.121920698428937
v -2.5360753546341073 0.5261693592951531 -4.661462254323084
v -1.550670335769155 0.4311314907539554 -4.229453788119713
v -1.0828763583827197 0.341524280362556 -5.201489635470438
v -1.0324203288378015 0.5261693592951531 -5.121920737586031
v -1.550670335769155 0.4311314907539554 -4.229453788119713
v -1.0324203288378015 0.5261693592951531 -5.121920737586031
v -1.550670335769155 0.5261693592951531 -4.229453788119713
v -2.53055295141408 -0.4242093261168236 -4.651952092694131
v -1.9409913378614831 -0.4242093261168236 -5.121920776743124
v -0.9438636641097276 -0.21189324092263107 -5.0814275648288
v -2.53055295141408 -0.4242093261168236 -4.651952092694131
v -0.9438636641097276 -0.21189324092263107 -5.0814275648288
v -1.550670335769155 -0.4242093261168236 -4.229453788119713
v -2.53055295141408 -0.4242093261168236 -4.651952092694131
v -1.550670335769155 -0.4242093261168236 -4.229453788119713
v -2.021944439003505 -0.4242093261168236 -4.229453788119713
v -2.5360753546341073 0.5261693592951531 -4.661462254323084
v -2.5355230829864297 0.4311314907539554 -4.660511285148701
v -2.021944439003505 0.4311314907539554 -4.229453788119713
v -2.5360753546341073 0.5261693592951531 -4.661462254323084
v -2.021944439003505 0.4311314907539554 -4.229453788119713
v -2.021944439003505 0.5261693592951531 -4.229453788119713
v -2.5360753546341073 0.5261693592951531 -4.661462254323084
v -2.0536914246058338 0.5261693592951531 -5.121920698428937
v -2.2562416131929837 0.4017682519581953 -5.068411277041804
v -2.2562416131929837 0.4017682519581953 -5.068411277041804
v -2.262634987645235 0.31917047457214665 -5.068411277041804
v -2.5355230829864297 0.4311314907539554 -4.660511285148701
v -2.2562416131929837 0.4017682519581953 -5.068411277041804
v -2.5355230829864297 0.4311314907539554 -4.660511285148701
v -2.5360753546341073 0.5261693592951531 -4.661462254323084
v -2.320175161930031 -0.4242093261168236 -5.068411277041804
v -1.9409913378614831 -0.4242093261168236 -5.121920776743124
v -2.53055295141408 -0.4242093261168236 -4.651952092694131
v -2.7140435617570233 -0.4242093261168236 -5.421302757377632
v -1.9409913378614831 -0.4242093261168236 -5.121920776743124
v -2.320175161930031 -0.4242093261168236 -5.068411277041804
v -2.726241153031708 0.5261693201380595 -5.442308032022666
v -2.725021409567077 0.43113145159686184 -5.440207488895325
v -2.262634987645235 0.31917047457214665 -5.068411277041804
v -2.726241153031708 0.5261693201380595 -5.442308032022666
v -2.262634987645235 0.31917047457214665 -5.068411277041804
v -2.2562416131929837 0.4017682519581953 -5.068411277041804
v -2.2562416131929837 0.4017682519581953 -5.068411277041804
v -2.0536914246058338 0.5261693592951531 -5.121920698428937
v -2.726241153031708 0.5261693201380595 -5.442308032022666
v -2.021944439003505 -0.4242093261168236 -4.229453788119713
v -1.550670335769155 -0.4242093261168236 -4.229453788119713
v -1.550670335769155 0.4311314907539554 -4.229453788119713
v -2.021944439003505 -0.4242093261168236 -4.229453788119713
v -1.550670335769155 0.4311314907539554 -4.229453788119713
v -2.021944439003505 0.4311314907539554 -4.229453788119713
v -1.550670335769155 -0.4242093261168236 -4.229453788119713
v -0.9438636641097276 -0.21189324092263107 -5.0814275648288
v -1.0828763583827197 0.341524280362556 -5.201489635470438
v -1.550670335769155 -0.4242093261168236 -4.229453788119713
v -1.0828763583827197 0.341524280362556 -5.201489635470438
v -1.550670335769155 0.4311314907539554 -4.229453788119713
v 0.8233973071546643 0.4924702946857451 -8.386313202015458
v -1.0828763583827197 0.341524280362556 -5.201489635470438
v -0.9438636641097276 -0.21189324092263107 -5.0814275648288
v 0.8233973071546643 0.4924702946857451 -8.386313202015458
v -0.9438636641097276 -0.21189324092263107 -5.0814275648288
v 0.8414809927344322 -0.4242093261168236 -8.34892475605011
v -4.074512608562088 0.4004754413569671 -8.171498796358918
v 0.8233973071546643 0.4924702946857451 -8.386313202015458
v 0.8414809927344322 -0.4242093261168236 -8.34892475605011
v -4.074512608562088 0.4004754413569671 -8.171498796358918
v 0.8414809927344322 -0.4242093261168236 -8.34892475605011
v -4.049170294233505 -0.43172094884717893 -8.169751450215557
v -4.049170294233505 -0.43172094884717893 -8.169751450215557
v -2.7140435617570233 -0.4242093261168236 -5.421302757377632
v -2.725021409567077 0.43113145159686184 -5.440207488895325
v -4.049170294233505 -0.43172094884717893 -8.169751450215557
v -2.725021409567077 0.43113145159686184 -5.440207488895325
v -4.074512608562088 0.4004754413569671 -8.171498796358918
v -2.262634987645235 0.31917047457214665 -5.068411277041804
v -2.725021409567077 0.43113145159686184 -5.440207488895325
v -2.7140435617570233 -0.4242093261168236 -5.421302757377632
v -2.262634987645235 0.31917047457214665 -5.068411277041804
v -2.7140435617570233 -0.4242093261168236 -5.421302757377632
v -2.320175161930031 -0.4242093261168236 -5.068411277041804
v -2.5355230829864297 0.4311314907539554 -4.660511285148701
v -2.262634987645235 0.31917047457214665 -5.068411277041804
v -2.320175161930031 -0.4242093261168236 -5.068411277041804
v -2.5355230829864297 0.4311314907539554 -4.660511285148701
v -2.320175161930031 -0.4242093261168236 -5.068411277041804
v -2.53055295141408 -0.4242093261168236 -4.651952092694131
v -2.021944439003505 0.4311314907539554 -4.229453788119713
v -2.5355230829864297 0.4311314907539554 -4.660511285148701
v -2.53055295141408 -0.4242093261168236 -4.651952092694131
v -2.021944439003505 0.4311314907539554 -4.229453788119713
v -2.53055295141408 -0.4242093261168236 -4.651952092694131
v -2.021944439003505 -0.4242093261168236 -4.229453788119713
vt 0.23081393539905548 0.39090651273727417
vt 0.28030121326446533 0.39090651273727417
vt 0.28030121326446533 0.3809269070625305
vt 0.23081393539905548 0.39090651273727417
vt 0.28030121326446533 0.3809269070625305
vt 0.23081393539905548 0.3809269070625305
vt 0.6330106854438782 0.12337106466293335
vt 0.599367618560791 0.19399386644363403
vt 0.599367618560791 0.3012350797653198
vt 0.6330106854438782 0.12337106466293335
vt 0.599367618560791 0.3012350797653198
vt 0.9325367212295532 0.48072385787963867
vt 0.6330106854438782 0.12337106466293335
vt 0.9325367212295532 0.48072385787963867
vt 0.9223517179489136 0.00199204683303833
vt 0.0044467393308877945 0.5019917190074921
vt 0.0018613508436828852 0.9807233158499002
vt 0.010578062385320663 0.996108868625015
vt 0.0044467393308877945 0.5019917190074921
vt 0.010578062385320663 0.996108868625015
vt 0.02023850381374359 0.48179179430007935
vt 0.13376589119434357 0.48445338010787964
vt 0.1149514839053154 0.9980079680681229
vt 0.4580628573894501 0.8105336427688599
vt 0.13376589119434357 0.48445338010787964
vt 0.4580628573894501 0.8105336427688599
vt 0.4538109004497528 0.7058276534080505
vt 0.13376589119434357 0.48445338010787964
vt 0.4538109004497528 0.7058276534080505
vt 0.42237356305122375 0.6246515214443207
vt 0.4947410821914673 0.13793820142745972
vt 0.47535228729248047 0.14629369974136353
vt 0.49120259284973145 0.4807237386703491
vt 0.4947410821914673 0.13793820142745972
vt 0.49120259284973145 0.4807237386703491
vt 0.49991896748542786 0.47110724449157715
vt 0.37342071533203125 0.06677979230880737
vt 0.37663984298706055 0.3535856008529663
vt 0.386619508266449 0.3533650040626526
vt 0.37342071533203125 0.06677979230880737
vt 0.386619508266449 0.3533650040626526
vt 0.38921183347702026 0.06402426958084106
vt 0.5056519508361816 0.1973276138305664
vt 0.5056519508361816 0.2468147873878479
vt 0.599367618560791 0.3012350797653198
vt 0.5056519508361816 0.1973276138305664
vt 0.599367618560791 0.3012350797653198
vt 0.599367618560791 0.19399386644363403
vt 0.5056519508361816 0.1973276138305664
vt 0.599367618560791 0.19399386644363403
vt 0.5510162711143494 0.1433401107788086
vt 0.4847617447376251 0.04422259330749512
vt 0.47535228729248047 0.14629369974136353
vt 0.4947410821914673 0.13793820142745972
vt 0.4847617447376251 0.04422259330749512
vt 0.4947410821914673 0.13793820142745972
vt 0.4947410821914673 0.04422259330749512
vt 0.5031609535217285 0.643919438123703
vt 0.4538109004497528 0.7058276534080505
vt 0.4580628573894501 0.8105336427688599
vt 0.5031609535217285 0.643919438123703
vt 0.4580628573894501 0.8105336427688599
vt 0.5475265383720398 0.7468143701553345
vt 0.5031609535217285 0.643919438123703
vt 0.5475265383720398 0.7468143701553345
vt 0.5475265383720398 0.6973269879817963
vt 0.386619508266449 0.4353595972061157
vt 0.37663984298706055 0.4354594349861145
vt 0.37663984298706055 0.4807237386703491
vt 0.386619508266449 0.4353595972061157
vt 0.37663984298706055 0.4807237386703491
vt 0.386619508266449 0.4807237386703491
vt 0.386619508266449 0.4353595972061157
vt 0.386619508266449 0.38700807094573975
vt 0.3735564053058624 0.39262694120407104
vt 0.3735564053058624 0.39262694120407104
vt 0.36488303542137146 0.39262694120407104
vt 0.37663984298706055 0.4354594349861145
vt 0.3735564053058624 0.39262694120407104
vt 0.37663984298706055 0.4354594349861145
vt 0.386619508266449 0.4353595972061157
vt 0.45942962169647217 0.6660106182098389
vt 0.4538109004497528 0.7058276534080505
vt 0.5031609535217285 0.643919438123703
vt 0.42237356305122375 0.6246515214443207
vt 0.4538109004497528 0.7058276534080505
vt 0.45942962169647217 0.6660106182098389
vt 0.386619508266449 0.3533650040626526
vt 0.37663984298706055 0.3535856008529663
vt 0.36488303542137146 0.39262694120407104
vt 0.386619508266449 0.3533650040626526
vt 0.36488303542137146 0.39262694120407104
vt 0.3735564053058624 0.39262694120407104
vt 0.593748927116394 0.17272472381591797
vt 0.599367618560791 0.19399386644363403
vt 0.6330106854438782 0.12337106466293335
vt 0.23081393539905548 0.4807237386703491
vt 0.28030121326446533 0.4807237386703491
vt 0.28030121326446533 0.39090651273727417
vt 0.23081393539905548 0.4807237386703491
vt 0.28030121326446533 0.39090651273727417
vt 0.23081393539905548 0.39090651273727417
vt 0.39494454860687256 0.04422259330749512
vt 0.417239248752594 0.13368624448776245
vt 0.47535228729248047 0.14629369974136353
vt 0.39494454860687256 0.04422259330749512
vt 0.47535228729248047 0.14629369974136353
vt 0.4847617447376251 0.04422259330749512
vt 0.49120259284973145 0.4807237386703491
vt 0.47535228729248047 0.14629369974136353
vt 0.417239248752594 0.13368624448776245
vt 0.49120259284973145 0.4807237386703491
vt 0.417239248752594 0.13368624448776245
vt 0.39494454860687256 0.47679775953292847
vt 0.02023850381374359 0.48179179430007935
vt 0.010578062385320663 0.996108868625015
vt 0.10683640837669373 0.9980079680681229
vt 0.02023850381374359 0.48179179430007935
vt 0.10683640837669373 0.9980079680681229
vt 0.10762489587068558 0.4844534993171692
vt 0.2860340178012848 0.06696319580078125
vt 0.286822646856308 0.3555707335472107
vt 0.37663984298706055 0.3535856008529663
vt 0.2860340178012848 0.06696319580078125
vt 0.37663984298706055 0.3535856008529663
vt 0.37342071533203125 0.06677979230880737
vt 0.36488303542137146 0.39262694120407104
vt 0.37663984298706055 0.3535856008529663
vt 0.286822646856308 0.3555707335472107
vt 0.36488303542137146 0.39262694120407104
vt 0.286822646856308 0.3555707335472107
vt 0.286822646856308 0.39262694120407104
vt 0.37663984298706055 0.4354594349861145
vt 0.36488303542137146 0.39262694120407104
vt 0.286822646856308 0.39262694120407104
vt 0.37663984298706055 0.4354594349861145
vt 0.286822646856308 0.39262694120407104
vt 0.286822646856308 0.4363582134246826
vt 0.37663984298706055 0.4807237386703491
vt 0.37663984298706055 0.4354594349861145
vt 0.286822646856308 0.4363582134246826
vt 0.37663984298706055 0.4807237386703491
vt 0.286822646856308 0.4363582134246826
vt 0.286822646856308 0.4807237386703491
vn 0 0 1
vn 0 0 1
vn 0 0 1
vn 0 0 1
vn 0 0 1
vn 0 0 1
vn -0.004293284026406268 0.9999203945410138 0.011864750027350907
vn -0.004293284026406268 0.9999203945410138 0.011864750027350907
vn -0.0042932835608009935 0.9999203945540621 0.011864749096183135
vn -0.004293284026406268 0.9999203945410138 0.011864750027350907
vn -0.0042932835608009935 0.9999203945540621 0.011864749096183135
vn -0.004293283560753553 0.9999203945430131 0.011864750027374629
vn -0.004293284026406268 0.9999203945410138 0.011864750027350907
vn -0.004293283560753553 0.9999203945430131 0.011864750027374629
vn -0.0042932830951482774 0.9999203945560612 0.011864749096206856
vn -0.03507261750155087 0.2757976374302064 -0.9605756475621825
vn -0.03507261750155087 0.2757976374302064 -0.9605756475621825
vn -0.03507261406911917 0.2757976099308119 -0.9605756555830521
vn -0.03507261750155087 0.2757976374302064 -0.9605756475621825
vn -0.03507261406911917 0.2757976099308119 -0.9605756555830521
vn -0.03507261406911917 0.2757976099308119 -0.9605756555830521
vn 0.03473052755527822 -0.9989364744756033 0.030326727782344104
vn 0.03473052383644326 -0.9989364746612749 0.03032672592533576
vn 0.03473052755527822 -0.9989364744756033 0.030326727782344104
vn 0.03473052755527822 -0.9989364744756033 0.030326727782344104
vn 0.03473052755527822 -0.9989364744756033 0.030326727782344104
vn 0.03473053127607504 -0.9989364743463596 0.030326727778420392
vn 0.03473052755527822 -0.9989364744756033 0.030326727782344104
vn 0.03473053127607504 -0.9989364743463596 0.030326727778420392
vn 0.03473053499687186 -0.9989364742171158 0.03032672777449668
vn 0.8693115455531208 -0.004041464880451005 0.4942480180331173
vn 0.8693115455531208 -0.004041464880451005 0.4942480180331173
vn 0.8693115583594883 -0.00404146447432705 0.4942479955118693
vn 0.8693115455531208 -0.004041464880451005 0.4942480180331173
vn 0.8693115583594883 -0.00404146447432705 0.4942479955118693
vn 0.8693115711625835 -0.004041464999510444 0.49424797298876016
vn -0.7256640974416392 0.6033629330762319 0.33070347544871315
vn -0.7256641185072188 0.603362901032422 0.33070348768780916
vn -0.7256641185072188 0.603362901032422 0.33070348768780916
vn -0.7256640974416392 0.6033629330762319 0.33070347544871315
vn -0.7256641185072188 0.603362901032422 0.33070348768780916
vn -0.7256641256591694 0.6033629069790046 0.330703461144812
vn 0 0.9999999999999996 2.894943662568038e-8
vn 0 0.9999999999999996 2.8949431296609863e-8
vn 0 0.9999999999999996 2.894943662568038e-8
vn 0 0.9999999999999996 2.894943662568038e-8
vn 0 0.9999999999999996 2.894943662568038e-8
vn 0 0.9999999999999996 2.89494330729667e-8
vn 0 0.9999999999999996 2.894943662568038e-8
vn 0 0.9999999999999996 2.89494330729667e-8
vn 0 0.9999999999999996 2.894943484932354e-8
vn 0.8422953857166843 -0.282545529198149 0.4590277847042812
vn 0.8422954273772819 -0.28254551337075184 0.45902771800119024
vn 0.8422954043319228 -0.2825455056402542 0.45902776504675125
vn 0.8422953857166843 -0.282545529198149 0.4590277847042812
vn 0.8422954043319228 -0.2825455056402542 0.45902776504675125
vn 0.8422953972393639 -0.2825455330633983 0.4590277611815022
vn 0.10557628225862044 -0.9933386259586726 -0.04617383244852737
vn 0.10557628224046015 -0.9933386257878074 -0.0461738361658752
vn 0.10557628960799381 -0.9933386250064427 -0.04617383612955465
vn 0.10557628225862044 -0.9933386259586726 -0.04617383244852737
vn 0.10557628960799381 -0.9933386250064427 -0.04617383612955465
vn 0.10557630432490078 -0.9933386232728478 -0.04617383977426134
vn 0.10557628225862044 -0.9933386259586726 -0.04617383244852737
vn 0.10557630432490078 -0.9933386232728478 -0.04617383977426134
vn 0.10557628962615409 -0.9933386251773078 -0.04617383241220682
vn -0.6430990820983151 0.0019626166121759154 0.7657804638016944
vn -0.6430990820983151 0.0019626166121759154 0.7657804638016944
vn -0.6430990820983151 0.0019626166121759154 0.7657804638016944
vn -0.6430990820983151 0.0019626166121759154 0.7657804638016944
vn -0.6430990820983151 0.0019626166121759154 0.7657804638016944
vn -0.6430990820983151 0.0019626166121759154 0.7657804638016944
vn -0.5357326148761189 0.630870626101084 -0.5612422101738448
vn -0.5357325925236247 0.6308706103640089 -0.5612422491998073
vn -0.5357325544568974 0.6308706251418491 -0.561242268925123
vn -0.8240788370082405 0.02406783713482944 -0.5659636115606702
vn -0.8240788369712971 0.024067838996395585 -0.5659636115352981
vn -0.8240788369712971 0.024067838996395585 -0.5659636115352981
vn -0.8240788370082405 0.02406783713482944 -0.5659636115606702
vn -0.8240788369712971 0.024067838996395585 -0.5659636115352981
vn -0.8240788370082405 0.02406783713482944 -0.5659636115606702
vn 0 -0.9999999999999962 -8.77014727507227e-8
vn 0 -0.9999999999999962 -8.77014727507227e-8
vn 0 -0.9999999999999962 -8.770146564529535e-8
vn 0 -0.9999999999999448 -3.3216770134456947e-7
vn 0 -0.9999999999999448 -3.3216772976627895e-7
vn 0 -0.9999999999999448 -3.3216770134456947e-7
vn -0.6201167155618942 0.02733196339742392 0.7840333046864596
vn -0.6201166132145903 0.027331964140624804 0.7840333856102569
vn -0.6201166498985892 0.02733196313038535 0.7840333566309471
vn -0.6201167155618942 0.02733196339742392 0.7840333046864596
vn -0.6201166498985892 0.02733196313038535 0.7840333566309471
vn -0.6201167155934642 0.02733196153617022 0.7840333047263744
vn -0.29094868356078996 0.7364303928437674 0.6107529287938107
vn -0.29094868356078996 0.7364303928437674 0.6107529287938107
vn -0.2909486963318871 0.7364303655644919 0.6107529556026104
vn 0 0 1
vn 0 0 1
vn 0 0 1
vn 0 0 1
vn 0 0 1
vn 0 0 1
vn 0.850799275309733 0.12740370822684297 0.5098126011217088
vn 0.8507993160071876 0.12740372029672983 0.5098125301875724
vn 0.850799275309733 0.12740370822684297 0.5098126011217088
vn 0.850799275309733 0.12740370822684297 0.5098126011217088
vn 0.850799275309733 0.12740370822684297 0.5098126011217088
vn 0.850799275309733 0.12740370822684297 0.5098126011217088
vn 0.8594766360507732 0.14436389676038017 0.49036616664998944
vn 0.8594766342018758 0.14436391135098736 0.4903661655951187
vn 0.8594766216414406 0.1443639092412458 0.4903661882312049
vn 0.8594766360507732 0.14436389676038017 0.49036616664998944
vn 0.8594766216414406 0.1443639092412458 0.4903661882312049
vn 0.8594766072321077 0.14436392172211093 0.4903662098124192
vn -0.03996937343923351 -0.023346170750827865 -0.9989281282945977
vn -0.03996937344097161 -0.02334616888919794 -0.9989281283380368
vn -0.03996937344097161 -0.02334616888919794 -0.9989281283380368
vn -0.03996937343923351 -0.023346170750827865 -0.9989281282945977
vn -0.03996937344097161 -0.02334616888919794 -0.9989281283380368
vn -0.03996937344097161 -0.02334616888919794 -0.9989281283380368
vn -0.8978940896001305 -0.01394036327097152 0.4399907614178123
vn -0.8978940778262726 -0.013940363088175065 0.4399907854506469
vn -0.89789407783793 -0.013940362157033488 0.43999078545635933
vn -0.8978940896001305 -0.01394036327097152 0.4399907614178123
vn -0.89789407783793 -0.013940362157033488 0.43999078545635933
vn -0.8978940778262726 -0.013940363088175065 0.4399907854506469
vn -0.6436584704924674 0.027790194865440158 0.7648081317772703
vn -0.6436584411172594 0.027790195459799685 0.7648081564776918
vn -0.6436584062732266 0.027790192803558107 0.7648081858987592
vn -0.6436584704924674 0.027790194865440158 0.7648081317772703
vn -0.6436584062732266 0.027790192803558107 0.7648081858987592
vn -0.6436584062732266 0.027790192803558107 0.7648081858987592
vn -0.8608859612293066 0.025587645799771255 -0.5081541440751205
vn -0.8608859612293066 0.025587645799771255 -0.5081541440751205
vn -0.8608859611882762 0.025587647661196842 -0.5081541440509015
vn -0.8608859612293066 0.025587645799771255 -0.5081541440751205
vn -0.8608859611882762 0.025587647661196842 -0.5081541440509015
vn -0.8608859611472457 0.02558764952262243 -0.5081541440266825
vn -0.640950853321879 0.001978328900905976 0.7675793703850534
vn -0.6409508533215837 0.001978329133735706 0.7675793703846998
vn -0.6409508826462116 0.001978328991417088 0.7675793458981578
vn -0.640950853321879 0.001978328900905976 0.7675793703850534
vn -0.6409508826462116 0.001978328991417088 0.7675793458981578
vn -0.640950853321879 0.001978328900905976 0.7675793703850534
f 1/1/1 2/2/2 3/3/3
f 4/4/4 5/5/5 6/6/6
f 7/7/7 8/8/8 9/9/9
f 10/10/10 11/11/11 12/12/12
f 13/13/13 14/14/14 15/15/15
f 16/16/16 17/17/17 18/18/18
f 19/19/19 20/20/20 21/21/21
f 22/22/22 23/23/23 24/24/24
f 25/25/25 26/26/26 27/27/27
f 28/28/28 29/29/29 30/30/30
f 31/31/31 32/32/32 33/33/33
f 34/34/34 35/35/35 36/36/36
f 37/37/37 38/38/38 39/39/39
f 40/40/40 41/41/41 42/42/42
f 43/43/43 44/44/44 45/45/45
f 46/46/46 47/47/47 48/48/48
f 49/49/49 50/50/50 51/51/51
f 52/52/52 53/53/53 54/54/54
f 55/55/55 56/56/56 57/57/57
f 58/58/58 59/59/59 60/60/60
f 61/61/61 62/62/62 63/63/63
f 64/64/64 65/65/65 66/66/66
f 67/67/67 68/68/68 69/69/69
f 70/70/70 71/71/71 72/72/72
f 73/73/73 74/74/74 75/75/75
f 76/76/76 77/77/77 78/78/78
f 79/79/79 80/80/80 81/81/81
f 82/82/82 83/83/83 84/84/84
f 85/85/85 86/86/86 87/87/87
f 88/88/88 89/89/89 90/90/90
f 91/91/91 92/92/92 93/93/93
f 94/94/94 95/95/95 96/96/96
f 97/97/97 98/98/98 99/99/99
f 100/100/100 101/101/101 102/102/102
f 103/103/103 104/104/104 105/105/105
f 106/106/106 107/107/107 108/108/108
f 109/109/109 110/110/110 111/111/111
f 112/112/112 113/113/113 114/114/114
f 115/115/115 116/116/116 117/117/117
f 118/118/118 119/119/119 120/120/120
f 121/121/121 122/122/122 123/123/123
f 124/124/124 125/125/125 126/126/126
f 127/127/127 128/128/128 129/129/129
f 130/130/130 131/131/131 132/132/132
f 133/133/133 134/134/134 135/135/135
f 136/136/136 137/137/137 138/138/138
f 139/139/139 140/140/140 141/141/141
f 142/142/142 143/143/143 144/144/144
o stone
usemtl lambert5
v -1.9311384531760574 0.6923495487203226 -5.177330246913357
v -1.5922691346815796 0.6923495487203226 -4.9701462883028285
v -1.6040976235940434 0.9204087055533989 -5.072736893665649
v -1.9311384531760574 0.6923495487203226 -5.177330246913357
v -1.6040976235940434 0.9204087055533989 -5.072736893665649
v -1.9168014670990345 0.9204087055533989 -5.263923299827184
v -2.272128538291625 0.8965033574860612 -5.932499058685353
v -1.5078009593121777 0.9204087055533989 -5.933536191788065
v -0.9856597134613025 0.9204087055533989 -6.118517875650511
v -2.272128538291625 0.8965033574860612 -5.932499058685353
v -0.9856597134613025 0.9204087055533989 -6.118517875650511
v -0.1690063290297985 0.9204087055533989 -7.524858593940735
v -2.272128538291625 0.8965033574860612 -5.932499058685353
v -0.1690063290297985 0.9204087055533989 -7.524858593940735
v -3.196199409829063 0.8965033574860612 -7.52382141972879
v -3.196199409829063 0.8965033574860612 -7.52382141972879
v -0.1690063290297985 0.9204087055533989 -7.524858593940735
v -0.03709671240517309 0.6923495369748274 -7.627449199303555
v -3.196199409829063 0.8965033574860612 -7.52382141972879
v -0.03709671240517309 0.6923495369748274 -7.627449199303555
v -3.3706108996844364 0.6923495369748274 -7.634144319520033
v -1.5850822775612556 0.35026075474323193 -5.933536191788065
v -1.0078567732094967 0.35026075474323193 -6.080292701674701
v -1.3610036455750674 0.35026075474323193 -5.9415298866176816
v -1.3610036455750674 0.805249703805277 -5.9415298866176816
v -1.3288342845096537 0.6923495369748274 -5.911635517866834
v -0.9317052306568598 0.6923495487203226 -6.086863507569525
v -1.3610036455750674 0.805249703805277 -5.9415298866176816
v -0.9317052306568598 0.6923495487203226 -6.086863507569525
v -0.9856597134613025 0.9204087055533989 -6.118517875650511
v -3.3706108996844364 0.6923495369748274 -7.634144319520033
v -2.4524309577951726 0.6923495487203226 -5.902972947915049
v -2.272128538291625 0.8965033574860612 -5.932499058685353
v -3.3706108996844364 0.6923495369748274 -7.634144319520033
v -2.272128538291625 0.8965033574860612 -5.932499058685353
v -3.196199409829063 0.8965033574860612 -7.52382141972879
v -1.5078009593121777 0.9204087055533989 -5.933536191788065
v -1.2077416582381488 0.9204087055533989 -5.73607541254065
v -1.3610036455750674 0.805249703805277 -5.9415298866176816
v -1.2077416582381488 0.9204087055533989 -5.73607541254065
v -1.160433716281858 0.6923495369748274 -5.6929751533092485
v -1.3288342845096537 0.6923495369748274 -5.911635517866834
v -1.2077416582381488 0.9204087055533989 -5.73607541254065
v -1.3288342845096537 0.6923495369748274 -5.911635517866834
v -1.3610036455750674 0.805249703805277 -5.9415298866176816
v -1.2024025319564942 0.35026075474323193 -5.745269833198911
v -1.5850822775612556 0.35026075474323193 -5.933536191788065
v -1.3610036455750674 0.35026075474323193 -5.9415298866176816
v -2.272128538291625 0.8965033574860612 -5.932499058685353
v -2.4524309577951726 0.6923495487203226 -5.902972947915049
v -1.9311384531760574 0.6923495487203226 -5.177330246913357
v -2.272128538291625 0.8965033574860612 -5.932499058685353
v -1.9311384531760574 0.6923495487203226 -5.177330246913357
v -1.9168014670990345 0.9204087055533989 -5.263923299827184
v -1.9168014670990345 0.9204087055533989 -5.263923299827184
v -1.6040976235940434 0.9204087055533989 -5.072736893665649
v -1.2077416582381488 0.9204087055533989 -5.73607541254065
v -1.9168014670990345 0.9204087055533989 -5.263923299827184
v -1.2077416582381488 0.9204087055533989 -5.73607541254065
v -1.5078009593121777 0.9204087055533989 -5.933536191788065
v -1.9168014670990345 0.9204087055533989 -5.263923299827184
v -1.5078009593121777 0.9204087055533989 -5.933536191788065
v -2.272128538291625 0.8965033574860612 -5.932499058685353
v -0.9856597134613025 0.9204087055533989 -6.118517875650511
v -1.5078009593121777 0.9204087055533989 -5.933536191788065
v -1.3610036455750674 0.805249703805277 -5.9415298866176816
v -1.5922691346815796 0.6923495487203226 -4.9701462883028285
v -1.160433716281858 0.6923495369748274 -5.6929751533092485
v -1.2077416582381488 0.9204087055533989 -5.73607541254065
v -1.5922691346815796 0.6923495487203226 -4.9701462883028285
v -1.2077416582381488 0.9204087055533989 -5.73607541254065
v -1.6040976235940434 0.9204087055533989 -5.072736893665649
v -2.3978428759953374 0.35026075474323193 -5.933536191788065
v -1.5850822775612556 0.35026075474323193 -5.933536191788065
v -1.2024025319564942 0.35026075474323193 -5.745269833198911
v -2.3978428759953374 0.35026075474323193 -5.933536191788065
v -1.2024025319564942 0.35026075474323193 -5.745269833198911
v -1.6040976235940434 0.35026075474323193 -5.072736893665649
v -2.3978428759953374 0.35026075474323193 -5.933536191788065
v -1.6040976235940434 0.35026075474323193 -5.072736893665649
v -1.9168014670990345 0.35026075474323193 -5.263923299827184
v -3.3219137005507946 0.35026075474323193 -7.524858593940735
v -0.1690063290297985 0.35026075474323193 -7.524858593940735
v -1.0078567732094967 0.35026075474323193 -6.080292701674701
v -3.3219137005507946 0.35026075474323193 -7.524858593940735
v -1.0078567732094967 0.35026075474323193 -6.080292701674701
v -1.5850822775612556 0.35026075474323193 -5.933536191788065
v -3.3219137005507946 0.35026075474323193 -7.524858593940735
v -1.5850822775612556 0.35026075474323193 -5.933536191788065
v -2.3978428759953374 0.35026075474323193 -5.933536191788065
v -0.9856597134613025 0.9204087055533989 -6.118517875650511
v -0.9317052306568598 0.6923495487203226 -6.086863507569525
v -0.03709671240517309 0.6923495369748274 -7.627449199303555
v -0.9856597134613025 0.9204087055533989 -6.118517875650511
v -0.03709671240517309 0.6923495369748274 -7.627449199303555
v -0.1690063290297985 0.9204087055533989 -7.524858593940735
v -1.9168014670990345 0.35026075474323193 -5.263923299827184
v -1.6040976235940434 0.35026075474323193 -5.072736893665649
v -1.5922691346815796 0.6923495487203226 -4.9701462883028285
v -1.9168014670990345 0.35026075474323193 -5.263923299827184
v -1.5922691346815796 0.6923495487203226 -4.9701462883028285
v -1.9311384531760574 0.6923495487203226 -5.177330246913357
v -1.6040976235940434 0.35026075474323193 -5.072736893665649
v -1.2024025319564942 0.35026075474323193 -5.745269833198911
v -1.160433716281858 0.6923495369748274 -5.6929751533092485
v -1.6040976235940434 0.35026075474323193 -5.072736893665649
v -1.160433716281858 0.6923495369748274 -5.6929751533092485
v -1.5922691346815796 0.6923495487203226 -4.9701462883028285
v -1.3288342845096537 0.6923495369748274 -5.911635517866834
v -1.160433716281858 0.6923495369748274 -5.6929751533092485
v -1.2024025319564942 0.35026075474323193 -5.745269833198911
v -1.3288342845096537 0.6923495369748274 -5.911635517866834
v -1.2024025319564942 0.35026075474323193 -5.745269833198911
v -1.3610036455750674 0.35026075474323193 -5.9415298866176816
v -0.9317052306568598 0.6923495487203226 -6.086863507569525
v -1.3288342845096537 0.6923495369748274 -5.911635517866834
v -1.3610036455750674 0.35026075474323193 -5.9415298866176816
v -0.9317052306568598 0.6923495487203226 -6.086863507569525
v -1.3610036455750674 0.35026075474323193 -5.9415298866176816
v -1.0078567732094967 0.35026075474323193 -6.080292701674701
v -0.03709671240517309 0.6923495369748274 -7.627449199303555
v -0.9317052306568598 0.6923495487203226 -6.086863507569525
v -1.0078567732094967 0.35026075474323193 -6.080292701674701
v -0.03709671240517309 0.6923495369748274 -7.627449199303555
v -1.0078567732094967 0.35026075474323193 -6.080292701674701
v -0.1690063290297985 0.35026075474323193 -7.524858593940735
v -3.3706108996844364 0.6923495369748274 -7.634144319520033
v -0.03709671240517309 0.6923495369748274 -7.627449199303555
v -0.1690063290297985 0.35026075474323193 -7.524858593940735
v -3.3706108996844364 0.6923495369748274 -7.634144319520033
v -0.1690063290297985 0.35026075474323193 -7.524858593940735
v -3.3219137005507946 0.35026075474323193 -7.524858593940735
v -3.3219137005507946 0.35026075474323193 -7.524858593940735
v -2.3978428759953374 0.35026075474323193 -5.933536191788065
v -2.4524309577951726 0.6923495487203226 -5.902972947915049
v -3.3219137005507946 0.35026075474323193 -7.524858593940735
v -2.4524309577951726 0.6923495487203226 -5.902972947915049
v -3.3706108996844364 0.6923495369748274 -7.634144319520033
v -1.9311384531760574 0.6923495487203226 -5.177330246913357
v -2.4524309577951726 0.6923495487203226 -5.902972947915049
v -2.3978428759953374 0.35026075474323193 -5.933536191788065
v -1.9311384531760574 0.6923495487203226 -5.177330246913357
v -2.3978428759953374 0.35026075474323193 -5.933536191788065
v -1.9168014670990345 0.35026075474323193 -5.263923299827184
vt 0.5375514626502991 0.38727498054504395
vt 0.5375514626502991 0.4461584687232971
vt 0.577180027961731 0.4441031813621521
vt 0.5375514626502991 0.38727498054504395
vt 0.577180027961731 0.4441031813621521
vt 0.577180027961731 0.3897661566734314
vt 0.6894939541816711 0.632565438747406
vt 0.6896741986274719 0.7653786689043045
vt 0.7218174338340759 0.8561085611581802
vt 0.6894939541816711 0.632565438747406
vt 0.7218174338340759 0.8561085611581802
vt 0.9661898612976074 0.998013942502439
vt 0.6894939541816711 0.632565438747406
vt 0.9661898612976074 0.998013942502439
vt 0.9660096168518066 0.47199463844299316
vt 0.006146003492176533 0.44907379150390625
vt 0.0019920319318771362 0.9750932920724154
vt 0.04162066429853439 0.9980141601990908
vt 0.006146003492176533 0.44907379150390625
vt 0.04162066429853439 0.9980141601990908
vt 0.04162066429853439 0.41876721382141113
vt 0.38394609093666077 0.7519498914480209
vt 0.3584449887275696 0.8522513210773468
vt 0.38255706429481506 0.7908868491649628
vt 0.6623764038085938 0.3934061527252197
vt 0.642758309841156 0.3989960551261902
vt 0.642758309841156 0.46800315380096436
vt 0.6623764038085938 0.3934061527252197
vt 0.642758309841156 0.46800315380096436
vt 0.6823869943618774 0.45862776041030884
vt 0.958379328250885 0.0050942301750183105
vt 0.958379328250885 0.30591070652008057
vt 0.9938541054725647 0.30078011751174927
vt 0.958379328250885 0.0050942301750183105
vt 0.9938541054725647 0.30078011751174927
vt 0.9938541054725647 0.02426433563232422
vt 0.6896741986274719 0.7653786689043045
vt 0.6553623676300049 0.817518413066864
vt 0.6910632252693176 0.7908868491649628
vt 0.7875937223434448 0.4323022961616516
vt 0.7479650974273682 0.4248131513595581
vt 0.7479650974273682 0.4628084897994995
vt 0.7875937223434448 0.4323022961616516
vt 0.7479650974273682 0.4628084897994995
vt 0.7675832509994507 0.46800315380096436
vt 0.4166601300239563 0.8184462040662766
vt 0.38394609093666077 0.7519498914480209
vt 0.38255706429481506 0.7908868491649628
vt 0.9938541054725647 0.30078011751174927
vt 0.958379328250885 0.30591070652008057
vt 0.958379328250885 0.43200182914733887
vt 0.9938541054725647 0.30078011751174927
vt 0.958379328250885 0.43200182914733887
vt 0.9980079531669617 0.41695499420166016
vt 0.5733190178871155 0.69430872797966
vt 0.540097713470459 0.7486456632614136
vt 0.6553623676300049 0.817518413066864
vt 0.5733190178871155 0.69430872797966
vt 0.6553623676300049 0.817518413066864
vt 0.6896741986274719 0.7653786689043045
vt 0.5733190178871155 0.69430872797966
vt 0.6896741986274719 0.7653786689043045
vt 0.6894939541816711 0.632565438747406
vt 0.6823869943618774 0.45862776041030884
vt 0.6823869943618774 0.36789798736572266
vt 0.6623764038085938 0.3934061527252197
vt 0.7479650974273682 0.299210786819458
vt 0.7479650974273682 0.4248131513595581
vt 0.7875937223434448 0.4323022961616516
vt 0.7479650974273682 0.299210786819458
vt 0.7875937223434448 0.4323022961616516
vt 0.7875937223434448 0.3170376420021057
vt 0.38394609093666077 0.6107207834720612
vt 0.38394609093666077 0.7519498914480209
vt 0.4166601300239563 0.8184462040662766
vt 0.38394609093666077 0.6107207834720612
vt 0.4166601300239563 0.8184462040662766
vt 0.5335227251052856 0.7486457526683807
vt 0.38394609093666077 0.6107207834720612
vt 0.5335227251052856 0.7486457526683807
vt 0.50030118227005 0.6943088471889496
vt 0.1074303612112999 0.4501499533653259
vt 0.1074303612112999 0.998013942502439
vt 0.3584449887275696 0.8522513210773468
vt 0.1074303612112999 0.4501499533653259
vt 0.3584449887275696 0.8522513210773468
vt 0.38394609093666077 0.7519498914480209
vt 0.1074303612112999 0.4501499533653259
vt 0.38394609093666077 0.7519498914480209
vt 0.38394609093666077 0.6107207834720612
vt 0.8928008675575256 0.20580410957336426
vt 0.853172242641449 0.200303852558136
vt 0.853172242641449 0.46800315380096436
vt 0.8928008675575256 0.20580410957336426
vt 0.853172242641449 0.46800315380096436
vt 0.8928008675575256 0.45017653703689575
vt 0.89893639087677 0.41695499420166016
vt 0.89893639087677 0.450176477432251
vt 0.958379328250885 0.46800315380096436
vt 0.89893639087677 0.41695499420166016
vt 0.958379328250885 0.46800315380096436
vt 0.958379328250885 0.43200182914733887
vt 0.6885223388671875 0.3170376420021057
vt 0.6885223388671875 0.43390005826950073
vt 0.7479650974273682 0.4248131513595581
vt 0.6885223388671875 0.3170376420021057
vt 0.7479650974273682 0.4248131513595581
vt 0.7479650974273682 0.299210786819458
vt 0.7479650974273682 0.4628084897994995
vt 0.7479650974273682 0.4248131513595581
vt 0.6885223388671875 0.43390005826950073
vt 0.7479650974273682 0.4628084897994995
vt 0.6885223388671875 0.43390005826950073
vt 0.6885223388671875 0.46800315380096436
vt 0.642758309841156 0.46800315380096436
vt 0.642758309841156 0.3989960551261902
vt 0.583315372467041 0.3934061527252197
vt 0.642758309841156 0.46800315380096436
vt 0.583315372467041 0.3934061527252197
vt 0.583315372467041 0.45477062463760376
vt 0.853172242641449 0.46800315380096436
vt 0.853172242641449 0.200303852558136
vt 0.7937290668487549 0.19916194677352905
vt 0.853172242641449 0.46800315380096436
vt 0.7937290668487549 0.19916194677352905
vt 0.7937290668487549 0.45017653703689575
vt 0.04162066429853439 0.41876721382141113
vt 0.04162066429853439 0.9980141601990908
vt 0.10106382519006729 0.9750932920724154
vt 0.04162066429853439 0.41876721382141113
vt 0.10106382519006729 0.9750932920724154
vt 0.10106382519006729 0.4272288680076599
vt 0.89893639087677 0.024084091186523438
vt 0.89893639087677 0.30059993267059326
vt 0.958379328250885 0.30591070652008057
vt 0.89893639087677 0.024084091186523438
vt 0.958379328250885 0.30591070652008057
vt 0.958379328250885 0.0050942301750183105
vt 0.958379328250885 0.43200182914733887
vt 0.958379328250885 0.30591070652008057
vt 0.89893639087677 0.30059993267059326
vt 0.958379328250885 0.43200182914733887
vt 0.89893639087677 0.30059993267059326
vt 0.89893639087677 0.41695499420166016
vn -0.49130198910605477 0.33599844951833197 0.8035716504591927
vn -0.4913019841863854 0.3359984759561223 0.8035716424126003
vn -0.4913019940257239 0.3359984230805408 0.8035716585057846
vn -0.49130198910605477 0.33599844951833197 0.8035716504591927
vn -0.4913019940257239 0.3359984230805408 0.8035716585057846
vn -0.4913019664973461 0.33599845443800125 0.8035716622250408
vn -0.011498361861406289 0.9999327690446902 -0.0014983541378397567
vn -0.011498361861408294 0.9999327690448646 -0.0014983540214246961
vn -0.011498359999007399 0.9999327690661062 -0.0014983541378718478
vn -0.011498361861406289 0.9999327690446902 -0.0014983541378397567
vn -0.011498359999007399 0.9999327690661062 -0.0014983541378718478
vn -0.011498361861406289 0.9999327690446902 -0.0014983541378397567
vn -0.011498361861406289 0.9999327690446902 -0.0014983541378397567
vn -0.011498361861406289 0.9999327690446902 -0.0014983541378397567
vn -0.011498361861406289 0.9999327690446902 -0.0014983541378397567
vn -0.0008631632493764223 0.44197224702542354 -0.8970283093684964
vn -0.0008631631443306008 0.4419722230447153 -0.8970283211840631
vn -0.0008631631797993935 0.44197227100619746 -0.8970282975530647
vn -0.0008631632493764223 0.44197224702542354 -0.8970283093684964
vn -0.0008631631797993935 0.44197227100619746 -0.8970282975530647
vn -0.0008631631911688057 0.4419722470254457 -0.8970283093685415
vn 0 -0.9999999999999465 3.2747934142205916e-7
vn 0 -0.9999999999999465 3.274793698437686e-7
vn 0 -0.9999999999999465 3.2747934142205916e-7
vn 0.3695059985436985 0.2546537200293721 0.893653624127059
vn 0.3695059728104265 0.2546537228336536 0.8936536339680946
vn 0.3695059700061448 0.2546537507033393 0.8936536271859133
vn 0.3695059985436985 0.2546537200293721 0.893653624127059
vn 0.3695059700061448 0.2546537507033393 0.8936536271859133
vn 0.3695059728104265 0.2546537228336536 0.8936536339680946
vn -0.7286356585000616 0.5530495565781822 0.4040127041701261
vn -0.7286356305401126 0.5530495805971631 0.4040127217164261
vn -0.7286356152942801 0.5530496286299048 0.4040126834606185
vn -0.7286356585000616 0.5530495565781822 0.4040127041701261
vn -0.7286356152942801 0.5530496286299048 0.4040126834606185
vn -0.7286356152942801 0.5530496286299048 0.4040126834606185
vn 0.437933456364369 0.6044434466178873 -0.665479081292152
vn 0.437933456364369 0.6044434466178873 -0.665479081292152
vn 0.4379333750424233 0.6044434762479286 -0.6654791078954109
vn 0.7887111090443722 0.05272019137770738 -0.6124992799106742
vn 0.7887111093541747 0.05272018394783526 -0.6124992801512614
vn 0.7887111091992735 0.052720187662771326 -0.6124992800309678
vn 0.7887111090443722 0.05272019137770738 -0.6124992799106742
vn 0.7887111091992735 0.052720187662771326 -0.6124992800309678
vn 0.7887111093541747 0.05272018394783526 -0.6124992801512614
vn 0 -0.9999999999999791 -2.0461959593375951e-7
vn 0 -0.9999999999999791 -2.046196101446142e-7
vn 0 -0.9999999999999791 -2.0461962435546894e-7
vn -0.753324934177785 0.464360719061595 0.4656937471543229
vn -0.7533249342077118 0.4643607488823651 0.4656937173705005
vn -0.7533249808373806 0.46436068127975183 0.4656937093495731
vn -0.753324934177785 0.464360719061595 0.4656937471543229
vn -0.7533249808373806 0.46436068127975183 0.4656937093495731
vn -0.7533249342077118 0.4643607488823651 0.4656937173705005
vn -0.014870697363644273 0.9998481688975112 -0.00908303430650162
vn -0.014870697363518478 0.9998481688890531 -0.00908303523774734
vn -0.014870697363518478 0.9998481688890531 -0.00908303523774734
vn -0.014870697363644273 0.9998481688975112 -0.00908303430650162
vn -0.014870697363518478 0.9998481688890531 -0.00908303523774734
vn -0.014870695501411057 0.9998481689252057 -0.009083034306753208
vn -0.014870697363644273 0.9998481688975112 -0.00908303430650162
vn -0.014870695501411057 0.9998481689252057 -0.009083034306753208
vn -0.014870697363644273 0.9998481688975112 -0.00908303430650162
vn 0.3141728075960594 0.33893007389602736 0.8868042918119209
vn 0.3141728139429175 0.3389300211383802 0.886804309726969
vn 0.3141728107694886 0.33893004751720424 0.8868043007694454
vn 0.8276956107278937 0.26526948892594365 0.4945220664709998
vn 0.8276956107278937 0.26526948892594365 0.4945220664709998
vn 0.8276955985293935 0.2652694850164268 0.49452208898510197
vn 0.8276956107278937 0.26526948892594365 0.4945220664709998
vn 0.8276955985293935 0.2652694850164268 0.49452208898510197
vn 0.8276956172713624 0.2652694612207477 0.4945220703805164
vn 0 -0.9999999999999994 3.220112532176243e-8
vn 0 -0.9999999999999994 3.220112532176243e-8
vn 0 -0.9999999999999994 3.220112532176243e-8
vn 0 -0.9999999999999994 3.220112532176243e-8
vn 0 -0.9999999999999994 3.220112532176243e-8
vn 0 -0.9999999999999994 3.220112887447611e-8
vn 0 -0.9999999999999994 3.220112532176243e-8
vn 0 -0.9999999999999994 3.220112887447611e-8
vn 0 -0.9999999999999994 3.220112532176243e-8
vn 0 -1 0
vn 0 -1 0
vn 0 -1 0
vn 0 -1 0
vn 0 -1 0
vn 0 -1 0
vn 0 -1 0
vn 0 -1 0
vn 0 -1 0
vn 0.8339681474397077 0.2645183753766546 0.4842800410341905
vn 0.8339681540140966 0.26451834765960003 0.48428004485189663
vn 0.8339681529017047 0.2645184069114152 0.48428001440361557
vn 0.8339681474397077 0.2645183753766546 0.4842800410341905
vn 0.8339681529017047 0.2645184069114152 0.48428001440361557
vn 0.8339681172538755 0.2645183847077266 0.48428008791983285
vn -0.5074738386930273 -0.23137219810294976 0.8300224147498505
vn -0.5074738386930273 -0.23137219810294976 0.8300224147498505
vn -0.5074738369434024 -0.23137221220640594 0.83002241188817
vn -0.5074738386930273 -0.23137219810294976 0.8300224147498505
vn -0.5074738369434024 -0.23137221220640594 0.83002241188817
vn -0.5074738118370526 -0.23137220075968443 0.8300224304289564
vn 0.8443786420658611 -0.18057997351027597 0.5043962549326082
vn 0.8443785950279536 -0.18058000600013827 0.5043963220440933
vn 0.8443785973000513 -0.180579991584891 0.5043963234013491
vn 0.8443786420658611 -0.18057997351027597 0.5043962549326082
vn 0.8443785973000513 -0.180579991584891 0.5043963234013491
vn 0.8443786397937636 -0.1805799879255231 0.5043962535753528
vn 0.7853591316372711 -0.010749324984115918 -0.6189470788091153
vn 0.7853591087882502 -0.010749326418518132 -0.6189471077764834
vn 0.785359079814685 -0.010749326021952653 -0.6189471445468547
vn 0.7853591316372711 -0.010749324984115918 -0.6189470788091153
vn 0.785359079814685 -0.010749326021952653 -0.6189471445468547
vn 0.7853591087961124 -0.01074932548730314 -0.6189471077826797
vn 0.38441282638429275 -0.09217455268717033 0.9185481101979142
vn 0.3844128015139491 -0.09217453896859944 0.918548121982797
vn 0.3844128517826297 -0.09217455163118224 0.9185480996746641
vn 0.38441282638429275 -0.09217455268717033 0.9185481101979142
vn 0.3844128517826297 -0.09217455163118224 0.9185480996746641
vn 0.3844128009859551 -0.0921745537431584 0.918548120721164
vn 0.8506655647025164 -0.17987640104715333 0.4939762923214763
vn 0.8506655521793235 -0.17987639839907754 0.49397631485165655
vn 0.8506655795058052 -0.17987638927620248 0.4939762711153328
vn 0.8506655647025164 -0.17987640104715333 0.4939762923214763
vn 0.8506655795058052 -0.17987638927620248 0.4939762711153328
vn 0.850665577225709 -0.17987640369522903 0.49397626979129505
vn 0.0009859677838566189 -0.295929453791149 -0.9552092892379144
vn 0.0009859677235773954 -0.29592947063990027 -0.9552092840181341
vn 0.0009859676848326684 -0.2959293994063697 -0.9552093060867392
vn 0.0009859677838566189 -0.295929453791149 -0.9552092892379144
vn 0.0009859676848326684 -0.2959293994063697 -0.9552093060867392
vn 0.0009859676761370412 -0.2959294265987767 -0.9552092976623819
vn -0.8720269624013063 -0.0760091751442261 0.4835199914574836
vn -0.8720269481218819 -0.07600917909494426 0.4835200165893338
vn -0.8720269628951461 -0.0760091677366906 0.483519991731307
vn -0.8720269624013063 -0.0760091751442261 0.4835199914574836
vn -0.8720269628951461 -0.0760091677366906 0.483519991731307
vn -0.8720269481218819 -0.07600917909494426 0.4835200165893338
vn -0.79906797876321 -0.17879606887942923 0.5740403566549486
vn -0.799067980892142 -0.17879605445462873 0.5740403581843464
vn -0.7990680276501995 -0.17879606648129212 0.574040289350876
vn -0.79906797876321 -0.17879606887942923 0.5740403566549486
vn -0.7990680276501995 -0.17879606648129212 0.574040289350876
vn -0.79906797876321 -0.17879606887942923 0.5740403566549486
f 145/145/145 146/146/146 147/147/147
f 148/148/148 149/149/149 150/150/150
f 151/151/151 152/152/152 153/153/153
f 154/154/154 155/155/155 156/156/156
f 157/157/157 158/158/158 159/159/159
f 160/160/160 161/161/161 162/162/162
f 163/163/163 164/164/164 165/165/165
f 166/166/166 167/167/167 168/168/168
f 169/169/169 170/170/170 171/171/171
f 172/172/172 173/173/173 174/174/174
f 175/175/175 176/176/176 177/177/177
f 178/178/178 179/179/179 180/180/180
f 181/181/181 182/182/182 183/183/183
f 184/184/184 185/185/185 186/186/186
f 187/187/187 188/188/188 189/189/189
f 190/190/190 191/191/191 192/192/192
f 193/193/193 194/194/194 195/195/195
f 196/196/196 197/197/197 198/198/198
f 199/199/199 200/200/200 201/201/201
f 202/202/202 203/203/203 204/204/204
f 205/205/205 206/206/206 207/207/207
f 208/208/208 209/209/209 210/210/210
f 211/211/211 212/212/212 213/213/213
f 214/214/214 215/215/215 216/216/216
f 217/217/217 218/218/218 219/219/219
f 220/220/220 221/221/221 222/222/222
f 223/223/223 224/224/224 225/225/225
f 226/226/226 227/227/227 228/228/228
f 229/229/229 230/230/230 231/231/231
f 232/232/232 233/233/233 234/234/234
f 235/235/235 236/236/236 237/237/237
f 238/238/238 239/239/239 240/240/240
f 241/241/241 242/242/242 243/243/243
f 244/244/244 245/245/245 246/246/246
f 247/247/247 248/248/248 249/249/249
f 250/250/250 251/251/251 252/252/252
f 253/253/253 254/254/254 255/255/255
f 256/256/256 257/257/257 258/258/258
f 259/259/259 260/260/260 261/261/261
f 262/262/262 263/263/263 264/264/264
f 265/265/265 266/266/266 267/267/267
f 268/268/268 269/269/269 270/270/270
f 271/271/271 272/272/272 273/273/273
f 274/274/274 275/275/275 276/276/276
f 277/277/277 278/278/278 279/279/279
f 280/280/280 281/281/281 282/282/282
f 283/283/283 284/284/284 285/285/285
f 286/286/286 287/287/287 288/288/288
o MS_hilt
usemtl lambert2
v -1.699573040008545 7.684263194683467 -6.558098018835949
v -1.699573040008545 6.556795711634777 -6.558098018835949
v -1.5851999038883378 6.556795711634777 -6.619635808315337
v -1.699573040008545 7.684263194683467 -6.558098018835949
v -1.5851999038883378 6.556795711634777 -6.619635808315337
v -1.5851999038883378 7.684263194683467 -6.619635808315337
v -1.699573040008545 8.364743408388392 -6.786508141295258
v -1.699573040008545 8.364743408388392 -6.610824208142958
v -1.628100562976698 8.364743408388392 -6.649279560411344
v -1.699573040008545 8.364743408388392 -6.786508141295258
v -1.628100562976698 8.364743408388392 -6.649279560411344
v -1.628100562976698 8.364743408388392 -6.748052789026872
v -1.699573040008545 6.556795711634777 -6.839234330602267
v -1.699573040008545 7.684263194683467 -6.839234330602267
v -1.5851999038883378 7.684263194683467 -6.777696541122879
v -1.699573040008545 6.556795711634777 -6.839234330602267
v -1.5851999038883378 7.684263194683467 -6.777696541122879
v -1.5851999038883378 6.556795711634777 -6.777696541122879
v -1.699573040008545 6.172417522518515 -6.555058969048616
v -1.699573040008545 6.172417522518515 -6.842273380389599
v -1.5827269650435056 6.172417522518515 -6.779405606993663
v -1.699573040008545 6.172417522518515 -6.555058969048616
v -1.5827269650435056 6.172417522518515 -6.779405606993663
v -1.5827269650435056 6.172417522518515 -6.617926742444553
v -1.5851999038883378 6.556795711634777 -6.619635808315337
v -1.5851999038883378 6.556795711634777 -6.777696541122879
v -1.5851999038883378 7.684263194683467 -6.777696541122879
v -1.5851999038883378 6.556795711634777 -6.619635808315337
v -1.5851999038883378 7.684263194683467 -6.777696541122879
v -1.5851999038883378 7.684263194683467 -6.619635808315337
v -1.8139464044913751 6.556795711634777 -6.777696541122879
v -1.8139464044913751 6.556795711634777 -6.619635808315337
v -1.8139464044913751 7.684263194683467 -6.619635808315337
v -1.8139464044913751 6.556795711634777 -6.777696541122879
v -1.8139464044913751 7.684263194683467 -6.619635808315337
v -1.8139464044913751 7.684263194683467 -6.777696541122879
v -1.699573040008545 7.7160182125645065 -6.558098018835949
v -1.699573040008545 7.684263194683467 -6.558098018835949
v -1.5851999038883378 7.684263194683467 -6.619635808315337
v -1.699573040008545 7.7160182125645065 -6.558098018835949
v -1.5851999038883378 7.684263194683467 -6.619635808315337
v -1.5851999038883378 7.7160182125645065 -6.619635808315337
v -1.5851999038883378 7.684263194683467 -6.619635808315337
v -1.5851999038883378 7.684263194683467 -6.777696541122879
v -1.5851999038883378 7.7160182125645065 -6.777696541122879
v -1.5851999038883378 7.684263194683467 -6.619635808315337
v -1.5851999038883378 7.7160182125645065 -6.777696541122879
v -1.5851999038883378 7.7160182125645065 -6.619635808315337
v -1.5851999038883378 7.684263194683467 -6.777696541122879
v -1.699573040008545 7.684263194683467 -6.839234330602267
v -1.699573040008545 7.7160182125645065 -6.839234330602267
v -1.5851999038883378 7.684263194683467 -6.777696541122879
v -1.699573040008545 7.7160182125645065 -6.839234330602267
v -1.5851999038883378 7.7160182125645065 -6.777696541122879
v -1.8139464044913751 7.684263194683467 -6.777696541122879
v -1.8139464044913751 7.684263194683467 -6.619635808315337
v -1.8139464044913751 7.7160182125645065 -6.619635808315337
v -1.8139464044913751 7.684263194683467 -6.777696541122879
v -1.8139464044913751 7.7160182125645065 -6.619635808315337
v -1.8139464044913751 7.7160182125645065 -6.777696541122879
v -1.699573040008545 7.725091477531919 -6.520436455045228
v -1.699573040008545 7.7160182125645065 -6.558098018835949
v -1.5851999038883378 7.7160182125645065 -6.619635808315337
v -1.699573040008545 7.725091477531919 -6.520436455045228
v -1.5851999038883378 7.7160182125645065 -6.619635808315337
v -1.5545562660473777 7.725091477531919 -6.598461112457159
v -1.5851999038883378 7.7160182125645065 -6.619635808315337
v -1.5851999038883378 7.7160182125645065 -6.777696541122879
v -1.5545562660473777 7.725091477531919 -6.798871236981057
v -1.5851999038883378 7.7160182125645065 -6.619635808315337
v -1.5545562660473777 7.725091477531919 -6.798871236981057
v -1.5545562660473777 7.725091477531919 -6.598461112457159
v -1.5851999038883378 7.7160182125645065 -6.777696541122879
v -1.699573040008545 7.7160182125645065 -6.839234330602267
v -1.699573040008545 7.725091477531919 -6.876895894392987
v -1.5851999038883378 7.7160182125645065 -6.777696541122879
v -1.699573040008545 7.725091477531919 -6.876895894392987
v -1.5545562660473777 7.725091477531919 -6.798871236981057
v -1.8139464044913751 7.7160182125645065 -6.777696541122879
v -1.8139464044913751 7.7160182125645065 -6.619635808315337
v -1.8445900423323351 7.725091477531919 -6.598461112457159
v -1.8139464044913751 7.7160182125645065 -6.777696541122879
v -1.8445900423323351 7.725091477531919 -6.598461112457159
v -1.8445900423323351 7.725091477531919 -6.798871236981057
v -1.699573040008545 7.833968965734982 -6.4300482452222525
v -1.699573040008545 7.725091477531919 -6.520436455045228
v -1.5545562660473777 7.725091477531919 -6.598461112457159
v -1.699573040008545 7.833968965734982 -6.4300482452222525
v -1.5545562660473777 7.725091477531919 -6.598461112457159
v -1.481011854936746 7.833968965734982 -6.547642664502973
v -1.5545562660473777 7.725091477531919 -6.598461112457159
v -1.5545562660473777 7.725091477531919 -6.798871236981057
v -1.481011854936746 7.833968965734982 -6.849689684935242
v -1.5545562660473777 7.725091477531919 -6.598461112457159
v -1.481011854936746 7.833968965734982 -6.849689684935242
v -1.481011854936746 7.833968965734982 -6.547642664502973
v -1.5545562660473777 7.725091477531919 -6.798871236981057
v -1.699573040008545 7.725091477531919 -6.876895894392987
v -1.699573040008545 7.833968965734982 -6.967284560941209
v -1.5545562660473777 7.725091477531919 -6.798871236981057
v -1.699573040008545 7.833968965734982 -6.967284560941209
v -1.481011854936746 7.833968965734982 -6.849689684935242
v -1.8445900423323351 7.725091477531919 -6.798871236981057
v -1.8445900423323351 7.725091477531919 -6.598461112457159
v -1.9181343392616554 7.833968965734982 -6.547642664502973
v -1.8445900423323351 7.725091477531919 -6.798871236981057
v -1.9181343392616554 7.833968965734982 -6.547642664502973
v -1.9181343392616554 7.833968965734982 -6.849689684935242
v -1.699573040008545 7.938308411949436 -6.520436455045228
v -1.699573040008545 7.833968965734982 -6.4300482452222525
v -1.481011854936746 7.833968965734982 -6.547642664502973
v -1.699573040008545 7.938308411949436 -6.520436455045228
v -1.481011854936746 7.833968965734982 -6.547642664502973
v -1.5545562660473777 7.938308411949436 -6.598461112457159
v -1.481011854936746 7.833968965734982 -6.547642664502973
v -1.481011854936746 7.833968965734982 -6.849689684935242
v -1.5545562660473777 7.938308411949436 -6.798871236981057
v -1.481011854936746 7.833968965734982 -6.547642664502973
v -1.5545562660473777 7.938308411949436 -6.798871236981057
v -1.5545562660473777 7.938308411949436 -6.598461112457159
v -1.481011854936746 7.833968965734982 -6.849689684935242
v -1.699573040008545 7.833968965734982 -6.967284560941209
v -1.699573040008545 7.938308411949436 -6.876895894392987
v -1.481011854936746 7.833968965734982 -6.849689684935242
v -1.699573040008545 7.938308411949436 -6.876895894392987
v -1.5545562660473777 7.938308411949436 -6.798871236981057
v -1.9181343392616554 7.833968965734982 -6.849689684935242
v -1.9181343392616554 7.833968965734982 -6.547642664502973
v -1.8445900423323351 7.938308411949436 -6.598461112457159
v -1.9181343392616554 7.833968965734982 -6.849689684935242
v -1.8445900423323351 7.938308411949436 -6.598461112457159
v -1.8445900423323351 7.938308411949436 -6.798871236981057
v -1.699573040008545 8.01089284028285 -6.543033393319661
v -1.699573040008545 7.938308411949436 -6.520436455045228
v -1.5545562660473777 7.938308411949436 -6.598461112457159
v -1.699573040008545 8.01089284028285 -6.543033393319661
v -1.5545562660473777 7.938308411949436 -6.598461112457159
v -1.57294231173438 8.01089284028285 -6.6111658386270165
v -1.5545562660473777 7.938308411949436 -6.598461112457159
v -1.5545562660473777 7.938308411949436 -6.798871236981057
v -1.57294231173438 8.01089284028285 -6.786166967536445
v -1.5545562660473777 7.938308411949436 -6.598461112457159
v -1.57294231173438 8.01089284028285 -6.786166967536445
v -1.57294231173438 8.01089284028285 -6.6111658386270165
v -1.5545562660473777 7.938308411949436 -6.798871236981057
v -1.699573040008545 7.938308411949436 -6.876895894392987
v -1.699573040008545 8.01089284028285 -6.854299412843801
v -1.5545562660473777 7.938308411949436 -6.798871236981057
v -1.699573040008545 8.01089284028285 -6.854299412843801
v -1.57294231173438 8.01089284028285 -6.786166967536445
v -1.8445900423323351 7.938308411949436 -6.798871236981057
v -1.8445900423323351 7.938308411949436 -6.598461112457159
v -1.8262038824640214 8.01089284028285 -6.6111658386270165
v -1.8445900423323351 7.938308411949436 -6.798871236981057
v -1.8262038824640214 8.01089284028285 -6.6111658386270165
v -1.8262038824640214 8.01089284028285 -6.786166967536445
v -1.699573040008545 8.029040497821597 -6.588227269868526
v -1.699573040008545 8.01089284028285 -6.543033393319661
v -1.57294231173438 8.01089284028285 -6.6111658386270165
v -1.699573040008545 8.029040497821597 -6.588227269868526
v -1.57294231173438 8.01089284028285 -6.6111658386270165
v -1.6097144031083843 8.029040497821597 -6.636574834241486
v -1.57294231173438 8.01089284028285 -6.6111658386270165
v -1.57294231173438 8.01089284028285 -6.786166967536445
v -1.6097144031083843 8.029040497821597 -6.76075751519673
v -1.57294231173438 8.01089284028285 -6.6111658386270165
v -1.6097144031083843 8.029040497821597 -6.76075751519673
v -1.6097144031083843 8.029040497821597 -6.636574834241486
v -1.57294231173438 8.01089284028285 -6.786166967536445
v -1.699573040008545 8.01089284028285 -6.854299412843801
v -1.699573040008545 8.029040497821597 -6.80910507956969
v -1.57294231173438 8.01089284028285 -6.786166967536445
v -1.699573040008545 8.029040497821597 -6.80910507956969
v -1.6097144031083843 8.029040497821597 -6.76075751519673
v -1.8262038824640214 8.01089284028285 -6.786166967536445
v -1.8262038824640214 8.01089284028285 -6.6111658386270165
v -1.7894319052713286 8.029040497821597 -6.636574834241486
v -1.8262038824640214 8.01089284028285 -6.786166967536445
v -1.7894319052713286 8.029040497821597 -6.636574834241486
v -1.7894319052713286 8.029040497821597 -6.76075751519673
v -1.699573040008545 8.364743408388392 -6.610824208142958
v -1.699573040008545 8.029040497821597 -6.588227269868526
v -1.6097144031083843 8.029040497821597 -6.636574834241486
v -1.699573040008545 8.364743408388392 -6.610824208142958
v -1.6097144031083843 8.029040497821597 -6.636574834241486
v -1.628100562976698 8.364743408388392 -6.649279560411344
v -1.6097144031083843 8.029040497821597 -6.636574834241486
v -1.6097144031083843 8.029040497821597 -6.76075751519673
v -1.628100562976698 8.364743408388392 -6.748052789026872
v -1.6097144031083843 8.029040497821597 -6.636574834241486
v -1.628100562976698 8.364743408388392 -6.748052789026872
v -1.628100562976698 8.364743408388392 -6.649279560411344
v -1.6097144031083843 8.029040497821597 -6.76075751519673
v -1.699573040008545 8.029040497821597 -6.80910507956969
v -1.699573040008545 8.364743408388392 -6.786508141295258
v -1.6097144031083843 8.029040497821597 -6.76075751519673
v -1.699573040008545 8.364743408388392 -6.786508141295258
v -1.628100562976698 8.364743408388392 -6.748052789026872
v -1.7894319052713286 8.029040497821597 -6.76075751519673
v -1.7894319052713286 8.029040497821597 -6.636574834241486
v -1.7710457454030148 8.364743408388392 -6.649279560411344
v -1.7894319052713286 8.029040497821597 -6.76075751519673
v -1.7710457454030148 8.364743408388392 -6.649279560411344
v -1.7710457454030148 8.364743408388392 -6.748052789026872
v -1.699573040008545 6.54215377469302 -6.869625741926086
v -1.699573040008545 6.556795711634777 -6.839234330602267
v -1.5851999038883378 6.556795711634777 -6.777696541122879
v -1.699573040008545 6.54215377469302 -6.869625741926086
v -1.5851999038883378 6.556795711634777 -6.777696541122879
v -1.5604718856157547 6.54215377469302 -6.7947830893035075
v -1.5851999038883378 6.556795711634777 -6.777696541122879
v -1.5851999038883378 6.556795711634777 -6.619635808315337
v -1.5604718856157547 6.54215377469302 -6.602549260134708
v -1.5851999038883378 6.556795711634777 -6.777696541122879
v -1.5604718856157547 6.54215377469302 -6.602549260134708
v -1.5604718856157547 6.54215377469302 -6.7947830893035075
v -1.5851999038883378 6.556795711634777 -6.619635808315337
v -1.699573040008545 6.556795711634777 -6.558098018835949
v -1.699573040008545 6.54215377469302 -6.52770660751213
v -1.5851999038883378 6.556795711634777 -6.619635808315337
v -1.699573040008545 6.54215377469302 -6.52770660751213
v -1.5604718856157547 6.54215377469302 -6.602549260134708
v -1.8139464044913751 6.556795711634777 -6.619635808315337
v -1.8139464044913751 6.556795711634777 -6.777696541122879
v -1.8386741944013352 6.54215377469302 -6.7947830893035075
v -1.8139464044913751 6.556795711634777 -6.619635808315337
v -1.8386741944013352 6.54215377469302 -6.7947830893035075
v -1.8386741944013352 6.54215377469302 -6.602549260134708
v -1.699573040008545 6.5055455495268575 -6.869625741926086
v -1.699573040008545 6.54215377469302 -6.869625741926086
v -1.5604718856157547 6.54215377469302 -6.7947830893035075
v -1.699573040008545 6.5055455495268575 -6.869625741926086
v -1.5604718856157547 6.54215377469302 -6.7947830893035075
v -1.5604718856157547 6.5055455495268575 -6.7947830893035075
v -1.5604718856157547 6.54215377469302 -6.7947830893035075
v -1.5604718856157547 6.54215377469302 -6.602549260134708
v -1.5604718856157547 6.5055455495268575 -6.602549260134708
v -1.5604718856157547 6.54215377469302 -6.7947830893035075
v -1.5604718856157547 6.5055455495268575 -6.602549260134708
v -1.5604718856157547 6.5055455495268575 -6.7947830893035075
v -1.5604718856157547 6.54215377469302 -6.602549260134708
v -1.699573040008545 6.54215377469302 -6.52770660751213
v -1.699573040008545 6.5055455495268575 -6.52770660751213
v -1.5604718856157547 6.54215377469302 -6.602549260134708
v -1.699573040008545 6.5055455495268575 -6.52770660751213
v -1.5604718856157547 6.5055455495268575 -6.602549260134708
v -1.8386741944013352 6.54215377469302 -6.602549260134708
v -1.8386741944013352 6.54215377469302 -6.7947830893035075
v -1.8386741944013352 6.5055455495268575 -6.7947830893035075
v -1.8386741944013352 6.54215377469302 -6.602549260134708
v -1.8386741944013352 6.5055455495268575 -6.7947830893035075
v -1.8386741944013352 6.5055455495268575 -6.602549260134708
v -1.699573040008545 6.472599218101038 -6.945603813510388
v -1.699573040008545 6.5055455495268575 -6.869625741926086
v -1.5604718856157547 6.5055455495268575 -6.7947830893035075
v -1.699573040008545 6.472599218101038 -6.945603813510388
v -1.5604718856157547 6.5055455495268575 -6.7947830893035075
v -1.498652525022166 6.472599218101038 -6.837500144842949
v -1.5604718856157547 6.5055455495268575 -6.7947830893035075
v -1.5604718856157547 6.5055455495268575 -6.602549260134708
v -1.498652525022166 6.472599218101038 -6.559832204595267
v -1.5604718856157547 6.5055455495268575 -6.7947830893035075
v -1.498652525022166 6.472599218101038 -6.559832204595267
v -1.498652525022166 6.472599218101038 -6.837500144842949
v -1.5604718856157547 6.5055455495268575 -6.602549260134708
v -1.699573040008545 6.5055455495268575 -6.52770660751213
v -1.699573040008545 6.472599218101038 -6.451728535927828
v -1.5604718856157547 6.5055455495268575 -6.602549260134708
v -1.699573040008545 6.472599218101038 -6.451728535927828
v -1.498652525022166 6.472599218101038 -6.559832204595267
v -1.8386741944013352 6.5055455495268575 -6.602549260134708
v -1.8386741944013352 6.5055455495268575 -6.7947830893035075
v -1.9004937833575468 6.472599218101038 -6.837500144842949
v -1.8386741944013352 6.5055455495268575 -6.602549260134708
v -1.9004937833575468 6.472599218101038 -6.837500144842949
v -1.9004937833575468 6.472599218101038 -6.559832204595267
v -1.699573040008545 6.461616919691778 -7.003548545478964
v -1.699573040008545 6.472599218101038 -6.945603813510388
v -1.498652525022166 6.472599218101038 -6.837500144842949
v -1.699573040008545 6.461616919691778 -7.003548545478964
v -1.498652525022166 6.472599218101038 -6.837500144842949
v -1.4096322073111622 6.461616919691778 -6.870078356644939
v -1.498652525022166 6.472599218101038 -6.837500144842949
v -1.498652525022166 6.472599218101038 -6.559832204595267
v -1.4096322073111622 6.461616919691778 -6.527253992793277
v -1.498652525022166 6.472599218101038 -6.837500144842949
v -1.4096322073111622 6.461616919691778 -6.527253992793277
v -1.4096322073111622 6.461616919691778 -6.870078356644939
v -1.498652525022166 6.472599218101038 -6.559832204595267
v -1.699573040008545 6.472599218101038 -6.451728535927828
v -1.699573040008545 6.461616919691778 -6.393783803959252
v -1.498652525022166 6.472599218101038 -6.559832204595267
v -1.699573040008545 6.461616919691778 -6.393783803959252
v -1.4096322073111622 6.461616919691778 -6.527253992793277
v -1.9004937833575468 6.472599218101038 -6.559832204595267
v -1.9004937833575468 6.472599218101038 -6.837500144842949
v -1.9895138727059276 6.461616919691778 -6.870078356644939
v -1.9004937833575468 6.472599218101038 -6.559832204595267
v -1.9895138727059276 6.461616919691778 -6.870078356644939
v -1.9895138727059276 6.461616919691778 -6.527253992793277
v -1.699573040008545 6.381080064690536 -7.003548545478964
v -1.699573040008545 6.461616919691778 -7.003548545478964
v -1.4096322073111622 6.461616919691778 -6.870078356644939
v -1.699573040008545 6.381080064690536 -7.003548545478964
v -1.4096322073111622 6.461616919691778 -6.870078356644939
v -1.4096322073111622 6.381080064690536 -6.870078356644939
v -1.4096322073111622 6.461616919691778 -6.870078356644939
v -1.4096322073111622 6.461616919691778 -6.527253992793277
v -1.4096322073111622 6.381080064690536 -6.527253992793277
v -1.4096322073111622 6.461616919691778 -6.870078356644939
v -1.4096322073111622 6.381080064690536 -6.527253992793277
v -1.4096322073111622 6.381080064690536 -6.870078356644939
v -1.4096322073111622 6.461616919691778 -6.527253992793277
v -1.699573040008545 6.461616919691778 -6.393783803959252
v -1.699573040008545 6.381080064690536 -6.393783803959252
v -1.4096322073111622 6.461616919691778 -6.527253992793277
v -1.699573040008545 6.381080064690536 -6.393783803959252
v -1.4096322073111622 6.381080064690536 -6.527253992793277
v -1.9895138727059276 6.461616919691778 -6.527253992793277
v -1.9895138727059276 6.461616919691778 -6.870078356644939
v -1.9895138727059276 6.381080064690536 -6.870078356644939
v -1.9895138727059276 6.461616919691778 -6.527253992793277
v -1.9895138727059276 6.381080064690536 -6.870078356644939
v -1.9895138727059276 6.381080064690536 -6.527253992793277
v -1.699573040008545 6.172417522518515 -6.842273380389599
v -1.699573040008545 6.285970056586848 -6.912456978777044
v -1.525621922439825 6.285970056586848 -6.818864384627659
v -1.699573040008545 6.172417522518515 -6.842273380389599
v -1.525621922439825 6.285970056586848 -6.818864384627659
v -1.5827269650435056 6.172417522518515 -6.779405606993663
v -1.525621922439825 6.285970056586848 -6.818864384627659
v -1.525621922439825 6.285970056586848 -6.578467964810557
v -1.5827269650435056 6.172417522518515 -6.617926742444553
v -1.525621922439825 6.285970056586848 -6.818864384627659
v -1.5827269650435056 6.172417522518515 -6.617926742444553
v -1.5827269650435056 6.172417522518515 -6.779405606993663
v -1.525621922439825 6.285970056586848 -6.578467964810557
v -1.699573040008545 6.285970056586848 -6.484875370661172
v -1.699573040008545 6.172417522518515 -6.555058969048616
v -1.525621922439825 6.285970056586848 -6.578467964810557
v -1.699573040008545 6.172417522518515 -6.555058969048616
v -1.5827269650435056 6.172417522518515 -6.617926742444553
v -1.8735243859398878 6.285970056586848 -6.578467964810557
v -1.8735243859398878 6.285970056586848 -6.818864384627659
v -1.8164193433362072 6.172417522518515 -6.779405606993663
v -1.8735243859398878 6.285970056586848 -6.578467964810557
v -1.8164193433362072 6.172417522518515 -6.779405606993663
v -1.8164193433362072 6.172417522518515 -6.617926742444553
v -1.699573040008545 6.285970056586848 -6.912456978777044
v -1.699573040008545 6.381080064690536 -7.003548545478964
v -1.4096322073111622 6.381080064690536 -6.870078356644939
v -1.699573040008545 6.285970056586848 -6.912456978777044
v -1.4096322073111622 6.381080064690536 -6.870078356644939
v -1.525621922439825 6.285970056586848 -6.818864384627659
v -1.4096322073111622 6.381080064690536 -6.870078356644939
v -1.4096322073111622 6.381080064690536 -6.527253992793277
v -1.525621922439825 6.285970056586848 -6.578467964810557
v -1.4096322073111622 6.381080064690536 -6.870078356644939
v -1.525621922439825 6.285970056586848 -6.578467964810557
v -1.525621922439825 6.285970056586848 -6.818864384627659
v -1.4096322073111622 6.381080064690536 -6.527253992793277
v -1.699573040008545 6.381080064690536 -6.393783803959252
v -1.699573040008545 6.285970056586848 -6.484875370661172
v -1.4096322073111622 6.381080064690536 -6.527253992793277
v -1.699573040008545 6.285970056586848 -6.484875370661172
v -1.525621922439825 6.285970056586848 -6.578467964810557
v -1.9895138727059276 6.381080064690536 -6.527253992793277
v -1.9895138727059276 6.381080064690536 -6.870078356644939
v -1.8735243859398878 6.285970056586848 -6.818864384627659
v -1.9895138727059276 6.381080064690536 -6.527253992793277
v -1.8735243859398878 6.285970056586848 -6.818864384627659
v -1.8735243859398878 6.285970056586848 -6.578467964810557
v -1.699573040008545 6.54215377469302 -6.52770660751213
v -1.699573040008545 6.556795711634777 -6.558098018835949
v -1.8139464044913751 6.556795711634777 -6.619635808315337
v -1.699573040008545 6.54215377469302 -6.52770660751213
v -1.8139464044913751 6.556795711634777 -6.619635808315337
v -1.8386741944013352 6.54215377469302 -6.602549260134708
v -1.699573040008545 6.5055455495268575 -6.52770660751213
v -1.699573040008545 6.54215377469302 -6.52770660751213
v -1.8386741944013352 6.54215377469302 -6.602549260134708
v -1.699573040008545 6.5055455495268575 -6.52770660751213
v -1.8386741944013352 6.54215377469302 -6.602549260134708
v -1.8386741944013352 6.5055455495268575 -6.602549260134708
v -1.699573040008545 6.472599218101038 -6.451728535927828
v -1.699573040008545 6.5055455495268575 -6.52770660751213
v -1.8386741944013352 6.5055455495268575 -6.602549260134708
v -1.699573040008545 6.472599218101038 -6.451728535927828
v -1.8386741944013352 6.5055455495268575 -6.602549260134708
v -1.9004937833575468 6.472599218101038 -6.559832204595267
v -1.699573040008545 6.461616919691778 -6.393783803959252
v -1.699573040008545 6.472599218101038 -6.451728535927828
v -1.9004937833575468 6.472599218101038 -6.559832204595267
v -1.699573040008545 6.461616919691778 -6.393783803959252
v -1.9004937833575468 6.472599218101038 -6.559832204595267
v -1.9895138727059276 6.461616919691778 -6.527253992793277
v -1.699573040008545 6.381080064690536 -6.393783803959252
v -1.699573040008545 6.461616919691778 -6.393783803959252
v -1.9895138727059276 6.461616919691778 -6.527253992793277
v -1.699573040008545 6.381080064690536 -6.393783803959252
v -1.9895138727059276 6.461616919691778 -6.527253992793277
v -1.9895138727059276 6.381080064690536 -6.527253992793277
v -1.699573040008545 6.285970056586848 -6.484875370661172
v -1.699573040008545 6.381080064690536 -6.393783803959252
v -1.9895138727059276 6.381080064690536 -6.527253992793277
v -1.699573040008545 6.285970056586848 -6.484875370661172
v -1.9895138727059276 6.381080064690536 -6.527253992793277
v -1.8735243859398878 6.285970056586848 -6.578467964810557
v -1.699573040008545 6.172417522518515 -6.555058969048616
v -1.699573040008545 6.285970056586848 -6.484875370661172
v -1.8735243859398878 6.285970056586848 -6.578467964810557
v -1.699573040008545 6.172417522518515 -6.555058969048616
v -1.8735243859398878 6.285970056586848 -6.578467964810557
v -1.8164193433362072 6.172417522518515 -6.617926742444553
v -1.8164193433362072 6.172417522518515 -6.779405606993663
v -1.699573040008545 6.172417522518515 -6.842273380389599
v -1.699573040008545 6.172417522518515 -6.555058969048616
v -1.8164193433362072 6.172417522518515 -6.779405606993663
v -1.699573040008545 6.172417522518515 -6.555058969048616
v -1.8164193433362072 6.172417522518515 -6.617926742444553
v -1.8735243859398878 6.285970056586848 -6.818864384627659
v -1.699573040008545 6.285970056586848 -6.912456978777044
v -1.699573040008545 6.172417522518515 -6.842273380389599
v -1.8735243859398878 6.285970056586848 -6.818864384627659
v -1.699573040008545 6.172417522518515 -6.842273380389599
v -1.8164193433362072 6.172417522518515 -6.779405606993663
v -1.9895138727059276 6.381080064690536 -6.870078356644939
v -1.699573040008545 6.381080064690536 -7.003548545478964
v -1.699573040008545 6.285970056586848 -6.912456978777044
v -1.9895138727059276 6.381080064690536 -6.870078356644939
v -1.699573040008545 6.285970056586848 -6.912456978777044
v -1.8735243859398878 6.285970056586848 -6.818864384627659
v -1.9895138727059276 6.461616919691778 -6.870078356644939
v -1.699573040008545 6.461616919691778 -7.003548545478964
v -1.699573040008545 6.381080064690536 -7.003548545478964
v -1.9895138727059276 6.461616919691778 -6.870078356644939
v -1.699573040008545 6.381080064690536 -7.003548545478964
v -1.9895138727059276 6.381080064690536 -6.870078356644939
v -1.9004937833575468 6.472599218101038 -6.837500144842949
v -1.699573040008545 6.472599218101038 -6.945603813510388
v -1.699573040008545 6.461616919691778 -7.003548545478964
v -1.9004937833575468 6.472599218101038 -6.837500144842949
v -1.699573040008545 6.461616919691778 -7.003548545478964
v -1.9895138727059276 6.461616919691778 -6.870078356644939
v -1.8386741944013352 6.5055455495268575 -6.7947830893035075
v -1.699573040008545 6.5055455495268575 -6.869625741926086
v -1.699573040008545 6.472599218101038 -6.945603813510388
v -1.8386741944013352 6.5055455495268575 -6.7947830893035075
v -1.699573040008545 6.472599218101038 -6.945603813510388
v -1.9004937833575468 6.472599218101038 -6.837500144842949
v -1.8386741944013352 6.54215377469302 -6.7947830893035075
v -1.699573040008545 6.54215377469302 -6.869625741926086
v -1.699573040008545 6.5055455495268575 -6.869625741926086
v -1.8386741944013352 6.54215377469302 -6.7947830893035075
v -1.699573040008545 6.5055455495268575 -6.869625741926086
v -1.8386741944013352 6.5055455495268575 -6.7947830893035075
v -1.8139464044913751 6.556795711634777 -6.777696541122879
v -1.699573040008545 6.556795711634777 -6.839234330602267
v -1.699573040008545 6.54215377469302 -6.869625741926086
v -1.8139464044913751 6.556795711634777 -6.777696541122879
v -1.699573040008545 6.54215377469302 -6.869625741926086
v -1.8386741944013352 6.54215377469302 -6.7947830893035075
v -1.8139464044913751 7.684263194683467 -6.777696541122879
v -1.699573040008545 7.684263194683467 -6.839234330602267
v -1.699573040008545 6.556795711634777 -6.839234330602267
v -1.8139464044913751 7.684263194683467 -6.777696541122879
v -1.699573040008545 6.556795711634777 -6.839234330602267
v -1.8139464044913751 6.556795711634777 -6.777696541122879
v -1.699573040008545 7.7160182125645065 -6.839234330602267
v -1.699573040008545 7.684263194683467 -6.839234330602267
v -1.8139464044913751 7.684263194683467 -6.777696541122879
v -1.699573040008545 7.7160182125645065 -6.839234330602267
v -1.8139464044913751 7.684263194683467 -6.777696541122879
v -1.8139464044913751 7.7160182125645065 -6.777696541122879
v -1.699573040008545 7.725091477531919 -6.876895894392987
v -1.699573040008545 7.7160182125645065 -6.839234330602267
v -1.8139464044913751 7.7160182125645065 -6.777696541122879
v -1.699573040008545 7.725091477531919 -6.876895894392987
v -1.8139464044913751 7.7160182125645065 -6.777696541122879
v -1.8445900423323351 7.725091477531919 -6.798871236981057
v -1.699573040008545 7.833968965734982 -6.967284560941209
v -1.699573040008545 7.725091477531919 -6.876895894392987
v -1.8445900423323351 7.725091477531919 -6.798871236981057
v -1.699573040008545 7.833968965734982 -6.967284560941209
v -1.8445900423323351 7.725091477531919 -6.798871236981057
v -1.9181343392616554 7.833968965734982 -6.849689684935242
v -1.699573040008545 7.938308411949436 -6.876895894392987
v -1.699573040008545 7.833968965734982 -6.967284560941209
v -1.9181343392616554 7.833968965734982 -6.849689684935242
v -1.699573040008545 7.938308411949436 -6.876895894392987
v -1.9181343392616554 7.833968965734982 -6.849689684935242
v -1.8445900423323351 7.938308411949436 -6.798871236981057
v -1.699573040008545 8.01089284028285 -6.854299412843801
v -1.699573040008545 7.938308411949436 -6.876895894392987
v -1.8445900423323351 7.938308411949436 -6.798871236981057
v -1.699573040008545 8.01089284028285 -6.854299412843801
v -1.8445900423323351 7.938308411949436 -6.798871236981057
v -1.8262038824640214 8.01089284028285 -6.786166967536445
v -1.699573040008545 8.029040497821597 -6.80910507956969
v -1.699573040008545 8.01089284028285 -6.854299412843801
v -1.8262038824640214 8.01089284028285 -6.786166967536445
v -1.699573040008545 8.029040497821597 -6.80910507956969
v -1.8262038824640214 8.01089284028285 -6.786166967536445
v -1.7894319052713286 8.029040497821597 -6.76075751519673
v -1.699573040008545 8.364743408388392 -6.786508141295258
v -1.699573040008545 8.029040497821597 -6.80910507956969
v -1.7894319052713286 8.029040497821597 -6.76075751519673
v -1.699573040008545 8.364743408388392 -6.786508141295258
v -1.7894319052713286 8.029040497821597 -6.76075751519673
v -1.7710457454030148 8.364743408388392 -6.748052789026872
v -1.7710457454030148 8.364743408388392 -6.649279560411344
v -1.699573040008545 8.364743408388392 -6.610824208142958
v -1.699573040008545 8.364743408388392 -6.786508141295258
v -1.7710457454030148 8.364743408388392 -6.649279560411344
v -1.699573040008545 8.364743408388392 -6.786508141295258
v -1.7710457454030148 8.364743408388392 -6.748052789026872
v -1.7894319052713286 8.029040497821597 -6.636574834241486
v -1.699573040008545 8.029040497821597 -6.588227269868526
v -1.699573040008545 8.364743408388392 -6.610824208142958
v -1.7894319052713286 8.029040497821597 -6.636574834241486
v -1.699573040008545 8.364743408388392 -6.610824208142958
v -1.7710457454030148 8.364743408388392 -6.649279560411344
v -1.8262038824640214 8.01089284028285 -6.6111658386270165
v -1.699573040008545 8.01089284028285 -6.543033393319661
v -1.699573040008545 8.029040497821597 -6.588227269868526
v -1.8262038824640214 8.01089284028285 -6.6111658386270165
v -1.699573040008545 8.029040497821597 -6.588227269868526
v -1.7894319052713286 8.029040497821597 -6.636574834241486
v -1.8445900423323351 7.938308411949436 -6.598461112457159
v -1.699573040008545 7.938308411949436 -6.520436455045228
v -1.699573040008545 8.01089284028285 -6.543033393319661
v -1.8445900423323351 7.938308411949436 -6.598461112457159
v -1.699573040008545 8.01089284028285 -6.543033393319661
v -1.8262038824640214 8.01089284028285 -6.6111658386270165
v -1.9181343392616554 7.833968965734982 -6.547642664502973
v -1.699573040008545 7.833968965734982 -6.4300482452222525
v -1.699573040008545 7.938308411949436 -6.520436455045228
v -1.9181343392616554 7.833968965734982 -6.547642664502973
v -1.699573040008545 7.938308411949436 -6.520436455045228
v -1.8445900423323351 7.938308411949436 -6.598461112457159
v -1.8445900423323351 7.725091477531919 -6.598461112457159
v -1.699573040008545 7.725091477531919 -6.520436455045228
v -1.699573040008545 7.833968965734982 -6.4300482452222525
v -1.8445900423323351 7.725091477531919 -6.598461112457159
v -1.699573040008545 7.833968965734982 -6.4300482452222525
v -1.9181343392616554 7.833968965734982 -6.547642664502973
v -1.8139464044913751 7.7160182125645065 -6.619635808315337
v -1.699573040008545 7.7160182125645065 -6.558098018835949
v -1.699573040008545 7.725091477531919 -6.520436455045228
v -1.8139464044913751 7.7160182125645065 -6.619635808315337
v -1.699573040008545 7.725091477531919 -6.520436455045228
v -1.8445900423323351 7.725091477531919 -6.598461112457159
v -1.8139464044913751 7.684263194683467 -6.619635808315337
v -1.699573040008545 7.684263194683467 -6.558098018835949
v -1.699573040008545 7.7160182125645065 -6.558098018835949
v -1.8139464044913751 7.684263194683467 -6.619635808315337
v -1.699573040008545 7.7160182125645065 -6.558098018835949
v -1.8139464044913751 7.7160182125645065 -6.619635808315337
v -1.8139464044913751 6.556795711634777 -6.619635808315337
v -1.699573040008545 6.556795711634777 -6.558098018835949
v -1.699573040008545 7.684263194683467 -6.558098018835949
v -1.8139464044913751 6.556795711634777 -6.619635808315337
v -1.699573040008545 7.684263194683467 -6.558098018835949
v -1.8139464044913751 7.684263194683467 -6.619635808315337
vt 0.5036923885345459 0.4237971305847168
vt 0.5024951696395874 0.5811064839363098
vt 0.6157440543174744 0.5713921785354614
vt 0.5036923885345459 0.4237971305847168
vt 0.6157440543174744 0.5713921785354614
vt 0.6154724359512329 0.4066537618637085
vt 0.6613178253173828 0.11571347713470459
vt 0.5024506449699402 0.17018544673919678
vt 0.5729071497917175 0.19495272636413574
vt 0.6613178253173828 0.11571347713470459
vt 0.5729071497917175 0.19495272636413574
vt 0.6362950801849365 0.16957175731658936
vt 0.863548755645752 0.5549364984035492
vt 0.8393044471740723 0.3632756471633911
vt 0.7412236928939819 0.38177990913391113
vt 0.863548755645752 0.5549364984035492
vt 0.7412236928939819 0.38177990913391113
vt 0.7588748931884766 0.5680375397205353
vt 0.5039323568344116 0.8511628806591034
vt 0.824716329574585 0.8664302825927734
vt 0.7448890209197998 0.801742285490036
vt 0.5039323568344116 0.8511628806591034
vt 0.7448890209197998 0.801742285490036
vt 0.6211625337600708 0.80681973695755
vt 0.6157440543174744 0.5713921785354614
vt 0.7588748931884766 0.5680375397205353
vt 0.7412236928939819 0.38177990913391113
vt 0.6157440543174744 0.5713921785354614
vt 0.7412236928939819 0.38177990913391113
vt 0.6154724359512329 0.4066537618637085
vt 0.24722659587860107 0.5588859617710114
vt 0.3875099718570709 0.5747122764587402
vt 0.3936777710914612 0.4102255702018738
vt 0.24722659587860107 0.5588859617710114
vt 0.3936777710914612 0.4102255702018738
vt 0.26859596371650696 0.37725234031677246
vt 0.5036721229553223 0.41990888118743896
vt 0.5036923885345459 0.4237971305847168
vt 0.6154724359512329 0.4066537618637085
vt 0.5036721229553223 0.41990888118743896
vt 0.6154724359512329 0.4066537618637085
vt 0.6148042678833008 0.4021960496902466
vt 0.6154724359512329 0.4066537618637085
vt 0.7412236928939819 0.38177990913391113
vt 0.7407633662223816 0.3765709400177002
vt 0.6154724359512329 0.4066537618637085
vt 0.7407633662223816 0.3765709400177002
vt 0.6148042678833008 0.4021960496902466
vt 0.7412236928939819 0.38177990913391113
vt 0.8393044471740723 0.3632756471633911
vt 0.8393770456314087 0.3570927381515503
vt 0.7412236928939819 0.38177990913391113
vt 0.8393770456314087 0.3570927381515503
vt 0.7407633662223816 0.3765709400177002
vt 0.26859596371650696 0.37725234031677246
vt 0.3936777710914612 0.4102255702018738
vt 0.3943033516407013 0.4058606028556824
vt 0.26859596371650696 0.37725234031677246
vt 0.3943033516407013 0.4058606028556824
vt 0.26927125453948975 0.37200927734375
vt 0.5028292536735535 0.39952927827835083
vt 0.5036721229553223 0.41990888118743896
vt 0.6148042678833008 0.4021960496902466
vt 0.5028292536735535 0.39952927827835083
vt 0.6148042678833008 0.4021960496902466
vt 0.610377848148346 0.3834300637245178
vt 0.6148042678833008 0.4021960496902466
vt 0.7407633662223816 0.3765709400177002
vt 0.7412576079368591 0.3515685796737671
vt 0.6148042678833008 0.4021960496902466
vt 0.7412576079368591 0.3515685796737671
vt 0.610377848148346 0.3834300637245178
vt 0.7407633662223816 0.3765709400177002
vt 0.8393770456314087 0.3570927381515503
vt 0.851548433303833 0.3210829496383667
vt 0.7407633662223816 0.3765709400177002
vt 0.851548433303833 0.3210829496383667
vt 0.7412576079368591 0.3515685796737671
vt 0.26927125453948975 0.37200927734375
vt 0.3943033516407013 0.4058606028556824
vt 0.39834678173065186 0.3862107992172241
vt 0.26927125453948975 0.37200927734375
vt 0.39834678173065186 0.3862107992172241
vt 0.2687288522720337 0.34774327278137207
vt 0.5028547644615173 0.33969998359680176
vt 0.5028292536735535 0.39952927827835083
vt 0.610377848148346 0.3834300637245178
vt 0.5028547644615173 0.33969998359680176
vt 0.610377848148346 0.3834300637245178
vt 0.5989465117454529 0.3395999073982239
vt 0.610377848148346 0.3834300637245178
vt 0.7412576079368591 0.3515685796737671
vt 0.7323917150497437 0.2939341068267822
vt 0.610377848148346 0.3834300637245178
vt 0.7323917150497437 0.2939341068267822
vt 0.5989465117454529 0.3395999073982239
vt 0.7412576079368591 0.3515685796737671
vt 0.851548433303833 0.3210829496383667
vt 0.858061671257019 0.23006665706634521
vt 0.7412576079368591 0.3515685796737671
vt 0.858061671257019 0.23006665706634521
vt 0.7323917150497437 0.2939341068267822
vt 0.2687288522720337 0.34774327278137207
vt 0.39834678173065186 0.3862107992172241
vt 0.4071274995803833 0.33415067195892334
vt 0.2687288522720337 0.34774327278137207
vt 0.4071274995803833 0.33415067195892334
vt 0.2715262770652771 0.2956081032752991
vt 0.5029395818710327 0.278816819190979
vt 0.5028547644615173 0.33969998359680176
vt 0.5989465117454529 0.3395999073982239
vt 0.5029395818710327 0.278816819190979
vt 0.5989465117454529 0.3395999073982239
vt 0.5900369882583618 0.282362163066864
vt 0.5989465117454529 0.3395999073982239
vt 0.7323917150497437 0.2939341068267822
vt 0.7049094438552856 0.2479856014251709
vt 0.5989465117454529 0.3395999073982239
vt 0.7049094438552856 0.2479856014251709
vt 0.5900369882583618 0.282362163066864
vt 0.7323917150497437 0.2939341068267822
vt 0.858061671257019 0.23006665706634521
vt 0.7893903255462646 0.1754400134086609
vt 0.7323917150497437 0.2939341068267822
vt 0.7893903255462646 0.1754400134086609
vt 0.7049094438552856 0.2479856014251709
vt 0.2715262770652771 0.2956081032752991
vt 0.4071274995803833 0.33415067195892334
vt 0.4124951958656311 0.2828529477119446
vt 0.2715262770652771 0.2956081032752991
vt 0.4124951958656311 0.2828529477119446
vt 0.2983623743057251 0.24317896366119385
vt 0.5024747252464294 0.26117247343063354
vt 0.5029395818710327 0.278816819190979
vt 0.5900369882583618 0.282362163066864
vt 0.5024747252464294 0.26117247343063354
vt 0.5900369882583618 0.282362163066864
vt 0.5870751142501831 0.26523852348327637
vt 0.5900369882583618 0.282362163066864
vt 0.7049094438552856 0.2479856014251709
vt 0.6941261887550354 0.23294317722320557
vt 0.5900369882583618 0.282362163066864
vt 0.6941261887550354 0.23294317722320557
vt 0.5870751142501831 0.26523852348327637
vt 0.7049094438552856 0.2479856014251709
vt 0.7893903255462646 0.1754400134086609
vt 0.7657675743103027 0.16367840766906738
vt 0.7049094438552856 0.2479856014251709
vt 0.7657675743103027 0.16367840766906738
vt 0.6941261887550354 0.23294317722320557
vt 0.2983623743057251 0.24317896366119385
vt 0.4124951958656311 0.2828529477119446
vt 0.41560715436935425 0.2659416198730469
vt 0.2983623743057251 0.24317896366119385
vt 0.41560715436935425 0.2659416198730469
vt 0.30949437618255615 0.2283152937889099
vt 0.5018916726112366 0.23109132051467896
vt 0.5024747252464294 0.26117247343063354
vt 0.5870751142501831 0.26523852348327637
vt 0.5018916726112366 0.23109132051467896
vt 0.5870751142501831 0.26523852348327637
vt 0.5815266370773315 0.23845696449279785
vt 0.5870751142501831 0.26523852348327637
vt 0.6941261887550354 0.23294317722320557
vt 0.6743577122688293 0.21018242835998535
vt 0.5870751142501831 0.26523852348327637
vt 0.6743577122688293 0.21018242835998535
vt 0.5815266370773315 0.23845696449279785
vt 0.6941261887550354 0.23294317722320557
vt 0.7657675743103027 0.16367840766906738
vt 0.723397433757782 0.14980685710906982
vt 0.6941261887550354 0.23294317722320557
vt 0.723397433757782 0.14980685710906982
vt 0.6743577122688293 0.21018242835998535
vt 0.30949437618255615 0.2283152937889099
vt 0.41560715436935425 0.2659416198730469
vt 0.4202463626861572 0.24006390571594238
vt 0.30949437618255615 0.2283152937889099
vt 0.4202463626861572 0.24006390571594238
vt 0.32962673902511597 0.20469117164611816
vt 0.5024506449699402 0.17018544673919678
vt 0.5018916726112366 0.23109132051467896
vt 0.5815266370773315 0.23845696449279785
vt 0.5024506449699402 0.17018544673919678
vt 0.5815266370773315 0.23845696449279785
vt 0.5729071497917175 0.19495272636413574
vt 0.5815266370773315 0.23845696449279785
vt 0.6743577122688293 0.21018242835998535
vt 0.6362950801849365 0.16957175731658936
vt 0.5815266370773315 0.23845696449279785
vt 0.6362950801849365 0.16957175731658936
vt 0.5729071497917175 0.19495272636413574
vt 0.6743577122688293 0.21018242835998535
vt 0.723397433757782 0.14980685710906982
vt 0.6613178253173828 0.11571347713470459
vt 0.6743577122688293 0.21018242835998535
vt 0.6613178253173828 0.11571347713470459
vt 0.6362950801849365 0.16957175731658936
vt 0.32962673902511597 0.20469117164611816
vt 0.4202463626861572 0.24006390571594238
vt 0.432128369808197 0.19375252723693848
vt 0.32962673902511597 0.20469117164611816
vt 0.432128369808197 0.19375252723693848
vt 0.36703479290008545 0.16745519638061523
vt 0.8817096948623657 0.5795842409133911
vt 0.863548755645752 0.5549364984035492
vt 0.7588748931884766 0.5680375397205353
vt 0.8817096948623657 0.5795842409133911
vt 0.7588748931884766 0.5680375397205353
vt 0.7654420137405396 0.5858776867389679
vt 0.7588748931884766 0.5680375397205353
vt 0.6157440543174744 0.5713921785354614
vt 0.6130930185317993 0.5881402790546417
vt 0.7588748931884766 0.5680375397205353
vt 0.6130930185317993 0.5881402790546417
vt 0.7654420137405396 0.5858776867389679
vt 0.6157440543174744 0.5713921785354614
vt 0.5024951696395874 0.5811064839363098
vt 0.5026352405548096 0.6032806932926178
vt 0.6157440543174744 0.5713921785354614
vt 0.5026352405548096 0.6032806932926178
vt 0.6130930185317993 0.5881402790546417
vt 0.3875099718570709 0.5747122764587402
vt 0.24722659587860107 0.5588859617710114
vt 0.24027106165885925 0.5770909786224365
vt 0.3875099718570709 0.5747122764587402
vt 0.24027106165885925 0.5770909786224365
vt 0.3902597427368164 0.5909223854541779
vt 0.8834902048110962 0.5866522490978241
vt 0.8817096948623657 0.5795842409133911
vt 0.7654420137405396 0.5858776867389679
vt 0.8834902048110962 0.5866522490978241
vt 0.7654420137405396 0.5858776867389679
vt 0.7658122777938843 0.5914051532745361
vt 0.7654420137405396 0.5858776867389679
vt 0.6130930185317993 0.5881402790546417
vt 0.6136080026626587 0.5932488739490509
vt 0.7654420137405396 0.5858776867389679
vt 0.6136080026626587 0.5932488739490509
vt 0.7658122777938843 0.5914051532745361
vt 0.6130930185317993 0.5881402790546417
vt 0.5026352405548096 0.6032806932926178
vt 0.5024868249893188 0.6090520322322845
vt 0.6130930185317993 0.5881402790546417
vt 0.5024868249893188 0.6090520322322845
vt 0.6136080026626587 0.5932488739490509
vt 0.3902597427368164 0.5909223854541779
vt 0.24027106165885925 0.5770909786224365
vt 0.2396620512008667 0.5825647413730621
vt 0.3902597427368164 0.5909223854541779
vt 0.2396620512008667 0.5825647413730621
vt 0.38970881700515747 0.5960257947444916
vt 0.9190000295639038 0.6566088199615479
vt 0.8834902048110962 0.5866522490978241
vt 0.7658122777938843 0.5914051532745361
vt 0.9190000295639038 0.6566088199615479
vt 0.7658122777938843 0.5914051532745361
vt 0.778623104095459 0.6308674514293671
vt 0.7658122777938843 0.5914051532745361
vt 0.6136080026626587 0.5932488739490509
vt 0.6088777780532837 0.6351848840713501
vt 0.7658122777938843 0.5914051532745361
vt 0.6088777780532837 0.6351848840713501
vt 0.778623104095459 0.6308674514293671
vt 0.6136080026626587 0.5932488739490509
vt 0.5024868249893188 0.6090520322322845
vt 0.5036299228668213 0.6690847873687744
vt 0.6136080026626587 0.5932488739490509
vt 0.5036299228668213 0.6690847873687744
vt 0.6088777780532837 0.6351848840713501
vt 0.38970881700515747 0.5960257947444916
vt 0.2396620512008667 0.5825647413730621
vt 0.22799724340438843 0.6262138187885284
vt 0.38970881700515747 0.5960257947444916
vt 0.22799724340438843 0.6262138187885284
vt 0.3959774971008301 0.6334759593009949
vt 0.9382174015045166 0.7116342782974243
vt 0.9190000295639038 0.6566088199615479
vt 0.778623104095459 0.6308674514293671
vt 0.9382174015045166 0.7116342782974243
vt 0.778623104095459 0.6308674514293671
vt 0.7681921720504761 0.6741992831230164
vt 0.778623104095459 0.6308674514293671
vt 0.6088777780532837 0.6351848840713501
vt 0.6195691823959351 0.6884477734565735
vt 0.778623104095459 0.6308674514293671
vt 0.6195691823959351 0.6884477734565735
vt 0.7681921720504761 0.6741992831230164
vt 0.6088777780532837 0.6351848840713501
vt 0.5036299228668213 0.6690847873687744
vt 0.5039660930633545 0.7112290263175964
vt 0.6088777780532837 0.6351848840713501
vt 0.5039660930633545 0.7112290263175964
vt 0.6195691823959351 0.6884477734565735
vt 0.3959774971008301 0.6334759593009949
vt 0.22799724340438843 0.6262138187885284
vt 0.2427186369895935 0.6771419644355774
vt 0.3959774971008301 0.6334759593009949
vt 0.2427186369895935 0.6771419644355774
vt 0.38871657848358154 0.678857833147049
vt 0.9366353750228882 0.728393018245697
vt 0.9382174015045166 0.7116342782974243
vt 0.7681921720504761 0.6741992831230164
vt 0.9366353750228882 0.728393018245697
vt 0.7681921720504761 0.6741992831230164
vt 0.7674362659454346 0.6852266490459442
vt 0.7681921720504761 0.6741992831230164
vt 0.6195691823959351 0.6884477734565735
vt 0.6195473670959473 0.6998370587825775
vt 0.7681921720504761 0.6741992831230164
vt 0.6195473670959473 0.6998370587825775
vt 0.7674362659454346 0.6852266490459442
vt 0.6195691823959351 0.6884477734565735
vt 0.5039660930633545 0.7112290263175964
vt 0.503579318523407 0.724945455789566
vt 0.6195691823959351 0.6884477734565735
vt 0.503579318523407 0.724945455789566
vt 0.6195473670959473 0.6998370587825775
vt 0.38871657848358154 0.678857833147049
vt 0.2427186369895935 0.6771419644355774
vt 0.24304591119289398 0.6881263256072998
vt 0.38871657848358154 0.678857833147049
vt 0.24304591119289398 0.6881263256072998
vt 0.38828521966934204 0.6902019083499908
vt 0.824716329574585 0.8664302825927734
vt 0.8826016187667847 0.8044855296611786
vt 0.7678818106651306 0.7642671465873718
vt 0.824716329574585 0.8664302825927734
vt 0.7678818106651306 0.7642671465873718
vt 0.7448890209197998 0.801742285490036
vt 0.7678818106651306 0.7642671465873718
vt 0.6142637729644775 0.7714677453041077
vt 0.6211625337600708 0.80681973695755
vt 0.7678818106651306 0.7642671465873718
vt 0.6211625337600708 0.80681973695755
vt 0.7448890209197998 0.801742285490036
vt 0.6142637729644775 0.7714677453041077
vt 0.503913402557373 0.7870481312274933
vt 0.5039323568344116 0.8511628806591034
vt 0.6142637729644775 0.7714677453041077
vt 0.5039323568344116 0.8511628806591034
vt 0.6211625337600708 0.80681973695755
vt 0.39620643854141235 0.7715501934289932
vt 0.24342790246009827 0.7560618370771408
vt 0.26391303539276123 0.7933474183082581
vt 0.39620643854141235 0.7715501934289932
vt 0.26391303539276123 0.7933474183082581
vt 0.38819944858551025 0.8067619502544403
vt 0.8826016187667847 0.8044855296611786
vt 0.9366353750228882 0.728393018245697
vt 0.7674362659454346 0.6852266490459442
vt 0.8826016187667847 0.8044855296611786
vt 0.7674362659454346 0.6852266490459442
vt 0.7678818106651306 0.7642671465873718
vt 0.7674362659454346 0.6852266490459442
vt 0.6195473670959473 0.6998370587825775
vt 0.6142637729644775 0.7714677453041077
vt 0.7674362659454346 0.6852266490459442
vt 0.6142637729644775 0.7714677453041077
vt 0.7678818106651306 0.7642671465873718
vt 0.6195473670959473 0.6998370587825775
vt 0.503579318523407 0.724945455789566
vt 0.503913402557373 0.7870481312274933
vt 0.6195473670959473 0.6998370587825775
vt 0.503913402557373 0.7870481312274933
vt 0.6142637729644775 0.7714677453041077
vt 0.38828521966934204 0.6902019083499908
vt 0.24304591119289398 0.6881263256072998
vt 0.24342790246009827 0.7560618370771408
vt 0.38828521966934204 0.6902019083499908
vt 0.24342790246009827 0.7560618370771408
vt 0.39620643854141235 0.7715501934289932
vt 0.5026352405548096 0.6032806932926178
vt 0.5024951696395874 0.5811064839363098
vt 0.3875099718570709 0.5747122764587402
vt 0.5026352405548096 0.6032806932926178
vt 0.3875099718570709 0.5747122764587402
vt 0.3902597427368164 0.5909223854541779
vt 0.5024868249893188 0.6090520322322845
vt 0.5026352405548096 0.6032806932926178
vt 0.3902597427368164 0.5909223854541779
vt 0.5024868249893188 0.6090520322322845
vt 0.3902597427368164 0.5909223854541779
vt 0.38970881700515747 0.5960257947444916
vt 0.5036299228668213 0.6690847873687744
vt 0.5024868249893188 0.6090520322322845
vt 0.38970881700515747 0.5960257947444916
vt 0.5036299228668213 0.6690847873687744
vt 0.38970881700515747 0.5960257947444916
vt 0.3959774971008301 0.6334759593009949
vt 0.5039660930633545 0.7112290263175964
vt 0.5036299228668213 0.6690847873687744
vt 0.3959774971008301 0.6334759593009949
vt 0.5039660930633545 0.7112290263175964
vt 0.3959774971008301 0.6334759593009949
vt 0.38871657848358154 0.678857833147049
vt 0.503579318523407 0.724945455789566
vt 0.5039660930633545 0.7112290263175964
vt 0.38871657848358154 0.678857833147049
vt 0.503579318523407 0.724945455789566
vt 0.38871657848358154 0.678857833147049
vt 0.38828521966934204 0.6902019083499908
vt 0.503913402557373 0.7870481312274933
vt 0.503579318523407 0.724945455789566
vt 0.38828521966934204 0.6902019083499908
vt 0.503913402557373 0.7870481312274933
vt 0.38828521966934204 0.6902019083499908
vt 0.39620643854141235 0.7715501934289932
vt 0.5039323568344116 0.8511628806591034
vt 0.503913402557373 0.7870481312274933
vt 0.39620643854141235 0.7715501934289932
vt 0.5039323568344116 0.8511628806591034
vt 0.39620643854141235 0.7715501934289932
vt 0.38819944858551025 0.8067619502544403
vt 0.26391303539276123 0.7933474183082581
vt 0.1803591549396515 0.8556069135665894
vt 0.5039323568344116 0.8511628806591034
vt 0.26391303539276123 0.7933474183082581
vt 0.5039323568344116 0.8511628806591034
vt 0.38819944858551025 0.8067619502544403
vt 0.24342790246009827 0.7560618370771408
vt 0.12421691417694092 0.7943193018436432
vt 0.1803591549396515 0.8556069135665894
vt 0.24342790246009827 0.7560618370771408
vt 0.1803591549396515 0.8556069135665894
vt 0.26391303539276123 0.7933474183082581
vt 0.24304591119289398 0.6881263256072998
vt 0.06998884677886963 0.7187082469463348
vt 0.12421691417694092 0.7943193018436432
vt 0.24304591119289398 0.6881263256072998
vt 0.12421691417694092 0.7943193018436432
vt 0.24342790246009827 0.7560618370771408
vt 0.2427186369895935 0.6771419644355774
vt 0.06863996386528015 0.7020814418792725
vt 0.06998884677886963 0.7187082469463348
vt 0.2427186369895935 0.6771419644355774
vt 0.06998884677886963 0.7187082469463348
vt 0.24304591119289398 0.6881263256072998
vt 0.22799724340438843 0.6262138187885284
vt 0.08761638402938843 0.6480787098407745
vt 0.06863996386528015 0.7020814418792725
vt 0.22799724340438843 0.6262138187885284
vt 0.06863996386528015 0.7020814418792725
vt 0.2427186369895935 0.6771419644355774
vt 0.2396620512008667 0.5825647413730621
vt 0.12270709872245789 0.5788253843784332
vt 0.08761638402938843 0.6480787098407745
vt 0.2396620512008667 0.5825647413730621
vt 0.08761638402938843 0.6480787098407745
vt 0.22799724340438843 0.6262138187885284
vt 0.24027106165885925 0.5770909786224365
vt 0.12482842803001404 0.5719032883644104
vt 0.12270709872245789 0.5788253843784332
vt 0.24027106165885925 0.5770909786224365
vt 0.12270709872245789 0.5788253843784332
vt 0.2396620512008667 0.5825647413730621
vt 0.24722659587860107 0.5588859617710114
vt 0.14311230182647705 0.5475005209445953
vt 0.12482842803001404 0.5719032883644104
vt 0.24722659587860107 0.5588859617710114
vt 0.12482842803001404 0.5719032883644104
vt 0.24027106165885925 0.5770909786224365
vt 0.26859596371650696 0.37725234031677246
vt 0.1690642535686493 0.3609910011291504
vt 0.14311230182647705 0.5475005209445953
vt 0.26859596371650696 0.37725234031677246
vt 0.14311230182647705 0.5475005209445953
vt 0.24722659587860107 0.5588859617710114
vt 0.1690678596496582 0.3551386594772339
vt 0.1690642535686493 0.3609910011291504
vt 0.26859596371650696 0.37725234031677246
vt 0.1690678596496582 0.3551386594772339
vt 0.26859596371650696 0.37725234031677246
vt 0.26927125453948975 0.37200927734375
vt 0.1559637486934662 0.3208714723587036
vt 0.1690678596496582 0.3551386594772339
vt 0.26927125453948975 0.37200927734375
vt 0.1559637486934662 0.3208714723587036
vt 0.26927125453948975 0.37200927734375
vt 0.2687288522720337 0.34774327278137207
vt 0.14620795845985413 0.23044359683990479
vt 0.1559637486934662 0.3208714723587036
vt 0.2687288522720337 0.34774327278137207
vt 0.14620795845985413 0.23044359683990479
vt 0.2687288522720337 0.34774327278137207
vt 0.2715262770652771 0.2956081032752991
vt 0.2127806544303894 0.1742536425590515
vt 0.14620795845985413 0.23044359683990479
vt 0.2715262770652771 0.2956081032752991
vt 0.2127806544303894 0.1742536425590515
vt 0.2715262770652771 0.2956081032752991
vt 0.2983623743057251 0.24317896366119385
vt 0.23652467131614685 0.16169065237045288
vt 0.2127806544303894 0.1742536425590515
vt 0.2983623743057251 0.24317896366119385
vt 0.23652467131614685 0.16169065237045288
vt 0.2983623743057251 0.24317896366119385
vt 0.30949437618255615 0.2283152937889099
vt 0.2794143557548523 0.14669525623321533
vt 0.23652467131614685 0.16169065237045288
vt 0.30949437618255615 0.2283152937889099
vt 0.2794143557548523 0.14669525623321533
vt 0.30949437618255615 0.2283152937889099
vt 0.32962673902511597 0.20469117164611816
vt 0.34286099672317505 0.11271429061889648
vt 0.2794143557548523 0.14669525623321533
vt 0.32962673902511597 0.20469117164611816
vt 0.34286099672317505 0.11271429061889648
vt 0.32962673902511597 0.20469117164611816
vt 0.36703479290008545 0.16745519638061523
vt 0.432128369808197 0.19375252723693848
vt 0.5024506449699402 0.17018544673919678
vt 0.34286099672317505 0.11271429061889648
vt 0.432128369808197 0.19375252723693848
vt 0.34286099672317505 0.11271429061889648
vt 0.36703479290008545 0.16745519638061523
vt 0.4202463626861572 0.24006390571594238
vt 0.5018916726112366 0.23109132051467896
vt 0.5024506449699402 0.17018544673919678
vt 0.4202463626861572 0.24006390571594238
vt 0.5024506449699402 0.17018544673919678
vt 0.432128369808197 0.19375252723693848
vt 0.41560715436935425 0.2659416198730469
vt 0.5024747252464294 0.26117247343063354
vt 0.5018916726112366 0.23109132051467896
vt 0.41560715436935425 0.2659416198730469
vt 0.5018916726112366 0.23109132051467896
vt 0.4202463626861572 0.24006390571594238
vt 0.4124951958656311 0.2828529477119446
vt 0.5029395818710327 0.278816819190979
vt 0.5024747252464294 0.26117247343063354
vt 0.4124951958656311 0.2828529477119446
vt 0.5024747252464294 0.26117247343063354
vt 0.41560715436935425 0.2659416198730469
vt 0.4071274995803833 0.33415067195892334
vt 0.5028547644615173 0.33969998359680176
vt 0.5029395818710327 0.278816819190979
vt 0.4071274995803833 0.33415067195892334
vt 0.5029395818710327 0.278816819190979
vt 0.4124951958656311 0.2828529477119446
vt 0.39834678173065186 0.3862107992172241
vt 0.5028292536735535 0.39952927827835083
vt 0.5028547644615173 0.33969998359680176
vt 0.39834678173065186 0.3862107992172241
vt 0.5028547644615173 0.33969998359680176
vt 0.4071274995803833 0.33415067195892334
vt 0.3943033516407013 0.4058606028556824
vt 0.5036721229553223 0.41990888118743896
vt 0.5028292536735535 0.39952927827835083
vt 0.3943033516407013 0.4058606028556824
vt 0.5028292536735535 0.39952927827835083
vt 0.39834678173065186 0.3862107992172241
vt 0.3936777710914612 0.4102255702018738
vt 0.5036923885345459 0.4237971305847168
vt 0.5036721229553223 0.41990888118743896
vt 0.3936777710914612 0.4102255702018738
vt 0.5036721229553223 0.41990888118743896
vt 0.3943033516407013 0.4058606028556824
vt 0.3875099718570709 0.5747122764587402
vt 0.5024951696395874 0.5811064839363098
vt 0.5036923885345459 0.4237971305847168
vt 0.3875099718570709 0.5747122764587402
vt 0.5036923885345459 0.4237971305847168
vt 0.3936777710914612 0.4102255702018738
vn 0.47381485218364866 0 0.880624486288104
vn 0.47381485218364866 0 0.880624486288104
vn 0.47381485218364866 0 0.880624486288104
vn 0.47381485218364866 0 0.880624486288104
vn 0.47381485218364866 0 0.880624486288104
vn 0.47381485218364866 0 0.880624486288104
vn 0 1 0
vn 0 1 0
vn 0 1 0
vn 0 1 0
vn 0 1 0
vn 0 1 0
vn 0.47381485218364866 0 -0.880624486288104
vn 0.47381485218364866 0 -0.880624486288104
vn 0.47381485218364866 0 -0.880624486288104
vn 0.47381485218364866 0 -0.880624486288104
vn 0.47381485218364866 0 -0.880624486288104
vn 0.47381485218364866 0 -0.880624486288104
vn 0 -1 0
vn 0 -1 0
vn 0 -1 0
vn 0 -1 0
vn 0 -1 0
vn 0 -1 0
vn 1 0 0
vn 1 0 0
vn 1 0 0
vn 1 0 0
vn 1 0 0
vn 1 0 0
vn -1 0 0
vn -1 0 0
vn -1 0 0
vn -1 0 0
vn -1 0 0
vn -1 0 0
vn 0.473814617549712 0 0.8806246125314806
vn 0.473814617549712 0 0.8806246125314806
vn 0.473814617549712 0 0.8806246125314806
vn 0.473814617549712 0 0.8806246125314806
vn 0.473814617549712 0 0.8806246125314806
vn 0.473814617549712 0 0.8806246125314806
vn 1 0 0
vn 1 0 0
vn 1 0 0
vn 1 0 0
vn 1 0 0
vn 1 0 0
vn 0.473814617549712 0 -0.8806246125314806
vn 0.473814617549712 0 -0.8806246125314806
vn 0.473814617549712 0 -0.8806246125314806
vn 0.473814617549712 0 -0.8806246125314806
vn 0.473814617549712 0 -0.8806246125314806
vn 0.473814617549712 0 -0.8806246125314806
vn -1 0 0
vn -1 0 0
vn -1 0 0
vn -1 0 0
vn -1 0 0
vn -1 0 0
vn 0.12502729035323737 -0.9645572165279909 0.23237373498461827
vn 0.1250272728611049 -0.9645572186709703 0.2323737355008885
vn 0.12502729035323737 -0.9645572165279909 0.23237373498461827
vn 0.12502729035323737 -0.9645572165279909 0.23237373498461827
vn 0.12502729035323737 -0.9645572165279909 0.23237373498461827
vn 0.12502729035323737 -0.9645572165279909 0.23237373498461827
vn 0.2839061550192137 -0.9588520715638081 0
vn 0.2839061550192137 -0.9588520715638081 0
vn 0.28390613877398185 -0.9588520763738527 0
vn 0.2839061550192137 -0.9588520715638081 0
vn 0.28390613877398185 -0.9588520763738527 0
vn 0.28390613877398185 -0.9588520763738527 0
vn 0.12502731659143587 -0.9645572133135213 -0.2323737342102129
vn 0.12502729909930357 -0.9645572154565012 -0.23237373472648318
vn 0.12502731659143587 -0.9645572133135213 -0.2323737342102129
vn 0.12502731659143587 -0.9645572133135213 -0.2323737342102129
vn 0.12502731659143587 -0.9645572133135213 -0.2323737342102129
vn 0.12502730784536978 -0.9645572143850114 -0.23237373446834808
vn -0.28390628498105946 -0.9588520330834436 0
vn -0.28390628498105946 -0.9588520330834436 0
vn -0.2839062524905995 -0.9588520427035362 0
vn -0.28390628498105946 -0.9588520330834436 0
vn -0.2839062524905995 -0.9588520427035362 0
vn -0.2839062524905995 -0.9588520427035362 0
vn 0.38249412263866706 -0.5901803866160787 0.710904604993224
vn 0.3824941308787064 -0.5901803628280263 0.7109046203081832
vn 0.3824941348912432 -0.590180405521546 0.7109045827058812
vn 0.38249412263866706 -0.5901803866160787 0.710904604993224
vn 0.3824941348912432 -0.590180405521546 0.7109045827058812
vn 0.38249412263866706 -0.5901803866160787 0.710904604993224
vn 0.8286647452712147 -0.5597452455756928 0
vn 0.8286647452712147 -0.5597452455756928 0
vn 0.8286647452712147 -0.5597452455756928 0
vn 0.8286647452712147 -0.5597452455756928 0
vn 0.8286647452712147 -0.5597452455756928 0
vn 0.8286647452712147 -0.5597452455756928 0
vn 0.382494392263481 -0.5901813988357443 -0.7109036195964081
vn 0.38249443073118305 -0.5901813886638326 -0.7109036073438215
vn 0.38249443073118305 -0.5901813886638326 -0.7109036073438215
vn 0.382494392263481 -0.5901813988357443 -0.7109036195964081
vn 0.38249443073118305 -0.5901813886638326 -0.7109036073438215
vn 0.3824944045160674 -0.5901814177412464 -0.7109035973089679
vn -0.8286651278401787 -0.5597446792079585 0
vn -0.8286651278401787 -0.5597446792079585 0
vn -0.8286651008973549 -0.5597447190950324 0
vn -0.8286651278401787 -0.5597446792079585 0
vn -0.8286651008973549 -0.5597447190950324 0
vn -0.8286651008973549 -0.5597447190950324 0
vn 0.37670781224360134 0.6065327329481743 0.7001494612274285
vn 0.37670785186477695 0.606532722398166 0.7001494490490542
vn 0.3767078000652278 0.6065327133399212 0.70014948476631
vn 0.37670781224360134 0.6065327329481743 0.7001494612274285
vn 0.3767078000652278 0.6065327133399212 0.70014948476631
vn 0.3767077802546397 0.6065327186149244 0.7001494908554966
vn 0.8173625047510569 0.5761237157304657 0
vn 0.8173625047510569 0.5761237157304657 0
vn 0.8173625047510569 0.5761237157304657 0
vn 0.8173625047510569 0.5761237157304657 0
vn 0.8173625047510569 0.5761237157304657 0
vn 0.8173625047510569 0.5761237157304657 0
vn 0.3767081472438078 0.6065336447441558 -0.7001484911027859
vn 0.3767081228870412 0.6065336055275938 -0.7001485381807343
vn 0.3767081030764331 0.6065336108026161 -0.7001485442699257
vn 0.3767081472438078 0.6065336447441558 -0.7001484911027859
vn 0.3767081030764331 0.6065336108026161 -0.7001485442699257
vn 0.3767081183408828 0.6065335610360126 -0.7001485791694824
vn -0.8173628729212801 0.5761231933969257 0
vn -0.8173628729212801 0.5761231933969257 0
vn -0.8173628729212801 0.5761231933969257 0
vn -0.8173628729212801 0.5761231933969257 0
vn -0.8173628729212801 0.5761231933969257 0
vn -0.8173628729212801 0.5761231933969257 0
vn 0.4569502457660101 0.2644008386835133 0.8492871536752675
vn 0.4569502082205368 0.26440081695892786 0.8492871806395406
vn 0.4569502457660101 0.2644008386835133 0.8492871536752675
vn 0.4569502457660101 0.2644008386835133 0.8492871536752675
vn 0.4569502457660101 0.2644008386835133 0.8492871536752675
vn 0.45695028403865495 0.2644008328391676 0.8492871349025294
vn 0.9693838151329649 0.2455504407616846 0
vn 0.9693838151329649 0.2455504407616846 0
vn 0.9693838151329649 0.2455504407616846 0
vn 0.9693838151329649 0.2455504407616846 0
vn 0.9693838151329649 0.2455504407616846 0
vn 0.9693838151329649 0.2455504407616846 0
vn 0.45695090108154235 0.2643958662686993 -0.8492883490904549
vn 0.45695093935371073 0.26439586042452345 -0.8492883303178829
vn 0.45695090108154235 0.2643958662686993 -0.8492883490904549
vn 0.45695090108154235 0.2643958662686993 -0.8492883490904549
vn 0.45695090108154235 0.2643958662686993 -0.8492883490904549
vn 0.4569509034486701 0.26439584804549515 -0.8492883534899954
vn -0.9693834748976785 0.2455517839383418 0
vn -0.9693834648582048 0.245551823571933 0
vn -0.9693834648582048 0.245551823571933 0
vn -0.9693834748976785 0.2455517839383418 0
vn -0.9693834648582048 0.245551823571933 0
vn -0.9693834748976785 0.2455517839383418 0
vn 0.196578685549866 0.9098726490391409 0.3653608940732208
vn 0.1965787041227332 0.9098726572078688 0.3653608637373728
vn 0.19657868796424086 0.9098726602141756 0.36536086494456027
vn 0.196578685549866 0.9098726490391409 0.3653608940732208
vn 0.19657868796424086 0.9098726602141756 0.36536086494456027
vn 0.19657868796424086 0.9098726602141756 0.36536086494456027
vn 0.4425567189642071 0.896740514585817 0
vn 0.4425567456254541 0.896740501428037 0
vn 0.4425567722866999 0.8967404882702567 0
vn 0.4425567189642071 0.896740514585817 0
vn 0.4425567722866999 0.8967404882702567 0
vn 0.4425567456254541 0.896740501428037 0
vn 0.19657702186982867 0.9098741053019326 -0.36535816259363413
vn 0.19657700571130052 0.9098741083082231 -0.3653581638008042
vn 0.19657702186982867 0.9098741053019326 -0.36535816259363413
vn 0.19657702186982867 0.9098741053019326 -0.36535816259363413
vn 0.19657702186982867 0.9098741053019326 -0.36535816259363413
vn 0.19657702186982867 0.9098741053019326 -0.36535816259363413
vn -0.4425578653967666 0.8967399488009091 0
vn -0.44255791871915845 0.8967399224853138 0
vn -0.442557838735569 0.8967399619587063 0
vn -0.4425578653967666 0.8967399488009091 0
vn -0.442557838735569 0.8967399619587063 0
vn -0.4425578653967666 0.8967399488009091 0
vn 0.47298317924814415 0.05917345992149443 0.8790821427996574
vn 0.4729831790724412 0.059173466177295124 0.8790821424730976
vn 0.4729831550088698 0.05917346704487708 0.8790821553619117
vn 0.47298317924814415 0.05917345992149443 0.8790821427996574
vn 0.4729831550088698 0.05917346704487708 0.8790821553619117
vn 0.4729831551845727 0.059173460789076295 0.8790821556884716
vn 0.9985035371406432 0.05468716776012645 0
vn 0.9985035371406432 0.05468716776012645 0
vn 0.9985035371406432 0.05468716776012645 0
vn 0.9985035371406432 0.05468716776012645 0
vn 0.9985035371406432 0.05468716776012645 0
vn 0.9985035371406432 0.05468716776012645 0
vn 0.4729831551845727 0.059173460789076295 -0.8790821556884716
vn 0.4729831553602755 0.05917345453327548 -0.8790821560150313
vn 0.4729831553602755 0.05917345453327548 -0.8790821560150313
vn 0.4729831551845727 0.059173460789076295 -0.8790821556884716
vn 0.4729831553602755 0.05917345453327548 -0.8790821560150313
vn 0.47298313112100027 0.05917346165665814 -0.8790821685772854
vn -0.998503535251742 0.05468720224854601 0
vn -0.998503535251742 0.05468720224854601 0
vn -0.9985035355926449 0.05468719602418327 0
vn -0.998503535251742 0.05468720224854601 0
vn -0.9985035355926449 0.05468719602418327 0
vn -0.9985035355926449 0.05468719602418327 0
vn 0.22741067629733683 0.8772923691256506 -0.4226611921857639
vn 0.22741067629733683 0.8772923691256506 -0.4226611921857639
vn 0.22741066714312116 0.877292396446297 -0.42266114040331887
vn 0.22741067629733683 0.8772923691256506 -0.4226611921857639
vn 0.22741066714312116 0.877292396446297 -0.42266114040331887
vn 0.22741067941851587 0.877292381166363 -0.4226611655142472
vn 0.5095008461274114 0.8604701550870034 0
vn 0.5095008461274114 0.8604701550870034 0
vn 0.5095009169465523 0.8604701131536311 0
vn 0.5095008461274114 0.8604701550870034 0
vn 0.5095009169465523 0.8604701131536311 0
vn 0.5095009169465523 0.8604701131536311 0
vn 0.22741065507704122 0.8772924751690055 0.42266098349536657
vn 0.22741066735243845 0.8772924598890736 0.4226610086063022
vn 0.22741068274901324 0.8772924566498513 0.4226610070457132
vn 0.22741065507704122 0.8772924751690055 0.42266098349536657
vn 0.22741068274901324 0.8772924566498513 0.4226610070457132
vn 0.22741066735243845 0.8772924598890736 0.4226610086063022
vn -0.5095044795768539 0.8604680036416922 0
vn -0.5095044795768539 0.8604680036416922 0
vn -0.5095044559706455 0.8604680176195142 0
vn -0.5095044795768539 0.8604680036416922 0
vn -0.5095044559706455 0.8604680176195142 0
vn -0.5095044559706455 0.8604680176195142 0
vn 0.4738152041344837 0 -0.8806242969229259
vn 0.4738152041344837 0 -0.8806242969229259
vn 0.4738152041344837 0 -0.8806242969229259
vn 0.4738152041344837 0 -0.8806242969229259
vn 0.4738152041344837 0 -0.8806242969229259
vn 0.4738152041344837 0 -0.8806242969229259
vn 1 0 0
vn 1 0 0
vn 1 0 0
vn 1 0 0
vn 1 0 0
vn 1 0 0
vn 0.4738152041344837 0 0.8806242969229259
vn 0.4738152041344837 0 0.8806242969229259
vn 0.4738152041344837 0 0.8806242969229259
vn 0.4738152041344837 0 0.8806242969229259
vn 0.4738152041344837 0 0.8806242969229259
vn 0.4738152041344837 0 0.8806242969229259
vn -1 0 0
vn -1 0 0
vn -1 0 0
vn -1 0 0
vn -1 0 0
vn -1 0 0
vn 0.20931100165688757 0.8971343965412543 -0.3890228516783428
vn 0.20931100165688757 0.8971343965412543 -0.3890228516783428
vn 0.20931101481382441 0.8971343818509911 -0.3890228784768923
vn 0.20931100165688757 0.8971343965412543 -0.3890228516783428
vn 0.20931101481382441 0.8971343818509911 -0.3890228784768923
vn 0.2093110175146416 0.8971343934270467 -0.38902285032793427
vn 0.4703215070032603 0.8824951444909949 0
vn 0.4703215070032603 0.8824951444909949 0
vn 0.4703215324348574 0.8824951309373482 0
vn 0.4703215070032603 0.8824951444909949 0
vn 0.4703215324348574 0.8824951309373482 0
vn 0.4703215324348574 0.8824951309373482 0
vn 0.20931101481382441 0.8971343818509911 0.3890228784768923
vn 0.20931100165688757 0.8971343965412543 0.3890228516783428
vn 0.20931100165688757 0.8971343965412543 0.3890228516783428
vn 0.20931101481382441 0.8971343818509911 0.3890228784768923
vn 0.20931100165688757 0.8971343965412543 0.3890228516783428
vn 0.2093110175146416 0.8971343934270467 0.38902285032793427
vn -0.4703201082636194 0.8824958899410791 0
vn -0.4703201082636194 0.8824958899410791 0
vn -0.4703201082636194 0.8824958899410791 0
vn -0.4703201082636194 0.8824958899410791 0
vn -0.4703201082636194 0.8824958899410791 0
vn -0.4703201082636194 0.8824958899410791 0
vn 0.0791653724373408 0.9837975000598469 -0.16085808242936617
vn 0.07916536367022435 0.9837975036308045 -0.1608580649043069
vn 0.07916536367022435 0.9837975036308045 -0.1608580649043069
vn 0.0791653724373408 0.9837975000598469 -0.16085808242936617
vn 0.07916536367022435 0.9837975036308045 -0.1608580649043069
vn 0.0791653724373408 0.9837975000598469 -0.16085808242936617
vn 0.1224402027930789 0.9924758922714394 0
vn 0.1224402027930789 0.9924758922714394 0
vn 0.1224402027930789 0.9924758922714394 0
vn 0.1224402027930789 0.9924758922714394 0
vn 0.1224402027930789 0.9924758922714394 0
vn 0.1224402027930789 0.9924758922714394 0
vn 0.07916535721324094 0.9837974233890946 0.16085855883439476
vn 0.07916535744384781 0.9837974262548739 0.16085854119403656
vn 0.07916536621096293 0.9837974226839086 0.16085855871909135
vn 0.07916535721324094 0.9837974233890946 0.16085855883439476
vn 0.07916536621096293 0.9837974226839086 0.16085855871909135
vn 0.07916536644156982 0.9837974255496879 0.16085854107873315
vn -0.12244050859202246 0.9924758545454528 0
vn -0.12244050859202246 0.9924758545454528 0
vn -0.12244050859202246 0.9924758545454528 0
vn -0.12244050859202246 0.9924758545454528 0
vn -0.12244050859202246 0.9924758545454528 0
vn -0.12244050859202246 0.9924758545454528 0
vn 0.41815746263015696 0 -0.9083745573532478
vn 0.41815746263015696 0 -0.9083745573532478
vn 0.41815746263015696 0 -0.9083745573532478
vn 0.41815746263015696 0 -0.9083745573532478
vn 0.41815746263015696 0 -0.9083745573532478
vn 0.41815746263015696 0 -0.9083745573532478
vn 1 0 0
vn 1 0 0
vn 1 0 0
vn 1 0 0
vn 1 0 0
vn 1 0 0
vn 0.4181574380389388 0 0.9083745686734692
vn 0.4181574380389388 0 0.9083745686734692
vn 0.4181574380389388 0 0.9083745686734692
vn 0.4181574380389388 0 0.9083745686734692
vn 0.4181574380389388 0 0.9083745686734692
vn 0.4181574380389388 0 0.9083745686734692
vn -1 0 0
vn -1 0 0
vn -1 0 0
vn -1 0 0
vn -1 0 0
vn -1 0 0
vn 0.41616073243577545 -0.47806350171499207 -0.773476265380211
vn 0.4161607565976896 -0.47806352947092484 -0.7734762352250008
vn 0.4161607634670113 -0.47806349424809896 -0.7734762532992541
vn 0.41616073243577545 -0.47806350171499207 -0.773476265380211
vn 0.4161607634670113 -0.47806349424809896 -0.7734762532992541
vn 0.4161607634670113 -0.47806349424809896 -0.7734762532992541
vn 0.8933901316514445 -0.4492817297284795 0
vn 0.8933901316514445 -0.4492817297284795 0
vn 0.893390146038553 -0.44928170111992427 0
vn 0.8933901316514445 -0.4492817297284795 0
vn 0.893390146038553 -0.44928170111992427 0
vn 0.893390146038553 -0.44928170111992427 0
vn 0.41616067037329935 -0.47806351664877716 0.7734762895421231
vn 0.4161606324727274 -0.4780635593384989 0.7734762835488266
vn 0.41616067037329935 -0.47806351664877716 0.7734762895421231
vn 0.41616067037329935 -0.47806351664877716 0.7734762895421231
vn 0.41616067037329935 -0.47806351664877716 0.7734762895421231
vn 0.41616063934205916 -0.4780635241156693 0.7734763016230785
vn -0.893390146038553 -0.44928170111992427 0
vn -0.893390146038553 -0.44928170111992427 0
vn -0.893390146038553 -0.44928170111992427 0
vn -0.893390146038553 -0.44928170111992427 0
vn -0.893390146038553 -0.44928170111992427 0
vn -0.893390146038553 -0.44928170111992427 0
vn 0.32032796859488777 -0.6849137145485299 -0.6544334925408444
vn 0.32032796859488777 -0.6849137145485299 -0.6544334925408444
vn 0.32032793465719006 -0.6849136970967583 -0.6544335274170394
vn 0.32032796859488777 -0.6849137145485299 -0.6544334925408444
vn 0.32032793465719006 -0.6849136970967583 -0.6544335274170394
vn 0.32032795627094257 -0.6849137433105085 -0.6544334684715231
vn 0.6340733006753685 -0.7732729462296246 0
vn 0.6340733006753685 -0.7732729462296246 0
vn 0.6340733351625196 -0.7732729179506281 0
vn 0.6340733006753685 -0.7732729462296246 0
vn 0.6340733351625196 -0.7732729179506281 0
vn 0.6340733351625196 -0.7732729179506281 0
vn 0.32032791152636864 -0.6849137027518607 0.6544335328204772
vn 0.32032792233324414 -0.6849137258587361 0.6544335033477207
vn 0.32032794546406623 -0.6849137202036332 0.6544334979442827
vn 0.32032791152636864 -0.6849137027518607 0.6544335328204772
vn 0.32032794546406623 -0.6849137202036332 0.6544334979442827
vn 0.32032793314012 -0.6849137489656121 0.6544334738749612
vn -0.6340740478130195 -0.7732723335863068 0
vn -0.6340740478130195 -0.7732723335863068 0
vn -0.6340740823000909 -0.7732723053073203 0
vn -0.6340740478130195 -0.7732723335863068 0
vn -0.6340740823000909 -0.7732723053073203 0
vn -0.6340740823000909 -0.7732723053073203 0
vn -0.22741086958237405 0.877292112605937 0.4226616206319194
vn -0.22741086958237405 0.877292112605937 0.4226616206319194
vn -0.22741086958237405 0.877292112605937 0.4226616206319194
vn -0.22741086958237405 0.877292112605937 0.4226616206319194
vn -0.22741086958237405 0.877292112605937 0.4226616206319194
vn -0.22741086646118994 0.8772921005652189 0.4226616473034154
vn -0.4738152041344837 0 0.8806242969229259
vn -0.4738152041344837 0 0.8806242969229259
vn -0.4738152041344837 0 0.8806242969229259
vn -0.4738152041344837 0 0.8806242969229259
vn -0.4738152041344837 0 0.8806242969229259
vn -0.4738152041344837 0 0.8806242969229259
vn -0.20931078574418344 0.8971346084332963 0.38902247919932426
vn -0.20931080160194268 0.8971346053190904 0.38902247784891814
vn -0.20931081475888919 0.8971345906288346 0.3890225046474861
vn -0.20931078574418344 0.8971346084332963 0.38902247919932426
vn -0.20931081475888919 0.8971345906288346 0.3890225046474861
vn -0.20931081475888919 0.8971345906288346 0.3890225046474861
vn -0.0791654162729216 0.983797482205053 0.1608581700546595
vn -0.07916539873868955 0.9837974893469715 0.1608581350045427
vn -0.0791654165035281 0.9837974850708257 0.16085815241429793
vn -0.0791654162729216 0.983797482205053 0.1608581700546595
vn -0.0791654165035281 0.9837974850708257 0.16085815241429793
vn -0.07916540750580561 0.9837974857760124 0.16085815252960117
vn -0.4181574380389388 0 0.9083745686734692
vn -0.4181574380389388 0 0.9083745686734692
vn -0.4181574380389388 0 0.9083745686734692
vn -0.4181574380389388 0 0.9083745686734692
vn -0.4181574380389388 0 0.9083745686734692
vn -0.4181574380389388 0 0.9083745686734692
vn -0.32032787588419626 -0.6849133509801848 0.6544339184215721
vn -0.3203278974979468 -0.684913397193916 0.6544338594761384
vn -0.32032790982188214 -0.6849133684319536 0.654433883545419
vn -0.32032787588419626 -0.6849133509801848 0.6544339184215721
vn -0.32032790982188214 -0.6849133684319536 0.654433883545419
vn -0.3203278974979468 -0.684913397193916 0.6544338594761384
vn -0.41616022551263343 -0.47806352298362087 0.7734765249791122
vn -0.41616017031948793 -0.4780635026945615 0.7734765672152337
vn -0.4161601634501229 -0.4780635379173891 0.7734765491410042
vn -0.41616022551263343 -0.47806352298362087 0.7734765249791122
vn -0.4161601634501229 -0.4780635379173891 0.7734765491410042
vn -0.41616017031948793 -0.4780635026945615 0.7734765672152337
vn 0 -1 0
vn 0 -1 0
vn 0 -1 0
vn 0 -1 0
vn 0 -1 0
vn 0 -1 0
vn -0.4161602392513518 -0.478063452537974 -0.773476561127569
vn -0.4161602392513518 -0.478063452537974 -0.773476561127569
vn -0.4161602944444931 -0.47806347282702755 -0.7734765188914492
vn -0.4161602392513518 -0.478063452537974 -0.773476561127569
vn -0.4161602944444931 -0.47806347282702755 -0.7734765188914492
vn -0.4161602634132441 -0.4780634802939116 -0.7734765309723962
vn -0.32032790982188214 -0.6849133684319536 -0.654433883545419
vn -0.32032790830482244 -0.6849134203007823 -0.654433830003417
vn -0.3203278620431967 -0.6849134316109766 -0.6544338408102921
vn -0.32032790982188214 -0.6849133684319536 -0.654433883545419
vn -0.3203278620431967 -0.6849134316109766 -0.6544338408102921
vn -0.32032789598088507 -0.684913449062747 -0.6544338059341305
vn -0.41815746263015696 0 -0.9083745573532478
vn -0.41815746263015696 0 -0.9083745573532478
vn -0.41815746263015696 0 -0.9083745573532478
vn -0.41815746263015696 0 -0.9083745573532478
vn -0.41815746263015696 0 -0.9083745573532478
vn -0.41815746263015696 0 -0.9083745573532478
vn -0.07916540981592982 0.9837974019632939 -0.1608586639847194
vn -0.07916539228170057 0.983797409105229 -0.16085862893461195
vn -0.07916540981592982 0.9837974019632939 -0.1608586639847194
vn -0.07916540981592982 0.9837974019632939 -0.1608586639847194
vn -0.07916540981592982 0.9837974019632939 -0.1608586639847194
vn -0.07916540127942237 0.9837974084000426 -0.16085862881930843
vn -0.20931079315238374 0.8971344980204167 -0.3890227298392408
vn -0.20931076143686872 0.8971345042488263 -0.38902273254005426
vn -0.209310764137682 0.8971345158248808 -0.38902270439108866
vn -0.20931079315238374 0.8971344980204167 -0.3890227298392408
vn -0.209310764137682 0.8971345158248808 -0.38902270439108866
vn -0.20931077459381278 0.897134489558567 -0.38902275933861213
vn -0.4738152041344837 0 -0.8806242969229259
vn -0.4738152041344837 0 -0.8806242969229259
vn -0.4738152041344837 0 -0.8806242969229259
vn -0.4738152041344837 0 -0.8806242969229259
vn -0.4738152041344837 0 -0.8806242969229259
vn -0.4738152041344837 0 -0.8806242969229259
vn -0.22741090037550823 0.8772921061274915 -0.42266161751073517
vn -0.22741090037550823 0.8772921061274915 -0.42266161751073517
vn -0.22741090037550823 0.8772921061274915 -0.42266161751073517
vn -0.22741090037550823 0.8772921061274915 -0.42266161751073517
vn -0.22741090037550823 0.8772921061274915 -0.42266161751073517
vn -0.2274108818577569 0.8772920973259962 -0.4226616457428233
vn -0.47381412341153817 0 -0.880624878399285
vn -0.47381412341153817 0 -0.880624878399285
vn -0.47381412341153817 0 -0.880624878399285
vn -0.47381412341153817 0 -0.880624878399285
vn -0.47381412341153817 0 -0.880624878399285
vn -0.47381412341153817 0 -0.880624878399285
vn -0.473814617549712 0 -0.8806246125314806
vn -0.473814617549712 0 -0.8806246125314806
vn -0.473814617549712 0 -0.8806246125314806
vn -0.473814617549712 0 -0.8806246125314806
vn -0.473814617549712 0 -0.8806246125314806
vn -0.473814617549712 0 -0.8806246125314806
vn -0.12502704335560094 -0.9645565557789214 -0.23237661055635742
vn -0.12502705261793748 -0.9645565586903867 -0.23237659348787704
vn -0.12502705261793748 -0.9645565586903867 -0.23237659348787704
vn -0.12502704335560094 -0.9645565557789214 -0.23237661055635742
vn -0.12502705261793748 -0.9645565586903867 -0.23237659348787704
vn -0.12502706136399877 -0.9645565576189005 -0.23237659322973941
vn -0.3824942255474711 -0.5901812441475078 -0.7109038377160022
vn -0.38249419933235057 -0.5901812732249099 -0.7109038276811627
vn -0.3824942762677544 -0.5901812528811039 -0.7109038031759974
vn -0.3824942255474711 -0.5901812441475078 -0.7109038377160022
vn -0.3824942762677544 -0.5901812528811039 -0.7109038031759974
vn -0.3824942500526363 -0.5901812819585072 -0.7109037931411565
vn -0.37670787097537384 0.6065334227259678 -0.7001488320789543
vn -0.37670788315375103 0.6065334423342461 -0.7001488085400058
vn -0.3767078786076038 0.6065333978426743 -0.7001488495287119
vn -0.37670787097537384 0.6065334227259678 -0.7001488320789543
vn -0.3767078786076038 0.6065333978426743 -0.7001488495287119
vn -0.37670789841821006 0.6065333925676585 -0.7001488434395232
vn -0.4569503160760281 0.26439608196046543 -0.8492885966984208
vn -0.4569502785309046 0.26439606023647666 -0.8492886236621553
vn -0.4569502778038115 0.2643960878046414 -0.8492886154709834
vn -0.4569503160760281 0.26439608196046543 -0.8492885966984208
vn -0.4569502778038115 0.2643960878046414 -0.8492886154709834
vn -0.4569502778038115 0.2643960878046414 -0.8492886154709834
vn -0.19657698453527034 0.9098743214830495 -0.36535764431140666
vn -0.19657695863538135 0.9098743338640698 -0.36535762741330474
vn -0.19657699827946543 0.9098743073017819 -0.3653576722330293
vn -0.19657698453527034 0.9098743214830495 -0.36535764431140666
vn -0.19657699827946543 0.9098743073017819 -0.3653576722330293
vn -0.19657698212093347 0.9098743103080733 -0.36535767344019787
vn -0.47298210484842756 0.05917346751798388 -0.8790827203597221
vn -0.47298215279992883 0.059173472038624435 -0.8790826942555741
vn -0.47298212908773246 0.05917346039460307 -0.8790827077974881
vn -0.47298210484842756 0.05917346751798388 -0.8790827203597221
vn -0.47298212908773246 0.05917346039460307 -0.8790827077974881
vn -0.47298212908773246 0.05917346039460307 -0.8790827077974881
vn 0 1 0
vn 0 1 0
vn 0 1 0
vn 0 1 0
vn 0 1 0
vn 0 1 0
vn -0.47298212908773246 0.05917346039460307 0.8790827077974881
vn -0.47298207924654373 0.05917345803722169 0.8790827347727478
vn -0.47298210502413 0.05917346126218303 0.879082720686282
vn -0.47298212908773246 0.05917346039460307 0.8790827077974881
vn -0.47298210502413 0.05917346126218303 0.879082720686282
vn -0.47298207924654373 0.05917345803722169 0.8790827347727478
vn -0.1965786433873694 0.9098728428711597 0.3653604340504531
vn -0.19657864580174123 0.9098728540461851 0.36536040492177496
vn -0.19657862964324493 0.9098728570524921 0.3653604061289607
vn -0.1965786433873694 0.9098728428711597 0.3653604340504531
vn -0.19657862964324493 0.9098728570524921 0.3653604061289607
vn -0.19657862964324493 0.9098728570524921 0.3653604061289607
vn -0.45694962011289536 0.2644010784477961 0.8492874156575753
vn -0.45694961938565704 0.26440110601676986 0.8492874074660545
vn -0.45694961938565704 0.26440110601676986 0.8492874074660545
vn -0.45694962011289536 0.2644010784477961 0.8492874156575753
vn -0.45694961938565704 0.26440110601676986 0.8492874074660545
vn -0.45694965765835405 0.26440110017242247 0.8492873886933242
vn -0.3767075152506832 0.6065325149659068 0.7001498098569964
vn -0.3767075350612694 0.6065325096909107 0.7001498037678134
vn -0.3767075152506832 0.6065325149659068 0.7001498098569964
vn -0.3767075152506832 0.6065325149659068 0.7001498098569964
vn -0.3767075152506832 0.6065325149659068 0.7001498098569964
vn -0.3767075350612694 0.6065325096909107 0.7001498037678134
vn -0.3824939442628927 -0.5901803894926173 0.7109046985781975
vn -0.38249399498312436 -0.5901803982262194 0.7109046640382877
vn -0.3824939909705876 -0.5901803555326981 0.7109047016405857
vn -0.3824939442628927 -0.5901803894926173 0.7109046985781975
vn -0.3824939909705876 -0.5901803555326981 0.7109047016405857
vn -0.38249394025035577 -0.5901803467990956 0.7109047361804931
vn -0.1250270351258148 -0.9645565608333592 0.23237659400415225
vn -0.12502705261793748 -0.9645565586903867 0.23237659348787704
vn -0.12502704335560094 -0.9645565557789214 0.23237661055635742
vn -0.1250270351258148 -0.9645565608333592 0.23237659400415225
vn -0.12502704335560094 -0.9645565557789214 0.23237661055635742
vn -0.1250270351258148 -0.9645565608333592 0.23237659400415225
vn -0.473814617549712 0 0.8806246125314806
vn -0.473814617549712 0 0.8806246125314806
vn -0.473814617549712 0 0.8806246125314806
vn -0.473814617549712 0 0.8806246125314806
vn -0.473814617549712 0 0.8806246125314806
vn -0.473814617549712 0 0.8806246125314806
vn -0.47381412341153817 0 0.880624878399285
vn -0.47381412341153817 0 0.880624878399285
vn -0.47381412341153817 0 0.880624878399285
vn -0.47381412341153817 0 0.880624878399285
vn -0.47381412341153817 0 0.880624878399285
vn -0.47381412341153817 0 0.880624878399285
f 289/289/289 290/290/290 291/291/291
f 292/292/292 293/293/293 294/294/294
f 295/295/295 296/296/296 297/297/297
f 298/298/298 299/299/299 300/300/300
f 301/301/301 302/302/302 303/303/303
f 304/304/304 305/305/305 306/306/306
f 307/307/307 308/308/308 309/309/309
f 310/310/310 311/311/311 312/312/312
f 313/313/313 314/314/314 315/315/315
f 316/316/316 317/317/317 318/318/318
f 319/319/319 320/320/320 321/321/321
f 322/322/322 323/323/323 324/324/324
f 325/325/325 326/326/326 327/327/327
f 328/328/328 329/329/329 330/330/330
f 331/331/331 332/332/332 333/333/333
f 334/334/334 335/335/335 336/336/336
f 337/337/337 338/338/338 339/339/339
f 340/340/340 341/341/341 342/342/342
f 343/343/343 344/344/344 345/345/345
f 346/346/346 347/347/347 348/348/348
f 349/349/349 350/350/350 351/351/351
f 352/352/352 353/353/353 354/354/354
f 355/355/355 356/356/356 357/357/357
f 358/358/358 359/359/359 360/360/360
f 361/361/361 362/362/362 363/363/363
f 364/364/364 365/365/365 366/366/366
f 367/367/367 368/368/368 369/369/369
f 370/370/370 371/371/371 372/372/372
f 373/373/373 374/374/374 375/375/375
f 376/376/376 377/377/377 378/378/378
f 379/379/379 380/380/380 381/381/381
f 382/382/382 383/383/383 384/384/384
f 385/385/385 386/386/386 387/387/387
f 388/388/388 389/389/389 390/390/390
f 391/391/391 392/392/392 393/393/393
f 394/394/394 395/395/395 396/396/396
f 397/397/397 398/398/398 399/399/399
f 400/400/400 401/401/401 402/402/402
f 403/403/403 404/404/404 405/405/405
f 406/406/406 407/407/407 408/408/408
f 409/409/409 410/410/410 411/411/411
f 412/412/412 413/413/413 414/414/414
f 415/415/415 416/416/416 417/417/417
f 418/418/418 419/419/419 420/420/420
f 421/421/421 422/422/422 423/423/423
f 424/424/424 425/425/425 426/426/426
f 427/427/427 428/428/428 429/429/429
f 430/430/430 431/431/431 432/432/432
f 433/433/433 434/434/434 435/435/435
f 436/436/436 437/437/437 438/438/438
f 439/439/439 440/440/440 441/441/441
f 442/442/442 443/443/443 444/444/444
f 445/445/445 446/446/446 447/447/447
f 448/448/448 449/449/449 450/450/450
f 451/451/451 452/452/452 453/453/453
f 454/454/454 455/455/455 456/456/456
f 457/457/457 458/458/458 459/459/459
f 460/460/460 461/461/461 462/462/462
f 463/463/463 464/464/464 465/465/465
f 466/466/466 467/467/467 468/468/468
f 469/469/469 470/470/470 471/471/471
f 472/472/472 473/473/473 474/474/474
f 475/475/475 476/476/476 477/477/477
f 478/478/478 479/479/479 480/480/480
f 481/481/481 482/482/482 483/483/483
f 484/484/484 485/485/485 486/486/486
f 487/487/487 488/488/488 489/489/489
f 490/490/490 491/491/491 492/492/492
f 493/493/493 494/494/494 495/495/495
f 496/496/496 497/497/497 498/498/498
f 499/499/499 500/500/500 501/501/501
f 502/502/502 503/503/503 504/504/504
f 505/505/505 506/506/506 507/507/507
f 508/508/508 509/509/509 510/510/510
f 511/511/511 512/512/512 513/513/513
f 514/514/514 515/515/515 516/516/516
f 517/517/517 518/518/518 519/519/519
f 520/520/520 521/521/521 522/522/522
f 523/523/523 524/524/524 525/525/525
f 526/526/526 527/527/527 528/528/528
f 529/529/529 530/530/530 531/531/531
f 532/532/532 533/533/533 534/534/534
f 535/535/535 536/536/536 537/537/537
f 538/538/538 539/539/539 540/540/540
f 541/541/541 542/542/542 543/543/543
f 544/544/544 545/545/545 546/546/546
f 547/547/547 548/548/548 549/549/549
f 550/550/550 551/551/551 552/552/552
f 553/553/553 554/554/554 555/555/555
f 556/556/556 557/557/557 558/558/558
f 559/559/559 560/560/560 561/561/561
f 562/562/562 563/563/563 564/564/564
f 565/565/565 566/566/566 567/567/567
f 568/568/568 569/569/569 570/570/570
f 571/571/571 572/572/572 573/573/573
f 574/574/574 575/575/575 576/576/576
f 577/577/577 578/578/578 579/579/579
f 580/580/580 581/581/581 582/582/582
f 583/583/583 584/584/584 585/585/585
f 586/586/586 587/587/587 588/588/588
f 589/589/589 590/590/590 591/591/591
f 592/592/592 593/593/593 594/594/594
f 595/595/595 596/596/596 597/597/597
f 598/598/598 599/599/599 600/600/600
f 601/601/601 602/602/602 603/603/603
f 604/604/604 605/605/605 606/606/606
f 607/607/607 608/608/608 609/609/609
f 610/610/610 611/611/611 612/612/612
f 613/613/613 614/614/614 615/615/615
f 616/616/616 617/617/617 618/618/618
f 619/619/619 620/620/620 621/621/621
f 622/622/622 623/623/623 624/624/624
f 625/625/625 626/626/626 627/627/627
f 628/628/628 629/629/629 630/630/630
f 631/631/631 632/632/632 633/633/633
f 634/634/634 635/635/635 636/636/636
f 637/637/637 638/638/638 639/639/639
f 640/640/640 641/641/641 642/642/642
f 643/643/643 644/644/644 645/645/645
f 646/646/646 647/647/647 648/648/648
f 649/649/649 650/650/650 651/651/651
f 652/652/652 653/653/653 654/654/654
f 655/655/655 656/656/656 657/657/657
f 658/658/658 659/659/659 660/660/660
f 661/661/661 662/662/662 663/663/663
f 664/664/664 665/665/665 666/666/666
f 667/667/667 668/668/668 669/669/669
f 670/670/670 671/671/671 672/672/672
f 673/673/673 674/674/674 675/675/675
f 676/676/676 677/677/677 678/678/678
f 679/679/679 680/680/680 681/681/681
f 682/682/682 683/683/683 684/684/684
f 685/685/685 686/686/686 687/687/687
f 688/688/688 689/689/689 690/690/690
f 691/691/691 692/692/692 693/693/693
f 694/694/694 695/695/695 696/696/696
f 697/697/697 698/698/698 699/699/699
f 700/700/700 701/701/701 702/702/702
f 703/703/703 704/704/704 705/705/705
f 706/706/706 707/707/707 708/708/708
f 709/709/709 710/710/710 711/711/711
f 712/712/712 713/713/713 714/714/714
f 715/715/715 716/716/716 717/717/717
f 718/718/718 719/719/719 720/720/720
f 721/721/721 722/722/722 723/723/723
f 724/724/724 725/725/725 726/726/726
f 727/727/727 728/728/728 729/729/729
f 730/730/730 731/731/731 732/732/732
f 733/733/733 734/734/734 735/735/735
f 736/736/736 737/737/737 738/738/738
f 739/739/739 740/740/740 741/741/741
f 742/742/742 743/743/743 744/744/744
f 745/745/745 746/746/746 747/747/747
f 748/748/748 749/749/749 750/750/750
f 751/751/751 752/752/752 753/753/753
f 754/754/754 755/755/755 756/756/756
f 757/757/757 758/758/758 759/759/759
f 760/760/760 761/761/761 762/762/762
f 763/763/763 764/764/764 765/765/765
f 766/766/766 767/767/767 768/768/768
f 769/769/769 770/770/770 771/771/771
f 772/772/772 773/773/773 774/774/774
f 775/775/775 776/776/776 777/777/777
f 778/778/778 779/779/779 780/780/780
f 781/781/781 782/782/782 783/783/783
f 784/784/784 785/785/785 786/786/786
f 787/787/787 788/788/788 789/789/789
f 790/790/790 791/791/791 792/792/792
f 793/793/793 794/794/794 795/795/795
f 796/796/796 797/797/797 798/798/798
f 799/799/799 800/800/800 801/801/801
f 802/802/802 803/803/803 804/804/804
f 805/805/805 806/806/806 807/807/807
f 808/808/808 809/809/809 810/810/810
f 811/811/811 812/812/812 813/813/813
f 814/814/814 815/815/815 816/816/816
f 817/817/817 818/818/818 819/819/819
f 820/820/820 821/821/821 822/822/822
f 823/823/823 824/824/824 825/825/825
f 826/826/826 827/827/827 828/828/828
f 829/829/829 830/830/830 831/831/831
f 832/832/832 833/833/833 834/834/834
f 835/835/835 836/836/836 837/837/837
f 838/838/838 839/839/839 840/840/840
f 841/841/841 842/842/842 843/843/843
f 844/844/844 845/845/845 846/846/846
f 847/847/847 848/848/848 849/849/849
f 850/850/850 851/851/851 852/852/852
o MS_blade
usemtl lambert4
v -1.6995728460747301 5.955892326688883 -6.83161504618846
v -1.6995728460747301 5.955892326688883 -6.565715983510017
v -1.60256724888621 5.955892326688883 -6.565715983510017
v -1.6995728460747301 5.955892326688883 -6.83161504618846
v -1.60256724888621 5.955892326688883 -6.565715983510017
v -1.4962185023027956 5.955892326688883 -6.67206516105972
v -1.6995728460747301 5.955892326688883 -6.83161504618846
v -1.4962185023027956 5.955892326688883 -6.67206516105972
v -1.4962185023027956 5.955892326688883 -6.725265868638758
v -1.6995728460747301 5.955892326688883 -6.83161504618846
v -1.4962185023027956 5.955892326688883 -6.725265868638758
v -1.60256724888621 5.955892326688883 -6.83161504618846
v -1.9029271898466646 5.955892326688883 -6.67206516105972
v -1.7965785402301577 5.955892326688883 -6.565715983510017
v -1.6995728460747301 5.955892326688883 -6.565715983510017
v -1.9029271898466646 5.955892326688883 -6.67206516105972
v -1.6995728460747301 5.955892326688883 -6.565715983510017
v -1.6995728460747301 5.955892326688883 -6.83161504618846
v -1.9029271898466646 5.955892326688883 -6.67206516105972
v -1.6995728460747301 5.955892326688883 -6.83161504618846
v -1.7965785402301577 5.955892326688883 -6.83161504618846
v -1.9029271898466646 5.955892326688883 -6.67206516105972
v -1.7965785402301577 5.955892326688883 -6.83161504618846
v -1.9029271898466646 5.955892326688883 -6.725265868638758
v -1.8482754772373795 0.2809482884543115 -6.565715983510017
v -1.9546241268538864 0.25977575815898035 -6.67206516105972
v -1.6995728460747301 -0.35541216814633003 -6.67206516105972
v -1.8482754772373795 0.2809482884543115 -6.565715983510017
v -1.6995728460747301 -0.35541216814633003 -6.67206516105972
v -1.6995728460747301 -0.07772570824073455 -6.565715983510017
v -1.9546241268538864 0.25977575815898035 -6.67206516105972
v -1.8482754772373795 0.2809482884543115 -6.565715983510017
v -1.8482754772373795 4.909526695560658 -6.565715983510017
v -1.9546241268538864 0.25977575815898035 -6.67206516105972
v -1.8482754772373795 4.909526695560658 -6.565715983510017
v -1.9546241268538864 4.909526695560658 -6.67206516105972
v -1.6995728460747301 -0.07772570824073455 -6.565715983510017
v -1.6995728460747301 -0.35541216814633003 -6.67206516105972
v -1.4445214683286665 0.25977575815898035 -6.67206516105972
v -1.6995728460747301 -0.07772570824073455 -6.565715983510017
v -1.4445214683286665 0.25977575815898035 -6.67206516105972
v -1.5508702149120808 0.2809482884543115 -6.565715983510017
v -1.8482754772373795 0.2809482884543115 -6.83161504618846
v -1.9546241268538864 0.25977575815898035 -6.725265868638758
v -1.9546241268538864 4.909526695560658 -6.725265868638758
v -1.8482754772373795 0.2809482884543115 -6.83161504618846
v -1.9546241268538864 4.909526695560658 -6.725265868638758
v -1.8482754772373795 4.909526695560658 -6.83161504618846
v -1.9546241268538864 0.25977575815898035 -6.725265868638758
v -1.8482754772373795 0.2809482884543115 -6.83161504618846
v -1.6995728460747301 -0.07772570824073455 -6.83161504618846
v -1.9546241268538864 0.25977575815898035 -6.725265868638758
v -1.6995728460747301 -0.07772570824073455 -6.83161504618846
v -1.6995728460747301 -0.35541216814633003 -6.725265868638758
v -1.6995728460747301 -0.35541216814633003 -6.725265868638758
v -1.6995728460747301 -0.07772570824073455 -6.83161504618846
v -1.5508702149120808 0.2809482884543115 -6.83161504618846
v -1.6995728460747301 -0.35541216814633003 -6.725265868638758
v -1.5508702149120808 0.2809482884543115 -6.83161504618846
v -1.4445214683286665 0.25977575815898035 -6.725265868638758
v -1.9546241268538864 4.909526695560658 -6.67206516105972
v -1.8482754772373795 4.909526695560658 -6.565715983510017
v -1.8999377000917548 5.010560007181539 -6.565715983510017
v -1.9546241268538864 4.909526695560658 -6.67206516105972
v -1.8999377000917548 5.010560007181539 -6.565715983510017
v -2.0062863497082617 5.010560007181539 -6.67206516105972
v -1.5508702149120808 0.2809482884543115 -6.565715983510017
v -1.4445214683286665 0.25977575815898035 -6.67206516105972
v -1.4445214683286665 4.909526695560658 -6.67206516105972
v -1.5508702149120808 0.2809482884543115 -6.565715983510017
v -1.4445214683286665 4.909526695560658 -6.67206516105972
v -1.5508702149120808 4.909526695560658 -6.565715983510017
v -1.5508702149120808 4.909526695560658 -6.565715983510017
v -1.4445214683286665 4.909526695560658 -6.67206516105972
v -1.3928591485073838 5.010560007181539 -6.67206516105972
v -1.5508702149120808 4.909526695560658 -6.565715983510017
v -1.3928591485073838 5.010560007181539 -6.67206516105972
v -1.499207895090798 5.010560007181539 -6.565715983510017
v -1.9029271898466646 5.955892326688883 -6.725265868638758
v -1.7965785402301577 5.955892326688883 -6.83161504618846
v -1.7965785402301577 5.271678313422427 -6.83161504618846
v -1.9029271898466646 5.955892326688883 -6.725265868638758
v -1.7965785402301577 5.271678313422427 -6.83161504618846
v -1.9029271898466646 5.271678701290057 -6.725265868638758
v -1.9029271898466646 5.271678701290057 -6.725265868638758
v -1.7965785402301577 5.271678313422427 -6.83161504618846
v -1.8999377000917548 5.183504365192306 -6.83161504618846
v -1.9029271898466646 5.271678701290057 -6.725265868638758
v -1.8999377000917548 5.183504365192306 -6.83161504618846
v -2.0062863497082617 5.183505140927565 -6.725265868638758
v -1.60256724888621 5.955892326688883 -6.83161504618846
v -1.4962185023027956 5.955892326688883 -6.725265868638758
v -1.4962185023027956 5.271678701290057 -6.725265868638758
v -1.60256724888621 5.955892326688883 -6.83161504618846
v -1.4962185023027956 5.271678701290057 -6.725265868638758
v -1.60256724888621 5.271678313422427 -6.83161504618846
v -1.60256724888621 5.271678313422427 -6.83161504618846
v -1.4962185023027956 5.271678701290057 -6.725265868638758
v -1.3928591485073838 5.183505140927565 -6.725265868638758
v -1.60256724888621 5.271678313422427 -6.83161504618846
v -1.3928591485073838 5.183505140927565 -6.725265868638758
v -1.499207895090798 5.183504365192306 -6.83161504618846
v -1.4445214683286665 0.25977575815898035 -6.725265868638758
v -1.5508702149120808 0.2809482884543115 -6.83161504618846
v -1.5508702149120808 4.909526695560658 -6.83161504618846
v -1.4445214683286665 0.25977575815898035 -6.725265868638758
v -1.5508702149120808 4.909526695560658 -6.83161504618846
v -1.4445214683286665 4.909526695560658 -6.725265868638758
v -1.7965785402301577 5.955892326688883 -6.565715983510017
v -1.9029271898466646 5.955892326688883 -6.67206516105972
v -1.9029271898466646 5.271678701290057 -6.67206516105972
v -1.7965785402301577 5.955892326688883 -6.565715983510017
v -1.9029271898466646 5.271678701290057 -6.67206516105972
v -1.7965785402301577 5.271678313422427 -6.565715983510017
v -1.7965785402301577 5.271678313422427 -6.565715983510017
v -1.9029271898466646 5.271678701290057 -6.67206516105972
v -2.0062863497082617 5.183505140927565 -6.67206516105972
v -1.7965785402301577 5.271678313422427 -6.565715983510017
v -2.0062863497082617 5.183505140927565 -6.67206516105972
v -1.8999377000917548 5.183504365192306 -6.565715983510017
v -1.4962185023027956 5.955892326688883 -6.67206516105972
v -1.60256724888621 5.955892326688883 -6.565715983510017
v -1.60256724888621 5.271678313422427 -6.565715983510017
v -1.4962185023027956 5.955892326688883 -6.67206516105972
v -1.60256724888621 5.271678313422427 -6.565715983510017
v -1.4962185023027956 5.271678701290057 -6.67206516105972
v -1.4962185023027956 5.271678701290057 -6.67206516105972
v -1.60256724888621 5.271678313422427 -6.565715983510017
v -1.499207895090798 5.183504365192306 -6.565715983510017
v -1.4962185023027956 5.271678701290057 -6.67206516105972
v -1.499207895090798 5.183504365192306 -6.565715983510017
v -1.3928591485073838 5.183505140927565 -6.67206516105972
v -1.499207895090798 5.183504365192306 -6.83161504618846
v -1.3928591485073838 5.183505140927565 -6.725265868638758
v -1.3928591485073838 5.010560007181539 -6.725265868638758
v -1.499207895090798 5.183504365192306 -6.83161504618846
v -1.3928591485073838 5.010560007181539 -6.725265868638758
v -1.499207895090798 5.010560007181539 -6.83161504618846
v -2.0062863497082617 5.183505140927565 -6.725265868638758
v -1.8999377000917548 5.183504365192306 -6.83161504618846
v -1.8999377000917548 5.010560007181539 -6.83161504618846
v -2.0062863497082617 5.183505140927565 -6.725265868638758
v -1.8999377000917548 5.010560007181539 -6.83161504618846
v -2.0062863497082617 5.010560007181539 -6.725265868638758
v -2.0062863497082617 5.010560007181539 -6.67206516105972
v -1.8999377000917548 5.010560007181539 -6.565715983510017
v -1.8999377000917548 5.183504365192306 -6.565715983510017
v -2.0062863497082617 5.010560007181539 -6.67206516105972
v -1.8999377000917548 5.183504365192306 -6.565715983510017
v -2.0062863497082617 5.183505140927565 -6.67206516105972
v -1.499207895090798 5.010560007181539 -6.565715983510017
v -1.3928591485073838 5.010560007181539 -6.67206516105972
v -1.3928591485073838 5.183505140927565 -6.67206516105972
v -1.499207895090798 5.010560007181539 -6.565715983510017
v -1.3928591485073838 5.183505140927565 -6.67206516105972
v -1.499207895090798 5.183504365192306 -6.565715983510017
v -1.4445214683286665 4.909526695560658 -6.725265868638758
v -1.5508702149120808 4.909526695560658 -6.83161504618846
v -1.499207895090798 5.010560007181539 -6.83161504618846
v -1.4445214683286665 4.909526695560658 -6.725265868638758
v -1.499207895090798 5.010560007181539 -6.83161504618846
v -1.3928591485073838 5.010560007181539 -6.725265868638758
v -1.8482754772373795 4.909526695560658 -6.83161504618846
v -1.9546241268538864 4.909526695560658 -6.725265868638758
v -2.0062863497082617 5.010560007181539 -6.725265868638758
v -1.8482754772373795 4.909526695560658 -6.83161504618846
v -2.0062863497082617 5.010560007181539 -6.725265868638758
v -1.8999377000917548 5.010560007181539 -6.83161504618846
v -1.6995728460747301 5.955892326688883 -6.565715983510017
v -1.6995728460747301 5.271678701290057 -6.565715983510017
v -1.60256724888621 5.271678313422427 -6.565715983510017
v -1.6995728460747301 5.955892326688883 -6.565715983510017
v -1.60256724888621 5.271678313422427 -6.565715983510017
v -1.60256724888621 5.955892326688883 -6.565715983510017
v -1.60256724888621 5.271678313422427 -6.83161504618846
v -1.6995728460747301 5.271678701290057 -6.83161504618846
v -1.6995728460747301 5.955892326688883 -6.83161504618846
v -1.60256724888621 5.271678313422427 -6.83161504618846
v -1.6995728460747301 5.955892326688883 -6.83161504618846
v -1.60256724888621 5.955892326688883 -6.83161504618846
v -1.6995728460747301 -0.35541216814633003 -6.67206516105972
v -1.6995728460747301 -0.35541216814633003 -6.725265868638758
v -1.4445214683286665 0.25977575815898035 -6.725265868638758
v -1.6995728460747301 -0.35541216814633003 -6.67206516105972
v -1.4445214683286665 0.25977575815898035 -6.725265868638758
v -1.4445214683286665 0.25977575815898035 -6.67206516105972
v -1.4962185023027956 5.271678701290057 -6.67206516105972
v -1.4962185023027956 5.271678701290057 -6.725265868638758
v -1.4962185023027956 5.955892326688883 -6.725265868638758
v -1.4962185023027956 5.271678701290057 -6.67206516105972
v -1.4962185023027956 5.955892326688883 -6.725265868638758
v -1.4962185023027956 5.955892326688883 -6.67206516105972
v -1.9029271898466646 5.271678701290057 -6.725265868638758
v -1.9029271898466646 5.271678701290057 -6.67206516105972
v -1.9029271898466646 5.955892326688883 -6.67206516105972
v -1.9029271898466646 5.271678701290057 -6.725265868638758
v -1.9029271898466646 5.955892326688883 -6.67206516105972
v -1.9029271898466646 5.955892326688883 -6.725265868638758
v -1.9546241268538864 0.25977575815898035 -6.725265868638758
v -1.6995728460747301 -0.35541216814633003 -6.725265868638758
v -1.6995728460747301 -0.35541216814633003 -6.67206516105972
v -1.9546241268538864 0.25977575815898035 -6.725265868638758
v -1.6995728460747301 -0.35541216814633003 -6.67206516105972
v -1.9546241268538864 0.25977575815898035 -6.67206516105972
v -1.7965785402301577 5.271678313422427 -6.83161504618846
v -1.7965785402301577 5.955892326688883 -6.83161504618846
v -1.6995728460747301 5.955892326688883 -6.83161504618846
v -1.7965785402301577 5.271678313422427 -6.83161504618846
v -1.6995728460747301 5.955892326688883 -6.83161504618846
v -1.6995728460747301 5.271678701290057 -6.83161504618846
v -1.7965785402301577 5.271678313422427 -6.565715983510017
v -1.6995728460747301 5.271678701290057 -6.565715983510017
v -1.6995728460747301 5.955892326688883 -6.565715983510017
v -1.7965785402301577 5.271678313422427 -6.565715983510017
v -1.6995728460747301 5.955892326688883 -6.565715983510017
v -1.7965785402301577 5.955892326688883 -6.565715983510017
v -1.8999377000917548 5.010560007181539 -6.565715983510017
v -1.6995728460747301 5.010560007181539 -6.565715983510017
v -1.6995728460747301 5.183505140927565 -6.565715983510017
v -1.8999377000917548 5.010560007181539 -6.565715983510017
v -1.6995728460747301 5.183505140927565 -6.565715983510017
v -1.8999377000917548 5.183504365192306 -6.565715983510017
v -1.499207895090798 5.183504365192306 -6.565715983510017
v -1.6995728460747301 5.183505140927565 -6.565715983510017
v -1.6995728460747301 5.010560007181539 -6.565715983510017
v -1.499207895090798 5.183504365192306 -6.565715983510017
v -1.6995728460747301 5.010560007181539 -6.565715983510017
v -1.499207895090798 5.010560007181539 -6.565715983510017
v -1.3928591485073838 5.010560007181539 -6.67206516105972
v -1.3928591485073838 5.010560007181539 -6.725265868638758
v -1.3928591485073838 5.183505140927565 -6.725265868638758
v -1.3928591485073838 5.010560007181539 -6.67206516105972
v -1.3928591485073838 5.183505140927565 -6.725265868638758
v -1.3928591485073838 5.183505140927565 -6.67206516105972
v -1.499207895090798 5.010560007181539 -6.83161504618846
v -1.6995728460747301 5.010560007181539 -6.83161504618846
v -1.6995728460747301 5.183505140927565 -6.83161504618846
v -1.499207895090798 5.010560007181539 -6.83161504618846
v -1.6995728460747301 5.183505140927565 -6.83161504618846
v -1.499207895090798 5.183504365192306 -6.83161504618846
v -1.8999377000917548 5.183504365192306 -6.83161504618846
v -1.6995728460747301 5.183505140927565 -6.83161504618846
v -1.6995728460747301 5.010560007181539 -6.83161504618846
v -1.8999377000917548 5.183504365192306 -6.83161504618846
v -1.6995728460747301 5.010560007181539 -6.83161504618846
v -1.8999377000917548 5.010560007181539 -6.83161504618846
v -2.0062863497082617 5.010560007181539 -6.725265868638758
v -2.0062863497082617 5.010560007181539 -6.67206516105972
v -2.0062863497082617 5.183505140927565 -6.67206516105972
v -2.0062863497082617 5.010560007181539 -6.725265868638758
v -2.0062863497082617 5.183505140927565 -6.67206516105972
v -2.0062863497082617 5.183505140927565 -6.725265868638758
v -1.8482754772373795 0.2809482884543115 -6.565715983510017
v -1.6995728460747301 -0.07772570824073455 -6.565715983510017
v -1.6995728460747301 4.909526307693028 -6.565715983510017
v -1.8482754772373795 0.2809482884543115 -6.565715983510017
v -1.6995728460747301 4.909526307693028 -6.565715983510017
v -1.8482754772373795 4.909526695560658 -6.565715983510017
v -1.5508702149120808 4.909526695560658 -6.565715983510017
v -1.6995728460747301 4.909526307693028 -6.565715983510017
v -1.6995728460747301 -0.07772570824073455 -6.565715983510017
v -1.5508702149120808 4.909526695560658 -6.565715983510017
v -1.6995728460747301 -0.07772570824073455 -6.565715983510017
v -1.5508702149120808 0.2809482884543115 -6.565715983510017
v -1.4445214683286665 0.25977575815898035 -6.67206516105972
v -1.4445214683286665 0.25977575815898035 -6.725265868638758
v -1.4445214683286665 4.909526695560658 -6.725265868638758
v -1.4445214683286665 0.25977575815898035 -6.67206516105972
v -1.4445214683286665 4.909526695560658 -6.725265868638758
v -1.4445214683286665 4.909526695560658 -6.67206516105972
v -1.6995728460747301 -0.07772570824073455 -6.83161504618846
v -1.6995728460747301 4.909526307693028 -6.83161504618846
v -1.5508702149120808 4.909526695560658 -6.83161504618846
v -1.6995728460747301 -0.07772570824073455 -6.83161504618846
v -1.5508702149120808 4.909526695560658 -6.83161504618846
v -1.5508702149120808 0.2809482884543115 -6.83161504618846
v -1.8482754772373795 4.909526695560658 -6.83161504618846
v -1.6995728460747301 4.909526307693028 -6.83161504618846
v -1.6995728460747301 -0.07772570824073455 -6.83161504618846
v -1.8482754772373795 4.909526695560658 -6.83161504618846
v -1.6995728460747301 -0.07772570824073455 -6.83161504618846
v -1.8482754772373795 0.2809482884543115 -6.83161504618846
v -1.9546241268538864 0.25977575815898035 -6.725265868638758
v -1.9546241268538864 0.25977575815898035 -6.67206516105972
v -1.9546241268538864 4.909526695560658 -6.67206516105972
v -1.9546241268538864 0.25977575815898035 -6.725265868638758
v -1.9546241268538864 4.909526695560658 -6.67206516105972
v -1.9546241268538864 4.909526695560658 -6.725265868638758
v -1.8999377000917548 5.183504365192306 -6.565715983510017
v -1.6995728460747301 5.183505140927565 -6.565715983510017
v -1.6995728460747301 5.271678701290057 -6.565715983510017
v -1.8999377000917548 5.183504365192306 -6.565715983510017
v -1.6995728460747301 5.271678701290057 -6.565715983510017
v -1.7965785402301577 5.271678313422427 -6.565715983510017
v -2.0062863497082617 5.183505140927565 -6.725265868638758
v -2.0062863497082617 5.183505140927565 -6.67206516105972
v -1.9029271898466646 5.271678701290057 -6.67206516105972
v -2.0062863497082617 5.183505140927565 -6.725265868638758
v -1.9029271898466646 5.271678701290057 -6.67206516105972
v -1.9029271898466646 5.271678701290057 -6.725265868638758
v -1.7965785402301577 5.271678313422427 -6.83161504618846
v -1.6995728460747301 5.271678701290057 -6.83161504618846
v -1.6995728460747301 5.183505140927565 -6.83161504618846
v -1.7965785402301577 5.271678313422427 -6.83161504618846
v -1.6995728460747301 5.183505140927565 -6.83161504618846
v -1.8999377000917548 5.183504365192306 -6.83161504618846
v -1.499207895090798 5.183504365192306 -6.83161504618846
v -1.6995728460747301 5.183505140927565 -6.83161504618846
v -1.6995728460747301 5.271678701290057 -6.83161504618846
v -1.499207895090798 5.183504365192306 -6.83161504618846
v -1.6995728460747301 5.271678701290057 -6.83161504618846
v -1.60256724888621 5.271678313422427 -6.83161504618846
v -1.3928591485073838 5.183505140927565 -6.67206516105972
v -1.3928591485073838 5.183505140927565 -6.725265868638758
v -1.4962185023027956 5.271678701290057 -6.725265868638758
v -1.3928591485073838 5.183505140927565 -6.67206516105972
v -1.4962185023027956 5.271678701290057 -6.725265868638758
v -1.4962185023027956 5.271678701290057 -6.67206516105972
v -1.60256724888621 5.271678313422427 -6.565715983510017
v -1.6995728460747301 5.271678701290057 -6.565715983510017
v -1.6995728460747301 5.183505140927565 -6.565715983510017
v -1.60256724888621 5.271678313422427 -6.565715983510017
v -1.6995728460747301 5.183505140927565 -6.565715983510017
v -1.499207895090798 5.183504365192306 -6.565715983510017
v -1.8482754772373795 4.909526695560658 -6.565715983510017
v -1.6995728460747301 4.909526307693028 -6.565715983510017
v -1.6995728460747301 5.010560007181539 -6.565715983510017
v -1.8482754772373795 4.909526695560658 -6.565715983510017
v -1.6995728460747301 5.010560007181539 -6.565715983510017
v -1.8999377000917548 5.010560007181539 -6.565715983510017
v -1.499207895090798 5.010560007181539 -6.565715983510017
v -1.6995728460747301 5.010560007181539 -6.565715983510017
v -1.6995728460747301 4.909526307693028 -6.565715983510017
v -1.499207895090798 5.010560007181539 -6.565715983510017
v -1.6995728460747301 4.909526307693028 -6.565715983510017
v -1.5508702149120808 4.909526695560658 -6.565715983510017
v -1.4445214683286665 4.909526695560658 -6.67206516105972
v -1.4445214683286665 4.909526695560658 -6.725265868638758
v -1.3928591485073838 5.010560007181539 -6.725265868638758
v -1.4445214683286665 4.909526695560658 -6.67206516105972
v -1.3928591485073838 5.010560007181539 -6.725265868638758
v -1.3928591485073838 5.010560007181539 -6.67206516105972
v -1.5508702149120808 4.909526695560658 -6.83161504618846
v -1.6995728460747301 4.909526307693028 -6.83161504618846
v -1.6995728460747301 5.010560007181539 -6.83161504618846
v -1.5508702149120808 4.909526695560658 -6.83161504618846
v -1.6995728460747301 5.010560007181539 -6.83161504618846
v -1.499207895090798 5.010560007181539 -6.83161504618846
v -1.8999377000917548 5.010560007181539 -6.83161504618846
v -1.6995728460747301 5.010560007181539 -6.83161504618846
v -1.6995728460747301 4.909526307693028 -6.83161504618846
v -1.8999377000917548 5.010560007181539 -6.83161504618846
v -1.6995728460747301 4.909526307693028 -6.83161504618846
v -1.8482754772373795 4.909526695560658 -6.83161504618846
v -1.9546241268538864 4.909526695560658 -6.725265868638758
v -1.9546241268538864 4.909526695560658 -6.67206516105972
v -2.0062863497082617 5.010560007181539 -6.67206516105972
v -1.9546241268538864 4.909526695560658 -6.725265868638758
v -2.0062863497082617 5.010560007181539 -6.67206516105972
v -2.0062863497082617 5.010560007181539 -6.725265868638758
vt 0.12480819225311279 0.11450004577636719
vt 0.09796801209449768 0.147125244140625
vt 0.10500097274780273 0.1574338674545288
vt 0.12480819225311279 0.11450004577636719
vt 0.10500097274780273 0.1574338674545288
vt 0.12139534950256348 0.15062642097473145
vt 0.12480819225311279 0.11450004577636719
vt 0.12139534950256348 0.15062642097473145
vt 0.12738752365112305 0.14509236812591553
vt 0.12480819225311279 0.11450004577636719
vt 0.12738752365112305 0.14509236812591553
vt 0.12782502174377441 0.12486153841018677
vt 0.08562793582677841 0.11592239141464233
vt 0.09050104022026062 0.13995325565338135
vt 0.09796801209449768 0.147125244140625
vt 0.08562793582677841 0.11592239141464233
vt 0.09796801209449768 0.147125244140625
vt 0.12480819225311279 0.11450004577636719
vt 0.08562793582677841 0.11592239141464233
vt 0.12480819225311279 0.11450004577636719
vt 0.12337306141853333 0.10733675956726074
vt 0.08562793582677841 0.11592239141464233
vt 0.12337306141853333 0.10733675956726074
vt 0.0898861512541771 0.10571980476379395
vt 0.7698087692260742 0.8322659730911255
vt 0.7524012923240662 0.8641136586666107
vt 0.8768106698989868 0.8894304037094116
vt 0.7698087692260742 0.8322659730911255
vt 0.8768106698989868 0.8894304037094116
vt 0.8346512317657471 0.8516865670681
vt 0.7524012923240662 0.8641136586666107
vt 0.7698087692260742 0.8322659730911255
vt 0.13042140007019043 0.28405898809432983
vt 0.7524012923240662 0.8641136586666107
vt 0.13042140007019043 0.28405898809432983
vt 0.10296466946601868 0.3072474002838135
vt 0.8346512317657471 0.8516865670681
vt 0.8768106698989868 0.8894304037094116
vt 0.8360213041305542 0.7693824470043182
vt 0.8346512317657471 0.8516865670681
vt 0.8360213041305542 0.7693824470043182
vt 0.8062536716461182 0.7912309765815735
vt 0.8996655344963074 0.6846497654914856
vt 0.9275569319725037 0.6617087721824646
vt 0.2846393287181854 0.1084514856338501
vt 0.8996655344963074 0.6846497654914856
vt 0.2846393287181854 0.1084514856338501
vt 0.2651549279689789 0.13875174522399902
vt 0.9275569319725037 0.6617087721824646
vt 0.8996655344963074 0.6846497654914856
vt 0.9299280643463135 0.7469585537910461
vt 0.9275569319725037 0.6617087721824646
vt 0.9299280643463135 0.7469585537910461
vt 0.9786161184310913 0.7861230075359344
vt 0.9786161184310913 0.7861230075359344
vt 0.9299280643463135 0.7469585537910461
vt 0.8653773665428162 0.72774937748909
vt 0.9786161184310913 0.7861230075359344
vt 0.8653773665428162 0.72774937748909
vt 0.8477739095687866 0.7601228058338165
vt 0.10296466946601868 0.3072474002838135
vt 0.13042140007019043 0.28405898809432983
vt 0.10794468969106674 0.2701239585876465
vt 0.10296466946601868 0.3072474002838135
vt 0.10794468969106674 0.2701239585876465
vt 0.07985513657331467 0.2834300994873047
vt 0.8062536716461182 0.7912309765815735
vt 0.8360213041305542 0.7693824470043182
vt 0.20010393857955933 0.22408342361450195
vt 0.8062536716461182 0.7912309765815735
vt 0.20010393857955933 0.22408342361450195
vt 0.1732032299041748 0.24890708923339844
vt 0.1732032299041748 0.24890708923339844
vt 0.20010393857955933 0.22408342361450195
vt 0.19020068645477295 0.21638530492782593
vt 0.1732032299041748 0.24890708923339844
vt 0.19020068645477295 0.21638530492782593
vt 0.16535568237304688 0.23665106296539307
vt 0.0898861512541771 0.10571980476379395
vt 0.12337306141853333 0.10733675956726074
vt 0.20754900574684143 0.11843425035476685
vt 0.0898861512541771 0.10571980476379395
vt 0.20754900574684143 0.11843425035476685
vt 0.20038190484046936 0.08145773410797119
vt 0.20038190484046936 0.08145773410797119
vt 0.20754900574684143 0.11843425035476685
vt 0.22555190324783325 0.10771268606185913
vt 0.20038190484046936 0.08145773410797119
vt 0.22555190324783325 0.10771268606185913
vt 0.22590148448944092 0.07610267400741577
vt 0.12782502174377441 0.12486153841018677
vt 0.12738752365112305 0.14509236812591553
vt 0.17336618900299072 0.18437039852142334
vt 0.12782502174377441 0.12486153841018677
vt 0.17336618900299072 0.18437039852142334
vt 0.19816163182258606 0.15401995182037354
vt 0.19816163182258606 0.15401995182037354
vt 0.17336618900299072 0.18437039852142334
vt 0.18361979722976685 0.19424456357955933
vt 0.19816163182258606 0.15401995182037354
vt 0.18361979722976685 0.19424456357955933
vt 0.202142596244812 0.1702481508255005
vt 0.8477739095687866 0.7601228058338165
vt 0.8653773665428162 0.72774937748909
vt 0.23377197980880737 0.18460822105407715
vt 0.8477739095687866 0.7601228058338165
vt 0.23377197980880737 0.18460822105407715
vt 0.21057462692260742 0.2129117250442505
vt 0.09050104022026062 0.13995325565338135
vt 0.08562793582677841 0.11592239141464233
vt 0.049547843635082245 0.20209616422653198
vt 0.09050104022026062 0.13995325565338135
vt 0.049547843635082245 0.20209616422653198
vt 0.0871109664440155 0.2182633876800537
vt 0.0871109664440155 0.2182633876800537
vt 0.049547843635082245 0.20209616422653198
vt 0.05614602193236351 0.24155700206756592
vt 0.0871109664440155 0.2182633876800537
vt 0.05614602193236351 0.24155700206756592
vt 0.08531158417463303 0.2373967170715332
vt 0.12139534950256348 0.15062642097473145
vt 0.10500097274780273 0.1574338674545288
vt 0.1262339949607849 0.21326565742492676
vt 0.12139534950256348 0.15062642097473145
vt 0.1262339949607849 0.21326565742492676
vt 0.1613297462463379 0.19583648443222046
vt 0.1613297462463379 0.19583648443222046
vt 0.1262339949607849 0.21326565742492676
vt 0.1481698751449585 0.2191590666770935
vt 0.1613297462463379 0.19583648443222046
vt 0.1481698751449585 0.2191590666770935
vt 0.175093412399292 0.20316088199615479
vt 0.202142596244812 0.1702481508255005
vt 0.18361979722976685 0.19424456357955933
vt 0.19908690452575684 0.20653772354125977
vt 0.202142596244812 0.1702481508255005
vt 0.19908690452575684 0.20653772354125977
vt 0.2201601266860962 0.18204808235168457
vt 0.22590148448944092 0.07610267400741577
vt 0.22555190324783325 0.10771268606185913
vt 0.253282368183136 0.12046968936920166
vt 0.22590148448944092 0.07610267400741577
vt 0.253282368183136 0.12046968936920166
vt 0.26285597681999207 0.08753955364227295
vt 0.07985513657331467 0.2834300994873047
vt 0.10794468969106674 0.2701239585876465
vt 0.08531158417463303 0.2373967170715332
vt 0.07985513657331467 0.2834300994873047
vt 0.08531158417463303 0.2373967170715332
vt 0.05614602193236351 0.24155700206756592
vt 0.16535568237304688 0.23665106296539307
vt 0.19020068645477295 0.21638530492782593
vt 0.175093412399292 0.20316088199615479
vt 0.16535568237304688 0.23665106296539307
vt 0.175093412399292 0.20316088199615479
vt 0.1481698751449585 0.2191590666770935
vt 0.21057462692260742 0.2129117250442505
vt 0.23377197980880737 0.18460822105407715
vt 0.2201601266860962 0.18204808235168457
vt 0.21057462692260742 0.2129117250442505
vt 0.2201601266860962 0.18204808235168457
vt 0.19908690452575684 0.20653772354125977
vt 0.2651549279689789 0.13875174522399902
vt 0.2846393287181854 0.1084514856338501
vt 0.26285597681999207 0.08753955364227295
vt 0.2651549279689789 0.13875174522399902
vt 0.26285597681999207 0.08753955364227295
vt 0.253282368183136 0.12046968936920166
vt 0.09796801209449768 0.147125244140625
vt 0.10660544037818909 0.21825814247131348
vt 0.1262339949607849 0.21326565742492676
vt 0.09796801209449768 0.147125244140625
vt 0.1262339949607849 0.21326565742492676
vt 0.10500097274780273 0.1574338674545288
vt 0.19816163182258606 0.15401995182037354
vt 0.20476728677749634 0.13670974969863892
vt 0.12480819225311279 0.11450004577636719
vt 0.19816163182258606 0.15401995182037354
vt 0.12480819225311279 0.11450004577636719
vt 0.12782502174377441 0.12486153841018677
vt 0.8768106698989868 0.8894304037094116
vt 0.8862565755844116 0.897942841053009
vt 0.8477739095687866 0.7601228058338165
vt 0.8768106698989868 0.8894304037094116
vt 0.8477739095687866 0.7601228058338165
vt 0.8360213041305542 0.7693824470043182
vt 0.1613297462463379 0.19583648443222046
vt 0.17336618900299072 0.18437039852142334
vt 0.12738752365112305 0.14509236812591553
vt 0.1613297462463379 0.19583648443222046
vt 0.12738752365112305 0.14509236812591553
vt 0.12139534950256348 0.15062642097473145
vt 0.036050885915756226 0.19854772090911865
vt 0.049547843635082245 0.20209616422653198
vt 0.08562793582677841 0.11592239141464233
vt 0.036050885915756226 0.19854772090911865
vt 0.08562793582677841 0.11592239141464233
vt 0.0898861512541771 0.10571980476379395
vt 0.7450270056724548 0.8768479824066162
vt 0.8862565755844116 0.897942841053009
vt 0.8768106698989868 0.8894304037094116
vt 0.7450270056724548 0.8768479824066162
vt 0.8768106698989868 0.8894304037094116
vt 0.7524012923240662 0.8641136586666107
vt 0.20754900574684143 0.11843425035476685
vt 0.12337306141853333 0.10733675956726074
vt 0.12480819225311279 0.11450004577636719
vt 0.20754900574684143 0.11843425035476685
vt 0.12480819225311279 0.11450004577636719
vt 0.20476728677749634 0.13670974969863892
vt 0.0871109664440155 0.2182633876800537
vt 0.10660544037818909 0.21825814247131348
vt 0.09796801209449768 0.147125244140625
vt 0.0871109664440155 0.2182633876800537
vt 0.09796801209449768 0.147125244140625
vt 0.09050104022026062 0.13995325565338135
vt 0.10794468969106674 0.2701239585876465
vt 0.13754108548164368 0.25502651929855347
vt 0.11582112312316895 0.23002725839614868
vt 0.10794468969106674 0.2701239585876465
vt 0.11582112312316895 0.23002725839614868
vt 0.08531158417463303 0.2373967170715332
vt 0.1481698751449585 0.2191590666770935
vt 0.11582112312316895 0.23002725839614868
vt 0.13754108548164368 0.25502651929855347
vt 0.1481698751449585 0.2191590666770935
vt 0.13754108548164368 0.25502651929855347
vt 0.16535568237304688 0.23665106296539307
vt 0.19020068645477295 0.21638530492782593
vt 0.19908690452575684 0.20653772354125977
vt 0.18361979722976685 0.19424456357955933
vt 0.19020068645477295 0.21638530492782593
vt 0.18361979722976685 0.19424456357955933
vt 0.175093412399292 0.20316088199615479
vt 0.2201601266860962 0.18204808235168457
vt 0.23910477757453918 0.15253138542175293
vt 0.21619725227355957 0.14015734195709229
vt 0.2201601266860962 0.18204808235168457
vt 0.21619725227355957 0.14015734195709229
vt 0.202142596244812 0.1702481508255005
vt 0.22555190324783325 0.10771268606185913
vt 0.21619725227355957 0.14015734195709229
vt 0.23910477757453918 0.15253138542175293
vt 0.22555190324783325 0.10771268606185913
vt 0.23910477757453918 0.15253138542175293
vt 0.253282368183136 0.12046968936920166
vt 0.06757735460996628 0.29038870334625244
vt 0.07985513657331467 0.2834300994873047
vt 0.05614602193236351 0.24155700206756592
vt 0.06757735460996628 0.29038870334625244
vt 0.05614602193236351 0.24155700206756592
vt 0.04229569062590599 0.2432255744934082
vt 0.7698087692260742 0.8322659730911255
vt 0.8346512317657471 0.8516865670681
vt 0.15213805437088013 0.2670016288757324
vt 0.7698087692260742 0.8322659730911255
vt 0.15213805437088013 0.2670016288757324
vt 0.13042140007019043 0.28405898809432983
vt 0.1732032299041748 0.24890708923339844
vt 0.15213805437088013 0.2670016288757324
vt 0.8346512317657471 0.8516865670681
vt 0.1732032299041748 0.24890708923339844
vt 0.8346512317657471 0.8516865670681
vt 0.8062536716461182 0.7912309765815735
vt 0.8360213041305542 0.7693824470043182
vt 0.8477739095687866 0.7601228058338165
vt 0.21057462692260742 0.2129117250442505
vt 0.8360213041305542 0.7693824470043182
vt 0.21057462692260742 0.2129117250442505
vt 0.20010393857955933 0.22408342361450195
vt 0.9299280643463135 0.7469585537910461
vt 0.25029829144477844 0.16217654943466187
vt 0.23377197980880737 0.18460822105407715
vt 0.9299280643463135 0.7469585537910461
vt 0.23377197980880737 0.18460822105407715
vt 0.8653773665428162 0.72774937748909
vt 0.2651549279689789 0.13875174522399902
vt 0.25029829144477844 0.16217654943466187
vt 0.9299280643463135 0.7469585537910461
vt 0.2651549279689789 0.13875174522399902
vt 0.9299280643463135 0.7469585537910461
vt 0.8996655344963074 0.6846497654914856
vt 0.7450270056724548 0.8768479824066162
vt 0.7524012923240662 0.8641136586666107
vt 0.10296466946601868 0.3072474002838135
vt 0.7450270056724548 0.8768479824066162
vt 0.10296466946601868 0.3072474002838135
vt 0.09240137785673141 0.3177490234375
vt 0.08531158417463303 0.2373967170715332
vt 0.11582112312316895 0.23002725839614868
vt 0.10660544037818909 0.21825814247131348
vt 0.08531158417463303 0.2373967170715332
vt 0.10660544037818909 0.21825814247131348
vt 0.0871109664440155 0.2182633876800537
vt 0.04229569062590599 0.2432255744934082
vt 0.05614602193236351 0.24155700206756592
vt 0.049547843635082245 0.20209616422653198
vt 0.04229569062590599 0.2432255744934082
vt 0.049547843635082245 0.20209616422653198
vt 0.036050885915756226 0.19854772090911865
vt 0.20754900574684143 0.11843425035476685
vt 0.20476728677749634 0.13670974969863892
vt 0.21619725227355957 0.14015734195709229
vt 0.20754900574684143 0.11843425035476685
vt 0.21619725227355957 0.14015734195709229
vt 0.22555190324783325 0.10771268606185913
vt 0.202142596244812 0.1702481508255005
vt 0.21619725227355957 0.14015734195709229
vt 0.20476728677749634 0.13670974969863892
vt 0.202142596244812 0.1702481508255005
vt 0.20476728677749634 0.13670974969863892
vt 0.19816163182258606 0.15401995182037354
vt 0.175093412399292 0.20316088199615479
vt 0.18361979722976685 0.19424456357955933
vt 0.17336618900299072 0.18437039852142334
vt 0.175093412399292 0.20316088199615479
vt 0.17336618900299072 0.18437039852142334
vt 0.1613297462463379 0.19583648443222046
vt 0.1262339949607849 0.21326565742492676
vt 0.10660544037818909 0.21825814247131348
vt 0.11582112312316895 0.23002725839614868
vt 0.1262339949607849 0.21326565742492676
vt 0.11582112312316895 0.23002725839614868
vt 0.1481698751449585 0.2191590666770935
vt 0.13042140007019043 0.28405898809432983
vt 0.15213805437088013 0.2670016288757324
vt 0.13754108548164368 0.25502651929855347
vt 0.13042140007019043 0.28405898809432983
vt 0.13754108548164368 0.25502651929855347
vt 0.10794468969106674 0.2701239585876465
vt 0.16535568237304688 0.23665106296539307
vt 0.13754108548164368 0.25502651929855347
vt 0.15213805437088013 0.2670016288757324
vt 0.16535568237304688 0.23665106296539307
vt 0.15213805437088013 0.2670016288757324
vt 0.1732032299041748 0.24890708923339844
vt 0.20010393857955933 0.22408342361450195
vt 0.21057462692260742 0.2129117250442505
vt 0.19908690452575684 0.20653772354125977
vt 0.20010393857955933 0.22408342361450195
vt 0.19908690452575684 0.20653772354125977
vt 0.19020068645477295 0.21638530492782593
vt 0.23377197980880737 0.18460822105407715
vt 0.25029829144477844 0.16217654943466187
vt 0.23910477757453918 0.15253138542175293
vt 0.23377197980880737 0.18460822105407715
vt 0.23910477757453918 0.15253138542175293
vt 0.2201601266860962 0.18204808235168457
vt 0.253282368183136 0.12046968936920166
vt 0.23910477757453918 0.15253138542175293
vt 0.25029829144477844 0.16217654943466187
vt 0.253282368183136 0.12046968936920166
vt 0.25029829144477844 0.16217654943466187
vt 0.2651549279689789 0.13875174522399902
vt 0.09240137785673141 0.3177490234375
vt 0.10296466946601868 0.3072474002838135
vt 0.07985513657331467 0.2834300994873047
vt 0.09240137785673141 0.3177490234375
vt 0.07985513657331467 0.2834300994873047
vt 0.06757735460996628 0.29038870334625244
vn 0 1 0
vn 0 1 0
vn 0 1 0
vn 0 1 0
vn 0 1 0
vn 0 1 0
vn 0 1 0
vn 0 1 0
vn 0 1 0
vn 0 1 0
vn 0 1 0
vn 0 1 0
vn 0 1 0
vn 0 1 0
vn 0 1 0
vn 0 1 0
vn 0 1 0
vn 0 1 0
vn 0 1 0
vn 0 1 0
vn 0 1 0
vn 0 1 0
vn 0 1 0
vn 0 1 0
vn -0.6531957797774682 -0.27080879262941215 0.7071052758362827
vn -0.6531957486567299 -0.2708087545495326 0.7071053191683011
vn -0.6531957509071498 -0.27080880153677256 0.7071052990941743
vn -0.6531957797774682 -0.27080879262941215 0.7071052758362827
vn -0.6531957509071498 -0.27080880153677256 0.7071052990941743
vn -0.6531957197864108 -0.27080876345689103 0.707105342426192
vn -0.7071085593483448 0 0.7071050030202786
vn -0.7071085593483448 0 0.7071050030202786
vn -0.7071084956603355 0 0.7071050667086025
vn -0.7071085593483448 0 0.7071050030202786
vn -0.7071084956603355 0 0.7071050667086025
vn -0.7071084956603355 0 0.7071050667086025
vn 0.6531957064253717 -0.2708088334500787 0.7071053279624382
vn 0.6531957419997885 -0.27080884819889933 0.7071052894516708
vn 0.6531957464534693 -0.27080882486783625 0.7071052942729228
vn 0.6531957064253717 -0.2708088334500787 0.7071053279624382
vn 0.6531957464534693 -0.27080882486783625 0.7071052942729228
vn 0.6531957064253717 -0.2708088334500787 0.7071053279624382
vn -0.7071085978589594 0 -0.7071049645094684
vn -0.707108623036351 0 -0.7071049393319466
vn -0.7071085978589594 0 -0.7071049645094684
vn -0.7071085978589594 0 -0.7071049645094684
vn -0.7071085978589594 0 -0.7071049645094684
vn -0.7071085978589594 0 -0.7071049645094684
vn -0.6531962353914559 -0.2708089274940755 -0.7071048033070758
vn -0.6531962309377688 -0.2708089508251439 -0.7071047984858241
vn -0.6531961998170261 -0.2708089127452563 -0.7071048418179074
vn -0.6531962353914559 -0.2708089274940755 -0.7071048033070758
vn -0.6531961998170261 -0.2708089127452563 -0.7071048418179074
vn -0.6531962309377688 -0.2708089508251439 -0.7071047984858241
vn 0.6531952997468057 -0.2708086433409998 -0.7071057764440113
vn 0.6531952952931322 -0.2708086666720584 -0.7071057716227607
vn 0.6531952997468057 -0.2708086433409998 -0.7071057764440113
vn 0.6531952997468057 -0.2708086433409998 -0.7071057764440113
vn 0.6531952997468057 -0.2708086433409998 -0.7071057764440113
vn 0.6531953353212145 -0.27080865808981597 -0.7071057379333018
vn -0.6649757060516975 -0.34002778158419156 0.6649724942521905
vn -0.6649757118751045 -0.340027758807196 0.6649725000755695
vn -0.6649757060516975 -0.34002778158419156 0.6649724942521905
vn -0.6649757060516975 -0.34002778158419156 0.6649724942521905
vn -0.6649757060516975 -0.34002778158419156 0.6649724942521905
vn -0.6649757118751045 -0.340027758807196 0.6649725000755695
vn 0.7071081890644655 0 0.7071053733058265
vn 0.7071082275750707 0 0.7071053347950658
vn 0.7071082275750707 0 0.7071053347950658
vn 0.7071081890644655 0 0.7071053733058265
vn 0.7071082275750707 0 0.7071053347950658
vn 0.7071082275750707 0 0.7071053347950658
vn 0.6649754863008808 -0.3400282381573115 0.6649724805392637
vn 0.6649754575685132 -0.34002824980413754 0.6649725033162509
vn 0.6649754863008808 -0.3400282381573115 0.6649724805392637
vn 0.6649754863008808 -0.3400282381573115 0.6649724805392637
vn 0.6649754863008808 -0.3400282381573115 0.6649724805392637
vn 0.6649754575685132 -0.34002824980413754 0.6649725033162509
vn -0.7071084956603355 0 -0.7071050667086025
vn -0.7071084956603355 0 -0.7071050667086025
vn -0.7071084956603355 0 -0.7071050667086025
vn -0.7071084956603355 0 -0.7071050667086025
vn -0.7071084956603355 0 -0.7071050667086025
vn -0.7071084956603355 0 -0.7071050667086025
vn -0.5444031489591399 0.638161065335739 -0.5444039548836207
vn -0.5444031366485715 0.6381610509050265 -0.5444039841101357
vn -0.5444031489591399 0.638161065335739 -0.5444039548836207
vn -0.5444031489591399 0.638161065335739 -0.5444039548836207
vn -0.5444031489591399 0.638161065335739 -0.5444039548836207
vn -0.5444031612697079 0.6381610797664514 -0.5444039256571037
vn 0.7071082275750707 0 -0.7071053347950658
vn 0.7071082275750707 0 -0.7071053347950658
vn 0.7071082275750707 0 -0.7071053347950658
vn 0.7071082275750707 0 -0.7071053347950658
vn 0.7071082275750707 0 -0.7071053347950658
vn 0.7071082275750707 0 -0.7071053347950658
vn 0.5444024610885361 0.6381613395127634 -0.5444043213568577
vn 0.5444024351835087 0.638161372812505 -0.5444043082271894
vn 0.5444024351835087 0.638161372812505 -0.5444043082271894
vn 0.5444024610885361 0.6381613395127634 -0.5444043213568577
vn 0.5444024351835087 0.638161372812505 -0.5444043082271894
vn 0.5444024474940673 0.638161387243232 -0.5444042790006918
vn 0.7071082660856781 0 -0.7071052962842989
vn 0.7071082912630886 0 -0.7071052711067816
vn 0.7071082912630886 0 -0.7071052711067816
vn 0.7071082660856781 0 -0.7071052962842989
vn 0.7071082912630886 0 -0.7071052711067816
vn 0.7071082912630886 0 -0.7071052711067816
vn -0.7071085593483448 0 0.7071050030202786
vn -0.7071085593483448 0 0.7071050030202786
vn -0.7071084956603355 0 0.7071050667086025
vn -0.7071085593483448 0 0.7071050030202786
vn -0.7071084956603355 0 0.7071050667086025
vn -0.7071085593483448 0 0.7071050030202786
vn -0.5444032060437218 0.638161014273024 0.5444039576558407
vn -0.5444031612697079 0.6381610797664514 0.5444039256571037
vn -0.5444031612697079 0.6381610797664514 0.5444039256571037
vn -0.5444032060437218 0.638161014273024 0.5444039576558407
vn -0.5444031612697079 0.6381610797664514 0.5444039256571037
vn -0.5444031994852562 0.6381610608974165 0.544403909560264
vn 0.7071081890644655 0 0.7071053733058265
vn 0.7071081890644655 0 0.7071053733058265
vn 0.7071082275750707 0 0.7071053347950658
vn 0.7071081890644655 0 0.7071053733058265
vn 0.7071082275750707 0 0.7071053347950658
vn 0.7071081890644655 0 0.7071053733058265
vn 0.5444025398975926 0.6381615948316828 0.5444039432580676
vn 0.5444025710771755 0.638161577068763 0.5444039329006269
vn 0.5444025710771755 0.638161577068763 0.5444039329006269
vn 0.5444025398975926 0.6381615948316828 0.5444039432580676
vn 0.5444025710771755 0.638161577068763 0.5444039329006269
vn 0.5444025710771755 0.638161577068763 0.5444039329006269
vn 0.7071082660856781 0 -0.7071052962842989
vn 0.7071082275750707 0 -0.7071053347950658
vn 0.7071082660856781 0 -0.7071052962842989
vn 0.7071082660856781 0 -0.7071052962842989
vn 0.7071082660856781 0 -0.7071052962842989
vn 0.7071082660856781 0 -0.7071052962842989
vn -0.707108623036351 0 -0.7071049393319466
vn -0.707108623036351 0 -0.7071049393319466
vn -0.707108623036351 0 -0.7071049393319466
vn -0.707108623036351 0 -0.7071049393319466
vn -0.707108623036351 0 -0.7071049393319466
vn -0.707108623036351 0 -0.7071049393319466
vn -0.707108623036351 0 0.7071049393319466
vn -0.707108623036351 0 0.7071049393319466
vn -0.707108623036351 0 0.7071049393319466
vn -0.707108623036351 0 0.7071049393319466
vn -0.707108623036351 0 0.7071049393319466
vn -0.707108623036351 0 0.7071049393319466
vn 0.7071082275750707 0 0.7071053347950658
vn 0.7071082275750707 0 0.7071053347950658
vn 0.7071082912630886 0 0.7071052711067816
vn 0.7071082275750707 0 0.7071053347950658
vn 0.7071082912630886 0 0.7071052711067816
vn 0.7071082275750707 0 0.7071053347950658
vn 0.6649752723952104 -0.34002815628589234 -0.6649727363100931
vn 0.6649752665718011 -0.34002817906287836 -0.664972730486706
vn 0.6649752723952104 -0.34002815628589234 -0.6649727363100931
vn 0.6649752723952104 -0.34002815628589234 -0.6649727363100931
vn 0.6649752723952104 -0.34002815628589234 -0.6649727363100931
vn 0.6649752665718011 -0.34002817906287836 -0.664972730486706
vn -0.6649755557172257 -0.3400277058804609 -0.664972683297771
vn -0.6649755208783693 -0.340027688066007 -0.6649727272460335
vn -0.6649755557172257 -0.3400277058804609 -0.664972683297771
vn -0.6649755557172257 -0.3400277058804609 -0.664972683297771
vn -0.6649755557172257 -0.3400277058804609 -0.664972683297771
vn -0.6649755208783693 -0.340027688066007 -0.6649727272460335
vn 0 0 1
vn 0 0 1
vn 0 0 1
vn 0 0 1
vn 0 0 1
vn 0 0 1
vn 0 0 -1
vn 0 0 -1
vn 0 0 -1
vn 0 0 -1
vn 0 0 -1
vn 0 0 -1
vn 0.9237562029251917 -0.38298104072816974 0
vn 0.9237562029251917 -0.38298104072816974 0
vn 0.9237562029251917 -0.38298104072816974 0
vn 0.9237562029251917 -0.38298104072816974 0
vn 0.9237562029251917 -0.38298104072816974 0
vn 0.9237562029251917 -0.38298104072816974 0
vn 1 0 0
vn 1 0 0
vn 1 0 0
vn 1 0 0
vn 1 0 0
vn 1 0 0
vn -1 0 0
vn -1 0 0
vn -1 0 0
vn -1 0 0
vn -1 0 0
vn -1 0 0
vn -0.9237562538416594 -0.382980917916838 0
vn -0.9237562538416594 -0.382980917916838 0
vn -0.9237562538416594 -0.382980917916838 0
vn -0.9237562538416594 -0.382980917916838 0
vn -0.9237562538416594 -0.382980917916838 0
vn -0.9237562538416594 -0.382980917916838 0
vn -2.963743022197738e-12 0 -1
vn -2.963743022197738e-12 0 -1
vn -2.963743022197738e-12 0 -1
vn -2.963743022197738e-12 0 -1
vn -2.963743022197738e-12 0 -1
vn -2.963743022197738e-12 0 -1
vn 0 0 1
vn 0 0 1
vn 0 0 1
vn 0 0 1
vn 0 0 1
vn 0 0 1
vn 0 0 1
vn 0 0 1
vn 0 0 1
vn 0 0 1
vn 0 0 1
vn 0 0 1
vn 0 0 1
vn 0 0 1
vn 0 0 1
vn 0 0 1
vn 0 0 1
vn 0 0 1
vn 1 0 0
vn 1 0 0
vn 1 0 0
vn 1 0 0
vn 1 0 0
vn 1 0 0
vn 0 0 -1
vn 0 0 -1
vn 0 0 -1
vn 0 0 -1
vn 0 0 -1
vn 0 0 -1
vn 0 0 -1
vn 0 0 -1
vn 0 0 -1
vn 0 0 -1
vn 0 0 -1
vn 0 0 -1
vn -1 0 0
vn -1 0 0
vn -1 0 0
vn -1 0 0
vn -1 0 0
vn -1 0 0
vn 0 0 1
vn 0 0 1
vn 0 0 1
vn 0 0 1
vn 0 0 1
vn 0 0 1
vn 0 0 1
vn 0 0 1
vn 0 0 1
vn 0 0 1
vn 0 0 1
vn 0 0 1
vn 1 0 0
vn 1 0 0
vn 1 0 0
vn 1 0 0
vn 1 0 0
vn 1 0 0
vn -3.606318392598468e-8 0 -0.9999999999999993
vn -3.6063181603286734e-8 0 -0.9999999999999993
vn -3.606318392598468e-8 0 -0.9999999999999993
vn -3.606318392598468e-8 0 -0.9999999999999993
vn -3.606318392598468e-8 0 -0.9999999999999993
vn -3.6063181603286734e-8 0 -0.9999999999999993
vn 7.212636785196923e-8 0 -0.9999999999999974
vn 7.212636320657334e-8 0 -0.9999999999999974
vn 7.212636785196923e-8 0 -0.9999999999999974
vn 7.212636785196923e-8 0 -0.9999999999999974
vn 7.212636785196923e-8 0 -0.9999999999999974
vn 7.212636320657334e-8 0 -0.9999999999999974
vn -1 0 0
vn -1 0 0
vn -1 0 0
vn -1 0 0
vn -1 0 0
vn -1 0 0
vn 0 0 1
vn 0 0 1
vn 0 0 1
vn 0 0 1
vn 0 0 1
vn 0 0 1
vn -0.6490074037949878 0.7607820908902164 0
vn -0.6490074037949878 0.7607820908902164 0
vn -0.6490074037949878 0.7607820908902164 0
vn -0.6490074037949878 0.7607820908902164 0
vn -0.6490074037949878 0.7607820908902164 0
vn -0.6490074037949878 0.7607820908902164 0
vn 0 0 -1
vn 0 0 -1
vn 0 0 -1
vn 0 0 -1
vn 0 0 -1
vn 0 0 -1
vn 0 0 -1
vn 0 0 -1
vn 0 0 -1
vn 0 0 -1
vn 0 0 -1
vn 0 0 -1
vn 0.6490066660824181 0.760782720216873 0
vn 0.6490066660824181 0.760782720216873 0
vn 0.6490066660824181 0.760782720216873 0
vn 0.6490066660824181 0.760782720216873 0
vn 0.6490066660824181 0.760782720216873 0
vn 0.6490066660824181 0.760782720216873 0
vn 0 0 1
vn 0 0 1
vn 0 0 1
vn 0 0 1
vn 0 0 1
vn 0 0 1
vn 0 0 1
vn 0 0 1
vn 0 0 1
vn 0 0 1
vn 0 0 1
vn 0 0 1
vn 0 0 1
vn 0 0 1
vn 0 0 1
vn 0 0 1
vn 0 0 1
vn 0 0 1
vn 0.8903522325582196 -0.4552723382532636 0
vn 0.8903522325582196 -0.4552723382532636 0
vn 0.8903522325582196 -0.4552723382532636 0
vn 0.8903522325582196 -0.4552723382532636 0
vn 0.8903522325582196 -0.4552723382532636 0
vn 0.8903522325582196 -0.4552723382532636 0
vn 0 0 -1
vn 0 0 -1
vn 0 0 -1
vn 0 0 -1
vn 0 0 -1
vn 0 0 -1
vn 0 0 -1
vn 0 0 -1
vn 0 0 -1
vn 0 0 -1
vn 0 0 -1
vn 0 0 -1
vn -0.8903525721805418 -0.4552716740710906 0
vn -0.8903525721805418 -0.4552716740710906 0
vn -0.8903525721805418 -0.4552716740710906 0
vn -0.8903525721805418 -0.4552716740710906 0
vn -0.8903525721805418 -0.4552716740710906 0
vn -0.8903525721805418 -0.4552716740710906 0
f 853/853/853 854/854/854 855/855/855
f 856/856/856 857/857/857 858/858/858
f 859/859/859 860/860/860 861/861/861
f 862/862/862 863/863/863 864/864/864
f 865/865/865 866/866/866 867/867/867
f 868/868/868 869/869/869 870/870/870
f 871/871/871 872/872/872 873/873/873
f 874/874/874 875/875/875 876/876/876
f 877/877/877 878/878/878 879/879/879
f 880/880/880 881/881/881 882/882/882
f 883/883/883 884/884/884 885/885/885
f 886/886/886 887/887/887 888/888/888
f 889/889/889 890/890/890 891/891/891
f 892/892/892 893/893/893 894/894/894
f 895/895/895 896/896/896 897/897/897
f 898/898/898 899/899/899 900/900/900
f 901/901/901 902/902/902 903/903/903
f 904/904/904 905/905/905 906/906/906
f 907/907/907 908/908/908 909/909/909
f 910/910/910 911/911/911 912/912/912
f 913/913/913 914/914/914 915/915/915
f 916/916/916 917/917/917 918/918/918
f 919/919/919 920/920/920 921/921/921
f 922/922/922 923/923/923 924/924/924
f 925/925/925 926/926/926 927/927/927
f 928/928/928 929/929/929 930/930/930
f 931/931/931 932/932/932 933/933/933
f 934/934/934 935/935/935 936/936/936
f 937/937/937 938/938/938 939/939/939
f 940/940/940 941/941/941 942/942/942
f 943/943/943 944/944/944 945/945/945
f 946/946/946 947/947/947 948/948/948
f 949/949/949 950/950/950 951/951/951
f 952/952/952 953/953/953 954/954/954
f 955/955/955 956/956/956 957/957/957
f 958/958/958 959/959/959 960/960/960
f 961/961/961 962/962/962 963/963/963
f 964/964/964 965/965/965 966/966/966
f 967/967/967 968/968/968 969/969/969
f 970/970/970 971/971/971 972/972/972
f 973/973/973 974/974/974 975/975/975
f 976/976/976 977/977/977 978/978/978
f 979/979/979 980/980/980 981/981/981
f 982/982/982 983/983/983 984/984/984
f 985/985/985 986/986/986 987/987/987
f 988/988/988 989/989/989 990/990/990
f 991/991/991 992/992/992 993/993/993
f 994/994/994 995/995/995 996/996/996
f 997/997/997 998/998/998 999/999/999
f 1000/1000/1000 1001/1001/1001 1002/1002/1002
f 1003/1003/1003 1004/1004/1004 1005/1005/1005
f 1006/1006/1006 1007/1007/1007 1008/1008/1008
f 1009/1009/1009 1010/1010/1010 1011/1011/1011
f 1012/1012/1012 1013/1013/1013 1014/1014/1014
f 1015/1015/1015 1016/1016/1016 1017/1017/1017
f 1018/1018/1018 1019/1019/1019 1020/1020/1020
f 1021/1021/1021 1022/1022/1022 1023/1023/1023
f 1024/1024/1024 1025/1025/1025 1026/1026/1026
f 1027/1027/1027 1028/1028/1028 1029/1029/1029
f 1030/1030/1030 1031/1031/1031 1032/1032/1032
f 1033/1033/1033 1034/1034/1034 1035/1035/1035
f 1036/1036/1036 1037/1037/1037 1038/1038/1038
f 1039/1039/1039 1040/1040/1040 1041/1041/1041
f 1042/1042/1042 1043/1043/1043 1044/1044/1044
f 1045/1045/1045 1046/1046/1046 1047/1047/1047
f 1048/1048/1048 1049/1049/1049 1050/1050/1050
f 1051/1051/1051 1052/1052/1052 1053/1053/1053
f 1054/1054/1054 1055/1055/1055 1056/1056/1056
f 1057/1057/1057 1058/1058/1058 1059/1059/1059
f 1060/1060/1060 1061/1061/1061 1062/1062/1062
f 1063/1063/1063 1064/1064/1064 1065/1065/1065
f 1066/1066/1066 1067/1067/1067 1068/1068/1068
f 1069/1069/1069 1070/1070/1070 1071/1071/1071
f 1072/1072/1072 1073/1073/1073 1074/1074/1074
f 1075/1075/1075 1076/1076/1076 1077/1077/1077
f 1078/1078/1078 1079/1079/1079 1080/1080/1080
f 1081/1081/1081 1082/1082/1082 1083/1083/1083
f 1084/1084/1084 1085/1085/1085 1086/1086/1086
f 1087/1087/1087 1088/1088/1088 1089/1089/1089
f 1090/1090/1090 1091/1091/1091 1092/1092/1092
f 1093/1093/1093 1094/1094/1094 1095/1095/1095
f 1096/1096/1096 1097/1097/1097 1098/1098/1098
f 1099/1099/1099 1100/1100/1100 1101/1101/1101
f 1102/1102/1102 1103/1103/1103 1104/1104/1104
f 1105/1105/1105 1106/1106/1106 1107/1107/1107
f 1108/1108/1108 1109/1109/1109 1110/1110/1110
f 1111/1111/1111 1112/1112/1112 1113/1113/1113
f 1114/1114/1114 1115/1115/1115 1116/1116/1116
f 1117/1117/1117 1118/1118/1118 1119/1119/1119
f 1120/1120/1120 1121/1121/1121 1122/1122/1122
f 1123/1123/1123 1124/1124/1124 1125/1125/1125
f 1126/1126/1126 1127/1127/1127 1128/1128/1128
f 1129/1129/1129 1130/1130/1130 1131/1131/1131
f 1132/1132/1132 1133/1133/1133 1134/1134/1134
f 1135/1135/1135 1136/1136/1136 1137/1137/1137
f 1138/1138/1138 1139/1139/1139 1140/1140/1140
f 1141/1141/1141 1142/1142/1142 1143/1143/1143
f 1144/1144/1144 1145/1145/1145 1146/1146/1146
f 1147/1147/1147 1148/1148/1148 1149/1149/1149
f 1150/1150/1150 1151/1151/1151 1152/1152/1152
f 1153/1153/1153 1154/1154/1154 1155/1155/1155
f 1156/1156/1156 1157/1157/1157 1158/1158/1158
f 1159/1159/1159 1160/1160/1160 1161/1161/1161
f 1162/1162/1162 1163/1163/1163 1164/1164/1164
f 1165/1165/1165 1166/1166/1166 1167/1167/1167
f 1168/1168/1168 1169/1169/1169 1170/1170/1170
f 1171/1171/1171 1172/1172/1172 1173/1173/1173
f 1174/1174/1174 1175/1175/1175 1176/1176/1176
f 1177/1177/1177 1178/1178/1178 1179/1179/1179
f 1180/1180/1180 1181/1181/1181 1182/1182/1182
f 1183/1183/1183 1184/1184/1184 1185/1185/1185
f 1186/1186/1186 1187/1187/1187 1188/1188/1188
f 1189/1189/1189 1190/1190/1190 1191/1191/1191
f 1192/1192/1192 1193/1193/1193 1194/1194/1194
f 1195/1195/1195 1196/1196/1196 1197/1197/1197
f 1198/1198/1198 1199/1199/1199 1200/1200/1200
f 1201/1201/1201 1202/1202/1202 1203/1203/1203
f 1204/1204/1204 1205/1205/1205 1206/1206/1206
f 1207/1207/1207 1208/1208/1208 1209/1209/1209
f 1210/1210/1210 1211/1211/1211 1212/1212/1212
o MS_jewel
usemtl lambert3
v -1.8187412291324734 6.099882099649525 -6.530224457427806
v -1.6995730333734238 6.319681180232279 -6.530224457427806
v -1.5804048508846165 6.0998820924548145 -6.530224457427806
v -1.8187412291324734 6.099882099649525 -6.530224457427806
v -1.5804048508846165 6.0998820924548145 -6.530224457427806
v -1.699573046643666 5.880083011872061 -6.530224457427806
v -1.6995730439898782 5.967994008323365 -6.4355228938425455
v -1.699573046643666 5.880083011872061 -6.47742333014159
v -1.5804048508846165 6.0998820924548145 -6.47742333014159
v -1.6995730439898782 5.967994008323365 -6.4355228938425455
v -1.5804048508846165 6.0998820924548145 -6.47742333014159
v -1.6280673078741967 6.099882093893611 -6.4355228938425455
v -1.699573046643666 5.880083011872061 -6.47742333014159
v -1.6995730439898782 5.967994008323365 -6.4355228938425455
v -1.771078772142893 6.0998820982107285 -6.4355228938425455
v -1.699573046643666 5.880083011872061 -6.47742333014159
v -1.771078772142893 6.0998820982107285 -6.4355228938425455
v -1.8187412291324734 6.099882099649525 -6.47742333014159
v -1.6280673078741967 6.099882093893611 -6.4355228938425455
v -1.5804048508846165 6.0998820924548145 -6.47742333014159
v -1.6995730333734238 6.319681180232279 -6.47742333014159
v -1.6280673078741967 6.099882093893611 -6.4355228938425455
v -1.6995730333734238 6.319681180232279 -6.47742333014159
v -1.6995730360272117 6.2317701837809745 -6.4355228938425455
v -1.8187412291324734 6.099882099649525 -6.47742333014159
v -1.771078772142893 6.0998820982107285 -6.4355228938425455
v -1.6995730360272117 6.2317701837809745 -6.4355228938425455
v -1.8187412291324734 6.099882099649525 -6.47742333014159
v -1.6995730360272117 6.2317701837809745 -6.4355228938425455
v -1.6995730333734238 6.319681180232279 -6.47742333014159
v -1.6995730439898782 5.967994008323365 -6.4355228938425455
v -1.6280673078741967 6.099882093893611 -6.4355228938425455
v -1.6995730360272117 6.2317701837809745 -6.4355228938425455
v -1.6995730439898782 5.967994008323365 -6.4355228938425455
v -1.6995730360272117 6.2317701837809745 -6.4355228938425455
v -1.771078772142893 6.0998820982107285 -6.4355228938425455
v -1.8187412291324734 6.099882099649525 -6.47742333014159
v -1.6995730333734238 6.319681180232279 -6.47742333014159
v -1.6995730333734238 6.319681180232279 -6.530224457427806
v -1.8187412291324734 6.099882099649525 -6.47742333014159
v -1.6995730333734238 6.319681180232279 -6.530224457427806
v -1.8187412291324734 6.099882099649525 -6.530224457427806
v -1.699573046643666 5.880083011872061 -6.530224457427806
v -1.5804048508846165 6.0998820924548145 -6.530224457427806
v -1.5804048508846165 6.0998820924548145 -6.47742333014159
v -1.699573046643666 5.880083011872061 -6.530224457427806
v -1.5804048508846165 6.0998820924548145 -6.47742333014159
v -1.699573046643666 5.880083011872061 -6.47742333014159
v -1.5804048508846165 6.0998820924548145 -6.47742333014159
v -1.5804048508846165 6.0998820924548145 -6.530224457427806
v -1.6995730333734238 6.319681180232279 -6.530224457427806
v -1.5804048508846165 6.0998820924548145 -6.47742333014159
v -1.6995730333734238 6.319681180232279 -6.530224457427806
v -1.6995730333734238 6.319681180232279 -6.47742333014159
v -1.699573046643666 5.880083011872061 -6.530224457427806
v -1.699573046643666 5.880083011872061 -6.47742333014159
v -1.8187412291324734 6.099882099649525 -6.47742333014159
v -1.699573046643666 5.880083011872061 -6.530224457427806
v -1.8187412291324734 6.099882099649525 -6.47742333014159
v -1.8187412291324734 6.099882099649525 -6.530224457427806
vt 0.13226260244846344 0.8679003566503525
vt 0.5710688233375549 0.9981709264684469
vt 0.440798282623291 0.5593646764755249
vt 0.13226260244846344 0.8679003566503525
vt 0.440798282623291 0.5593646764755249
vt 0.00199203216470778 0.42909419536590576
vt 0.7524521350860596 0.6731688678264618
vt 0.6757426857948303 0.5593647062778473
vt 0.6757426857948303 0.9981709184357896
vt 0.7524521350860596 0.6731688678264618
vt 0.6757426857948303 0.9981709184357896
vt 0.7524521350860596 0.9364700317382812
vt 0.8569953441619873 0.9981709102867171
vt 0.9337047934532166 0.8843667358160019
vt 0.9337047934532166 0.6210655868053436
vt 0.8569953441619873 0.9981709102867171
vt 0.9337047934532166 0.6210655868053436
vt 0.8569953441619873 0.5593646764755249
vt 0.8246328234672546 0.49367231130599976
vt 0.9013421535491943 0.5553732514381409
vt 0.9013421535491943 0.11656701564788818
vt 0.8246328234672546 0.49367231130599976
vt 0.9013421535491943 0.11656701564788818
vt 0.8246328234672546 0.23037117719650269
vt 0.7218316197395325 0.11656701564788818
vt 0.645122230052948 0.1782679557800293
vt 0.645122230052948 0.44156908988952637
vt 0.7218316197395325 0.11656701564788818
vt 0.645122230052948 0.44156908988952637
vt 0.7218316197395325 0.5553732514381409
vt 0.2975185215473175 0.42510271072387695
vt 0.5608196258544922 0.3469354510307312
vt 0.6389870047569275 0.08363425731658936
vt 0.2975185215473175 0.42510271072387695
vt 0.6389870047569275 0.08363425731658936
vt 0.37568581104278564 0.16180157661437988
vt 0.7218316197395325 0.11656701564788818
vt 0.7218316197395325 0.5553732514381409
vt 0.8184975385665894 0.5553732514381409
vt 0.7218316197395325 0.11656701564788818
vt 0.8184975385665894 0.5553732514381409
vt 0.8184975385665894 0.11656701564788818
vt 0.5790768265724182 0.5593647062778473
vt 0.5790768265724182 0.9981709184357896
vt 0.6757426857948303 0.9981709184357896
vt 0.5790768265724182 0.5593647062778473
vt 0.6757426857948303 0.9981709184357896
vt 0.6757426857948303 0.5593647062778473
vt 0.9013421535491943 0.5553732514381409
vt 0.9980080127716064 0.5553732514381409
vt 0.9980080127716064 0.11656701564788818
vt 0.9013421535491943 0.5553732514381409
vt 0.9980080127716064 0.11656701564788818
vt 0.9013421535491943 0.11656701564788818
vt 0.7603294849395752 0.9981709102867171
vt 0.8569953441619873 0.9981709102867171
vt 0.8569953441619873 0.5593646764755249
vt 0.7603294849395752 0.9981709102867171
vt 0.8569953441619873 0.5593646764755249
vt 0.7603294849395752 0.5593646764755249
vn 0 0 -1
vn 0 0 -1
vn 0 0 -1
vn 0 0 -1
vn 0 0 -1
vn 0 0 -1
vn 0.6216222143290308 -0.33702438450196237 0.707107054768757
vn 0.6216222056563928 -0.3370243960493179 0.7071070568891771
vn 0.6216222143290308 -0.33702438450196237 0.707107054768757
vn 0.6216222143290308 -0.33702438450196237 0.707107054768757
vn 0.6216222143290308 -0.33702438450196237 0.707107054768757
vn 0.6216222231831816 -0.33702442180119563 0.7071070292072964
vn -0.6216222001190216 -0.3370242926902669 0.7071071110205386
vn -0.6216222087916587 -0.3370242811429111 0.7071071089001182
vn -0.6216222349910878 -0.33702429534742895 0.7071070790978222
vn -0.6216222001190216 -0.3370242926902669 0.7071071110205386
vn -0.6216222349910878 -0.33702429534742895 0.7071070790978222
vn -0.6216222087916587 -0.3370242811429111 0.7071071089001182
vn 0.6216222087916587 0.3370242811429111 0.7071071089001182
vn 0.6216222087916587 0.3370242811429111 0.7071071089001182
vn 0.6216222263184507 0.3370243068947854 0.707107081218243
vn 0.6216222087916587 0.3370242811429111 0.7071071089001182
vn 0.6216222263184507 0.3370243068947854 0.707107081218243
vn 0.6216222087916587 0.3370242811429111 0.7071071089001182
vn -0.6216222231831816 0.33702442180119563 0.7071070292072964
vn -0.6216222318558201 0.33702441025383967 0.7071070270868766
vn -0.6216222056563928 0.3370243960493179 0.7071070568891771
vn -0.6216222231831816 0.33702442180119563 0.7071070292072964
vn -0.6216222056563928 0.3370243960493179 0.7071070568891771
vn -0.6216221886255261 0.33702436751957754 0.7071070854590835
vn 0 0 1
vn 0 0 1
vn 0 0 1
vn 0 0 1
vn 0 0 1
vn 0 0 1
vn -0.8791070490105257 0.47662437661118984 0
vn -0.8791070490105257 0.47662437661118984 0
vn -0.8791070490105257 0.47662437661118984 0
vn -0.8791070490105257 0.47662437661118984 0
vn -0.8791070490105257 0.47662437661118984 0
vn -0.8791070490105257 0.47662437661118984 0
vn 0.8791070490105257 -0.47662437661118984 0
vn 0.8791070490105257 -0.47662437661118984 0
vn 0.8791070490105257 -0.47662437661118984 0
vn 0.8791070490105257 -0.47662437661118984 0
vn 0.8791070490105257 -0.47662437661118984 0
vn 0.8791070490105257 -0.47662437661118984 0
vn 0.879107064169333 0.47662434865161507 0
vn 0.879107064169333 0.47662434865161507 0
vn 0.879107064169333 0.47662434865161507 0
vn 0.879107064169333 0.47662434865161507 0
vn 0.879107064169333 0.47662434865161507 0
vn 0.879107064169333 0.47662434865161507 0
vn -0.879107064169333 -0.47662434865161507 0
vn -0.879107064169333 -0.47662434865161507 0
vn -0.879107064169333 -0.47662434865161507 0
vn -0.879107064169333 -0.47662434865161507 0
vn -0.879107064169333 -0.47662434865161507 0
vn -0.879107064169333 -0.47662434865161507 0
f 1213/1213/1213 1214/1214/1214 1215/1215/1215
f 1216/1216/1216 1217/1217/1217 1218/1218/1218
f 1219/1219/1219 1220/1220/1220 1221/1221/1221
f 1222/1222/1222 1223/1223/1223 1224/1224/1224
f 1225/1225/1225 1226/1226/1226 1227/1227/1227
f 1228/1228/1228 1229/1229/1229 1230/1230/1230
f 1231/1231/1231 1232/1232/1232 1233/1233/1233
f 1234/1234/1234 1235/1235/1235 1236/1236/1236
f 1237/1237/1237 1238/1238/1238 1239/1239/1239
f 1240/1240/1240 1241/1241/1241 1242/1242/1242
f 1243/1243/1243 1244/1244/1244 1245/1245/1245
f 1246/1246/1246 1247/1247/1247 1248/1248/1248
f 1249/1249/1249 1250/1250/1250 1251/1251/1251
f 1252/1252/1252 1253/1253/1253 1254/1254/1254
f 1255/1255/1255 1256/1256/1256 1257/1257/1257
f 1258/1258/1258 1259/1259/1259 1260/1260/1260
f 1261/1261/1261 1262/1262/1262 1263/1263/1263
f 1264/1264/1264 1265/1265/1265 1266/1266/1266
f 1267/1267/1267 1268/1268/1268 1269/1269/1269
f 1270/1270/1270 1271/1271/1271 1272/1272/1272
o MS_hilt_decor
usemtl lambert2
v -1.329972419166353 6.221904119764076 -6.494919660413871
v -1.5660608421600273 6.122736367164805 -6.494919660413871
v -1.5359151613390907 6.073259643158224 -6.512489084532717
v -1.329972419166353 6.221904119764076 -6.494919660413871
v -1.5359151613390907 6.073259643158224 -6.512489084532717
v -1.301582088474845 6.179666823673642 -6.512489084532717
v -1.605868331762622 6.188071109121097 -6.902412807365181
v -1.605868331762622 6.188071109121097 -6.494919660413871
v -1.3674614225758717 6.27768119003332 -6.494919660413871
v -1.605868331762622 6.188071109121097 -6.902412807365181
v -1.3674614225758717 6.27768119003332 -6.494919660413871
v -1.3674614225758717 6.27768119003332 -6.902412807365181
v -1.301582088474845 6.179666823673642 -6.885396804544143
v -1.5359151613390907 6.073259643158224 -6.885396804544143
v -1.5660608421600273 6.122736367164805 -6.902412807365181
v -1.301582088474845 6.179666823673642 -6.885396804544143
v -1.5660608421600273 6.122736367164805 -6.902412807365181
v -1.329972419166353 6.221904119764076 -6.902412807365181
v -1.4685260400329412 5.962655534142584 -6.516740410530474
v -1.4685260400329412 5.962655534142584 -6.8805915709381225
v -1.238117928439891 6.085244535887455 -6.8805915709381225
v -1.4685260400329412 5.962655534142584 -6.516740410530474
v -1.238117928439891 6.085244535887455 -6.8805915709381225
v -1.238117928439891 6.085244535887455 -6.516740410530474
v -1.136643297764067 6.434568832580283 -6.512489570843172
v -1.136643297764067 6.434568832580283 -6.885396804544143
v -1.1358019312206977 6.461207257629269 -6.902412807365181
v -1.136643297764067 6.434568832580283 -6.512489570843172
v -1.1358019312206977 6.461207257629269 -6.902412807365181
v -1.1358019312206977 6.461207257629269 -6.494919660413871
v -2.262502377701253 6.434568832580283 -6.885396804544143
v -2.262502377701253 6.434568832580283 -6.512489570843172
v -2.26334323855491 6.461207257629269 -6.494919660413871
v -2.262502377701253 6.434568832580283 -6.885396804544143
v -2.26334323855491 6.461207257629269 -6.494919660413871
v -2.26334323855491 6.461207257629269 -6.902412807365181
v -1.9306194331564939 5.962655534142584 -6.516740410530474
v -1.9306194331564939 5.962655534142584 -6.8805915709381225
v -1.699572635456775 5.8397270864474535 -6.8805915709381225
v -1.9306194331564939 5.962655534142584 -6.516740410530474
v -1.699572635456775 5.8397270864474535 -6.8805915709381225
v -1.699572635456775 5.8397270864474535 -6.516740410530474
v -1.699572635456775 6.005838690377061 -6.885396804544143
v -1.8632304129882868 6.073259643158224 -6.885396804544143
v -1.833084226477638 6.122736367164805 -6.902412807365181
v -1.699572635456775 6.005838690377061 -6.885396804544143
v -1.833084226477638 6.122736367164805 -6.902412807365181
v -1.699572635456775 6.080147110987696 -6.902412807365181
v -1.7932767368750433 6.188071109121097 -6.902412807365181
v -1.7932767368750433 6.188071109121097 -6.494919660413871
v -1.699572635456775 6.178269411773954 -6.494919660413871
v -1.7932767368750433 6.188071109121097 -6.902412807365181
v -1.699572635456775 6.178269411773954 -6.494919660413871
v -1.699572635456775 6.178269411773954 -6.902412807365181
v -1.699572635456775 6.080147110987696 -6.494919660413871
v -1.833084226477638 6.122736367164805 -6.494919660413871
v -1.8632304129882868 6.073259643158224 -6.512489084532717
v -1.699572635456775 6.080147110987696 -6.494919660413871
v -1.8632304129882868 6.073259643158224 -6.512489084532717
v -1.699572635456775 6.005838690377061 -6.512489084532717
v -1.1614510191196246 5.835294996467098 -6.494919660413871
v -1.1614510191196246 5.835294996467098 -6.902412807365181
v -1.0792695634864344 5.816817352627822 -6.908955628226977
v -1.1614510191196246 5.835294996467098 -6.494919660413871
v -1.0792695634864344 5.816817352627822 -6.908955628226977
v -1.0792695634864344 5.816817352627822 -6.48272688468569
v -1.282971999095622 6.211359916989636 -6.89138523148722
v -1.301582088474845 6.179666823673642 -6.885396804544143
v -1.329972419166353 6.221904119764076 -6.902412807365181
v -1.282971999095622 6.211359916989636 -6.89138523148722
v -1.329972419166353 6.221904119764076 -6.902412807365181
v -1.3104419745106952 6.246230036688019 -6.908955628226977
v -1.3674614225758717 6.27768119003332 -6.902412807365181
v -1.3674614225758717 6.27768119003332 -6.494919660413871
v -1.346716311231205 6.292276323049805 -6.494919660413871
v -1.3674614225758717 6.27768119003332 -6.902412807365181
v -1.346716311231205 6.292276323049805 -6.494919660413871
v -1.346716311231205 6.292276323049805 -6.908955628226977
v -1.3104419745106952 6.246230036688019 -6.494919660413871
v -1.329972419166353 6.221904119764076 -6.494919660413871
v -1.301582088474845 6.179666823673642 -6.512489084532717
v -1.3104419745106952 6.246230036688019 -6.494919660413871
v -1.301582088474845 6.179666823673642 -6.512489084532717
v -1.282971999095622 6.211359916989636 -6.512489084532717
v -2.636579869566674 5.745612437848138 -6.908955628226977
v -2.636579869566674 5.745612437848138 -6.48272688468569
v -2.7321248838136967 5.724129837002181 -6.494919660413871
v -2.636579869566674 5.745612437848138 -6.908955628226977
v -2.7321248838136967 5.724129837002181 -6.494919660413871
v -2.7321248838136967 5.724129837002181 -6.902412807365181
v -2.262502377701253 6.434568832580283 -6.512489570843172
v -2.214191816723826 6.362269973708976 -6.512489084532717
v -2.202032001901216 6.381616307184402 -6.494919660413871
v -2.262502377701253 6.434568832580283 -6.512489570843172
v -2.202032001901216 6.381616307184402 -6.494919660413871
v -2.26334323855491 6.461207257629269 -6.494919660413871
v -2.185974735327761 6.407162352408818 -6.494919660413871
v -2.185974735327761 6.407162352408818 -6.908955628226977
v -2.264454744542604 6.496382930825121 -6.902412807365181
v -2.185974735327761 6.407162352408818 -6.494919660413871
v -2.264454744542604 6.496382930825121 -6.902412807365181
v -2.264454744542604 6.496382930825121 -6.494919660413871
v -2.26334323855491 6.461207257629269 -6.902412807365181
v -2.202032001901216 6.381616307184402 -6.908955628226977
v -2.214191816723826 6.362269973708976 -6.89138523148722
v -2.26334323855491 6.461207257629269 -6.902412807365181
v -2.214191816723826 6.362269973708976 -6.89138523148722
v -2.262502377701253 6.434568832580283 -6.885396804544143
v -1.238117928439891 6.085244535887455 -6.516740410530474
v -1.238117928439891 6.085244535887455 -6.8805915709381225
v -1.202334717567993 5.968584627691598 -6.902412807365181
v -1.238117928439891 6.085244535887455 -6.516740410530474
v -1.202334717567993 5.968584627691598 -6.902412807365181
v -1.202334717567993 5.968584627691598 -6.494919660413871
v -1.238117928439891 6.085244535887455 -6.8805915709381225
v -1.2215641757068738 6.133409361259851 -6.908955628226977
v -1.1416851253339075 5.989170903516822 -6.908955628226977
v -1.238117928439891 6.085244535887455 -6.8805915709381225
v -1.1416851253339075 5.989170903516822 -6.908955628226977
v -1.202334717567993 5.968584627691598 -6.902412807365181
v -1.1385240589421528 6.3750208358712825 -6.902412807365181
v -1.1385240589421528 6.3750208358712825 -6.494919660413871
v -0.8374466191549743 6.092438600059097 -6.494919660413871
v -1.1385240589421528 6.3750208358712825 -6.902412807365181
v -0.8374466191549743 6.092438600059097 -6.494919660413871
v -0.8374466191549743 6.092438600059097 -6.902412807365181
v -1.1416851253339075 5.989170903516822 -6.48272688468569
v -1.2215641757068738 6.133409361259851 -6.494919660413871
v -1.238117928439891 6.085244535887455 -6.516740410530474
v -1.1416851253339075 5.989170903516822 -6.48272688468569
v -1.238117928439891 6.085244535887455 -6.516740410530474
v -1.202334717567993 5.968584627691598 -6.494919660413871
v -2.1968108567593845 5.968584627691598 -6.902412807365181
v -2.1968108567593845 5.968584627691598 -6.494919660413871
v -2.2376946563456954 5.835294996467098 -6.494919660413871
v -2.1968108567593845 5.968584627691598 -6.902412807365181
v -2.2376946563456954 5.835294996467098 -6.494919660413871
v -2.2376946563456954 5.835294996467098 -6.902412807365181
v -2.636579869566674 5.745612437848138 -6.48272688468569
v -2.491186997616751 6.068504792742829 -6.48272688468569
v -2.5616985506206333 6.092438600059097 -6.494919660413871
v -2.636579869566674 5.745612437848138 -6.48272688468569
v -2.5616985506206333 6.092438600059097 -6.494919660413871
v -2.7321248838136967 5.724129837002181 -6.494919660413871
v -2.5616985506206333 6.092438600059097 -6.494919660413871
v -2.5616985506206333 6.092438600059097 -6.902412807365181
v -2.7321248838136967 5.724129837002181 -6.902412807365181
v -2.5616985506206333 6.092438600059097 -6.494919660413871
v -2.7321248838136967 5.724129837002181 -6.902412807365181
v -2.7321248838136967 5.724129837002181 -6.494919660413871
v -2.5616985506206333 6.092438600059097 -6.902412807365181
v -2.491186997616751 6.068504792742829 -6.908955628226977
v -2.636579869566674 5.745612437848138 -6.908955628226977
v -2.5616985506206333 6.092438600059097 -6.902412807365181
v -2.636579869566674 5.745612437848138 -6.908955628226977
v -2.7321248838136967 5.724129837002181 -6.902412807365181
v -2.1610270390598316 6.085244535887455 -6.8805915709381225
v -2.1610270390598316 6.085244535887455 -6.516740410530474
v -2.1968108567593845 5.968584627691598 -6.494919660413871
v -2.1610270390598316 6.085244535887455 -6.8805915709381225
v -2.1968108567593845 5.968584627691598 -6.494919660413871
v -2.1968108567593845 5.968584627691598 -6.902412807365181
v -2.491186997616751 6.068504792742829 -6.48272688468569
v -2.2413750660720098 6.319023725370073 -6.494919660413871
v -2.2606214142472822 6.3750208358712825 -6.494919660413871
v -2.491186997616751 6.068504792742829 -6.48272688468569
v -2.2606214142472822 6.3750208358712825 -6.494919660413871
v -2.5616985506206333 6.092438600059097 -6.494919660413871
v -2.2606214142472822 6.3750208358712825 -6.494919660413871
v -2.2606214142472822 6.3750208358712825 -6.902412807365181
v -2.5616985506206333 6.092438600059097 -6.902412807365181
v -2.2606214142472822 6.3750208358712825 -6.494919660413871
v -2.5616985506206333 6.092438600059097 -6.902412807365181
v -2.5616985506206333 6.092438600059097 -6.494919660413871
v -2.2606214142472822 6.3750208358712825 -6.902412807365181
v -2.2413750660720098 6.319023725370073 -6.908955628226977
v -2.491186997616751 6.068504792742829 -6.908955628226977
v -2.2606214142472822 6.3750208358712825 -6.902412807365181
v -2.491186997616751 6.068504792742829 -6.908955628226977
v -2.5616985506206333 6.092438600059097 -6.902412807365181
v -1.202334717567993 5.968584627691598 -6.494919660413871
v -1.202334717567993 5.968584627691598 -6.902412807365181
v -1.1614510191196246 5.835294996467098 -6.902412807365181
v -1.202334717567993 5.968584627691598 -6.494919660413871
v -1.1614510191196246 5.835294996467098 -6.902412807365181
v -1.1614510191196246 5.835294996467098 -6.494919660413871
v -1.0792695634864344 5.816817352627822 -6.48272688468569
v -1.1416851253339075 5.989170903516822 -6.48272688468569
v -1.202334717567993 5.968584627691598 -6.494919660413871
v -1.0792695634864344 5.816817352627822 -6.48272688468569
v -1.202334717567993 5.968584627691598 -6.494919660413871
v -1.1614510191196246 5.835294996467098 -6.494919660413871
v -0.8374466191549743 6.092438600059097 -6.902412807365181
v -0.8374466191549743 6.092438600059097 -6.494919660413871
v -0.6670203870998535 5.724129837002181 -6.494919660413871
v -0.8374466191549743 6.092438600059097 -6.902412807365181
v -0.6670203870998535 5.724129837002181 -6.494919660413871
v -0.6670203870998535 5.724129837002181 -6.902412807365181
v -1.202334717567993 5.968584627691598 -6.902412807365181
v -1.1416851253339075 5.989170903516822 -6.908955628226977
v -1.0792695634864344 5.816817352627822 -6.908955628226977
v -1.202334717567993 5.968584627691598 -6.902412807365181
v -1.0792695634864344 5.816817352627822 -6.908955628226977
v -1.1614510191196246 5.835294996467098 -6.902412807365181
v -2.491186997616751 6.068504792742829 -6.908955628226977
v -2.2413750660720098 6.319023725370073 -6.908955628226977
v -2.233465067591794 6.27689488512857 -6.876970016979612
v -2.491186997616751 6.068504792742829 -6.908955628226977
v -2.233465067591794 6.27689488512857 -6.876970016979612
v -2.4255337068171343 6.046220244321603 -6.876970016979612
v -2.636579869566674 5.745612437848138 -6.908955628226977
v -2.491186997616751 6.068504792742829 -6.908955628226977
v -2.4255337068171343 6.046220244321603 -6.876970016979612
v -2.636579869566674 5.745612437848138 -6.908955628226977
v -2.4255337068171343 6.046220244321603 -6.876970016979612
v -2.547618733098261 5.765613156373604 -6.876970016979612
v -2.547618733098261 5.765613156373604 -6.876970016979612
v -2.547618733098261 5.765613156373604 -6.514689153031213
v -2.636579869566674 5.745612437848138 -6.48272688468569
v -2.547618733098261 5.765613156373604 -6.876970016979612
v -2.636579869566674 5.745612437848138 -6.48272688468569
v -2.636579869566674 5.745612437848138 -6.908955628226977
v -2.547618733098261 5.765613156373604 -6.514689153031213
v -2.425534111368904 6.046220244321603 -6.514689153031213
v -2.491186997616751 6.068504792742829 -6.48272688468569
v -2.547618733098261 5.765613156373604 -6.514689153031213
v -2.491186997616751 6.068504792742829 -6.48272688468569
v -2.636579869566674 5.745612437848138 -6.48272688468569
v -2.425534111368904 6.046220244321603 -6.514689153031213
v -2.233465067591794 6.27689488512857 -6.514689153031213
v -2.2413750660720098 6.319023725370073 -6.494919660413871
v -2.425534111368904 6.046220244321603 -6.514689153031213
v -2.2413750660720098 6.319023725370073 -6.494919660413871
v -2.491186997616751 6.068504792742829 -6.48272688468569
v -2.214191816723826 6.362269973708976 -6.512489084532717
v -2.1933139112607023 6.325353271284371 -6.530581778701162
v -2.1753534308859344 6.347031405511814 -6.514689153031213
v -2.214191816723826 6.362269973708976 -6.512489084532717
v -2.1753534308859344 6.347031405511814 -6.514689153031213
v -2.202032001901216 6.381616307184402 -6.494919660413871
v -2.1516355719983835 6.3756564497167005 -6.514689153031213
v -2.1516355719983835 6.3756564497167005 -6.876970016979612
v -2.185974735327761 6.407162352408818 -6.908955628226977
v -2.1516355719983835 6.3756564497167005 -6.514689153031213
v -2.185974735327761 6.407162352408818 -6.908955628226977
v -2.185974735327761 6.407162352408818 -6.494919660413871
v -2.202032001901216 6.381616307184402 -6.908955628226977
v -2.1753534308859344 6.347031405511814 -6.876970016979612
v -2.1933139112607023 6.325353271284371 -6.8621146915102145
v -2.202032001901216 6.381616307184402 -6.908955628226977
v -2.1933139112607023 6.325353271284371 -6.8621146915102145
v -2.214191816723826 6.362269973708976 -6.89138523148722
v -0.9079587789865116 6.068504792742829 -6.908955628226977
v -1.1577703059794828 6.319023725370073 -6.908955628226977
v -1.1385240589421528 6.3750208358712825 -6.902412807365181
v -0.9079587789865116 6.068504792742829 -6.908955628226977
v -1.1385240589421528 6.3750208358712825 -6.902412807365181
v -0.8374466191549743 6.092438600059097 -6.902412807365181
v -0.7625655024848186 5.745612437848138 -6.908955628226977
v -0.9079587789865116 6.068504792742829 -6.908955628226977
v -0.8374466191549743 6.092438600059097 -6.902412807365181
v -0.7625655024848186 5.745612437848138 -6.908955628226977
v -0.8374466191549743 6.092438600059097 -6.902412807365181
v -0.6670203870998535 5.724129837002181 -6.902412807365181
v -0.7625655024848186 5.745612437848138 -6.48272688468569
v -0.7625655024848186 5.745612437848138 -6.908955628226977
v -0.6670203870998535 5.724129837002181 -6.902412807365181
v -0.7625655024848186 5.745612437848138 -6.48272688468569
v -0.6670203870998535 5.724129837002181 -6.902412807365181
v -0.6670203870998535 5.724129837002181 -6.494919660413871
v -0.8374466191549743 6.092438600059097 -6.494919660413871
v -0.9079586778485691 6.068504792742829 -6.48272688468569
v -0.7625655024848186 5.745612437848138 -6.48272688468569
v -0.8374466191549743 6.092438600059097 -6.494919660413871
v -0.7625655024848186 5.745612437848138 -6.48272688468569
v -0.6670203870998535 5.724129837002181 -6.494919660413871
v -1.1385240589421528 6.3750208358712825 -6.494919660413871
v -1.1577703059794828 6.319023725370073 -6.494919660413871
v -0.9079586778485691 6.068504792742829 -6.48272688468569
v -1.1385240589421528 6.3750208358712825 -6.494919660413871
v -0.9079586778485691 6.068504792742829 -6.48272688468569
v -0.8374466191549743 6.092438600059097 -6.494919660413871
v -1.1358019312206977 6.461207257629269 -6.494919660413871
v -1.197113269012334 6.381616307184402 -6.494919660413871
v -1.1849533530517817 6.362269973708976 -6.512489084532717
v -1.1358019312206977 6.461207257629269 -6.494919660413871
v -1.1849533530517817 6.362269973708976 -6.512489084532717
v -1.136643297764067 6.434568832580283 -6.512489570843172
v -1.2131708389996163 6.407162352408818 -6.908955628226977
v -1.2131708389996163 6.407162352408818 -6.494919660413871
v -1.1346908297847733 6.496382930825121 -6.494919660413871
v -1.2131708389996163 6.407162352408818 -6.908955628226977
v -1.1346908297847733 6.496382930825121 -6.494919660413871
v -1.1346908297847733 6.496382930825121 -6.902412807365181
v -1.136643297764067 6.434568832580283 -6.885396804544143
v -1.1849533530517817 6.362269973708976 -6.89138523148722
v -1.197113269012334 6.381616307184402 -6.908955628226977
v -1.136643297764067 6.434568832580283 -6.885396804544143
v -1.197113269012334 6.381616307184402 -6.908955628226977
v -1.1358019312206977 6.461207257629269 -6.902412807365181
v -2.4255337068171343 6.046220244321603 -6.876970016979612
v -2.233465067591794 6.27689488512857 -6.876970016979612
v -2.2072266489021217 6.2296748770555155 -6.908955628226977
v -2.4255337068171343 6.046220244321603 -6.876970016979612
v -2.2072266489021217 6.2296748770555155 -6.908955628226977
v -2.366074912717636 6.026038070818117 -6.908955628226977
v -2.547618733098261 5.765613156373604 -6.876970016979612
v -2.4255337068171343 6.046220244321603 -6.876970016979612
v -2.366074912717636 6.026038070818117 -6.908955628226977
v -2.547618733098261 5.765613156373604 -6.876970016979612
v -2.366074912717636 6.026038070818117 -6.908955628226977
v -2.4670504276473935 5.783728411679192 -6.908955628226977
v -2.4670504276473935 5.783728411679192 -6.908955628226977
v -2.4670504276473935 5.783728411679192 -6.48272688468569
v -2.547618733098261 5.765613156373604 -6.514689153031213
v -2.4670504276473935 5.783728411679192 -6.908955628226977
v -2.547618733098261 5.765613156373604 -6.514689153031213
v -2.547618733098261 5.765613156373604 -6.876970016979612
v -2.4670504276473935 5.783728411679192 -6.48272688468569
v -2.366074912717636 6.026038070818117 -6.48272688468569
v -2.425534111368904 6.046220244321603 -6.514689153031213
v -2.4670504276473935 5.783728411679192 -6.48272688468569
v -2.425534111368904 6.046220244321603 -6.514689153031213
v -2.547618733098261 5.765613156373604 -6.514689153031213
v -2.366074912717636 6.026038070818117 -6.48272688468569
v -2.2072266489021217 6.2296748770555155 -6.494919660413871
v -2.233465067591794 6.27689488512857 -6.514689153031213
v -2.366074912717636 6.026038070818117 -6.48272688468569
v -2.233465067591794 6.27689488512857 -6.514689153031213
v -2.425534111368904 6.046220244321603 -6.514689153031213
v -2.1933139112607023 6.325353271284371 -6.530581778701162
v -2.1596311331779248 6.282062702045664 -6.512489084532717
v -2.1383401803577726 6.30549750817238 -6.494919660413871
v -2.1933139112607023 6.325353271284371 -6.530581778701162
v -2.1383401803577726 6.30549750817238 -6.494919660413871
v -2.1753534308859344 6.347031405511814 -6.514689153031213
v -2.110224641455943 6.33644288183757 -6.494919660413871
v -2.110224641455943 6.33644288183757 -6.908955628226977
v -2.1516355719983835 6.3756564497167005 -6.876970016979612
v -2.110224641455943 6.33644288183757 -6.494919660413871
v -2.1516355719983835 6.3756564497167005 -6.876970016979612
v -2.1516355719983835 6.3756564497167005 -6.514689153031213
v -2.1753534308859344 6.347031405511814 -6.876970016979612
v -2.1383401803577726 6.30549750817238 -6.908955628226977
v -2.1596311331779248 6.282062702045664 -6.89138523148722
v -2.1753534308859344 6.347031405511814 -6.876970016979612
v -2.1596311331779248 6.282062702045664 -6.89138523148722
v -2.1933139112607023 6.325353271284371 -6.8621146915102145
v -0.9736116652343583 6.046220244321603 -6.876970016979612
v -1.1656803044596984 6.27689488512857 -6.876970016979612
v -1.1577703059794828 6.319023725370073 -6.908955628226977
v -0.9736116652343583 6.046220244321603 -6.876970016979612
v -1.1577703059794828 6.319023725370073 -6.908955628226977
v -0.9079587789865116 6.068504792742829 -6.908955628226977
v -0.851526537815289 5.765613156373604 -6.876970016979612
v -0.9736116652343583 6.046220244321603 -6.876970016979612
v -0.9079587789865116 6.068504792742829 -6.908955628226977
v -0.851526537815289 5.765613156373604 -6.876970016979612
v -0.9079587789865116 6.068504792742829 -6.908955628226977
v -0.7625655024848186 5.745612437848138 -6.908955628226977
v -0.851526537815289 5.765613156373604 -6.514689153031213
v -0.851526537815289 5.765613156373604 -6.876970016979612
v -0.7625655024848186 5.745612437848138 -6.908955628226977
v -0.851526537815289 5.765613156373604 -6.514689153031213
v -0.7625655024848186 5.745612437848138 -6.908955628226977
v -0.7625655024848186 5.745612437848138 -6.48272688468569
v -0.7625655024848186 5.745612437848138 -6.48272688468569
v -0.9079586778485691 6.068504792742829 -6.48272688468569
v -0.9736116652343583 6.046220244321603 -6.514689153031213
v -0.7625655024848186 5.745612437848138 -6.48272688468569
v -0.9736116652343583 6.046220244321603 -6.514689153031213
v -0.851526537815289 5.765613156373604 -6.514689153031213
v -0.9079586778485691 6.068504792742829 -6.48272688468569
v -1.1577703059794828 6.319023725370073 -6.494919660413871
v -1.1656803044596984 6.27689488512857 -6.514689153031213
v -0.9079586778485691 6.068504792742829 -6.48272688468569
v -1.1656803044596984 6.27689488512857 -6.514689153031213
v -0.9736116652343583 6.046220244321603 -6.514689153031213
v -1.197113269012334 6.381616307184402 -6.494919660413871
v -1.223792345717328 6.347031405511814 -6.514689153031213
v -1.2058310562390204 6.325353271284371 -6.530581778701162
v -1.197113269012334 6.381616307184402 -6.494919660413871
v -1.2058310562390204 6.325353271284371 -6.530581778701162
v -1.1849533530517817 6.362269973708976 -6.512489084532717
v -1.2475099011910515 6.3756564497167005 -6.876970016979612
v -1.2475099011910515 6.3756564497167005 -6.514689153031213
v -1.2131708389996163 6.407162352408818 -6.494919660413871
v -1.2475099011910515 6.3756564497167005 -6.876970016979612
v -1.2131708389996163 6.407162352408818 -6.494919660413871
v -1.2131708389996163 6.407162352408818 -6.908955628226977
v -1.1849533530517817 6.362269973708976 -6.89138523148722
v -1.2058310562390204 6.325353271284371 -6.8621146915102145
v -1.223792345717328 6.347031405511814 -6.876970016979612
v -1.1849533530517817 6.362269973708976 -6.89138523148722
v -1.223792345717328 6.347031405511814 -6.876970016979612
v -1.197113269012334 6.381616307184402 -6.908955628226977
v -2.366074912717636 6.026038070818117 -6.908955628226977
v -2.2072266489021217 6.2296748770555155 -6.908955628226977
v -2.1915668544425557 6.174101682925368 -6.876970016979612
v -2.366074912717636 6.026038070818117 -6.908955628226977
v -2.1915668544425557 6.174101682925368 -6.876970016979612
v -2.3086985488534992 6.006563467444437 -6.876970016979612
v -2.4670504276473935 5.783728411679192 -6.908955628226977
v -2.366074912717636 6.026038070818117 -6.908955628226977
v -2.3086985488534992 6.006563467444437 -6.876970016979612
v -2.4670504276473935 5.783728411679192 -6.908955628226977
v -2.3086985488534992 6.006563467444437 -6.876970016979612
v -2.3893054889983887 5.8012075317170115 -6.876970016979612
v -2.3893054889983887 5.8012075317170115 -6.876970016979612
v -2.3893054889983887 5.8012075317170115 -6.514689153031213
v -2.4670504276473935 5.783728411679192 -6.48272688468569
v -2.3893054889983887 5.8012075317170115 -6.876970016979612
v -2.4670504276473935 5.783728411679192 -6.48272688468569
v -2.4670504276473935 5.783728411679192 -6.908955628226977
v -2.3893054889983887 5.8012075317170115 -6.514689153031213
v -2.3086985488534992 6.006563467444437 -6.514689153031213
v -2.366074912717636 6.026038070818117 -6.48272688468569
v -2.3893054889983887 5.8012075317170115 -6.514689153031213
v -2.366074912717636 6.026038070818117 -6.48272688468569
v -2.4670504276473935 5.783728411679192 -6.48272688468569
v -2.3086985488534992 6.006563467444437 -6.514689153031213
v -2.1915668544425557 6.174101682925368 -6.514689153031213
v -2.2072266489021217 6.2296748770555155 -6.494919660413871
v -2.3086985488534992 6.006563467444437 -6.514689153031213
v -2.2072266489021217 6.2296748770555155 -6.494919660413871
v -2.366074912717636 6.026038070818117 -6.48272688468569
v -2.1596311331779248 6.282062702045664 -6.512489084532717
v -2.1377040226996655 6.241904838289543 -6.530581778701162
v -2.1136099306661436 6.272236497848041 -6.514689153031213
v -2.1596311331779248 6.282062702045664 -6.512489084532717
v -2.1136099306661436 6.272236497848041 -6.514689153031213
v -2.1383401803577726 6.30549750817238 -6.494919660413871
v -2.081792743070082 6.312289555711686 -6.514689153031213
v -2.081792743070082 6.312289555711686 -6.876970016979612
v -2.110224641455943 6.33644288183757 -6.908955628226977
v -2.081792743070082 6.312289555711686 -6.514689153031213
v -2.110224641455943 6.33644288183757 -6.908955628226977
v -2.110224641455943 6.33644288183757 -6.494919660413871
v -2.1383401803577726 6.30549750817238 -6.908955628226977
v -2.1136099306661436 6.272236497848041 -6.876970016979612
v -2.1377040226996655 6.241904838289543 -6.8621146915102145
v -2.1383401803577726 6.30549750817238 -6.908955628226977
v -2.1377040226996655 6.241904838289543 -6.8621146915102145
v -2.1596311331779248 6.282062702045664 -6.89138523148722
v -1.0330705604717991 6.026038070818117 -6.908955628226977
v -1.191918520873486 6.2296748770555155 -6.908955628226977
v -1.1656803044596984 6.27689488512857 -6.876970016979612
v -1.0330705604717991 6.026038070818117 -6.908955628226977
v -1.1656803044596984 6.27689488512857 -6.876970016979612
v -0.9736116652343583 6.046220244321603 -6.876970016979612
v -0.9320947421282142 5.783728411679192 -6.908955628226977
v -1.0330705604717991 6.026038070818117 -6.908955628226977
v -0.9736116652343583 6.046220244321603 -6.876970016979612
v -0.9320947421282142 5.783728411679192 -6.908955628226977
v -0.9736116652343583 6.046220244321603 -6.876970016979612
v -0.851526537815289 5.765613156373604 -6.876970016979612
v -0.9320947421282142 5.783728411679192 -6.48272688468569
v -0.9320947421282142 5.783728411679192 -6.908955628226977
v -0.851526537815289 5.765613156373604 -6.876970016979612
v -0.9320947421282142 5.783728411679192 -6.48272688468569
v -0.851526537815289 5.765613156373604 -6.876970016979612
v -0.851526537815289 5.765613156373604 -6.514689153031213
v -0.851526537815289 5.765613156373604 -6.514689153031213
v -0.9736116652343583 6.046220244321603 -6.514689153031213
v -1.0330705604717991 6.026038070818117 -6.48272688468569
v -0.851526537815289 5.765613156373604 -6.514689153031213
v -1.0330705604717991 6.026038070818117 -6.48272688468569
v -0.9320947421282142 5.783728411679192 -6.48272688468569
v -0.9736116652343583 6.046220244321603 -6.514689153031213
v -1.1656803044596984 6.27689488512857 -6.514689153031213
v -1.191918520873486 6.2296748770555155 -6.494919660413871
v -0.9736116652343583 6.046220244321603 -6.514689153031213
v -1.191918520873486 6.2296748770555155 -6.494919660413871
v -1.0330705604717991 6.026038070818117 -6.48272688468569
v -1.223792345717328 6.347031405511814 -6.514689153031213
v -1.2608054951075474 6.30549750817238 -6.494919660413871
v -1.2395141377356254 6.282062702045664 -6.512489084532717
v -1.223792345717328 6.347031405511814 -6.514689153031213
v -1.2395141377356254 6.282062702045664 -6.512489084532717
v -1.2058310562390204 6.325353271284371 -6.530581778701162
v -1.2889207305955495 6.33644288183757 -6.908955628226977
v -1.2889207305955495 6.33644288183757 -6.494919660413871
v -1.2475099011910515 6.3756564497167005 -6.514689153031213
v -1.2889207305955495 6.33644288183757 -6.908955628226977
v -1.2475099011910515 6.3756564497167005 -6.514689153031213
v -1.2475099011910515 6.3756564497167005 -6.876970016979612
v -1.2058310562390204 6.325353271284371 -6.8621146915102145
v -1.2395141377356254 6.282062702045664 -6.89138523148722
v -1.2608054951075474 6.30549750817238 -6.908955628226977
v -1.2058310562390204 6.325353271284371 -6.8621146915102145
v -1.2608054951075474 6.30549750817238 -6.908955628226977
v -1.223792345717328 6.347031405511814 -6.876970016979612
v -2.3086985488534992 6.006563467444437 -6.876970016979612
v -2.1915668544425557 6.174101682925368 -6.876970016979612
v -2.177581499758446 6.133409361259851 -6.908955628226977
v -2.3086985488534992 6.006563467444437 -6.876970016979612
v -2.177581499758446 6.133409361259851 -6.908955628226977
v -2.25746044899347 5.989170903516822 -6.908955628226977
v -2.3893054889983887 5.8012075317170115 -6.876970016979612
v -2.3086985488534992 6.006563467444437 -6.876970016979612
v -2.25746044899347 5.989170903516822 -6.908955628226977
v -2.3893054889983887 5.8012075317170115 -6.876970016979612
v -2.25746044899347 5.989170903516822 -6.908955628226977
v -2.3198761119788855 5.816817352627822 -6.908955628226977
v -2.3198761119788855 5.816817352627822 -6.908955628226977
v -2.3198761119788855 5.816817352627822 -6.48272688468569
v -2.3893054889983887 5.8012075317170115 -6.514689153031213
v -2.3198761119788855 5.816817352627822 -6.908955628226977
v -2.3893054889983887 5.8012075317170115 -6.514689153031213
v -2.3893054889983887 5.8012075317170115 -6.876970016979612
v -2.3198761119788855 5.816817352627822 -6.48272688468569
v -2.25746044899347 5.989170903516822 -6.48272688468569
v -2.3086985488534992 6.006563467444437 -6.514689153031213
v -2.3198761119788855 5.816817352627822 -6.48272688468569
v -2.3086985488534992 6.006563467444437 -6.514689153031213
v -2.3893054889983887 5.8012075317170115 -6.514689153031213
v -2.25746044899347 5.989170903516822 -6.48272688468569
v -2.177581499758446 6.133409361259851 -6.494919660413871
v -2.1915668544425557 6.174101682925368 -6.514689153031213
v -2.25746044899347 5.989170903516822 -6.48272688468569
v -2.1915668544425557 6.174101682925368 -6.514689153031213
v -2.3086985488534992 6.006563467444437 -6.514689153031213
v -2.1377040226996655 6.241904838289543 -6.530581778701162
v -2.1161731706799856 6.211359916989636 -6.512489084532717
v -2.08870349867874 6.246230036688019 -6.494919660413871
v -2.1377040226996655 6.241904838289543 -6.530581778701162
v -2.08870349867874 6.246230036688019 -6.494919660413871
v -2.1136099306661436 6.272236497848041 -6.514689153031213
v -2.052429364234115 6.292276323049805 -6.494919660413871
v -2.052429364234115 6.292276323049805 -6.908955628226977
v -2.081792743070082 6.312289555711686 -6.876970016979612
v -2.052429364234115 6.292276323049805 -6.494919660413871
v -2.081792743070082 6.312289555711686 -6.876970016979612
v -2.081792743070082 6.312289555711686 -6.514689153031213
v -2.1136099306661436 6.272236497848041 -6.876970016979612
v -2.08870349867874 6.246230036688019 -6.908955628226977
v -2.1161731706799856 6.211359916989636 -6.89138523148722
v -2.1136099306661436 6.272236497848041 -6.876970016979612
v -2.1161731706799856 6.211359916989636 -6.89138523148722
v -2.1377040226996655 6.241904838289543 -6.8621146915102145
v -1.0904466209221084 6.006563467444437 -6.876970016979612
v -1.2075789221607067 6.174101682925368 -6.876970016979612
v -1.191918520873486 6.2296748770555155 -6.908955628226977
v -1.0904466209221084 6.006563467444437 -6.876970016979612
v -1.191918520873486 6.2296748770555155 -6.908955628226977
v -1.0330705604717991 6.026038070818117 -6.908955628226977
v -1.0098402876048738 5.8012075317170115 -6.876970016979612
v -1.0904466209221084 6.006563467444437 -6.876970016979612
v -1.0330705604717991 6.026038070818117 -6.908955628226977
v -1.0098402876048738 5.8012075317170115 -6.876970016979612
v -1.0330705604717991 6.026038070818117 -6.908955628226977
v -0.9320947421282142 5.783728411679192 -6.908955628226977
v -1.0098402876048738 5.8012075317170115 -6.514689153031213
v -1.0098402876048738 5.8012075317170115 -6.876970016979612
v -0.9320947421282142 5.783728411679192 -6.908955628226977
v -1.0098402876048738 5.8012075317170115 -6.514689153031213
v -0.9320947421282142 5.783728411679192 -6.908955628226977
v -0.9320947421282142 5.783728411679192 -6.48272688468569
v -0.9320947421282142 5.783728411679192 -6.48272688468569
v -1.0330705604717991 6.026038070818117 -6.48272688468569
v -1.0904466209221084 6.006563467444437 -6.514689153031213
v -0.9320947421282142 5.783728411679192 -6.48272688468569
v -1.0904466209221084 6.006563467444437 -6.514689153031213
v -1.0098402876048738 5.8012075317170115 -6.514689153031213
v -1.0330705604717991 6.026038070818117 -6.48272688468569
v -1.191918520873486 6.2296748770555155 -6.494919660413871
v -1.2075789221607067 6.174101682925368 -6.514689153031213
v -1.0330705604717991 6.026038070818117 -6.48272688468569
v -1.2075789221607067 6.174101682925368 -6.514689153031213
v -1.0904466209221084 6.006563467444437 -6.514689153031213
v -1.2608054951075474 6.30549750817238 -6.494919660413871
v -1.285535845937119 6.272236497848041 -6.514689153031213
v -1.2614411470759421 6.241904838289543 -6.530581778701162
v -1.2608054951075474 6.30549750817238 -6.494919660413871
v -1.2614411470759421 6.241904838289543 -6.530581778701162
v -1.2395141377356254 6.282062702045664 -6.512489084532717
v -1.3173526289814106 6.312289555711686 -6.876970016979612
v -1.3173526289814106 6.312289555711686 -6.514689153031213
v -1.2889207305955495 6.33644288183757 -6.494919660413871
v -1.3173526289814106 6.312289555711686 -6.876970016979612
v -1.2889207305955495 6.33644288183757 -6.494919660413871
v -1.2889207305955495 6.33644288183757 -6.908955628226977
v -1.2395141377356254 6.282062702045664 -6.89138523148722
v -1.2614411470759421 6.241904838289543 -6.8621146915102145
v -1.285535845937119 6.272236497848041 -6.876970016979612
v -1.2395141377356254 6.282062702045664 -6.89138523148722
v -1.285535845937119 6.272236497848041 -6.876970016979612
v -1.2608054951075474 6.30549750817238 -6.908955628226977
v -2.25746044899347 5.989170903516822 -6.908955628226977
v -2.177581499758446 6.133409361259851 -6.908955628226977
v -2.1610270390598316 6.085244535887455 -6.8805915709381225
v -2.25746044899347 5.989170903516822 -6.908955628226977
v -2.1610270390598316 6.085244535887455 -6.8805915709381225
v -2.1968108567593845 5.968584627691598 -6.902412807365181
v -2.3198761119788855 5.816817352627822 -6.908955628226977
v -2.25746044899347 5.989170903516822 -6.908955628226977
v -2.1968108567593845 5.968584627691598 -6.902412807365181
v -2.3198761119788855 5.816817352627822 -6.908955628226977
v -2.1968108567593845 5.968584627691598 -6.902412807365181
v -2.2376946563456954 5.835294996467098 -6.902412807365181
v -2.2376946563456954 5.835294996467098 -6.902412807365181
v -2.2376946563456954 5.835294996467098 -6.494919660413871
v -2.3198761119788855 5.816817352627822 -6.48272688468569
v -2.2376946563456954 5.835294996467098 -6.902412807365181
v -2.3198761119788855 5.816817352627822 -6.48272688468569
v -2.3198761119788855 5.816817352627822 -6.908955628226977
v -2.1968108567593845 5.968584627691598 -6.494919660413871
v -2.25746044899347 5.989170903516822 -6.48272688468569
v -2.3198761119788855 5.816817352627822 -6.48272688468569
v -2.1968108567593845 5.968584627691598 -6.494919660413871
v -2.3198761119788855 5.816817352627822 -6.48272688468569
v -2.2376946563456954 5.835294996467098 -6.494919660413871
v -2.1610270390598316 6.085244535887455 -6.516740410530474
v -2.177581499758446 6.133409361259851 -6.494919660413871
v -2.25746044899347 5.989170903516822 -6.48272688468569
v -2.1610270390598316 6.085244535887455 -6.516740410530474
v -2.25746044899347 5.989170903516822 -6.48272688468569
v -2.1968108567593845 5.968584627691598 -6.494919660413871
v -2.1161731706799856 6.211359916989636 -6.512489084532717
v -2.097563182438705 6.179666823673642 -6.512489084532717
v -2.0691727506092548 6.221904119764076 -6.494919660413871
v -2.1161731706799856 6.211359916989636 -6.512489084532717
v -2.0691727506092548 6.221904119764076 -6.494919660413871
v -2.08870349867874 6.246230036688019 -6.494919660413871
v -2.031684354027391 6.27768119003332 -6.494919660413871
v -2.031684354027391 6.27768119003332 -6.902412807365181
v -2.052429364234115 6.292276323049805 -6.908955628226977
v -2.031684354027391 6.27768119003332 -6.494919660413871
v -2.052429364234115 6.292276323049805 -6.908955628226977
v -2.052429364234115 6.292276323049805 -6.494919660413871
v -2.08870349867874 6.246230036688019 -6.908955628226977
v -2.0691727506092548 6.221904119764076 -6.902412807365181
v -2.097563182438705 6.179666823673642 -6.885396804544143
v -2.08870349867874 6.246230036688019 -6.908955628226977
v -2.097563182438705 6.179666823673642 -6.885396804544143
v -2.1161731706799856 6.211359916989636 -6.89138523148722
v -1.1416851253339075 5.989170903516822 -6.908955628226977
v -1.2215641757068738 6.133409361259851 -6.908955628226977
v -1.2075789221607067 6.174101682925368 -6.876970016979612
v -1.1416851253339075 5.989170903516822 -6.908955628226977
v -1.2075789221607067 6.174101682925368 -6.876970016979612
v -1.0904466209221084 6.006563467444437 -6.876970016979612
v -1.0792695634864344 5.816817352627822 -6.908955628226977
v -1.1416851253339075 5.989170903516822 -6.908955628226977
v -1.0904466209221084 6.006563467444437 -6.876970016979612
v -1.0792695634864344 5.816817352627822 -6.908955628226977
v -1.0904466209221084 6.006563467444437 -6.876970016979612
v -1.0098402876048738 5.8012075317170115 -6.876970016979612
v -1.0792695634864344 5.816817352627822 -6.48272688468569
v -1.0792695634864344 5.816817352627822 -6.908955628226977
v -1.0098402876048738 5.8012075317170115 -6.876970016979612
v -1.0792695634864344 5.816817352627822 -6.48272688468569
v -1.0098402876048738 5.8012075317170115 -6.876970016979612
v -1.0098402876048738 5.8012075317170115 -6.514689153031213
v -1.0098402876048738 5.8012075317170115 -6.514689153031213
v -1.0904466209221084 6.006563467444437 -6.514689153031213
v -1.1416851253339075 5.989170903516822 -6.48272688468569
v -1.0098402876048738 5.8012075317170115 -6.514689153031213
v -1.1416851253339075 5.989170903516822 -6.48272688468569
v -1.0792695634864344 5.816817352627822 -6.48272688468569
v -1.0904466209221084 6.006563467444437 -6.514689153031213
v -1.2075789221607067 6.174101682925368 -6.514689153031213
v -1.2215641757068738 6.133409361259851 -6.494919660413871
v -1.0904466209221084 6.006563467444437 -6.514689153031213
v -1.2215641757068738 6.133409361259851 -6.494919660413871
v -1.1416851253339075 5.989170903516822 -6.48272688468569
v -1.285535845937119 6.272236497848041 -6.514689153031213
v -1.3104419745106952 6.246230036688019 -6.494919660413871
v -1.282971999095622 6.211359916989636 -6.512489084532717
v -1.285535845937119 6.272236497848041 -6.514689153031213
v -1.282971999095622 6.211359916989636 -6.512489084532717
v -1.2614411470759421 6.241904838289543 -6.530581778701162
v -1.346716311231205 6.292276323049805 -6.908955628226977
v -1.346716311231205 6.292276323049805 -6.494919660413871
v -1.3173526289814106 6.312289555711686 -6.514689153031213
v -1.346716311231205 6.292276323049805 -6.908955628226977
v -1.3173526289814106 6.312289555711686 -6.514689153031213
v -1.3173526289814106 6.312289555711686 -6.876970016979612
v -1.2614411470759421 6.241904838289543 -6.8621146915102145
v -1.282971999095622 6.211359916989636 -6.89138523148722
v -1.3104419745106952 6.246230036688019 -6.908955628226977
v -1.2614411470759421 6.241904838289543 -6.8621146915102145
v -1.3104419745106952 6.246230036688019 -6.908955628226977
v -1.285535845937119 6.272236497848041 -6.876970016979612
v -2.1610270390598316 6.085244535887455 -6.8805915709381225
v -1.9306194331564939 5.962655534142584 -6.8805915709381225
v -1.9306194331564939 5.962655534142584 -6.516740410530474
v -2.1610270390598316 6.085244535887455 -6.8805915709381225
v -1.9306194331564939 5.962655534142584 -6.516740410530474
v -2.1610270390598316 6.085244535887455 -6.516740410530474
v -2.0691727506092548 6.221904119764076 -6.902412807365181
v -1.833084226477638 6.122736367164805 -6.902412807365181
v -1.8632304129882868 6.073259643158224 -6.885396804544143
v -2.0691727506092548 6.221904119764076 -6.902412807365181
v -1.8632304129882868 6.073259643158224 -6.885396804544143
v -2.097563182438705 6.179666823673642 -6.885396804544143
v -2.031684354027391 6.27768119003332 -6.494919660413871
v -1.7932767368750433 6.188071109121097 -6.494919660413871
v -1.7932767368750433 6.188071109121097 -6.902412807365181
v -2.031684354027391 6.27768119003332 -6.494919660413871
v -1.7932767368750433 6.188071109121097 -6.902412807365181
v -2.031684354027391 6.27768119003332 -6.902412807365181
v -2.097563182438705 6.179666823673642 -6.512489084532717
v -1.8632304129882868 6.073259643158224 -6.512489084532717
v -1.833084226477638 6.122736367164805 -6.494919660413871
v -2.097563182438705 6.179666823673642 -6.512489084532717
v -1.833084226477638 6.122736367164805 -6.494919660413871
v -2.0691727506092548 6.221904119764076 -6.494919660413871
v -1.699572635456775 5.8397270864474535 -6.516740410530474
v -1.699572635456775 5.8397270864474535 -6.8805915709381225
v -1.4685260400329412 5.962655534142584 -6.8805915709381225
v -1.699572635456775 5.8397270864474535 -6.516740410530474
v -1.4685260400329412 5.962655534142584 -6.8805915709381225
v -1.4685260400329412 5.962655534142584 -6.516740410530474
v -1.5359151613390907 6.073259643158224 -6.885396804544143
v -1.699572635456775 6.005838690377061 -6.885396804544143
v -1.699572635456775 6.080147110987696 -6.902412807365181
v -1.5359151613390907 6.073259643158224 -6.885396804544143
v -1.699572635456775 6.080147110987696 -6.902412807365181
v -1.5660608421600273 6.122736367164805 -6.902412807365181
v -1.699572635456775 6.178269411773954 -6.902412807365181
v -1.699572635456775 6.178269411773954 -6.494919660413871
v -1.605868331762622 6.188071109121097 -6.494919660413871
v -1.699572635456775 6.178269411773954 -6.902412807365181
v -1.605868331762622 6.188071109121097 -6.494919660413871
v -1.605868331762622 6.188071109121097 -6.902412807365181
v -1.5660608421600273 6.122736367164805 -6.494919660413871
v -1.699572635456775 6.080147110987696 -6.494919660413871
v -1.699572635456775 6.005838690377061 -6.512489084532717
v -1.5660608421600273 6.122736367164805 -6.494919660413871
v -1.699572635456775 6.005838690377061 -6.512489084532717
v -1.5359151613390907 6.073259643158224 -6.512489084532717
v -2.1195372209222683 6.14697364228914 -6.494919660413871
v -1.8865631385909296 6.034965342883254 -6.494919660413871
v -1.8632304129882868 6.073259643158224 -6.512489084532717
v -2.1195372209222683 6.14697364228914 -6.494919660413871
v -1.8632304129882868 6.073259643158224 -6.512489084532717
v -2.097563182438705 6.179666823673642 -6.512489084532717
v -1.699572635456775 6.005838690377061 -6.512489084532717
v -1.8632304129882868 6.073259643158224 -6.512489084532717
v -1.8865631385909296 6.034965342883254 -6.494919660413871
v -1.699572635456775 6.005838690377061 -6.512489084532717
v -1.8865631385909296 6.034965342883254 -6.494919660413871
v -1.699572635456775 5.9483237194131675 -6.494919660413871
v -1.5359151613390907 6.073259643158224 -6.512489084532717
v -1.699572635456775 6.005838690377061 -6.512489084532717
v -1.699572635456775 5.9483237194131675 -6.494919660413871
v -1.5359151613390907 6.073259643158224 -6.512489084532717
v -1.699572635456775 5.9483237194131675 -6.494919660413871
v -1.512582435736448 6.034965342883254 -6.494919660413871
v -1.301582088474845 6.179666823673642 -6.512489084532717
v -1.5359151613390907 6.073259643158224 -6.512489084532717
v -1.512582435736448 6.034965342883254 -6.494919660413871
v -1.301582088474845 6.179666823673642 -6.512489084532717
v -1.512582435736448 6.034965342883254 -6.494919660413871
v -1.2796083534051093 6.14697364228914 -6.494919660413871
v -1.282971999095622 6.211359916989636 -6.512489084532717
v -1.301582088474845 6.179666823673642 -6.512489084532717
v -1.2796083534051093 6.14697364228914 -6.494919660413871
v -1.282971999095622 6.211359916989636 -6.512489084532717
v -1.2796083534051093 6.14697364228914 -6.494919660413871
v -1.2617101740029 6.184370574698676 -6.494919660413871
v -1.2614411470759421 6.241904838289543 -6.530581778701162
v -1.282971999095622 6.211359916989636 -6.512489084532717
v -1.2617101740029 6.184370574698676 -6.494919660413871
v -1.2614411470759421 6.241904838289543 -6.530581778701162
v -1.2617101740029 6.184370574698676 -6.494919660413871
v -1.242791917312985 6.2184298826418285 -6.514689153031213
v -1.2395141377356254 6.282062702045664 -6.512489084532717
v -1.2614411470759421 6.241904838289543 -6.530581778701162
v -1.242791917312985 6.2184298826418285 -6.514689153031213
v -1.2395141377356254 6.282062702045664 -6.512489084532717
v -1.242791917312985 6.2184298826418285 -6.514689153031213
v -1.2230346202523776 6.263923982734298 -6.494919660413871
v -1.2058310562390204 6.325353271284371 -6.530581778701162
v -1.2395141377356254 6.282062702045664 -6.512489084532717
v -1.2230346202523776 6.263923982734298 -6.494919660413871
v -1.2058310562390204 6.325353271284371 -6.530581778701162
v -1.2230346202523776 6.263923982734298 -6.494919660413871
v -1.1919293426333297 6.308575464308149 -6.514689153031213
v -1.1849533530517817 6.362269973708976 -6.512489084532717
v -1.2058310562390204 6.325353271284371 -6.530581778701162
v -1.1919293426333297 6.308575464308149 -6.514689153031213
v -1.1849533530517817 6.362269973708976 -6.512489084532717
v -1.1919293426333297 6.308575464308149 -6.514689153031213
v -1.175541557263898 6.347296288065934 -6.494919660413871
v -1.136643297764067 6.434568832580283 -6.512489570843172
v -1.1849533530517817 6.362269973708976 -6.512489084532717
v -1.175541557263898 6.347296288065934 -6.494919660413871
v -1.136643297764067 6.434568832580283 -6.512489570843172
v -1.175541557263898 6.347296288065934 -6.494919660413871
v -1.1372945249756015 6.413951271414021 -6.494919660413871
v -1.1372945249756015 6.413951271414021 -6.494919660413871
v -1.1372945249756015 6.413951271414021 -6.902412807365181
v -1.136643297764067 6.434568832580283 -6.885396804544143
v -1.1372945249756015 6.413951271414021 -6.494919660413871
v -1.136643297764067 6.434568832580283 -6.885396804544143
v -1.136643297764067 6.434568832580283 -6.512489570843172
v -1.1372945249756015 6.413951271414021 -6.902412807365181
v -1.175541557263898 6.347296288065934 -6.908955628226977
v -1.1849533530517817 6.362269973708976 -6.89138523148722
v -1.1372945249756015 6.413951271414021 -6.902412807365181
v -1.1849533530517817 6.362269973708976 -6.89138523148722
v -1.136643297764067 6.434568832580283 -6.885396804544143
v -1.175541557263898 6.347296288065934 -6.908955628226977
v -1.1919293426333297 6.308575464308149 -6.876970016979612
v -1.2058310562390204 6.325353271284371 -6.8621146915102145
v -1.175541557263898 6.347296288065934 -6.908955628226977
v -1.2058310562390204 6.325353271284371 -6.8621146915102145
v -1.1849533530517817 6.362269973708976 -6.89138523148722
v -1.1919293426333297 6.308575464308149 -6.876970016979612
v -1.2230346202523776 6.263923982734298 -6.908955628226977
v -1.2395141377356254 6.282062702045664 -6.89138523148722
v -1.1919293426333297 6.308575464308149 -6.876970016979612
v -1.2395141377356254 6.282062702045664 -6.89138523148722
v -1.2058310562390204 6.325353271284371 -6.8621146915102145
v -1.2230346202523776 6.263923982734298 -6.908955628226977
v -1.242791917312985 6.2184298826418285 -6.876970016979612
v -1.2614411470759421 6.241904838289543 -6.8621146915102145
v -1.2230346202523776 6.263923982734298 -6.908955628226977
v -1.2614411470759421 6.241904838289543 -6.8621146915102145
v -1.2395141377356254 6.282062702045664 -6.89138523148722
v -1.242791917312985 6.2184298826418285 -6.876970016979612
v -1.2617101740029 6.184370574698676 -6.908955628226977
v -1.282971999095622 6.211359916989636 -6.89138523148722
v -1.242791917312985 6.2184298826418285 -6.876970016979612
v -1.282971999095622 6.211359916989636 -6.89138523148722
v -1.2614411470759421 6.241904838289543 -6.8621146915102145
v -1.2617101740029 6.184370574698676 -6.908955628226977
v -1.2796083534051093 6.14697364228914 -6.902412807365181
v -1.301582088474845 6.179666823673642 -6.885396804544143
v -1.2617101740029 6.184370574698676 -6.908955628226977
v -1.301582088474845 6.179666823673642 -6.885396804544143
v -1.282971999095622 6.211359916989636 -6.89138523148722
v -1.2796083534051093 6.14697364228914 -6.902412807365181
v -1.512582435736448 6.034965342883254 -6.902412807365181
v -1.5359151613390907 6.073259643158224 -6.885396804544143
v -1.2796083534051093 6.14697364228914 -6.902412807365181
v -1.5359151613390907 6.073259643158224 -6.885396804544143
v -1.301582088474845 6.179666823673642 -6.885396804544143
v -1.512582435736448 6.034965342883254 -6.902412807365181
v -1.699572635456775 5.9483237194131675 -6.902412807365181
v -1.699572635456775 6.005838690377061 -6.885396804544143
v -1.512582435736448 6.034965342883254 -6.902412807365181
v -1.699572635456775 6.005838690377061 -6.885396804544143
v -1.5359151613390907 6.073259643158224 -6.885396804544143
v -1.699572635456775 5.9483237194131675 -6.902412807365181
v -1.8865631385909296 6.034965342883254 -6.902412807365181
v -1.8632304129882868 6.073259643158224 -6.885396804544143
v -1.699572635456775 5.9483237194131675 -6.902412807365181
v -1.8632304129882868 6.073259643158224 -6.885396804544143
v -1.699572635456775 6.005838690377061 -6.885396804544143
v -2.097563182438705 6.179666823673642 -6.885396804544143
v -1.8632304129882868 6.073259643158224 -6.885396804544143
v -1.8865631385909296 6.034965342883254 -6.902412807365181
v -2.097563182438705 6.179666823673642 -6.885396804544143
v -1.8865631385909296 6.034965342883254 -6.902412807365181
v -2.1195372209222683 6.14697364228914 -6.902412807365181
v -2.1161731706799856 6.211359916989636 -6.89138523148722
v -2.097563182438705 6.179666823673642 -6.885396804544143
v -2.1195372209222683 6.14697364228914 -6.902412807365181
v -2.1161731706799856 6.211359916989636 -6.89138523148722
v -2.1195372209222683 6.14697364228914 -6.902412807365181
v -2.1374347934968227 6.184370574698676 -6.908955628226977
v -2.1377040226996655 6.241904838289543 -6.8621146915102145
v -2.1161731706799856 6.211359916989636 -6.89138523148722
v -2.1374347934968227 6.184370574698676 -6.908955628226977
v -2.1377040226996655 6.241904838289543 -6.8621146915102145
v -2.1374347934968227 6.184370574698676 -6.908955628226977
v -2.1563538592902773 6.2184298826418285 -6.876970016979612
v -2.1596311331779248 6.282062702045664 -6.89138523148722
v -2.1377040226996655 6.241904838289543 -6.8621146915102145
v -2.1563538592902773 6.2184298826418285 -6.876970016979612
v -2.1596311331779248 6.282062702045664 -6.89138523148722
v -2.1563538592902773 6.2184298826418285 -6.876970016979612
v -2.176111156350885 6.263923982734298 -6.908955628226977
v -2.1933139112607023 6.325353271284371 -6.8621146915102145
v -2.1596311331779248 6.282062702045664 -6.89138523148722
v -2.176111156350885 6.263923982734298 -6.908955628226977
v -2.1933139112607023 6.325353271284371 -6.8621146915102145
v -2.176111156350885 6.263923982734298 -6.908955628226977
v -2.2072161305561053 6.308575464308149 -6.876970016979612
v -2.214191816723826 6.362269973708976 -6.89138523148722
v -2.1933139112607023 6.325353271284371 -6.8621146915102145
v -2.2072161305561053 6.308575464308149 -6.876970016979612
v -2.214191816723826 6.362269973708976 -6.89138523148722
v -2.2072161305561053 6.308575464308149 -6.876970016979612
v -2.223604118201422 6.347296288065934 -6.908955628226977
v -2.262502377701253 6.434568832580283 -6.885396804544143
v -2.214191816723826 6.362269973708976 -6.89138523148722
v -2.223604118201422 6.347296288065934 -6.908955628226977
v -2.262502377701253 6.434568832580283 -6.885396804544143
v -2.223604118201422 6.347296288065934 -6.908955628226977
v -2.261851251627661 6.413951271414021 -6.902412807365181
v -2.261851251627661 6.413951271414021 -6.902412807365181
v -2.261851251627661 6.413951271414021 -6.494919660413871
v -2.262502377701253 6.434568832580283 -6.512489570843172
v -2.261851251627661 6.413951271414021 -6.902412807365181
v -2.262502377701253 6.434568832580283 -6.512489570843172
v -2.262502377701253 6.434568832580283 -6.885396804544143
v -2.261851251627661 6.413951271414021 -6.494919660413871
v -2.223604118201422 6.347296288065934 -6.494919660413871
v -2.214191816723826 6.362269973708976 -6.512489084532717
v -2.261851251627661 6.413951271414021 -6.494919660413871
v -2.214191816723826 6.362269973708976 -6.512489084532717
v -2.262502377701253 6.434568832580283 -6.512489570843172
v -2.223604118201422 6.347296288065934 -6.494919660413871
v -2.2072161305561053 6.308575464308149 -6.514689153031213
v -2.1933139112607023 6.325353271284371 -6.530581778701162
v -2.223604118201422 6.347296288065934 -6.494919660413871
v -2.1933139112607023 6.325353271284371 -6.530581778701162
v -2.214191816723826 6.362269973708976 -6.512489084532717
v -2.2072161305561053 6.308575464308149 -6.514689153031213
v -2.176110347247345 6.263923982734298 -6.494919660413871
v -2.1596311331779248 6.282062702045664 -6.512489084532717
v -2.2072161305561053 6.308575464308149 -6.514689153031213
v -2.1596311331779248 6.282062702045664 -6.512489084532717
v -2.1933139112607023 6.325353271284371 -6.530581778701162
v -2.176110347247345 6.263923982734298 -6.494919660413871
v -2.1563536570143924 6.2184298826418285 -6.514689153031213
v -2.1377040226996655 6.241904838289543 -6.530581778701162
v -2.176110347247345 6.263923982734298 -6.494919660413871
v -2.1377040226996655 6.241904838289543 -6.530581778701162
v -2.1596311331779248 6.282062702045664 -6.512489084532717
v -2.1563536570143924 6.2184298826418285 -6.514689153031213
v -2.1374347934968227 6.184370574698676 -6.494919660413871
v -2.1161731706799856 6.211359916989636 -6.512489084532717
v -2.1563536570143924 6.2184298826418285 -6.514689153031213
v -2.1161731706799856 6.211359916989636 -6.512489084532717
v -2.1377040226996655 6.241904838289543 -6.530581778701162
v -2.1374347934968227 6.184370574698676 -6.494919660413871
v -2.1195372209222683 6.14697364228914 -6.494919660413871
v -2.097563182438705 6.179666823673642 -6.512489084532717
v -2.1374347934968227 6.184370574698676 -6.494919660413871
v -2.097563182438705 6.179666823673642 -6.512489084532717
v -2.1161731706799856 6.211359916989636 -6.512489084532717
v -2.031684354027391 6.27768119003332 -6.902412807365181
v -1.7932767368750433 6.188071109121097 -6.902412807365181
v -1.833084226477638 6.122736367164805 -6.902412807365181
v -2.031684354027391 6.27768119003332 -6.902412807365181
v -1.833084226477638 6.122736367164805 -6.902412807365181
v -2.0691727506092548 6.221904119764076 -6.902412807365181
v -1.699572635456775 6.080147110987696 -6.902412807365181
v -1.833084226477638 6.122736367164805 -6.902412807365181
v -1.7932767368750433 6.188071109121097 -6.902412807365181
v -1.699572635456775 6.080147110987696 -6.902412807365181
v -1.7932767368750433 6.188071109121097 -6.902412807365181
v -1.699572635456775 6.178269411773954 -6.902412807365181
v -1.5660608421600273 6.122736367164805 -6.902412807365181
v -1.699572635456775 6.080147110987696 -6.902412807365181
v -1.699572635456775 6.178269411773954 -6.902412807365181
v -1.5660608421600273 6.122736367164805 -6.902412807365181
v -1.699572635456775 6.178269411773954 -6.902412807365181
v -1.605868331762622 6.188071109121097 -6.902412807365181
v -1.329972419166353 6.221904119764076 -6.902412807365181
v -1.5660608421600273 6.122736367164805 -6.902412807365181
v -1.605868331762622 6.188071109121097 -6.902412807365181
v -1.329972419166353 6.221904119764076 -6.902412807365181
v -1.605868331762622 6.188071109121097 -6.902412807365181
v -1.3674614225758717 6.27768119003332 -6.902412807365181
v -1.3104419745106952 6.246230036688019 -6.908955628226977
v -1.329972419166353 6.221904119764076 -6.902412807365181
v -1.3674614225758717 6.27768119003332 -6.902412807365181
v -1.3104419745106952 6.246230036688019 -6.908955628226977
v -1.3674614225758717 6.27768119003332 -6.902412807365181
v -1.346716311231205 6.292276323049805 -6.908955628226977
v -1.285535845937119 6.272236497848041 -6.876970016979612
v -1.3104419745106952 6.246230036688019 -6.908955628226977
v -1.346716311231205 6.292276323049805 -6.908955628226977
v -1.285535845937119 6.272236497848041 -6.876970016979612
v -1.346716311231205 6.292276323049805 -6.908955628226977
v -1.3173526289814106 6.312289555711686 -6.876970016979612
v -1.2608054951075474 6.30549750817238 -6.908955628226977
v -1.285535845937119 6.272236497848041 -6.876970016979612
v -1.3173526289814106 6.312289555711686 -6.876970016979612
v -1.2608054951075474 6.30549750817238 -6.908955628226977
v -1.3173526289814106 6.312289555711686 -6.876970016979612
v -1.2889207305955495 6.33644288183757 -6.908955628226977
v -1.223792345717328 6.347031405511814 -6.876970016979612
v -1.2608054951075474 6.30549750817238 -6.908955628226977
v -1.2889207305955495 6.33644288183757 -6.908955628226977
v -1.223792345717328 6.347031405511814 -6.876970016979612
v -1.2889207305955495 6.33644288183757 -6.908955628226977
v -1.2475099011910515 6.3756564497167005 -6.876970016979612
v -1.197113269012334 6.381616307184402 -6.908955628226977
v -1.223792345717328 6.347031405511814 -6.876970016979612
v -1.2475099011910515 6.3756564497167005 -6.876970016979612
v -1.197113269012334 6.381616307184402 -6.908955628226977
v -1.2475099011910515 6.3756564497167005 -6.876970016979612
v -1.2131708389996163 6.407162352408818 -6.908955628226977
v -1.1358019312206977 6.461207257629269 -6.902412807365181
v -1.197113269012334 6.381616307184402 -6.908955628226977
v -1.2131708389996163 6.407162352408818 -6.908955628226977
v -1.1358019312206977 6.461207257629269 -6.902412807365181
v -1.2131708389996163 6.407162352408818 -6.908955628226977
v -1.1346908297847733 6.496382930825121 -6.902412807365181
v -1.1358019312206977 6.461207257629269 -6.494919660413871
v -1.1358019312206977 6.461207257629269 -6.902412807365181
v -1.1346908297847733 6.496382930825121 -6.902412807365181
v -1.1358019312206977 6.461207257629269 -6.494919660413871
v -1.1346908297847733 6.496382930825121 -6.902412807365181
v -1.1346908297847733 6.496382930825121 -6.494919660413871
v -1.2131708389996163 6.407162352408818 -6.494919660413871
v -1.197113269012334 6.381616307184402 -6.494919660413871
v -1.1358019312206977 6.461207257629269 -6.494919660413871
v -1.2131708389996163 6.407162352408818 -6.494919660413871
v -1.1358019312206977 6.461207257629269 -6.494919660413871
v -1.1346908297847733 6.496382930825121 -6.494919660413871
v -1.2475099011910515 6.3756564497167005 -6.514689153031213
v -1.223792345717328 6.347031405511814 -6.514689153031213
v -1.197113269012334 6.381616307184402 -6.494919660413871
v -1.2475099011910515 6.3756564497167005 -6.514689153031213
v -1.197113269012334 6.381616307184402 -6.494919660413871
v -1.2131708389996163 6.407162352408818 -6.494919660413871
v -1.2889207305955495 6.33644288183757 -6.494919660413871
v -1.2608054951075474 6.30549750817238 -6.494919660413871
v -1.223792345717328 6.347031405511814 -6.514689153031213
v -1.2889207305955495 6.33644288183757 -6.494919660413871
v -1.223792345717328 6.347031405511814 -6.514689153031213
v -1.2475099011910515 6.3756564497167005 -6.514689153031213
v -1.3173526289814106 6.312289555711686 -6.514689153031213
v -1.285535845937119 6.272236497848041 -6.514689153031213
v -1.2608054951075474 6.30549750817238 -6.494919660413871
v -1.3173526289814106 6.312289555711686 -6.514689153031213
v -1.2608054951075474 6.30549750817238 -6.494919660413871
v -1.2889207305955495 6.33644288183757 -6.494919660413871
v -1.346716311231205 6.292276323049805 -6.494919660413871
v -1.3104419745106952 6.246230036688019 -6.494919660413871
v -1.285535845937119 6.272236497848041 -6.514689153031213
v -1.346716311231205 6.292276323049805 -6.494919660413871
v -1.285535845937119 6.272236497848041 -6.514689153031213
v -1.3173526289814106 6.312289555711686 -6.514689153031213
v -1.3674614225758717 6.27768119003332 -6.494919660413871
v -1.329972419166353 6.221904119764076 -6.494919660413871
v -1.3104419745106952 6.246230036688019 -6.494919660413871
v -1.3674614225758717 6.27768119003332 -6.494919660413871
v -1.3104419745106952 6.246230036688019 -6.494919660413871
v -1.346716311231205 6.292276323049805 -6.494919660413871
v -1.605868331762622 6.188071109121097 -6.494919660413871
v -1.5660608421600273 6.122736367164805 -6.494919660413871
v -1.329972419166353 6.221904119764076 -6.494919660413871
v -1.605868331762622 6.188071109121097 -6.494919660413871
v -1.329972419166353 6.221904119764076 -6.494919660413871
v -1.3674614225758717 6.27768119003332 -6.494919660413871
v -1.699572635456775 6.178269411773954 -6.494919660413871
v -1.699572635456775 6.080147110987696 -6.494919660413871
v -1.5660608421600273 6.122736367164805 -6.494919660413871
v -1.699572635456775 6.178269411773954 -6.494919660413871
v -1.5660608421600273 6.122736367164805 -6.494919660413871
v -1.605868331762622 6.188071109121097 -6.494919660413871
v -1.7932767368750433 6.188071109121097 -6.494919660413871
v -1.833084226477638 6.122736367164805 -6.494919660413871
v -1.699572635456775 6.080147110987696 -6.494919660413871
v -1.7932767368750433 6.188071109121097 -6.494919660413871
v -1.699572635456775 6.080147110987696 -6.494919660413871
v -1.699572635456775 6.178269411773954 -6.494919660413871
v -2.0691727506092548 6.221904119764076 -6.494919660413871
v -1.833084226477638 6.122736367164805 -6.494919660413871
v -1.7932767368750433 6.188071109121097 -6.494919660413871
v -2.0691727506092548 6.221904119764076 -6.494919660413871
v -1.7932767368750433 6.188071109121097 -6.494919660413871
v -2.031684354027391 6.27768119003332 -6.494919660413871
v -2.08870349867874 6.246230036688019 -6.494919660413871
v -2.0691727506092548 6.221904119764076 -6.494919660413871
v -2.031684354027391 6.27768119003332 -6.494919660413871
v -2.08870349867874 6.246230036688019 -6.494919660413871
v -2.031684354027391 6.27768119003332 -6.494919660413871
v -2.052429364234115 6.292276323049805 -6.494919660413871
v -2.1136099306661436 6.272236497848041 -6.514689153031213
v -2.08870349867874 6.246230036688019 -6.494919660413871
v -2.052429364234115 6.292276323049805 -6.494919660413871
v -2.1136099306661436 6.272236497848041 -6.514689153031213
v -2.052429364234115 6.292276323049805 -6.494919660413871
v -2.081792743070082 6.312289555711686 -6.514689153031213
v -2.1383401803577726 6.30549750817238 -6.494919660413871
v -2.1136099306661436 6.272236497848041 -6.514689153031213
v -2.081792743070082 6.312289555711686 -6.514689153031213
v -2.1383401803577726 6.30549750817238 -6.494919660413871
v -2.081792743070082 6.312289555711686 -6.514689153031213
v -2.110224641455943 6.33644288183757 -6.494919660413871
v -2.1753534308859344 6.347031405511814 -6.514689153031213
v -2.1383401803577726 6.30549750817238 -6.494919660413871
v -2.110224641455943 6.33644288183757 -6.494919660413871
v -2.1753534308859344 6.347031405511814 -6.514689153031213
v -2.110224641455943 6.33644288183757 -6.494919660413871
v -2.1516355719983835 6.3756564497167005 -6.514689153031213
v -2.202032001901216 6.381616307184402 -6.494919660413871
v -2.1753534308859344 6.347031405511814 -6.514689153031213
v -2.1516355719983835 6.3756564497167005 -6.514689153031213
v -2.202032001901216 6.381616307184402 -6.494919660413871
v -2.1516355719983835 6.3756564497167005 -6.514689153031213
v -2.185974735327761 6.407162352408818 -6.494919660413871
v -2.26334323855491 6.461207257629269 -6.494919660413871
v -2.202032001901216 6.381616307184402 -6.494919660413871
v -2.185974735327761 6.407162352408818 -6.494919660413871
v -2.26334323855491 6.461207257629269 -6.494919660413871
v -2.185974735327761 6.407162352408818 -6.494919660413871
v -2.264454744542604 6.496382930825121 -6.494919660413871
v -2.26334323855491 6.461207257629269 -6.902412807365181
v -2.26334323855491 6.461207257629269 -6.494919660413871
v -2.264454744542604 6.496382930825121 -6.494919660413871
v -2.26334323855491 6.461207257629269 -6.902412807365181
v -2.264454744542604 6.496382930825121 -6.494919660413871
v -2.264454744542604 6.496382930825121 -6.902412807365181
v -2.185974735327761 6.407162352408818 -6.908955628226977
v -2.202032001901216 6.381616307184402 -6.908955628226977
v -2.26334323855491 6.461207257629269 -6.902412807365181
v -2.185974735327761 6.407162352408818 -6.908955628226977
v -2.26334323855491 6.461207257629269 -6.902412807365181
v -2.264454744542604 6.496382930825121 -6.902412807365181
v -2.1516355719983835 6.3756564497167005 -6.876970016979612
v -2.1753534308859344 6.347031405511814 -6.876970016979612
v -2.202032001901216 6.381616307184402 -6.908955628226977
v -2.1516355719983835 6.3756564497167005 -6.876970016979612
v -2.202032001901216 6.381616307184402 -6.908955628226977
v -2.185974735327761 6.407162352408818 -6.908955628226977
v -2.110224641455943 6.33644288183757 -6.908955628226977
v -2.1383401803577726 6.30549750817238 -6.908955628226977
v -2.1753534308859344 6.347031405511814 -6.876970016979612
v -2.110224641455943 6.33644288183757 -6.908955628226977
v -2.1753534308859344 6.347031405511814 -6.876970016979612
v -2.1516355719983835 6.3756564497167005 -6.876970016979612
v -2.081792743070082 6.312289555711686 -6.876970016979612
v -2.1136099306661436 6.272236497848041 -6.876970016979612
v -2.1383401803577726 6.30549750817238 -6.908955628226977
v -2.081792743070082 6.312289555711686 -6.876970016979612
v -2.1383401803577726 6.30549750817238 -6.908955628226977
v -2.110224641455943 6.33644288183757 -6.908955628226977
v -2.052429364234115 6.292276323049805 -6.908955628226977
v -2.08870349867874 6.246230036688019 -6.908955628226977
v -2.1136099306661436 6.272236497848041 -6.876970016979612
v -2.052429364234115 6.292276323049805 -6.908955628226977
v -2.1136099306661436 6.272236497848041 -6.876970016979612
v -2.081792743070082 6.312289555711686 -6.876970016979612
v -2.031684354027391 6.27768119003332 -6.902412807365181
v -2.0691727506092548 6.221904119764076 -6.902412807365181
v -2.08870349867874 6.246230036688019 -6.908955628226977
v -2.031684354027391 6.27768119003332 -6.902412807365181
v -2.08870349867874 6.246230036688019 -6.908955628226977
v -2.052429364234115 6.292276323049805 -6.908955628226977
v -2.1610270390598316 6.085244535887455 -6.516740410530474
v -1.9306194331564939 5.962655534142584 -6.516740410530474
v -1.8865631385909296 6.034965342883254 -6.494919660413871
v -2.1610270390598316 6.085244535887455 -6.516740410530474
v -1.8865631385909296 6.034965342883254 -6.494919660413871
v -2.1195372209222683 6.14697364228914 -6.494919660413871
v -1.699572635456775 5.9483237194131675 -6.494919660413871
v -1.8865631385909296 6.034965342883254 -6.494919660413871
v -1.9306194331564939 5.962655534142584 -6.516740410530474
v -1.699572635456775 5.9483237194131675 -6.494919660413871
v -1.9306194331564939 5.962655534142584 -6.516740410530474
v -1.699572635456775 5.8397270864474535 -6.516740410530474
v -1.512582435736448 6.034965342883254 -6.494919660413871
v -1.699572635456775 5.9483237194131675 -6.494919660413871
v -1.699572635456775 5.8397270864474535 -6.516740410530474
v -1.512582435736448 6.034965342883254 -6.494919660413871
v -1.699572635456775 5.8397270864474535 -6.516740410530474
v -1.4685260400329412 5.962655534142584 -6.516740410530474
v -1.2796083534051093 6.14697364228914 -6.494919660413871
v -1.512582435736448 6.034965342883254 -6.494919660413871
v -1.4685260400329412 5.962655534142584 -6.516740410530474
v -1.2796083534051093 6.14697364228914 -6.494919660413871
v -1.4685260400329412 5.962655534142584 -6.516740410530474
v -1.238117928439891 6.085244535887455 -6.516740410530474
v -1.2617101740029 6.184370574698676 -6.494919660413871
v -1.2796083534051093 6.14697364228914 -6.494919660413871
v -1.238117928439891 6.085244535887455 -6.516740410530474
v -1.2617101740029 6.184370574698676 -6.494919660413871
v -1.238117928439891 6.085244535887455 -6.516740410530474
v -1.2215641757068738 6.133409361259851 -6.494919660413871
v -1.242791917312985 6.2184298826418285 -6.514689153031213
v -1.2617101740029 6.184370574698676 -6.494919660413871
v -1.2215641757068738 6.133409361259851 -6.494919660413871
v -1.242791917312985 6.2184298826418285 -6.514689153031213
v -1.2215641757068738 6.133409361259851 -6.494919660413871
v -1.2075789221607067 6.174101682925368 -6.514689153031213
v -1.2230346202523776 6.263923982734298 -6.494919660413871
v -1.242791917312985 6.2184298826418285 -6.514689153031213
v -1.2075789221607067 6.174101682925368 -6.514689153031213
v -1.2230346202523776 6.263923982734298 -6.494919660413871
v -1.2075789221607067 6.174101682925368 -6.514689153031213
v -1.191918520873486 6.2296748770555155 -6.494919660413871
v -1.1919293426333297 6.308575464308149 -6.514689153031213
v -1.2230346202523776 6.263923982734298 -6.494919660413871
v -1.191918520873486 6.2296748770555155 -6.494919660413871
v -1.1919293426333297 6.308575464308149 -6.514689153031213
v -1.191918520873486 6.2296748770555155 -6.494919660413871
v -1.1656803044596984 6.27689488512857 -6.514689153031213
v -1.175541557263898 6.347296288065934 -6.494919660413871
v -1.1919293426333297 6.308575464308149 -6.514689153031213
v -1.1656803044596984 6.27689488512857 -6.514689153031213
v -1.175541557263898 6.347296288065934 -6.494919660413871
v -1.1656803044596984 6.27689488512857 -6.514689153031213
v -1.1577703059794828 6.319023725370073 -6.494919660413871
v -1.1372945249756015 6.413951271414021 -6.494919660413871
v -1.175541557263898 6.347296288065934 -6.494919660413871
v -1.1577703059794828 6.319023725370073 -6.494919660413871
v -1.1372945249756015 6.413951271414021 -6.494919660413871
v -1.1577703059794828 6.319023725370073 -6.494919660413871
v -1.1385240589421528 6.3750208358712825 -6.494919660413871
v -1.1385240589421528 6.3750208358712825 -6.494919660413871
v -1.1385240589421528 6.3750208358712825 -6.902412807365181
v -1.1372945249756015 6.413951271414021 -6.902412807365181
v -1.1385240589421528 6.3750208358712825 -6.494919660413871
v -1.1372945249756015 6.413951271414021 -6.902412807365181
v -1.1372945249756015 6.413951271414021 -6.494919660413871
v -1.1577703059794828 6.319023725370073 -6.908955628226977
v -1.175541557263898 6.347296288065934 -6.908955628226977
v -1.1372945249756015 6.413951271414021 -6.902412807365181
v -1.1577703059794828 6.319023725370073 -6.908955628226977
v -1.1372945249756015 6.413951271414021 -6.902412807365181
v -1.1385240589421528 6.3750208358712825 -6.902412807365181
v -1.1656803044596984 6.27689488512857 -6.876970016979612
v -1.1919293426333297 6.308575464308149 -6.876970016979612
v -1.175541557263898 6.347296288065934 -6.908955628226977
v -1.1656803044596984 6.27689488512857 -6.876970016979612
v -1.175541557263898 6.347296288065934 -6.908955628226977
v -1.1577703059794828 6.319023725370073 -6.908955628226977
v -1.191918520873486 6.2296748770555155 -6.908955628226977
v -1.2230346202523776 6.263923982734298 -6.908955628226977
v -1.1919293426333297 6.308575464308149 -6.876970016979612
v -1.191918520873486 6.2296748770555155 -6.908955628226977
v -1.1919293426333297 6.308575464308149 -6.876970016979612
v -1.1656803044596984 6.27689488512857 -6.876970016979612
v -1.2075789221607067 6.174101682925368 -6.876970016979612
v -1.242791917312985 6.2184298826418285 -6.876970016979612
v -1.2230346202523776 6.263923982734298 -6.908955628226977
v -1.2075789221607067 6.174101682925368 -6.876970016979612
v -1.2230346202523776 6.263923982734298 -6.908955628226977
v -1.191918520873486 6.2296748770555155 -6.908955628226977
v -1.2215641757068738 6.133409361259851 -6.908955628226977
v -1.2617101740029 6.184370574698676 -6.908955628226977
v -1.242791917312985 6.2184298826418285 -6.876970016979612
v -1.2215641757068738 6.133409361259851 -6.908955628226977
v -1.242791917312985 6.2184298826418285 -6.876970016979612
v -1.2075789221607067 6.174101682925368 -6.876970016979612
v -1.238117928439891 6.085244535887455 -6.8805915709381225
v -1.2796083534051093 6.14697364228914 -6.902412807365181
v -1.2617101740029 6.184370574698676 -6.908955628226977
v -1.238117928439891 6.085244535887455 -6.8805915709381225
v -1.2617101740029 6.184370574698676 -6.908955628226977
v -1.2215641757068738 6.133409361259851 -6.908955628226977
v -1.4685260400329412 5.962655534142584 -6.8805915709381225
v -1.512582435736448 6.034965342883254 -6.902412807365181
v -1.2796083534051093 6.14697364228914 -6.902412807365181
v -1.4685260400329412 5.962655534142584 -6.8805915709381225
v -1.2796083534051093 6.14697364228914 -6.902412807365181
v -1.238117928439891 6.085244535887455 -6.8805915709381225
v -1.699572635456775 5.8397270864474535 -6.8805915709381225
v -1.699572635456775 5.9483237194131675 -6.902412807365181
v -1.512582435736448 6.034965342883254 -6.902412807365181
v -1.699572635456775 5.8397270864474535 -6.8805915709381225
v -1.512582435736448 6.034965342883254 -6.902412807365181
v -1.4685260400329412 5.962655534142584 -6.8805915709381225
v -1.9306194331564939 5.962655534142584 -6.8805915709381225
v -1.8865631385909296 6.034965342883254 -6.902412807365181
v -1.699572635456775 5.9483237194131675 -6.902412807365181
v -1.9306194331564939 5.962655534142584 -6.8805915709381225
v -1.699572635456775 5.9483237194131675 -6.902412807365181
v -1.699572635456775 5.8397270864474535 -6.8805915709381225
v -2.1195372209222683 6.14697364228914 -6.902412807365181
v -1.8865631385909296 6.034965342883254 -6.902412807365181
v -1.9306194331564939 5.962655534142584 -6.8805915709381225
v -2.1195372209222683 6.14697364228914 -6.902412807365181
v -1.9306194331564939 5.962655534142584 -6.8805915709381225
v -2.1610270390598316 6.085244535887455 -6.8805915709381225
v -2.1374347934968227 6.184370574698676 -6.908955628226977
v -2.1195372209222683 6.14697364228914 -6.902412807365181
v -2.1610270390598316 6.085244535887455 -6.8805915709381225
v -2.1374347934968227 6.184370574698676 -6.908955628226977
v -2.1610270390598316 6.085244535887455 -6.8805915709381225
v -2.177581499758446 6.133409361259851 -6.908955628226977
v -2.1563538592902773 6.2184298826418285 -6.876970016979612
v -2.1374347934968227 6.184370574698676 -6.908955628226977
v -2.177581499758446 6.133409361259851 -6.908955628226977
v -2.1563538592902773 6.2184298826418285 -6.876970016979612
v -2.177581499758446 6.133409361259851 -6.908955628226977
v -2.1915668544425557 6.174101682925368 -6.876970016979612
v -2.176111156350885 6.263923982734298 -6.908955628226977
v -2.1563538592902773 6.2184298826418285 -6.876970016979612
v -2.1915668544425557 6.174101682925368 -6.876970016979612
v -2.176111156350885 6.263923982734298 -6.908955628226977
v -2.1915668544425557 6.174101682925368 -6.876970016979612
v -2.2072266489021217 6.2296748770555155 -6.908955628226977
v -2.2072161305561053 6.308575464308149 -6.876970016979612
v -2.176111156350885 6.263923982734298 -6.908955628226977
v -2.2072266489021217 6.2296748770555155 -6.908955628226977
v -2.2072161305561053 6.308575464308149 -6.876970016979612
v -2.2072266489021217 6.2296748770555155 -6.908955628226977
v -2.233465067591794 6.27689488512857 -6.876970016979612
v -2.223604118201422 6.347296288065934 -6.908955628226977
v -2.2072161305561053 6.308575464308149 -6.876970016979612
v -2.233465067591794 6.27689488512857 -6.876970016979612
v -2.223604118201422 6.347296288065934 -6.908955628226977
v -2.233465067591794 6.27689488512857 -6.876970016979612
v -2.2413750660720098 6.319023725370073 -6.908955628226977
v -2.261851251627661 6.413951271414021 -6.902412807365181
v -2.223604118201422 6.347296288065934 -6.908955628226977
v -2.2413750660720098 6.319023725370073 -6.908955628226977
v -2.261851251627661 6.413951271414021 -6.902412807365181
v -2.2413750660720098 6.319023725370073 -6.908955628226977
v -2.2606214142472822 6.3750208358712825 -6.902412807365181
v -2.2606214142472822 6.3750208358712825 -6.902412807365181
v -2.2606214142472822 6.3750208358712825 -6.494919660413871
v -2.261851251627661 6.413951271414021 -6.494919660413871
v -2.2606214142472822 6.3750208358712825 -6.902412807365181
v -2.261851251627661 6.413951271414021 -6.494919660413871
v -2.261851251627661 6.413951271414021 -6.902412807365181
v -2.2413750660720098 6.319023725370073 -6.494919660413871
v -2.223604118201422 6.347296288065934 -6.494919660413871
v -2.261851251627661 6.413951271414021 -6.494919660413871
v -2.2413750660720098 6.319023725370073 -6.494919660413871
v -2.261851251627661 6.413951271414021 -6.494919660413871
v -2.2606214142472822 6.3750208358712825 -6.494919660413871
v -2.233465067591794 6.27689488512857 -6.514689153031213
v -2.2072161305561053 6.308575464308149 -6.514689153031213
v -2.223604118201422 6.347296288065934 -6.494919660413871
v -2.233465067591794 6.27689488512857 -6.514689153031213
v -2.223604118201422 6.347296288065934 -6.494919660413871
v -2.2413750660720098 6.319023725370073 -6.494919660413871
v -2.2072266489021217 6.2296748770555155 -6.494919660413871
v -2.176110347247345 6.263923982734298 -6.494919660413871
v -2.2072161305561053 6.308575464308149 -6.514689153031213
v -2.2072266489021217 6.2296748770555155 -6.494919660413871
v -2.2072161305561053 6.308575464308149 -6.514689153031213
v -2.233465067591794 6.27689488512857 -6.514689153031213
v -2.1915668544425557 6.174101682925368 -6.514689153031213
v -2.1563536570143924 6.2184298826418285 -6.514689153031213
v -2.176110347247345 6.263923982734298 -6.494919660413871
v -2.1915668544425557 6.174101682925368 -6.514689153031213
v -2.176110347247345 6.263923982734298 -6.494919660413871
v -2.2072266489021217 6.2296748770555155 -6.494919660413871
v -2.177581499758446 6.133409361259851 -6.494919660413871
v -2.1374347934968227 6.184370574698676 -6.494919660413871
v -2.1563536570143924 6.2184298826418285 -6.514689153031213
v -2.177581499758446 6.133409361259851 -6.494919660413871
v -2.1563536570143924 6.2184298826418285 -6.514689153031213
v -2.1915668544425557 6.174101682925368 -6.514689153031213
v -2.1610270390598316 6.085244535887455 -6.516740410530474
v -2.1195372209222683 6.14697364228914 -6.494919660413871
v -2.1374347934968227 6.184370574698676 -6.494919660413871
v -2.1610270390598316 6.085244535887455 -6.516740410530474
v -2.1374347934968227 6.184370574698676 -6.494919660413871
v -2.177581499758446 6.133409361259851 -6.494919660413871
vt 0.6657222509384155 0.578902006149292
vt 0.5581305623054504 0.6252548694610596
vt 0.5718688368797302 0.648381233215332
vt 0.6657222509384155 0.578902006149292
vt 0.5718688368797302 0.648381233215332
vt 0.6786604523658752 0.5986448526382446
vt 0.5387704968452454 0.15173977613449097
vt 0.5387704968452454 0.253379225730896
vt 0.6374122500419617 0.253379225730896
vt 0.5387704968452454 0.15173977613449097
vt 0.6374122500419617 0.253379225730896
vt 0.6374122500419617 0.15173977613449097
vt 0.6786604523658752 0.5986448526382446
vt 0.5718688368797302 0.648381233215332
vt 0.5581305623054504 0.6252548694610596
vt 0.6786604523658752 0.5986448526382446
vt 0.5581305623054504 0.6252548694610596
vt 0.6657222509384155 0.578902006149292
vt 0.595596432685852 0.24793660640716553
vt 0.595596432685852 0.15718257427215576
vt 0.6909284591674805 0.15718257427215576
vt 0.595596432685852 0.24793660640716553
vt 0.6909284591674805 0.15718257427215576
vt 0.6909284591674805 0.24793660640716553
vt 0.7329139709472656 0.24899685382843018
vt 0.7329139709472656 0.15598398447036743
vt 0.7332621216773987 0.15173977613449097
vt 0.7329139709472656 0.24899685382843018
vt 0.7332621216773987 0.15173977613449097
vt 0.7332621216773987 0.253379225730896
vt 0.2670861482620239 0.15598398447036743
vt 0.2670861482620239 0.24899685382843018
vt 0.26673823595046997 0.253379225730896
vt 0.2670861482620239 0.15598398447036743
vt 0.26673823595046997 0.253379225730896
vt 0.26673823595046997 0.15173977613449097
vt 0.40440380573272705 0.24793660640716553
vt 0.40440380573272705 0.15718257427215576
vt 0.5000001192092896 0.15718257427215576
vt 0.40440380573272705 0.24793660640716553
vt 0.5000001192092896 0.15718257427215576
vt 0.5000001192092896 0.24793660640716553
vt 0.4972859025001526 0.679895281791687
vt 0.42270296812057495 0.648381233215332
vt 0.43644118309020996 0.6252548694610596
vt 0.4972859025001526 0.679895281791687
vt 0.43644118309020996 0.6252548694610596
vt 0.4972859025001526 0.6451622247695923
vt 0.46122971177101135 0.15173977613449097
vt 0.46122971177101135 0.253379225730896
vt 0.5000001192092896 0.253379225730896
vt 0.46122971177101135 0.15173977613449097
vt 0.5000001192092896 0.253379225730896
vt 0.5000001192092896 0.15173977613449097
vt 0.4972859025001526 0.6451622247695923
vt 0.43644118309020996 0.6252548694610596
vt 0.42270296812057495 0.648381233215332
vt 0.4972859025001526 0.6451622247695923
vt 0.42270296812057495 0.648381233215332
vt 0.4972859025001526 0.679895281791687
vt 0.7226496934890747 0.253379225730896
vt 0.7226496934890747 0.15173977613449097
vt 0.7566524744033813 0.15010803937911987
vt 0.7226496934890747 0.253379225730896
vt 0.7566524744033813 0.15010803937911987
vt 0.7566524744033813 0.25642043352127075
vt 0.6871414184570312 0.583830714225769
vt 0.6786604523658752 0.5986448526382446
vt 0.6657222509384155 0.578902006149292
vt 0.6871414184570312 0.583830714225769
vt 0.6657222509384155 0.578902006149292
vt 0.6746228933334351 0.5675317049026489
vt 0.6374122500419617 0.15173977613449097
vt 0.6374122500419617 0.253379225730896
vt 0.6459956169128418 0.253379225730896
vt 0.6374122500419617 0.15173977613449097
vt 0.6459956169128418 0.253379225730896
vt 0.6459956169128418 0.15010803937911987
vt 0.6746228933334351 0.5675317049026489
vt 0.6657222509384155 0.578902006149292
vt 0.6786604523658752 0.5986448526382446
vt 0.6746228933334351 0.5675317049026489
vt 0.6786604523658752 0.5986448526382446
vt 0.6871414184570312 0.583830714225769
vt 0.11231034994125366 0.15010803937911987
vt 0.11231034994125366 0.25642043352127075
vt 0.07277831435203552 0.253379225730896
vt 0.11231034994125366 0.15010803937911987
vt 0.07277831435203552 0.253379225730896
vt 0.07277831435203552 0.15173977613449097
vt 0.24074456095695496 0.4794987440109253
vt 0.26276081800460815 0.513292670249939
vt 0.26830238103866577 0.5042500495910645
vt 0.24074456095695496 0.4794987440109253
vt 0.26830238103866577 0.5042500495910645
vt 0.24036112427711487 0.46704745292663574
vt 0.2987496256828308 0.253379225730896
vt 0.2987496256828308 0.15010803937911987
vt 0.26627832651138306 0.15173977613449097
vt 0.2987496256828308 0.253379225730896
vt 0.26627832651138306 0.15173977613449097
vt 0.26627832651138306 0.253379225730896
vt 0.24036112427711487 0.46704745292663574
vt 0.26830238103866577 0.5042500495910645
vt 0.26276081800460815 0.513292670249939
vt 0.24036112427711487 0.46704745292663574
vt 0.26276081800460815 0.513292670249939
vt 0.24074456095695496 0.4794987440109253
vt 0.6909284591674805 0.24793660640716553
vt 0.6909284591674805 0.15718257427215576
vt 0.7057338356971741 0.15173977613449097
vt 0.6909284591674805 0.24793660640716553
vt 0.7057338356971741 0.15173977613449097
vt 0.7057338356971741 0.253379225730896
vt 0.7075825929641724 0.6427792310714722
vt 0.7151267528533936 0.6202660799026489
vt 0.7515294551849365 0.6876857280731201
vt 0.7075825929641724 0.6427792310714722
vt 0.7515294551849365 0.6876857280731201
vt 0.7238898873329163 0.6973084211349487
vt 0.7321357727050781 0.15173977613449097
vt 0.7321357727050781 0.253379225730896
vt 0.8567075133323669 0.253379225730896
vt 0.7321357727050781 0.15173977613449097
vt 0.8567075133323669 0.253379225730896
vt 0.8567075133323669 0.15173977613449097
vt 0.7515294551849365 0.6876857280731201
vt 0.7151267528533936 0.6202660799026489
vt 0.7075825929641724 0.6427792310714722
vt 0.7515294551849365 0.6876857280731201
vt 0.7075825929641724 0.6427792310714722
vt 0.7238898873329163 0.6973084211349487
vt 0.2942661643028259 0.15173977613449097
vt 0.2942661643028259 0.253379225730896
vt 0.27735036611557007 0.253379225730896
vt 0.2942661643028259 0.15173977613449097
vt 0.27735036611557007 0.253379225730896
vt 0.27735036611557007 0.15173977613449097
vt 0.0702676773071289 0.8015296459197998
vt 0.13652703166007996 0.6506036520004272
vt 0.10439291596412659 0.6394165754318237
vt 0.0702676773071289 0.8015296459197998
vt 0.10439291596412659 0.6394165754318237
vt 0.026725322008132935 0.8115708231925964
vt 0.14329272508621216 0.253379225730896
vt 0.14329272508621216 0.15173977613449097
vt 0.07277831435203552 0.15173977613449097
vt 0.14329272508621216 0.253379225730896
vt 0.07277831435203552 0.15173977613449097
vt 0.07277831435203552 0.253379225730896
vt 0.10439291596412659 0.6394165754318237
vt 0.13652703166007996 0.6506036520004272
vt 0.0702676773071289 0.8015296459197998
vt 0.10439291596412659 0.6394165754318237
vt 0.0702676773071289 0.8015296459197998
vt 0.026725322008132935 0.8115708231925964
vt 0.3090718984603882 0.15718257427215576
vt 0.3090718984603882 0.24793660640716553
vt 0.2942661643028259 0.253379225730896
vt 0.3090718984603882 0.15718257427215576
vt 0.2942661643028259 0.253379225730896
vt 0.2942661643028259 0.15173977613449097
vt 0.13652703166007996 0.6506036520004272
vt 0.25037258863449097 0.5335066318511963
vt 0.24160164594650269 0.5073326826095581
vt 0.13652703166007996 0.6506036520004272
vt 0.24160164594650269 0.5073326826095581
vt 0.10439291596412659 0.6394165754318237
vt 0.2678643465042114 0.253379225730896
vt 0.2678643465042114 0.15173977613449097
vt 0.14329272508621216 0.15173977613449097
vt 0.2678643465042114 0.253379225730896
vt 0.14329272508621216 0.15173977613449097
vt 0.14329272508621216 0.253379225730896
vt 0.24160164594650269 0.5073326826095581
vt 0.25037258863449097 0.5335066318511963
vt 0.13652703166007996 0.6506036520004272
vt 0.24160164594650269 0.5073326826095581
vt 0.13652703166007996 0.6506036520004272
vt 0.10439291596412659 0.6394165754318237
vt 0.7057338356971741 0.253379225730896
vt 0.7057338356971741 0.15173977613449097
vt 0.7226496934890747 0.15173977613449097
vt 0.7057338356971741 0.253379225730896
vt 0.7226496934890747 0.15173977613449097
vt 0.7226496934890747 0.253379225730896
vt 0.7799739837646484 0.7682470679283142
vt 0.7515294551849365 0.6876857280731201
vt 0.7238898873329163 0.6973084211349487
vt 0.7799739837646484 0.7682470679283142
vt 0.7238898873329163 0.6973084211349487
vt 0.7425216436386108 0.7596102356910706
vt 0.8567075133323669 0.15173977613449097
vt 0.8567075133323669 0.253379225730896
vt 0.9272220134735107 0.253379225730896
vt 0.8567075133323669 0.15173977613449097
vt 0.9272220134735107 0.253379225730896
vt 0.9272220134735107 0.15173977613449097
vt 0.7238898873329163 0.6973084211349487
vt 0.7515294551849365 0.6876857280731201
vt 0.7799739837646484 0.7682470679283142
vt 0.7238898873329163 0.6973084211349487
vt 0.7799739837646484 0.7682470679283142
vt 0.7425216436386108 0.7596102356910706
vt 0.13652703166007996 0.6506036520004272
vt 0.25037258863449097 0.5335066318511963
vt 0.2539774179458618 0.5531984567642212
vt 0.13652703166007996 0.6506036520004272
vt 0.2539774179458618 0.5531984567642212
vt 0.16644692420959473 0.6610199213027954
vt 0.0702676773071289 0.8015296459197998
vt 0.13652703166007996 0.6506036520004272
vt 0.16644692420959473 0.6610199213027954
vt 0.0702676773071289 0.8015296459197998
vt 0.16644692420959473 0.6610199213027954
vt 0.11080965399742126 0.7921809554100037
vt 0.14911824464797974 0.15808570384979248
vt 0.14911824464797974 0.24844813346862793
vt 0.11231034994125366 0.25642043352127075
vt 0.14911824464797974 0.15808570384979248
vt 0.11231034994125366 0.25642043352127075
vt 0.11231034994125366 0.15010803937911987
vt 0.11080965399742126 0.7921809554100037
vt 0.166446715593338 0.6610199213027954
vt 0.13652703166007996 0.6506036520004272
vt 0.11080965399742126 0.7921809554100037
vt 0.13652703166007996 0.6506036520004272
vt 0.0702676773071289 0.8015296459197998
vt 0.166446715593338 0.6610199213027954
vt 0.2539774179458618 0.5531984567642212
vt 0.25037258863449097 0.5335066318511963
vt 0.166446715593338 0.6610199213027954
vt 0.25037258863449097 0.5335066318511963
vt 0.13652703166007996 0.6506036520004272
vt 0.26276081800460815 0.513292670249939
vt 0.27227526903152466 0.5305482149124146
vt 0.2804604172706604 0.5204157829284668
vt 0.26276081800460815 0.513292670249939
vt 0.2804604172706604 0.5204157829284668
vt 0.26830238103866577 0.5042500495910645
vt 0.31295764446258545 0.24844813346862793
vt 0.31295764446258545 0.15808570384979248
vt 0.2987496256828308 0.15010803937911987
vt 0.31295764446258545 0.24844813346862793
vt 0.2987496256828308 0.15010803937911987
vt 0.2987496256828308 0.253379225730896
vt 0.26830238103866577 0.5042500495910645
vt 0.2804604172706604 0.5204157829284668
vt 0.27227526903152466 0.5305482149124146
vt 0.26830238103866577 0.5042500495910645
vt 0.27227526903152466 0.5305482149124146
vt 0.26276081800460815 0.513292670249939
vt 0.8580446243286133 0.6506036520004272
vt 0.744199275970459 0.5335066318511963
vt 0.7529700994491577 0.5073326826095581
vt 0.8580446243286133 0.6506036520004272
vt 0.7529700994491577 0.5073326826095581
vt 0.8901789784431458 0.6394165754318237
vt 0.9243040680885315 0.8015296459197998
vt 0.8580446243286133 0.6506036520004272
vt 0.8901789784431458 0.6394165754318237
vt 0.9243040680885315 0.8015296459197998
vt 0.8901789784431458 0.6394165754318237
vt 0.9678466320037842 0.8115708231925964
vt 0.8876898884773254 0.25642043352127075
vt 0.8876898884773254 0.15010803937911987
vt 0.9272220134735107 0.15173977613449097
vt 0.8876898884773254 0.25642043352127075
vt 0.9272220134735107 0.15173977613449097
vt 0.9272220134735107 0.253379225730896
vt 0.8901789784431458 0.6394165754318237
vt 0.8580446243286133 0.6506036520004272
vt 0.9243040680885315 0.8015296459197998
vt 0.8901789784431458 0.6394165754318237
vt 0.9243040680885315 0.8015296459197998
vt 0.9678466320037842 0.8115708231925964
vt 0.7529700994491577 0.5073326826095581
vt 0.744199275970459 0.5335066318511963
vt 0.8580446243286133 0.6506036520004272
vt 0.7529700994491577 0.5073326826095581
vt 0.8580446243286133 0.6506036520004272
vt 0.8901789784431458 0.6394165754318237
vt 0.7542105913162231 0.46704745292663574
vt 0.7262694835662842 0.5042500495910645
vt 0.7318112254142761 0.513292670249939
vt 0.7542105913162231 0.46704745292663574
vt 0.7318112254142761 0.513292670249939
vt 0.7538272142410278 0.4794987440109253
vt 0.701250433921814 0.15010803937911987
vt 0.701250433921814 0.253379225730896
vt 0.7337217330932617 0.253379225730896
vt 0.701250433921814 0.15010803937911987
vt 0.7337217330932617 0.253379225730896
vt 0.7337217330932617 0.15173977613449097
vt 0.7538272142410278 0.4794987440109253
vt 0.7318112254142761 0.513292670249939
vt 0.7262694835662842 0.5042500495910645
vt 0.7538272142410278 0.4794987440109253
vt 0.7262694835662842 0.5042500495910645
vt 0.7542105913162231 0.46704745292663574
vt 0.16644692420959473 0.6610199213027954
vt 0.2539774179458618 0.5531984567642212
vt 0.26593494415283203 0.5752699375152588
vt 0.16644692420959473 0.6610199213027954
vt 0.26593494415283203 0.5752699375152588
vt 0.1935436725616455 0.6704534292221069
vt 0.11080965399742126 0.7921809554100037
vt 0.16644692420959473 0.6610199213027954
vt 0.1935436725616455 0.6704534292221069
vt 0.11080965399742126 0.7921809554100037
vt 0.1935436725616455 0.6704534292221069
vt 0.14752653241157532 0.7837136387825012
vt 0.1824536919593811 0.15010803937911987
vt 0.1824536919593811 0.25642043352127075
vt 0.14911824464797974 0.24844813346862793
vt 0.1824536919593811 0.15010803937911987
vt 0.14911824464797974 0.24844813346862793
vt 0.14911824464797974 0.15808570384979248
vt 0.14752653241157532 0.7837136387825012
vt 0.1935436725616455 0.6704534292221069
vt 0.166446715593338 0.6610199213027954
vt 0.14752653241157532 0.7837136387825012
vt 0.166446715593338 0.6610199213027954
vt 0.11080965399742126 0.7921809554100037
vt 0.1935436725616455 0.6704534292221069
vt 0.26593494415283203 0.5752699375152588
vt 0.2539774179458618 0.5531984567642212
vt 0.1935436725616455 0.6704534292221069
vt 0.2539774179458618 0.5531984567642212
vt 0.166446715593338 0.6610199213027954
vt 0.27227526903152466 0.5305482149124146
vt 0.28762543201446533 0.5507832765579224
vt 0.29732847213745117 0.5398290157318115
vt 0.27227526903152466 0.5305482149124146
vt 0.29732847213745117 0.5398290157318115
vt 0.2804604172706604 0.5204157829284668
vt 0.33009153604507446 0.253379225730896
vt 0.33009153604507446 0.15010803937911987
vt 0.31295764446258545 0.15808570384979248
vt 0.33009153604507446 0.253379225730896
vt 0.31295764446258545 0.15808570384979248
vt 0.31295764446258545 0.24844813346862793
vt 0.2804604172706604 0.5204157829284668
vt 0.29732847213745117 0.5398290157318115
vt 0.28762543201446533 0.5507832765579224
vt 0.2804604172706604 0.5204157829284668
vt 0.28762543201446533 0.5507832765579224
vt 0.27227526903152466 0.5305482149124146
vt 0.828125 0.6610199213027954
vt 0.7405943870544434 0.5531984567642212
vt 0.744199275970459 0.5335066318511963
vt 0.828125 0.6610199213027954
vt 0.744199275970459 0.5335066318511963
vt 0.8580446243286133 0.6506036520004272
vt 0.8837624788284302 0.7921809554100037
vt 0.828125 0.6610199213027954
vt 0.8580446243286133 0.6506036520004272
vt 0.8837624788284302 0.7921809554100037
vt 0.8580446243286133 0.6506036520004272
vt 0.9243040680885315 0.8015296459197998
vt 0.8508819937705994 0.24844813346862793
vt 0.8508819937705994 0.15808570384979248
vt 0.8876898884773254 0.15010803937911987
vt 0.8508819937705994 0.24844813346862793
vt 0.8876898884773254 0.15010803937911987
vt 0.8876898884773254 0.25642043352127075
vt 0.9243040680885315 0.8015296459197998
vt 0.8580446243286133 0.6506036520004272
vt 0.828125 0.6610199213027954
vt 0.9243040680885315 0.8015296459197998
vt 0.828125 0.6610199213027954
vt 0.8837624788284302 0.7921809554100037
vt 0.8580446243286133 0.6506036520004272
vt 0.744199275970459 0.5335066318511963
vt 0.7405943870544434 0.5531984567642212
vt 0.8580446243286133 0.6506036520004272
vt 0.7405943870544434 0.5531984567642212
vt 0.828125 0.6610199213027954
vt 0.7262694835662842 0.5042500495910645
vt 0.7141110897064209 0.5204157829284668
vt 0.7222964763641357 0.5305482149124146
vt 0.7262694835662842 0.5042500495910645
vt 0.7222964763641357 0.5305482149124146
vt 0.7318112254142761 0.513292670249939
vt 0.6870424747467041 0.15808570384979248
vt 0.6870424747467041 0.24844813346862793
vt 0.701250433921814 0.253379225730896
vt 0.6870424747467041 0.15808570384979248
vt 0.701250433921814 0.253379225730896
vt 0.701250433921814 0.15010803937911987
vt 0.7318112254142761 0.513292670249939
vt 0.7222964763641357 0.5305482149124146
vt 0.7141110897064209 0.5204157829284668
vt 0.7318112254142761 0.513292670249939
vt 0.7141110897064209 0.5204157829284668
vt 0.7262694835662842 0.5042500495910645
vt 0.1935436725616455 0.6704534292221069
vt 0.26593494415283203 0.5752699375152588
vt 0.2730715274810791 0.6012459993362427
vt 0.1935436725616455 0.6704534292221069
vt 0.2730715274810791 0.6012459993362427
vt 0.21969151496887207 0.6795563697814941
vt 0.14752653241157532 0.7837136387825012
vt 0.1935436725616455 0.6704534292221069
vt 0.21969151496887207 0.6795563697814941
vt 0.14752653241157532 0.7837136387825012
vt 0.21969151496887207 0.6795563697814941
vt 0.1829570233821869 0.7755432724952698
vt 0.2146209478378296 0.15808570384979248
vt 0.2146209478378296 0.24844813346862793
vt 0.1824536919593811 0.25642043352127075
vt 0.2146209478378296 0.15808570384979248
vt 0.1824536919593811 0.25642043352127075
vt 0.1824536919593811 0.15010803937911987
vt 0.1829570233821869 0.7755432724952698
vt 0.21969151496887207 0.6795563697814941
vt 0.1935436725616455 0.6704534292221069
vt 0.1829570233821869 0.7755432724952698
vt 0.1935436725616455 0.6704534292221069
vt 0.14752653241157532 0.7837136387825012
vt 0.21969151496887207 0.6795563697814941
vt 0.2730715274810791 0.6012459993362427
vt 0.26593494415283203 0.5752699375152588
vt 0.21969151496887207 0.6795563697814941
vt 0.26593494415283203 0.5752699375152588
vt 0.1935436725616455 0.6704534292221069
vt 0.28762543201446533 0.5507832765579224
vt 0.2976182699203491 0.5695533752441406
vt 0.3085986375808716 0.5553760528564453
vt 0.28762543201446533 0.5507832765579224
vt 0.3085986375808716 0.5553760528564453
vt 0.29732847213745117 0.5398290157318115
vt 0.3418552875518799 0.24844813346862793
vt 0.3418552875518799 0.15808570384979248
vt 0.33009153604507446 0.15010803937911987
vt 0.3418552875518799 0.24844813346862793
vt 0.33009153604507446 0.15010803937911987
vt 0.33009153604507446 0.253379225730896
vt 0.29732847213745117 0.5398290157318115
vt 0.3085986375808716 0.5553760528564453
vt 0.2976182699203491 0.5695533752441406
vt 0.29732847213745117 0.5398290157318115
vt 0.2976182699203491 0.5695533752441406
vt 0.28762543201446533 0.5507832765579224
vt 0.8010278344154358 0.6704534292221069
vt 0.7286368012428284 0.5752699375152588
vt 0.7405943870544434 0.5531984567642212
vt 0.8010278344154358 0.6704534292221069
vt 0.7405943870544434 0.5531984567642212
vt 0.828125 0.6610199213027954
vt 0.8470453023910522 0.7837136387825012
vt 0.8010278344154358 0.6704534292221069
vt 0.828125 0.6610199213027954
vt 0.8470453023910522 0.7837136387825012
vt 0.828125 0.6610199213027954
vt 0.8837624788284302 0.7921809554100037
vt 0.817546546459198 0.25642043352127075
vt 0.817546546459198 0.15010803937911987
vt 0.8508819937705994 0.15808570384979248
vt 0.817546546459198 0.25642043352127075
vt 0.8508819937705994 0.15808570384979248
vt 0.8508819937705994 0.24844813346862793
vt 0.8837624788284302 0.7921809554100037
vt 0.828125 0.6610199213027954
vt 0.8010278344154358 0.6704534292221069
vt 0.8837624788284302 0.7921809554100037
vt 0.8010278344154358 0.6704534292221069
vt 0.8470453023910522 0.7837136387825012
vt 0.828125 0.6610199213027954
vt 0.7405943870544434 0.5531984567642212
vt 0.7286368012428284 0.5752699375152588
vt 0.828125 0.6610199213027954
vt 0.7286368012428284 0.5752699375152588
vt 0.8010278344154358 0.6704534292221069
vt 0.7141110897064209 0.5204157829284668
vt 0.6972432136535645 0.5398290157318115
vt 0.7069463729858398 0.5507832765579224
vt 0.7141110897064209 0.5204157829284668
vt 0.7069463729858398 0.5507832765579224
vt 0.7222964763641357 0.5305482149124146
vt 0.6699087023735046 0.15010803937911987
vt 0.6699087023735046 0.253379225730896
vt 0.6870424747467041 0.24844813346862793
vt 0.6699087023735046 0.15010803937911987
vt 0.6870424747467041 0.24844813346862793
vt 0.6870424747467041 0.15808570384979248
vt 0.7222964763641357 0.5305482149124146
vt 0.7069463729858398 0.5507832765579224
vt 0.6972432136535645 0.5398290157318115
vt 0.7222964763641357 0.5305482149124146
vt 0.6972432136535645 0.5398290157318115
vt 0.7141110897064209 0.5204157829284668
vt 0.21969151496887207 0.6795563697814941
vt 0.2730715274810791 0.6012459993362427
vt 0.27944517135620117 0.6202660799026489
vt 0.21969151496887207 0.6795563697814941
vt 0.27944517135620117 0.6202660799026489
vt 0.24304217100143433 0.6876857280731201
vt 0.1829570233821869 0.7755432724952698
vt 0.21969151496887207 0.6795563697814941
vt 0.24304217100143433 0.6876857280731201
vt 0.1829570233821869 0.7755432724952698
vt 0.24304217100143433 0.6876857280731201
vt 0.2145977020263672 0.7682470679283142
vt 0.24334755539894104 0.15010803937911987
vt 0.24334755539894104 0.25642043352127075
vt 0.2146209478378296 0.24844813346862793
vt 0.24334755539894104 0.15010803937911987
vt 0.2146209478378296 0.24844813346862793
vt 0.2146209478378296 0.15808570384979248
vt 0.2145977020263672 0.7682470679283142
vt 0.24304217100143433 0.6876857280731201
vt 0.21969151496887207 0.6795563697814941
vt 0.2145977020263672 0.7682470679283142
vt 0.21969151496887207 0.6795563697814941
vt 0.1829570233821869 0.7755432724952698
vt 0.24304217100143433 0.6876857280731201
vt 0.27944517135620117 0.6202660799026489
vt 0.2730715274810791 0.6012459993362427
vt 0.24304217100143433 0.6876857280731201
vt 0.2730715274810791 0.6012459993362427
vt 0.21969151496887207 0.6795563697814941
vt 0.2976182699203491 0.5695533752441406
vt 0.3074302673339844 0.583830714225769
vt 0.31994903087615967 0.5675317049026489
vt 0.2976182699203491 0.5695533752441406
vt 0.31994903087615967 0.5675317049026489
vt 0.3085986375808716 0.5553760528564453
vt 0.35400450229644775 0.253379225730896
vt 0.35400450229644775 0.15010803937911987
vt 0.3418552875518799 0.15808570384979248
vt 0.35400450229644775 0.253379225730896
vt 0.3418552875518799 0.15808570384979248
vt 0.3418552875518799 0.24844813346862793
vt 0.3085986375808716 0.5553760528564453
vt 0.31994903087615967 0.5675317049026489
vt 0.3074302673339844 0.583830714225769
vt 0.3085986375808716 0.5553760528564453
vt 0.3074302673339844 0.583830714225769
vt 0.2976182699203491 0.5695533752441406
vt 0.7748801708221436 0.6795563697814941
vt 0.721500039100647 0.6012459993362427
vt 0.7286368012428284 0.5752699375152588
vt 0.7748801708221436 0.6795563697814941
vt 0.7286368012428284 0.5752699375152588
vt 0.8010278344154358 0.6704534292221069
vt 0.8116147518157959 0.7755432724952698
vt 0.7748801708221436 0.6795563697814941
vt 0.8010278344154358 0.6704534292221069
vt 0.8116147518157959 0.7755432724952698
vt 0.8010278344154358 0.6704534292221069
vt 0.8470453023910522 0.7837136387825012
vt 0.7853790521621704 0.24844813346862793
vt 0.7853790521621704 0.15808570384979248
vt 0.817546546459198 0.15010803937911987
vt 0.7853790521621704 0.24844813346862793
vt 0.817546546459198 0.15010803937911987
vt 0.817546546459198 0.25642043352127075
vt 0.8470453023910522 0.7837136387825012
vt 0.8010278344154358 0.6704534292221069
vt 0.7748801708221436 0.6795563697814941
vt 0.8470453023910522 0.7837136387825012
vt 0.7748801708221436 0.6795563697814941
vt 0.8116147518157959 0.7755432724952698
vt 0.8010278344154358 0.6704534292221069
vt 0.7286368012428284 0.5752699375152588
vt 0.721500039100647 0.6012459993362427
vt 0.8010278344154358 0.6704534292221069
vt 0.721500039100647 0.6012459993362427
vt 0.7748801708221436 0.6795563697814941
vt 0.6972432136535645 0.5398290157318115
vt 0.685973048210144 0.5553760528564453
vt 0.6969536542892456 0.5695533752441406
vt 0.6972432136535645 0.5398290157318115
vt 0.6969536542892456 0.5695533752441406
vt 0.7069463729858398 0.5507832765579224
vt 0.6581448912620544 0.15808570384979248
vt 0.6581448912620544 0.24844813346862793
vt 0.6699087023735046 0.253379225730896
vt 0.6581448912620544 0.15808570384979248
vt 0.6699087023735046 0.253379225730896
vt 0.6699087023735046 0.15010803937911987
vt 0.7069463729858398 0.5507832765579224
vt 0.6969536542892456 0.5695533752441406
vt 0.685973048210144 0.5553760528564453
vt 0.7069463729858398 0.5507832765579224
vt 0.685973048210144 0.5553760528564453
vt 0.6972432136535645 0.5398290157318115
vt 0.24304217100143433 0.6876857280731201
vt 0.27944517135620117 0.6202660799026489
vt 0.2869892716407776 0.6427792310714722
vt 0.24304217100143433 0.6876857280731201
vt 0.2869892716407776 0.6427792310714722
vt 0.2706816494464874 0.6973084211349487
vt 0.2145977020263672 0.7682470679283142
vt 0.24304217100143433 0.6876857280731201
vt 0.2706816494464874 0.6973084211349487
vt 0.2145977020263672 0.7682470679283142
vt 0.2706816494464874 0.6973084211349487
vt 0.25204986333847046 0.7596102356910706
vt 0.27735036611557007 0.15173977613449097
vt 0.27735036611557007 0.253379225730896
vt 0.24334755539894104 0.25642043352127075
vt 0.27735036611557007 0.15173977613449097
vt 0.24334755539894104 0.25642043352127075
vt 0.24334755539894104 0.15010803937911987
vt 0.2706816494464874 0.6973084211349487
vt 0.24304217100143433 0.6876857280731201
vt 0.2145977020263672 0.7682470679283142
vt 0.2706816494464874 0.6973084211349487
vt 0.2145977020263672 0.7682470679283142
vt 0.25204986333847046 0.7596102356910706
vt 0.2869892716407776 0.6427792310714722
vt 0.27944517135620117 0.6202660799026489
vt 0.24304217100143433 0.6876857280731201
vt 0.2869892716407776 0.6427792310714722
vt 0.24304217100143433 0.6876857280731201
vt 0.2706816494464874 0.6973084211349487
vt 0.3074302673339844 0.583830714225769
vt 0.3159114718437195 0.5986448526382446
vt 0.3288496732711792 0.578902006149292
vt 0.3074302673339844 0.583830714225769
vt 0.3288496732711792 0.578902006149292
vt 0.31994903087615967 0.5675317049026489
vt 0.3625878095626831 0.253379225730896
vt 0.3625878095626831 0.15173977613449097
vt 0.35400450229644775 0.15010803937911987
vt 0.3625878095626831 0.253379225730896
vt 0.35400450229644775 0.15010803937911987
vt 0.35400450229644775 0.253379225730896
vt 0.31994903087615967 0.5675317049026489
vt 0.3288496732711792 0.578902006149292
vt 0.3159114718437195 0.5986448526382446
vt 0.31994903087615967 0.5675317049026489
vt 0.3159114718437195 0.5986448526382446
vt 0.3074302673339844 0.583830714225769
vt 0.7515294551849365 0.6876857280731201
vt 0.7151267528533936 0.6202660799026489
vt 0.721500039100647 0.6012459993362427
vt 0.7515294551849365 0.6876857280731201
vt 0.721500039100647 0.6012459993362427
vt 0.7748801708221436 0.6795563697814941
vt 0.7799739837646484 0.7682470679283142
vt 0.7515294551849365 0.6876857280731201
vt 0.7748801708221436 0.6795563697814941
vt 0.7799739837646484 0.7682470679283142
vt 0.7748801708221436 0.6795563697814941
vt 0.8116147518157959 0.7755432724952698
vt 0.7566524744033813 0.25642043352127075
vt 0.7566524744033813 0.15010803937911987
vt 0.7853790521621704 0.15808570384979248
vt 0.7566524744033813 0.25642043352127075
vt 0.7853790521621704 0.15808570384979248
vt 0.7853790521621704 0.24844813346862793
vt 0.8116147518157959 0.7755432724952698
vt 0.7748801708221436 0.6795563697814941
vt 0.7515294551849365 0.6876857280731201
vt 0.8116147518157959 0.7755432724952698
vt 0.7515294551849365 0.6876857280731201
vt 0.7799739837646484 0.7682470679283142
vt 0.7748801708221436 0.6795563697814941
vt 0.721500039100647 0.6012459993362427
vt 0.7151267528533936 0.6202660799026489
vt 0.7748801708221436 0.6795563697814941
vt 0.7151267528533936 0.6202660799026489
vt 0.7515294551849365 0.6876857280731201
vt 0.685973048210144 0.5553760528564453
vt 0.6746228933334351 0.5675317049026489
vt 0.6871414184570312 0.583830714225769
vt 0.685973048210144 0.5553760528564453
vt 0.6871414184570312 0.583830714225769
vt 0.6969536542892456 0.5695533752441406
vt 0.6459956169128418 0.15010803937911987
vt 0.6459956169128418 0.253379225730896
vt 0.6581448912620544 0.24844813346862793
vt 0.6459956169128418 0.15010803937911987
vt 0.6581448912620544 0.24844813346862793
vt 0.6581448912620544 0.15808570384979248
vt 0.6969536542892456 0.5695533752441406
vt 0.6871414184570312 0.583830714225769
vt 0.6746228933334351 0.5675317049026489
vt 0.6969536542892456 0.5695533752441406
vt 0.6746228933334351 0.5675317049026489
vt 0.685973048210144 0.5553760528564453
vt 0.3090718984603882 0.15718257427215576
vt 0.40440380573272705 0.15718257427215576
vt 0.40440380573272705 0.24793660640716553
vt 0.3090718984603882 0.15718257427215576
vt 0.40440380573272705 0.24793660640716553
vt 0.3090718984603882 0.24793660640716553
vt 0.3288496732711792 0.578902006149292
vt 0.43644118309020996 0.6252548694610596
vt 0.42270296812057495 0.648381233215332
vt 0.3288496732711792 0.578902006149292
vt 0.42270296812057495 0.648381233215332
vt 0.3159114718437195 0.5986448526382446
vt 0.3625878095626831 0.253379225730896
vt 0.46122971177101135 0.253379225730896
vt 0.46122971177101135 0.15173977613449097
vt 0.3625878095626831 0.253379225730896
vt 0.46122971177101135 0.15173977613449097
vt 0.3625878095626831 0.15173977613449097
vt 0.3159114718437195 0.5986448526382446
vt 0.42270296812057495 0.648381233215332
vt 0.43644118309020996 0.6252548694610596
vt 0.3159114718437195 0.5986448526382446
vt 0.43644118309020996 0.6252548694610596
vt 0.3288496732711792 0.578902006149292
vt 0.5000001192092896 0.24793660640716553
vt 0.5000001192092896 0.15718257427215576
vt 0.595596432685852 0.15718257427215576
vt 0.5000001192092896 0.24793660640716553
vt 0.595596432685852 0.15718257427215576
vt 0.595596432685852 0.24793660640716553
vt 0.5718688368797302 0.648381233215332
vt 0.4972859025001526 0.679895281791687
vt 0.4972859025001526 0.6451622247695923
vt 0.5718688368797302 0.648381233215332
vt 0.4972859025001526 0.6451622247695923
vt 0.5581305623054504 0.6252548694610596
vt 0.5000001192092896 0.15173977613449097
vt 0.5000001192092896 0.253379225730896
vt 0.5387704968452454 0.253379225730896
vt 0.5000001192092896 0.15173977613449097
vt 0.5387704968452454 0.253379225730896
vt 0.5387704968452454 0.15173977613449097
vt 0.5581305623054504 0.6252548694610596
vt 0.4972859025001526 0.6451622247695923
vt 0.4972859025001526 0.679895281791687
vt 0.5581305623054504 0.6252548694610596
vt 0.4972859025001526 0.679895281791687
vt 0.5718688368797302 0.648381233215332
vt 0.30589723587036133 0.6139259338378906
vt 0.4120696783065796 0.6662811040878296
vt 0.42270296812057495 0.648381233215332
vt 0.30589723587036133 0.6139259338378906
vt 0.42270296812057495 0.648381233215332
vt 0.3159114718437195 0.5986448526382446
vt 0.4972859025001526 0.679895281791687
vt 0.42270296812057495 0.648381233215332
vt 0.4120696783065796 0.6662811040878296
vt 0.4972859025001526 0.679895281791687
vt 0.4120696783065796 0.6662811040878296
vt 0.4972859025001526 0.7067786455154419
vt 0.5718688368797302 0.648381233215332
vt 0.4972859025001526 0.679895281791687
vt 0.4972859025001526 0.7067786455154419
vt 0.5718688368797302 0.648381233215332
vt 0.4972859025001526 0.7067786455154419
vt 0.5825020670890808 0.6662811040878296
vt 0.6786604523658752 0.5986448526382446
vt 0.5718688368797302 0.648381233215332
vt 0.5825020670890808 0.6662811040878296
vt 0.6786604523658752 0.5986448526382446
vt 0.5825020670890808 0.6662811040878296
vt 0.6886743903160095 0.6139259338378906
vt 0.6871414184570312 0.583830714225769
vt 0.6786604523658752 0.5986448526382446
vt 0.6886743903160095 0.6139259338378906
vt 0.6871414184570312 0.583830714225769
vt 0.6886743903160095 0.6139259338378906
vt 0.6968309879302979 0.5964459180831909
vt 0.6969536542892456 0.5695533752441406
vt 0.6871414184570312 0.583830714225769
vt 0.6968309879302979 0.5964459180831909
vt 0.6969536542892456 0.5695533752441406
vt 0.6968309879302979 0.5964459180831909
vt 0.7054526209831238 0.5805264711380005
vt 0.7069463729858398 0.5507832765579224
vt 0.6969536542892456 0.5695533752441406
vt 0.7054526209831238 0.5805264711380005
vt 0.7069463729858398 0.5507832765579224
vt 0.7054526209831238 0.5805264711380005
vt 0.7144564986228943 0.5592610836029053
vt 0.7222964763641357 0.5305482149124146
vt 0.7069463729858398 0.5507832765579224
vt 0.7144564986228943 0.5592610836029053
vt 0.7222964763641357 0.5305482149124146
vt 0.7144564986228943 0.5592610836029053
vt 0.7286319136619568 0.5383905172348022
vt 0.7318112254142761 0.513292670249939
vt 0.7222964763641357 0.5305482149124146
vt 0.7286319136619568 0.5383905172348022
vt 0.7318112254142761 0.513292670249939
vt 0.7286319136619568 0.5383905172348022
vt 0.7361004948616028 0.5202915668487549
vt 0.7538272142410278 0.4794987440109253
vt 0.7318112254142761 0.513292670249939
vt 0.7361004948616028 0.5202915668487549
vt 0.7538272142410278 0.4794987440109253
vt 0.7361004948616028 0.5202915668487549
vt 0.7535304427146912 0.4891357421875
vt 0.7326444387435913 0.253379225730896
vt 0.7326444387435913 0.15173977613449097
vt 0.7329139709472656 0.15598398447036743
vt 0.7326444387435913 0.253379225730896
vt 0.7329139709472656 0.15598398447036743
vt 0.7329139709472656 0.24899685382843018
vt 0.7535304427146912 0.4891357421875
vt 0.7361004948616028 0.5202915668487549
vt 0.7318112254142761 0.513292670249939
vt 0.7535304427146912 0.4891357421875
vt 0.7318112254142761 0.513292670249939
vt 0.7538272142410278 0.4794987440109253
vt 0.7361004948616028 0.5202915668487549
vt 0.7286319136619568 0.5383905172348022
vt 0.7222964763641357 0.5305482149124146
vt 0.7361004948616028 0.5202915668487549
vt 0.7222964763641357 0.5305482149124146
vt 0.7318112254142761 0.513292670249939
vt 0.7286319136619568 0.5383905172348022
vt 0.7144564986228943 0.5592610836029053
vt 0.7069463729858398 0.5507832765579224
vt 0.7286319136619568 0.5383905172348022
vt 0.7069463729858398 0.5507832765579224
vt 0.7222964763641357 0.5305482149124146
vt 0.7144564986228943 0.5592610836029053
vt 0.7054526209831238 0.5805264711380005
vt 0.6969536542892456 0.5695533752441406
vt 0.7144564986228943 0.5592610836029053
vt 0.6969536542892456 0.5695533752441406
vt 0.7069463729858398 0.5507832765579224
vt 0.7054526209831238 0.5805264711380005
vt 0.6968309879302979 0.5964459180831909
vt 0.6871414184570312 0.583830714225769
vt 0.7054526209831238 0.5805264711380005
vt 0.6871414184570312 0.583830714225769
vt 0.6969536542892456 0.5695533752441406
vt 0.6968309879302979 0.5964459180831909
vt 0.6886743903160095 0.6139259338378906
vt 0.6786604523658752 0.5986448526382446
vt 0.6968309879302979 0.5964459180831909
vt 0.6786604523658752 0.5986448526382446
vt 0.6871414184570312 0.583830714225769
vt 0.6886743903160095 0.6139259338378906
vt 0.5825020670890808 0.6662811040878296
vt 0.5718688368797302 0.648381233215332
vt 0.6886743903160095 0.6139259338378906
vt 0.5718688368797302 0.648381233215332
vt 0.6786604523658752 0.5986448526382446
vt 0.5825020670890808 0.6662811040878296
vt 0.4972859025001526 0.7067786455154419
vt 0.4972859025001526 0.679895281791687
vt 0.5825020670890808 0.6662811040878296
vt 0.4972859025001526 0.679895281791687
vt 0.5718688368797302 0.648381233215332
vt 0.4972859025001526 0.7067786455154419
vt 0.4120696783065796 0.6662811040878296
vt 0.42270296812057495 0.648381233215332
vt 0.4972859025001526 0.7067786455154419
vt 0.42270296812057495 0.648381233215332
vt 0.4972859025001526 0.679895281791687
vt 0.3159114718437195 0.5986448526382446
vt 0.42270296812057495 0.648381233215332
vt 0.4120696783065796 0.6662811040878296
vt 0.3159114718437195 0.5986448526382446
vt 0.4120696783065796 0.6662811040878296
vt 0.30589723587036133 0.6139259338378906
vt 0.3074302673339844 0.583830714225769
vt 0.3159114718437195 0.5986448526382446
vt 0.30589723587036133 0.6139259338378906
vt 0.3074302673339844 0.583830714225769
vt 0.30589723587036133 0.6139259338378906
vt 0.2977408766746521 0.5964459180831909
vt 0.2976182699203491 0.5695533752441406
vt 0.3074302673339844 0.583830714225769
vt 0.2977408766746521 0.5964459180831909
vt 0.2976182699203491 0.5695533752441406
vt 0.2977408766746521 0.5964459180831909
vt 0.28911906480789185 0.5805264711380005
vt 0.28762543201446533 0.5507832765579224
vt 0.2976182699203491 0.5695533752441406
vt 0.28911906480789185 0.5805264711380005
vt 0.28762543201446533 0.5507832765579224
vt 0.28911906480789185 0.5805264711380005
vt 0.2801150679588318 0.5592610836029053
vt 0.27227526903152466 0.5305482149124146
vt 0.28762543201446533 0.5507832765579224
vt 0.2801150679588318 0.5592610836029053
vt 0.27227526903152466 0.5305482149124146
vt 0.2801150679588318 0.5592610836029053
vt 0.26593974232673645 0.5383905172348022
vt 0.26276081800460815 0.513292670249939
vt 0.27227526903152466 0.5305482149124146
vt 0.26593974232673645 0.5383905172348022
vt 0.26276081800460815 0.513292670249939
vt 0.26593974232673645 0.5383905172348022
vt 0.25847136974334717 0.5202915668487549
vt 0.24074456095695496 0.4794987440109253
vt 0.26276081800460815 0.513292670249939
vt 0.25847136974334717 0.5202915668487549
vt 0.24074456095695496 0.4794987440109253
vt 0.25847136974334717 0.5202915668487549
vt 0.2410411834716797 0.4891357421875
vt 0.2673555016517639 0.15173977613449097
vt 0.2673555016517639 0.253379225730896
vt 0.2670861482620239 0.24899685382843018
vt 0.2673555016517639 0.15173977613449097
vt 0.2670861482620239 0.24899685382843018
vt 0.2670861482620239 0.15598398447036743
vt 0.2410411834716797 0.4891357421875
vt 0.25847136974334717 0.5202915668487549
vt 0.26276081800460815 0.513292670249939
vt 0.2410411834716797 0.4891357421875
vt 0.26276081800460815 0.513292670249939
vt 0.24074456095695496 0.4794987440109253
vt 0.25847136974334717 0.5202915668487549
vt 0.26593974232673645 0.5383905172348022
vt 0.27227526903152466 0.5305482149124146
vt 0.25847136974334717 0.5202915668487549
vt 0.27227526903152466 0.5305482149124146
vt 0.26276081800460815 0.513292670249939
vt 0.26593974232673645 0.5383905172348022
vt 0.28011542558670044 0.5592610836029053
vt 0.28762543201446533 0.5507832765579224
vt 0.26593974232673645 0.5383905172348022
vt 0.28762543201446533 0.5507832765579224
vt 0.27227526903152466 0.5305482149124146
vt 0.28011542558670044 0.5592610836029053
vt 0.28911924362182617 0.5805264711380005
vt 0.2976182699203491 0.5695533752441406
vt 0.28011542558670044 0.5592610836029053
vt 0.2976182699203491 0.5695533752441406
vt 0.28762543201446533 0.5507832765579224
vt 0.28911924362182617 0.5805264711380005
vt 0.2977408766746521 0.5964459180831909
vt 0.3074302673339844 0.583830714225769
vt 0.28911924362182617 0.5805264711380005
vt 0.3074302673339844 0.583830714225769
vt 0.2976182699203491 0.5695533752441406
vt 0.2977408766746521 0.5964459180831909
vt 0.30589723587036133 0.6139259338378906
vt 0.3159114718437195 0.5986448526382446
vt 0.2977408766746521 0.5964459180831909
vt 0.3159114718437195 0.5986448526382446
vt 0.3074302673339844 0.583830714225769
vt 0.3459342122077942 0.5528314113616943
vt 0.4545825123786926 0.5947164297103882
vt 0.43644118309020996 0.6252548694610596
vt 0.3459342122077942 0.5528314113616943
vt 0.43644118309020996 0.6252548694610596
vt 0.3288496732711792 0.578902006149292
vt 0.4972859025001526 0.6451622247695923
vt 0.43644118309020996 0.6252548694610596
vt 0.4545825123786926 0.5947164297103882
vt 0.4972859025001526 0.6451622247695923
vt 0.4545825123786926 0.5947164297103882
vt 0.4972859025001526 0.5992978811264038
vt 0.5581305623054504 0.6252548694610596
vt 0.4972859025001526 0.6451622247695923
vt 0.4972859025001526 0.5992978811264038
vt 0.5581305623054504 0.6252548694610596
vt 0.4972859025001526 0.5992978811264038
vt 0.5399893522262573 0.5947164297103882
vt 0.6657222509384155 0.578902006149292
vt 0.5581305623054504 0.6252548694610596
vt 0.5399893522262573 0.5947164297103882
vt 0.6657222509384155 0.578902006149292
vt 0.5399893522262573 0.5947164297103882
vt 0.6486374735832214 0.5528314113616943
vt 0.6746228933334351 0.5675317049026489
vt 0.6657222509384155 0.578902006149292
vt 0.6486374735832214 0.5528314113616943
vt 0.6746228933334351 0.5675317049026489
vt 0.6486374735832214 0.5528314113616943
vt 0.6580916047096252 0.546008825302124
vt 0.685973048210144 0.5553760528564453
vt 0.6746228933334351 0.5675317049026489
vt 0.6580916047096252 0.546008825302124
vt 0.685973048210144 0.5553760528564453
vt 0.6580916047096252 0.546008825302124
vt 0.6714733242988586 0.5366544723510742
vt 0.6972432136535645 0.5398290157318115
vt 0.685973048210144 0.5553760528564453
vt 0.6714733242988586 0.5366544723510742
vt 0.6972432136535645 0.5398290157318115
vt 0.6714733242988586 0.5366544723510742
vt 0.6844304800033569 0.5253646373748779
vt 0.7141110897064209 0.5204157829284668
vt 0.6972432136535645 0.5398290157318115
vt 0.6844304800033569 0.5253646373748779
vt 0.7141110897064209 0.5204157829284668
vt 0.6844304800033569 0.5253646373748779
vt 0.7033025026321411 0.5070358514785767
vt 0.7262694835662842 0.5042500495910645
vt 0.7141110897064209 0.5204157829284668
vt 0.7033025026321411 0.5070358514785767
vt 0.7262694835662842 0.5042500495910645
vt 0.7033025026321411 0.5070358514785767
vt 0.7189515829086304 0.49230897426605225
vt 0.7542105913162231 0.46704745292663574
vt 0.7262694835662842 0.5042500495910645
vt 0.7189515829086304 0.49230897426605225
vt 0.7542105913162231 0.46704745292663574
vt 0.7189515829086304 0.49230897426605225
vt 0.7547170519828796 0.450606107711792
vt 0.7332621216773987 0.253379225730896
vt 0.7332621216773987 0.15173977613449097
vt 0.7337217330932617 0.15173977613449097
vt 0.7332621216773987 0.253379225730896
vt 0.7337217330932617 0.15173977613449097
vt 0.7337217330932617 0.253379225730896
vt 0.7189515829086304 0.49230897426605225
vt 0.7262694835662842 0.5042500495910645
vt 0.7542105913162231 0.46704745292663574
vt 0.7189515829086304 0.49230897426605225
vt 0.7542105913162231 0.46704745292663574
vt 0.7547170519828796 0.450606107711792
vt 0.7033025026321411 0.5070358514785767
vt 0.7141110897064209 0.5204157829284668
vt 0.7262694835662842 0.5042500495910645
vt 0.7033025026321411 0.5070358514785767
vt 0.7262694835662842 0.5042500495910645
vt 0.7189515829086304 0.49230897426605225
vt 0.6844304800033569 0.5253646373748779
vt 0.6972432136535645 0.5398290157318115
vt 0.7141110897064209 0.5204157829284668
vt 0.6844304800033569 0.5253646373748779
vt 0.7141110897064209 0.5204157829284668
vt 0.7033025026321411 0.5070358514785767
vt 0.6714733242988586 0.5366544723510742
vt 0.685973048210144 0.5553760528564453
vt 0.6972432136535645 0.5398290157318115
vt 0.6714733242988586 0.5366544723510742
vt 0.6972432136535645 0.5398290157318115
vt 0.6844304800033569 0.5253646373748779
vt 0.6580916047096252 0.546008825302124
vt 0.6746228933334351 0.5675317049026489
vt 0.685973048210144 0.5553760528564453
vt 0.6580916047096252 0.546008825302124
vt 0.685973048210144 0.5553760528564453
vt 0.6714733242988586 0.5366544723510742
vt 0.6486374735832214 0.5528314113616943
vt 0.6657222509384155 0.578902006149292
vt 0.6746228933334351 0.5675317049026489
vt 0.6486374735832214 0.5528314113616943
vt 0.6746228933334351 0.5675317049026489
vt 0.6580916047096252 0.546008825302124
vt 0.5399893522262573 0.5947164297103882
vt 0.5581305623054504 0.6252548694610596
vt 0.6657222509384155 0.578902006149292
vt 0.5399893522262573 0.5947164297103882
vt 0.6657222509384155 0.578902006149292
vt 0.6486374735832214 0.5528314113616943
vt 0.4972859025001526 0.5992978811264038
vt 0.4972859025001526 0.6451622247695923
vt 0.5581305623054504 0.6252548694610596
vt 0.4972859025001526 0.5992978811264038
vt 0.5581305623054504 0.6252548694610596
vt 0.5399893522262573 0.5947164297103882
vt 0.4545825123786926 0.5947164297103882
vt 0.43644118309020996 0.6252548694610596
vt 0.4972859025001526 0.6451622247695923
vt 0.4545825123786926 0.5947164297103882
vt 0.4972859025001526 0.6451622247695923
vt 0.4972859025001526 0.5992978811264038
vt 0.3288496732711792 0.578902006149292
vt 0.43644118309020996 0.6252548694610596
vt 0.4545825123786926 0.5947164297103882
vt 0.3288496732711792 0.578902006149292
vt 0.4545825123786926 0.5947164297103882
vt 0.3459342122077942 0.5528314113616943
vt 0.31994903087615967 0.5675317049026489
vt 0.3288496732711792 0.578902006149292
vt 0.3459342122077942 0.5528314113616943
vt 0.31994903087615967 0.5675317049026489
vt 0.3459342122077942 0.5528314113616943
vt 0.33648014068603516 0.546008825302124
vt 0.3085986375808716 0.5553760528564453
vt 0.31994903087615967 0.5675317049026489
vt 0.33648014068603516 0.546008825302124
vt 0.3085986375808716 0.5553760528564453
vt 0.33648014068603516 0.546008825302124
vt 0.3230985999107361 0.5366544723510742
vt 0.29732847213745117 0.5398290157318115
vt 0.3085986375808716 0.5553760528564453
vt 0.3230985999107361 0.5366544723510742
vt 0.29732847213745117 0.5398290157318115
vt 0.3230985999107361 0.5366544723510742
vt 0.310141384601593 0.5253646373748779
vt 0.2804604172706604 0.5204157829284668
vt 0.29732847213745117 0.5398290157318115
vt 0.310141384601593 0.5253646373748779
vt 0.2804604172706604 0.5204157829284668
vt 0.310141384601593 0.5253646373748779
vt 0.2912694215774536 0.5070358514785767
vt 0.26830238103866577 0.5042500495910645
vt 0.2804604172706604 0.5204157829284668
vt 0.2912694215774536 0.5070358514785767
vt 0.26830238103866577 0.5042500495910645
vt 0.2912694215774536 0.5070358514785767
vt 0.2756200432777405 0.49230897426605225
vt 0.24036112427711487 0.46704745292663574
vt 0.26830238103866577 0.5042500495910645
vt 0.2756200432777405 0.49230897426605225
vt 0.24036112427711487 0.46704745292663574
vt 0.2756200432777405 0.49230897426605225
vt 0.23985466361045837 0.450606107711792
vt 0.26673823595046997 0.15173977613449097
vt 0.26673823595046997 0.253379225730896
vt 0.26627832651138306 0.253379225730896
vt 0.26673823595046997 0.15173977613449097
vt 0.26627832651138306 0.253379225730896
vt 0.26627832651138306 0.15173977613449097
vt 0.2756200432777405 0.49230897426605225
vt 0.26830238103866577 0.5042500495910645
vt 0.24036112427711487 0.46704745292663574
vt 0.2756200432777405 0.49230897426605225
vt 0.24036112427711487 0.46704745292663574
vt 0.23985466361045837 0.450606107711792
vt 0.2912694215774536 0.5070358514785767
vt 0.2804604172706604 0.5204157829284668
vt 0.26830238103866577 0.5042500495910645
vt 0.2912694215774536 0.5070358514785767
vt 0.26830238103866577 0.5042500495910645
vt 0.2756200432777405 0.49230897426605225
vt 0.310141384601593 0.5253646373748779
vt 0.29732847213745117 0.5398290157318115
vt 0.2804604172706604 0.5204157829284668
vt 0.310141384601593 0.5253646373748779
vt 0.2804604172706604 0.5204157829284668
vt 0.2912694215774536 0.5070358514785767
vt 0.3230985999107361 0.5366544723510742
vt 0.3085986375808716 0.5553760528564453
vt 0.29732847213745117 0.5398290157318115
vt 0.3230985999107361 0.5366544723510742
vt 0.29732847213745117 0.5398290157318115
vt 0.310141384601593 0.5253646373748779
vt 0.33648014068603516 0.546008825302124
vt 0.31994903087615967 0.5675317049026489
vt 0.3085986375808716 0.5553760528564453
vt 0.33648014068603516 0.546008825302124
vt 0.3085986375808716 0.5553760528564453
vt 0.3230985999107361 0.5366544723510742
vt 0.3459342122077942 0.5528314113616943
vt 0.3288496732711792 0.578902006149292
vt 0.31994903087615967 0.5675317049026489
vt 0.3459342122077942 0.5528314113616943
vt 0.31994903087615967 0.5675317049026489
vt 0.33648014068603516 0.546008825302124
vt 0.2869892716407776 0.6427792310714722
vt 0.3919920325279236 0.7000796794891357
vt 0.4120696783065796 0.6662811040878296
vt 0.2869892716407776 0.6427792310714722
vt 0.4120696783065796 0.6662811040878296
vt 0.30589723587036133 0.6139259338378906
vt 0.4972859025001526 0.7067786455154419
vt 0.4120696783065796 0.6662811040878296
vt 0.3919920325279236 0.7000796794891357
vt 0.4972859025001526 0.7067786455154419
vt 0.3919920325279236 0.7000796794891357
vt 0.4972859025001526 0.7575386762619019
vt 0.5825020670890808 0.6662811040878296
vt 0.4972859025001526 0.7067786455154419
vt 0.4972859025001526 0.7575386762619019
vt 0.5825020670890808 0.6662811040878296
vt 0.4972859025001526 0.7575386762619019
vt 0.6025797128677368 0.7000796794891357
vt 0.6886743903160095 0.6139259338378906
vt 0.5825020670890808 0.6662811040878296
vt 0.6025797128677368 0.7000796794891357
vt 0.6886743903160095 0.6139259338378906
vt 0.6025797128677368 0.7000796794891357
vt 0.7075825929641724 0.6427792310714722
vt 0.6968309879302979 0.5964459180831909
vt 0.6886743903160095 0.6139259338378906
vt 0.7075825929641724 0.6427792310714722
vt 0.6968309879302979 0.5964459180831909
vt 0.7075825929641724 0.6427792310714722
vt 0.7151267528533936 0.6202660799026489
vt 0.7054526209831238 0.5805264711380005
vt 0.6968309879302979 0.5964459180831909
vt 0.7151267528533936 0.6202660799026489
vt 0.7054526209831238 0.5805264711380005
vt 0.7151267528533936 0.6202660799026489
vt 0.721500039100647 0.6012459993362427
vt 0.7144564986228943 0.5592610836029053
vt 0.7054526209831238 0.5805264711380005
vt 0.721500039100647 0.6012459993362427
vt 0.7144564986228943 0.5592610836029053
vt 0.721500039100647 0.6012459993362427
vt 0.7286368012428284 0.5752699375152588
vt 0.7286319136619568 0.5383905172348022
vt 0.7144564986228943 0.5592610836029053
vt 0.7286368012428284 0.5752699375152588
vt 0.7286319136619568 0.5383905172348022
vt 0.7286368012428284 0.5752699375152588
vt 0.7405943870544434 0.5531984567642212
vt 0.7361004948616028 0.5202915668487549
vt 0.7286319136619568 0.5383905172348022
vt 0.7405943870544434 0.5531984567642212
vt 0.7361004948616028 0.5202915668487549
vt 0.7405943870544434 0.5531984567642212
vt 0.744199275970459 0.5335066318511963
vt 0.7535304427146912 0.4891357421875
vt 0.7361004948616028 0.5202915668487549
vt 0.744199275970459 0.5335066318511963
vt 0.7535304427146912 0.4891357421875
vt 0.744199275970459 0.5335066318511963
vt 0.7529700994491577 0.5073326826095581
vt 0.7321357727050781 0.253379225730896
vt 0.7321357727050781 0.15173977613449097
vt 0.7326444387435913 0.15173977613449097
vt 0.7321357727050781 0.253379225730896
vt 0.7326444387435913 0.15173977613449097
vt 0.7326444387435913 0.253379225730896
vt 0.744199275970459 0.5335066318511963
vt 0.7361004948616028 0.5202915668487549
vt 0.7535304427146912 0.4891357421875
vt 0.744199275970459 0.5335066318511963
vt 0.7535304427146912 0.4891357421875
vt 0.7529700994491577 0.5073326826095581
vt 0.7405943870544434 0.5531984567642212
vt 0.7286319136619568 0.5383905172348022
vt 0.7361004948616028 0.5202915668487549
vt 0.7405943870544434 0.5531984567642212
vt 0.7361004948616028 0.5202915668487549
vt 0.744199275970459 0.5335066318511963
vt 0.7286368012428284 0.5752699375152588
vt 0.7144564986228943 0.5592610836029053
vt 0.7286319136619568 0.5383905172348022
vt 0.7286368012428284 0.5752699375152588
vt 0.7286319136619568 0.5383905172348022
vt 0.7405943870544434 0.5531984567642212
vt 0.721500039100647 0.6012459993362427
vt 0.7054526209831238 0.5805264711380005
vt 0.7144564986228943 0.5592610836029053
vt 0.721500039100647 0.6012459993362427
vt 0.7144564986228943 0.5592610836029053
vt 0.7286368012428284 0.5752699375152588
vt 0.7151267528533936 0.6202660799026489
vt 0.6968309879302979 0.5964459180831909
vt 0.7054526209831238 0.5805264711380005
vt 0.7151267528533936 0.6202660799026489
vt 0.7054526209831238 0.5805264711380005
vt 0.721500039100647 0.6012459993362427
vt 0.7075825929641724 0.6427792310714722
vt 0.6886743903160095 0.6139259338378906
vt 0.6968309879302979 0.5964459180831909
vt 0.7075825929641724 0.6427792310714722
vt 0.6968309879302979 0.5964459180831909
vt 0.7151267528533936 0.6202660799026489
vt 0.6025797128677368 0.7000796794891357
vt 0.5825020670890808 0.6662811040878296
vt 0.6886743903160095 0.6139259338378906
vt 0.6025797128677368 0.7000796794891357
vt 0.6886743903160095 0.6139259338378906
vt 0.7075825929641724 0.6427792310714722
vt 0.4972859025001526 0.7575386762619019
vt 0.4972859025001526 0.7067786455154419
vt 0.5825020670890808 0.6662811040878296
vt 0.4972859025001526 0.7575386762619019
vt 0.5825020670890808 0.6662811040878296
vt 0.6025797128677368 0.7000796794891357
vt 0.3919920325279236 0.7000796794891357
vt 0.4120696783065796 0.6662811040878296
vt 0.4972859025001526 0.7067786455154419
vt 0.3919920325279236 0.7000796794891357
vt 0.4972859025001526 0.7067786455154419
vt 0.4972859025001526 0.7575386762619019
vt 0.30589723587036133 0.6139259338378906
vt 0.4120696783065796 0.6662811040878296
vt 0.3919920325279236 0.7000796794891357
vt 0.30589723587036133 0.6139259338378906
vt 0.3919920325279236 0.7000796794891357
vt 0.2869892716407776 0.6427792310714722
vt 0.2977408766746521 0.5964459180831909
vt 0.30589723587036133 0.6139259338378906
vt 0.2869892716407776 0.6427792310714722
vt 0.2977408766746521 0.5964459180831909
vt 0.2869892716407776 0.6427792310714722
vt 0.27944517135620117 0.6202660799026489
vt 0.28911906480789185 0.5805264711380005
vt 0.2977408766746521 0.5964459180831909
vt 0.27944517135620117 0.6202660799026489
vt 0.28911906480789185 0.5805264711380005
vt 0.27944517135620117 0.6202660799026489
vt 0.2730715274810791 0.6012459993362427
vt 0.2801150679588318 0.5592610836029053
vt 0.28911906480789185 0.5805264711380005
vt 0.2730715274810791 0.6012459993362427
vt 0.2801150679588318 0.5592610836029053
vt 0.2730715274810791 0.6012459993362427
vt 0.26593494415283203 0.5752699375152588
vt 0.26593974232673645 0.5383905172348022
vt 0.2801150679588318 0.5592610836029053
vt 0.26593494415283203 0.5752699375152588
vt 0.26593974232673645 0.5383905172348022
vt 0.26593494415283203 0.5752699375152588
vt 0.2539774179458618 0.5531984567642212
vt 0.25847136974334717 0.5202915668487549
vt 0.26593974232673645 0.5383905172348022
vt 0.2539774179458618 0.5531984567642212
vt 0.25847136974334717 0.5202915668487549
vt 0.2539774179458618 0.5531984567642212
vt 0.25037258863449097 0.5335066318511963
vt 0.2410411834716797 0.4891357421875
vt 0.25847136974334717 0.5202915668487549
vt 0.25037258863449097 0.5335066318511963
vt 0.2410411834716797 0.4891357421875
vt 0.25037258863449097 0.5335066318511963
vt 0.24160164594650269 0.5073326826095581
vt 0.2678643465042114 0.15173977613449097
vt 0.2678643465042114 0.253379225730896
vt 0.2673555016517639 0.253379225730896
vt 0.2678643465042114 0.15173977613449097
vt 0.2673555016517639 0.253379225730896
vt 0.2673555016517639 0.15173977613449097
vt 0.25037258863449097 0.5335066318511963
vt 0.25847136974334717 0.5202915668487549
vt 0.2410411834716797 0.4891357421875
vt 0.25037258863449097 0.5335066318511963
vt 0.2410411834716797 0.4891357421875
vt 0.24160164594650269 0.5073326826095581
vt 0.2539774179458618 0.5531984567642212
vt 0.26593974232673645 0.5383905172348022
vt 0.25847136974334717 0.5202915668487549
vt 0.2539774179458618 0.5531984567642212
vt 0.25847136974334717 0.5202915668487549
vt 0.25037258863449097 0.5335066318511963
vt 0.26593494415283203 0.5752699375152588
vt 0.28011542558670044 0.5592610836029053
vt 0.26593974232673645 0.5383905172348022
vt 0.26593494415283203 0.5752699375152588
vt 0.26593974232673645 0.5383905172348022
vt 0.2539774179458618 0.5531984567642212
vt 0.2730715274810791 0.6012459993362427
vt 0.28911924362182617 0.5805264711380005
vt 0.28011542558670044 0.5592610836029053
vt 0.2730715274810791 0.6012459993362427
vt 0.28011542558670044 0.5592610836029053
vt 0.26593494415283203 0.5752699375152588
vt 0.27944517135620117 0.6202660799026489
vt 0.2977408766746521 0.5964459180831909
vt 0.28911924362182617 0.5805264711380005
vt 0.27944517135620117 0.6202660799026489
vt 0.28911924362182617 0.5805264711380005
vt 0.2730715274810791 0.6012459993362427
vt 0.2869892716407776 0.6427792310714722
vt 0.30589723587036133 0.6139259338378906
vt 0.2977408766746521 0.5964459180831909
vt 0.2869892716407776 0.6427792310714722
vt 0.2977408766746521 0.5964459180831909
vt 0.27944517135620117 0.6202660799026489
vn 0.12443471176622284 -0.2847468156000311 0.950492111231492
vn 0.12443471947902357 -0.2847468404381028 0.9504921027808146
vn 0.12443471176622284 -0.2847468156000311 0.950492111231492
vn 0.12443471176622284 -0.2847468156000311 0.950492111231492
vn 0.12443471176622284 -0.2847468156000311 0.950492111231492
vn 0.12443470308364774 -0.2847468159125139 0.9504921122745675
vn -0.35183757847128433 0.9360610655162743 0
vn -0.35183757847128433 0.9360610655162743 0
vn -0.35183757847128433 0.9360610655162743 0
vn -0.35183757847128433 0.9360610655162743 0
vn -0.35183757847128433 0.9360610655162743 0
vn -0.35183757847128433 0.9360610655162743 0
vn 0.12087768679678595 -0.27660692819718785 -0.9533505085266247
vn 0.12087768679678595 -0.27660692819718785 -0.9533505085266247
vn 0.12087768771271695 -0.2766069028992498 -0.953350515750483
vn 0.12087768679678595 -0.27660692819718785 -0.9533505085266247
vn 0.12087768771271695 -0.2766069028992498 -0.953350515750483
vn 0.12087768771271695 -0.2766069028992498 -0.953350515750483
vn 0.46970705950720215 -0.8828223367411463 0
vn 0.46970705950720215 -0.8828223367411463 0
vn 0.46970705950720215 -0.8828223367411463 0
vn 0.46970705950720215 -0.8828223367411463 0
vn 0.46970705950720215 -0.8828223367411463 0
vn 0.46970705950720215 -0.8828223367411463 0
vn 0.9995015488795485 -0.03156982399988103 0
vn 0.999501548788388 -0.03156982688602169 0
vn 0.999501548970709 -0.03156982111374037 0
vn 0.9995015488795485 -0.03156982399988103 0
vn 0.999501548970709 -0.03156982111374037 0
vn 0.9995015488795485 -0.03156982399988103 0
vn -0.9995022233891158 -0.03154846177255238 0
vn -0.9995022234802146 -0.03154845888640605 0
vn -0.9995022233891158 -0.03154846177255238 0
vn -0.9995022233891158 -0.03154846177255238 0
vn -0.9995022233891158 -0.03154846177255238 0
vn -0.9995022234802146 -0.03154845888640605 0
vn -0.46970591096938513 -0.8828229478216002 0
vn -0.46970591096938513 -0.8828229478216002 0
vn -0.46970591096938513 -0.8828229478216002 0
vn -0.46970591096938513 -0.8828229478216002 0
vn -0.46970591096938513 -0.8828229478216002 0
vn -0.46970591096938513 -0.8828229478216002 0
vn -0.09015671988917875 -0.24353924602275412 -0.9656916699990182
vn -0.09015672924965219 -0.243539220049223 -0.9656916756754307
vn -0.09015671988917875 -0.24353924602275412 -0.9656916699990182
vn -0.09015671988917875 -0.24353924602275412 -0.9656916699990182
vn -0.09015671988917875 -0.24353924602275412 -0.9656916699990182
vn -0.09015673680495048 -0.24353927141461706 -0.9656916620161533
vn 0.10403503716003863 0.9945736327910112 0
vn 0.10403503716003863 0.9945736327910112 0
vn 0.10403503716003863 0.9945736327910112 0
vn 0.10403503716003863 0.9945736327910112 0
vn 0.10403503716003863 0.9945736327910112 0
vn 0.10403503716003863 0.9945736327910112 0
vn -0.09288217578839832 -0.2509014008793553 0.9635462565220158
vn -0.09288217578839832 -0.2509014008793553 0.9635462565220158
vn -0.09288216767985927 -0.2509013754277008 0.9635462639310985
vn -0.09288217578839832 -0.2509014008793553 0.9635462565220158
vn -0.09288216767985927 -0.2509013754277008 0.9635462639310985
vn -0.09288217578839832 -0.2509014008793553 0.9635462565220158
vn -0.21936321916389723 -0.9756432637383665 0
vn -0.2193632560896797 -0.9756432554359886 0
vn -0.2193632560896797 -0.9756432554359886 0
vn -0.21936321916389723 -0.9756432637383665 0
vn -0.2193632560896797 -0.9756432554359886 0
vn -0.2193632560896797 -0.9756432554359886 0
vn 0.15010371741181555 -0.3120549782142935 -0.9381314218119073
vn 0.15010371741181555 -0.3120549782142935 -0.9381314218119073
vn 0.15010373466019006 -0.31205497738774596 -0.938131419327056
vn 0.15010371741181555 -0.3120549782142935 -0.9381314218119073
vn 0.15010373466019006 -0.31205497738774596 -0.938131419327056
vn 0.15010370144601418 -0.3120549543255646 -0.9381314323126987
vn -0.5754072057933459 0.8178670720362167 0
vn -0.5754071782461264 0.8178670914169552 0
vn -0.5754071782461264 0.8178670914169552 0
vn -0.5754072057933459 0.8178670720362167 0
vn -0.5754071782461264 0.8178670914169552 0
vn -0.5754071782461264 0.8178670914169552 0
vn 0.30188209412365635 -0.20553644323120626 0.9309253309215413
vn 0.3018821123547049 -0.20553642789337379 0.9309253283959423
vn 0.30188209412365635 -0.20553644323120626 0.9309253309215413
vn 0.30188209412365635 -0.20553644323120626 0.9309253309215413
vn 0.30188209412365635 -0.20553644323120626 0.9309253309215413
vn 0.3018820768096867 -0.20553644441321964 0.9309253362751718
vn 0.21936619140993513 -0.975642595455067 0
vn 0.2193661696604023 -0.9756426003452923 0
vn 0.21936615448384522 -0.975642603757631 0
vn 0.21936619140993513 -0.975642595455067 0
vn 0.21936615448384522 -0.975642603757631 0
vn 0.21936615448384522 -0.975642603757631 0
vn -0.565675788245424 -0.40825696723688265 0.7164755064169753
vn -0.5656757805237842 -0.40825699509959495 0.7164754966368754
vn -0.5656758466094675 -0.4082569782570023 0.7164754540576558
vn -0.565675788245424 -0.40825696723688265 0.7164755064169753
vn -0.5656758466094675 -0.4082569782570023 0.7164754540576558
vn -0.565675788245424 -0.40825696723688265 0.7164755064169753
vn 0.7508558583461858 0.6604661081291096 0
vn 0.7508558583461858 0.6604661081291096 0
vn 0.7508558583461858 0.6604661081291096 0
vn 0.7508558583461858 0.6604661081291096 0
vn 0.7508558583461858 0.6604661081291096 0
vn 0.7508558583461858 0.6604661081291096 0
vn -0.604487728789129 -0.3784372654097548 -0.7009848941971197
vn -0.604487728789129 -0.3784372654097548 -0.7009848941971197
vn -0.604487728789129 -0.3784372654097548 -0.7009848941971197
vn -0.604487728789129 -0.3784372654097548 -0.7009848941971197
vn -0.604487728789129 -0.3784372654097548 -0.7009848941971197
vn -0.604487689504573 -0.3784372753540387 -0.7009849227052137
vn -0.9560370310402749 -0.2932459637909732 0
vn -0.9560370185848954 -0.2932460043978506 0
vn -0.9560370185848954 -0.2932460043978506 0
vn -0.9560370310402749 -0.2932459637909732 0
vn -0.9560370185848954 -0.2932460043978506 0
vn -0.9560370248125853 -0.29324598409441205 0
vn -0.3521479813848005 -0.07810694216313079 -0.932679529523692
vn -0.35214792542663187 -0.07810693085070533 -0.9326795515989414
vn -0.3521479467938993 -0.07810694324924787 -0.9326795424930793
vn -0.3521479813848005 -0.07810694216313079 -0.932679529523692
vn -0.3521479467938993 -0.07810694324924787 -0.9326795424930793
vn -0.35214798159546973 -0.07810693455060662 -0.9326795300816588
vn 0.6843562237412418 0.7291478307083052 0
vn 0.6843562237412418 0.7291478307083052 0
vn 0.6843562237412418 0.7291478307083052 0
vn 0.6843562237412418 0.7291478307083052 0
vn 0.6843562237412418 0.7291478307083052 0
vn 0.6843562237412418 0.7291478307083052 0
vn -0.3703284870613631 -0.04320480127035191 0.9278955527525881
vn -0.3703284870613631 -0.04320480127035191 0.9278955527525881
vn -0.3703285442557278 -0.04320480715739681 0.9278955296518708
vn -0.3703284870613631 -0.04320480127035191 0.9278955527525881
vn -0.3703285442557278 -0.04320480715739681 0.9278955296518708
vn -0.3703285443176599 -0.04320480329385912 0.9278955298070479
vn 0.9560374407634294 -0.2932446280130499 0
vn 0.9560374407634294 -0.2932446280130499 0
vn 0.9560374407634294 -0.2932446280130499 0
vn 0.9560374407634294 -0.2932446280130499 0
vn 0.9560374407634294 -0.2932446280130499 0
vn 0.9560374407634294 -0.2932446280130499 0
vn -0.1440268315786396 0.06580774358076384 0.9873832146994533
vn -0.14402684049526054 0.06580774349446114 0.9873832134045627
vn -0.14402684941188143 0.06580774340815844 0.9873832121096718
vn -0.1440268315786396 0.06580774358076384 0.9873832146994533
vn -0.14402684941188143 0.06580774340815844 0.9873832121096718
vn -0.1440268582615433 0.06580775035587476 0.9873832103557403
vn -0.9075485903921547 0.41994708723506224 0
vn -0.9075485903921547 0.41994708723506224 0
vn -0.9075485903921547 0.41994708723506224 0
vn -0.9075485903921547 0.41994708723506224 0
vn -0.9075485903921547 0.41994708723506224 0
vn -0.9075485903921547 0.41994708723506224 0
vn -0.0779860958138217 0.035632934887273225 -0.9963174508212915
vn -0.07798610473999393 0.0356329418363986 -0.9963174498740683
vn -0.07798609580411926 0.03563293837434129 -0.9963174506973373
vn -0.0779860958138217 0.035632934887273225 -0.9963174508212915
vn -0.07798609580411926 0.03563293837434129 -0.9963174506973373
vn -0.07798609579441682 0.03563294186140934 -0.996317450573383
vn 0.9560355402952175 -0.29325082385635604 0
vn 0.9560355402952175 -0.29325082385635604 0
vn 0.9560355527507653 -0.29325078324965964 0
vn 0.9560355402952175 -0.29325082385635604 0
vn 0.9560355527507653 -0.29325078324965964 0
vn 0.9560355465229915 -0.29325080355300803 0
vn -0.05981180453681489 0.08455587344679605 0.9946219645190323
vn -0.05981179564221184 0.08455586658869083 0.9946219656369398
vn -0.059811804501649794 0.08455588035022521 0.9946219639342652
vn -0.05981180453681489 0.08455587344679605 0.9946219645190323
vn -0.059811804501649794 0.08455588035022521 0.9946219639342652
vn -0.059811804501649794 0.08455588035022521 0.9946219639342652
vn -0.6843566369340034 0.7291474428977864 0
vn -0.6843566369340034 0.7291474428977864 0
vn -0.6843566369340034 0.7291474428977864 0
vn -0.6843566369340034 0.7291474428977864 0
vn -0.6843566369340034 0.7291474428977864 0
vn -0.6843566369340034 0.7291474428977864 0
vn -0.07547380103445424 0.0779920853562353 -0.9940930238057188
vn -0.07547380107547494 0.07799207842985205 -0.9940930243460174
vn -0.07547380103445424 0.0779920853562353 -0.9940930238057188
vn -0.07547380103445424 0.0779920853562353 -0.9940930238057188
vn -0.07547380103445424 0.0779920853562353 -0.9940930238057188
vn -0.07547380111649561 0.07799207150346878 -0.9940930248863158
vn -0.9560376960974365 -0.29324379557069175 0
vn -0.9560376960974365 -0.29324379557069175 0
vn -0.9560376960974365 -0.29324379557069175 0
vn -0.9560376960974365 -0.29324379557069175 0
vn -0.9560376960974365 -0.29324379557069175 0
vn -0.9560376960974365 -0.29324379557069175 0
vn -0.1672151714811165 -0.05651429391340043 0.9842993553843316
vn -0.1672151714811165 -0.05651429391340043 0.9842993553843316
vn -0.16721517144751763 -0.05651429745746516 0.9842993551865543
vn -0.1672151714811165 -0.05651429391340043 0.9842993553843316
vn -0.16721517144751763 -0.05651429745746516 0.9842993551865543
vn -0.1672151714811165 -0.05651429391340043 0.9842993553843316
vn 0.9075487035986701 0.4199468425841219 0
vn 0.9075487035986701 0.4199468425841219 0
vn 0.9075487035986701 0.4199468425841219 0
vn 0.9075487035986701 0.4199468425841219 0
vn 0.9075487035986701 0.4199468425841219 0
vn 0.9075487035986701 0.4199468425841219 0
vn -0.09074203216977926 -0.030668478591878986 -0.9954020936378214
vn -0.0907420232160004 -0.03066848211216389 -0.9954020943455979
vn -0.0907420232160004 -0.03066848211216389 -0.9954020943455979
vn -0.09074203216977926 -0.030668478591878986 -0.9954020936378214
vn -0.0907420232160004 -0.03066848211216389 -0.9954020943455979
vn -0.0907420232160004 -0.03066848211216389 -0.9954020943455979
vn 0.40333052376975936 -0.370378749078473 -0.8367461208913232
vn 0.403330497298018 -0.37037875508909435 -0.8367461309907481
vn 0.40333052376975936 -0.370378749078473 -0.8367461208913232
vn 0.40333052376975936 -0.370378749078473 -0.8367461208913232
vn 0.40333052376975936 -0.370378749078473 -0.8367461208913232
vn 0.4033304927687166 -0.3703787812494754 -0.8367461215942966
vn 0.37490379618799663 -0.1661617302548001 -0.9120512173132385
vn 0.37490379618799663 -0.1661617302548001 -0.9120512173132385
vn 0.3749037981074249 -0.16616170029342836 -0.9120512219827481
vn 0.37490379618799663 -0.1661617302548001 -0.9120512173132385
vn 0.3749037981074249 -0.16616170029342836 -0.9120512219827481
vn 0.37490379618799663 -0.1661617302548001 -0.9120512173132385
vn 0.21935005726854537 -0.9756462229600881 0
vn 0.21935003551931997 -0.9756462278498661 0
vn 0.21935005726854537 -0.9756462229600881 0
vn 0.21935005726854537 -0.9756462229600881 0
vn 0.21935005726854537 -0.9756462229600881 0
vn 0.21935002034415013 -0.9756462312616293 0
vn 0.3746770705959276 -0.16606089166694857 0.9121627448149985
vn 0.3746770148407792 -0.16606086915076604 0.9121627718159159
vn 0.3746770725128151 -0.1660608617079171 0.9121627494817197
vn 0.3746770705959276 -0.16606089166694857 0.9121627448149985
vn 0.3746770725128151 -0.1660608617079171 0.9121627494817197
vn 0.3746770715543714 -0.16606087668743288 0.9121627471483593
vn 0.3554135702358896 -0.3039801478294684 0.8838988990929634
vn 0.3554136208251065 -0.3039801880364449 0.883898864923649
vn 0.3554135702358896 -0.3039801478294684 0.8838988990929634
vn 0.3554135702358896 -0.3039801478294684 0.8838988990929634
vn 0.3554135702358896 -0.3039801478294684 0.8838988990929634
vn 0.3554136208251065 -0.3039801880364449 0.883898864923649
vn -0.16781271037382628 -0.5461885366225526 0.8206808007374761
vn -0.167812733813142 -0.5461885595666311 0.8206807806746107
vn -0.16781271037382628 -0.5461885366225526 0.8206808007374761
vn -0.16781271037382628 -0.5461885366225526 0.8206808007374761
vn -0.16781271037382628 -0.5461885366225526 0.8206808007374761
vn -0.16781272630217148 -0.546188535120297 0.8206807984802474
vn 0.676054933564416 0.7368512243344738 0
vn 0.676054933564416 0.7368512243344738 0
vn 0.6760549005507234 0.7368512546242636 0
vn 0.676054933564416 0.7368512243344738 0
vn 0.6760549005507234 0.7368512546242636 0
vn 0.676054933564416 0.7368512243344738 0
vn 0.036526266130847994 -0.6360459812403485 -0.7707861841201752
vn 0.036526268818612366 -0.636046009124074 -0.7707861609834005
vn 0.036526265039483724 -0.6360460092119896 -0.77078616108994
vn 0.036526266130847994 -0.6360459812403485 -0.7707861841201752
vn 0.036526265039483724 -0.6360460092119896 -0.77078616108994
vn 0.036526267727248006 -0.6360460370957128 -0.7707861379531656
vn 0.07547362834096838 0.07799183237652522 -0.9940930567646076
vn 0.07547364179761597 0.07799183003172382 -0.9940930559269127
vn 0.07547363286680459 0.07799183008459465 -0.9940930566008106
vn 0.07547362834096838 0.07799183237652522 -0.9940930567646076
vn 0.07547363286680459 0.07799183008459465 -0.9940930566008106
vn 0.07547362834096838 0.07799183237652522 -0.9940930567646076
vn 0.07798579160264626 0.035632823360602875 -0.9963174786218802
vn 0.07798578264736716 0.03563282687268119 -0.9963174791972381
vn 0.07798579161234863 0.03563281987353511 -0.9963174787458341
vn 0.07798579160264626 0.035632823360602875 -0.9963174786218802
vn 0.07798579161234863 0.03563281987353511 -0.9963174787458341
vn 0.07798579160264626 0.035632823360602875 -0.9963174786218802
vn -0.2193658828553534 -0.9756426648312851 0
vn -0.2193658828553534 -0.9756426648312851 0
vn -0.2193658828553534 -0.9756426648312851 0
vn -0.2193658828553534 -0.9756426648312851 0
vn -0.2193658828553534 -0.9756426648312851 0
vn -0.2193658828553534 -0.9756426648312851 0
vn 0.14402637048558053 0.06580756014672255 0.9873832941833104
vn 0.14402637048558053 0.06580756014672255 0.9873832941833104
vn 0.14402637041862196 0.06580756718074104 0.9873832937242711
vn 0.14402637048558053 0.06580756014672255 0.9873832941833104
vn 0.14402637041862196 0.06580756718074104 0.9873832937242711
vn 0.14402637048558053 0.06580756014672255 0.9873832941833104
vn 0.05981164464494523 0.08455570858032074 0.9946219881499436
vn 0.05981164014489604 0.08455571550641207 0.994621987831747
vn 0.059811640109731105 0.08455572240984158 0.9946219872469811
vn 0.05981164464494523 0.08455570858032074 0.9946219881499436
vn 0.059811640109731105 0.08455572240984158 0.9946219872469811
vn 0.05981163571517671 0.08455570862564445 0.9946219886830827
vn 0.5656800136507067 -0.4082583248239456 0.7164713967550149
vn 0.5656799552866625 -0.40825831380395255 0.7164714491149196
vn 0.5656799339491013 -0.40825826496874035 0.7164714937888698
vn 0.5656800136507067 -0.4082583248239456 0.7164713967550149
vn 0.5656799339491013 -0.40825826496874035 0.7164714937888698
vn 0.5656799262273601 -0.40825829283148973 0.7164714840087677
vn -0.7508557867537323 0.6604661895195193 0
vn -0.7508557867537323 0.6604661895195193 0
vn -0.7508557867537323 0.6604661895195193 0
vn -0.7508557867537323 0.6604661895195193 0
vn -0.7508557867537323 0.6604661895195193 0
vn -0.7508557867537323 0.6604661895195193 0
vn 0.6044917822545455 -0.3784391537309175 -0.7009803792618949
vn 0.6044917822545455 -0.3784391537309175 -0.7009803792618949
vn 0.6044917461040092 -0.3784391935064331 -0.7009803889627202
vn 0.6044917822545455 -0.3784391537309175 -0.7009803792618949
vn 0.6044917461040092 -0.3784391935064331 -0.7009803889627202
vn 0.6044916864709218 -0.37843918404248994 -0.7009804454967309
vn -0.39365634499632757 0.3180681428630116 -0.8624774423367877
vn -0.3936563526272314 0.3180680880835913 -0.8624774590556403
vn -0.3936562934364065 0.31806810246503264 -0.8624774807681668
vn -0.39365634499632757 0.3180681428630116 -0.8624774423367877
vn -0.3936562934364065 0.31806810246503264 -0.8624774807681668
vn -0.3936563488117796 0.3180681154733018 -0.8624774506962143
vn -0.4071030439753687 0.17365792069513347 -0.896721828755067
vn -0.4071031011059987 0.173657943504424 -0.8967217984010944
vn -0.40710309999807853 0.17365795870327605 -0.8967217959606901
vn -0.4071030439753687 0.17365792069513347 -0.896721828755067
vn -0.40710309999807853 0.17365795870327605 -0.8967217959606901
vn -0.4071030406516089 0.1736579662916876 -0.8967218214338545
vn 0.21936680194677657 -0.9756424581800669 0
vn 0.21936681712338932 -0.9756424547677052 0
vn 0.21936681712338932 -0.9756424547677052 0
vn 0.21936680194677657 -0.9756424581800669 0
vn 0.21936681712338932 -0.9756424547677052 0
vn 0.21936678019723238 -0.975642463070309 0
vn -0.40686322414156834 0.17355524695830157 0.8968505411128272
vn -0.4068631904355824 0.1735552498105442 0.8968505558518536
vn -0.40686322414156834 0.17355524695830157 0.8968505411128272
vn -0.40686322414156834 0.17355524695830157 0.8968505411128272
vn -0.40686322414156834 0.17355524695830157 0.8968505411128272
vn -0.4068632230350949 0.1735552621558006 0.8968505386738226
vn -0.321163576670085 0.284850836585664 0.9031688424192488
vn -0.32116363177323426 0.28485082228743247 0.9031688273342918
vn -0.32116363177323426 0.28485082228743247 0.9031688273342918
vn -0.321163576670085 0.284850836585664 0.9031688424192488
vn -0.32116363177323426 0.28485082228743247 0.9031688273342918
vn -0.32116360039750697 0.2848507986789552 0.9031688459372763
vn -0.5685825849248686 -0.1099888641077613 0.8152400222587449
vn -0.5685825200748087 -0.1099888602269696 0.8152400680114734
vn -0.5685825206181002 -0.10998885164464688 0.8152400687904511
vn -0.5685825849248686 -0.1099888641077613 0.8152400222587449
vn -0.5685825206181002 -0.10998885164464688 0.8152400687904511
vn -0.5685825206181002 -0.10998885164464688 0.8152400687904511
vn 0.687579720256397 0.7261088956156196 0
vn 0.687579720256397 0.7261088956156196 0
vn 0.6875796867186772 0.7261089273737417 0
vn 0.687579720256397 0.7261088956156196 0
vn 0.6875796867186772 0.7261089273737417 0
vn 0.687579720256397 0.7261088956156196 0
vn -0.6457533308716237 0.013119108805186288 -0.7634333793150264
vn -0.6457533695911546 0.01311911073665202 -0.7634333465307558
vn -0.6457533696008534 0.013119109592008366 -0.7634333465422221
vn -0.6457533308716237 0.013119108805186288 -0.7634333793150264
vn -0.6457533696008534 0.013119109592008366 -0.7634333465422221
vn -0.6457533696008534 0.013119109592008366 -0.7634333465422221
vn -0.40333151600364187 -0.3703793614369566 -0.8367453715556222
vn -0.4033315706676285 -0.3703793757489477 -0.8367453388711549
vn -0.4033315114743194 -0.37037938759733696 -0.8367453621591593
vn -0.40333151600364187 -0.3703793614369566 -0.8367453715556222
vn -0.4033315114743194 -0.37037938759733696 -0.8367453621591593
vn -0.4033315706676285 -0.3703793757489477 -0.8367453388711549
vn -0.37490479277753025 -0.16616238775470366 -0.9120506878721668
vn -0.37490479085808814 -0.16616241771608117 -0.9120506832026386
vn -0.3749047918178092 -0.16616240273539243 -0.9120506855374028
vn -0.37490479277753025 -0.16616238775470366 -0.9120506878721668
vn -0.3749047918178092 -0.16616240273539243 -0.9120506855374028
vn -0.37490479277753025 -0.16616238775470366 -0.9120506878721668
vn -0.21935018979098556 -0.9756461931656674 0
vn -0.21935018979098556 -0.9756461931656674 0
vn -0.21935016804175747 -0.9756461980554493 0
vn -0.21935018979098556 -0.9756461931656674 0
vn -0.21935016804175747 -0.9756461980554493 0
vn -0.21935015286657608 -0.9756462014672171 0
vn -0.37467698800432786 -0.16606128857714336 0.9121627064817457
vn -0.37467704471791363 -0.16606129611382817 0.912162681814185
vn -0.37467698800432786 -0.16606128857714336 0.9121627064817457
vn -0.37467698800432786 -0.16606128857714336 0.9121627064817457
vn -0.37467698800432786 -0.16606128857714336 0.9121627064817457
vn -0.3746770437594675 -0.1660613110933406 0.9121626794808187
vn -0.35541369250907046 -0.30397967810322274 0.8838990114698223
vn -0.35541371265451727 -0.303979695333303 0.883898997443828
vn -0.3554137463291246 -0.30397969116913365 0.8838989853354368
vn -0.35541369250907046 -0.30397967810322274 0.8838990114698223
vn -0.3554137463291246 -0.30397969116913365 0.8838989853354368
vn -0.3554137430983038 -0.30397971831019344 0.8838989773005219
vn 0.1678094893532648 -0.5461877282890183 0.8206819973348253
vn 0.16780950528161603 -0.5461877267867947 0.8206819950776384
vn 0.1678094893532648 -0.5461877282890183 0.8206819973348253
vn 0.1678094893532648 -0.5461877282890183 0.8206819973348253
vn 0.1678094893532648 -0.5461877282890183 0.8206819973348253
vn 0.1678094893532648 -0.5461877282890183 0.8206819973348253
vn -0.6760563173934102 0.7368499546803683 0
vn -0.6760563504071683 0.7368499243904012 0
vn -0.6760563173934102 0.7368499546803683 0
vn -0.6760563173934102 0.7368499546803683 0
vn -0.6760563173934102 0.7368499546803683 0
vn -0.6760563504071683 0.7368499243904012 0
vn -0.03652540515900732 -0.6360465290274513 -0.7707857728903031
vn -0.03652540843302435 -0.6360464451126504 -0.7707858419810013
vn -0.036525399783430404 -0.6360464732600799 -0.7707858191638419
vn -0.03652540515900732 -0.6360465290274513 -0.7707857728903031
vn -0.036525399783430404 -0.6360464732600799 -0.7707858191638419
vn -0.03652540734168532 -0.6360464730842532 -0.7707858189507683
vn 0.4222403287199914 -0.31394860665618574 -0.850381900784038
vn 0.42224029998445434 -0.31394858399803466 -0.8503819234171592
vn 0.4222403328312576 -0.31394857869906884 -0.8503819090640296
vn 0.4222403287199914 -0.31394860665618574 -0.850381900784038
vn 0.4222403328312576 -0.31394857869906884 -0.8503819090640296
vn 0.4222403287199914 -0.31394860665618574 -0.850381900784038
vn 0.4196051145071317 -0.1702005420957736 -0.8916071575249729
vn 0.4196051409685565 -0.17020053704022495 -0.89160714603685
vn 0.4196051167623167 -0.1702005114328219 -0.8916071623169525
vn 0.4196051145071317 -0.1702005420957736 -0.8916071575249729
vn 0.4196051167623167 -0.1702005114328219 -0.8916071623169525
vn 0.4196051409685565 -0.17020053704022495 -0.89160714603685
vn 0.2193510284250735 -0.9756460046189203 0
vn 0.2193510284250735 -0.9756460046189203 0
vn 0.2193510066758296 -0.9756460095087255 0
vn 0.2193510284250735 -0.9756460046189203 0
vn 0.2193510066758296 -0.9756460095087255 0
vn 0.2193510653495753 -0.975645996317315 0
vn 0.4193614440692527 -0.17010168197740716 0.8917406556934634
vn 0.4193614764811925 -0.1701016944044808 0.8917406380805121
vn 0.4193614429431166 -0.17010169730740993 0.8917406532988195
vn 0.4193614440692527 -0.17010168197740716 0.8917406556934634
vn 0.4193614429431166 -0.17010169730740993 0.8917406532988195
vn 0.41936147535505625 -0.1701017097344832 0.891740635685868
vn 0.375456473322219 -0.24984454505199727 0.8925301899365659
vn 0.375456448536651 -0.24984455906740727 0.8925301964396823
vn 0.375456448536651 -0.24984455906740727 0.8925301964396823
vn 0.375456473322219 -0.24984454505199727 0.8925301899365659
vn 0.375456448536651 -0.24984455906740727 0.8925301964396823
vn 0.3754564704603205 -0.2498445736563418 0.8925301831332985
vn -0.06273077817089333 -0.4886415937633716 0.8702265465466255
vn -0.06273078069248113 -0.4886416323486955 0.8702265246987786
vn -0.06273078069248113 -0.4886416323486955 0.8702265246987786
vn -0.06273077817089333 -0.4886415937633716 0.8702265465466255
vn -0.06273078069248113 -0.4886416323486955 0.8702265246987786
vn -0.06273078069248113 -0.4886416323486955 0.8702265246987786
vn 0.647433604841694 0.7621218585775433 0
vn 0.6474336364424699 0.7621218317322235 0
vn 0.6474336364424699 0.7621218317322235 0
vn 0.647433604841694 0.7621218585775433 0
vn 0.6474336364424699 0.7621218317322235 0
vn 0.6474336364424699 0.7621218317322235 0
vn 0.12494804931139096 -0.5876023689407331 -0.7994444577258114
vn 0.1249480440478352 -0.587602344187423 -0.7994444767424849
vn 0.12494804931139096 -0.5876023689407331 -0.7994444577258114
vn 0.12494804931139096 -0.5876023689407331 -0.7994444577258114
vn 0.12494804931139096 -0.5876023689407331 -0.7994444577258114
vn 0.124948041517088 -0.5876023695220648 -0.7994444585167245
vn 0.3936567180688761 0.3180681612154955 -0.8624772652889089
vn 0.39365672188433287 0.3180681338257793 -0.8624772736483363
vn 0.39365669588282415 0.31806814328953004 -0.862477282026007
vn 0.3936567180688761 0.3180681612154955 -0.8624772652889089
vn 0.39365669588282415 0.31806814328953004 -0.862477282026007
vn 0.39365675507367187 0.31806812890807884 -0.8624772603134422
vn 0.4071030778396559 0.17365826268029008 -0.8967217471525614
vn 0.4071030452452409 0.17365825033741744 -0.8967217643404214
vn 0.40710313607820375 0.1736582702907422 -0.8967217192389838
vn 0.4071030778396559 0.17365826268029008 -0.8967217471525614
vn 0.40710313607820375 0.1736582702907422 -0.8967217192389838
vn 0.4071030778396559 0.17365826268029008 -0.8967217471525614
vn -0.2193668540495507 -0.9756424464650988 0
vn -0.219366875799097 -0.9756424415748547 0
vn -0.219366875799097 -0.9756424415748547 0
vn -0.2193668540495507 -0.9756424464650988 0
vn -0.219366875799097 -0.9756424415748547 0
vn -0.2193668540495507 -0.9756424464650988 0
vn 0.40686417042564127 0.1735562007319881 0.8968499272516739
vn 0.4068641715321237 0.1735561855344874 0.896849929690691
vn 0.40686422754737267 0.1735562235376856 0.8968498969245726
vn 0.40686417042564127 0.1735562007319881 0.8968499272516739
vn 0.40686422754737267 0.1735562235376856 0.8968498969245726
vn 0.40686413782615394 0.17355618838675332 0.8968499444297481
vn 0.32116483644316346 0.28485127573061375 0.9031682559451909
vn 0.32116483644316346 0.28485127573061375 0.9031682559451909
vn 0.32116478133994125 0.2848512900288487 0.9031682710302484
vn 0.32116483644316346 0.28485127573061375 0.9031682559451909
vn 0.32116478133994125 0.2848512900288487 0.9031682710302484
vn 0.32116481271564035 0.28485131363731026 0.9031682524272132
vn 0.5685762602739789 -0.10998319921541447 0.8152451975591142
vn 0.56857626136049 -0.10998318205081195 0.815245199116993
vn 0.5685762602739789 -0.10998319921541447 0.8152451975591142
vn 0.5685762602739789 -0.10998319921541447 0.8152451975591142
vn 0.5685762602739789 -0.10998319921541447 0.8152451975591142
vn 0.5685762602739789 -0.10998319921541447 0.8152451975591142
vn -0.6875805158461055 0.7261081422410877 0
vn -0.6875804823083514 0.726108173999312 0
vn -0.6875805158461055 0.7261081422410877 0
vn -0.6875805158461055 0.7261081422410877 0
vn -0.6875805158461055 0.7261081422410877 0
vn -0.6875804823083514 0.726108173999312 0
vn 0.645746420637702 0.013126900277933486 -0.7634390903816027
vn 0.6457464593569262 0.013126902209863364 -0.7634390575981599
vn 0.6457464593569262 0.013126902209863364 -0.7634390575981599
vn 0.645746420637702 0.013126900277933486 -0.7634390903816027
vn 0.6457464593569262 0.013126902209863364 -0.7634390575981599
vn 0.6457464593569262 0.013126902209863364 -0.7634390575981599
vn -0.5039215313109267 0.3184264560875185 -0.8029120016196012
vn -0.5039214716532696 0.31842644495200034 -0.8029120434780099
vn -0.5039215051831841 0.3184264335258652 -0.80291202696554
vn -0.5039215313109267 0.3184264560875185 -0.8029120016196012
vn -0.5039215051831841 0.3184264335258652 -0.80291202696554
vn -0.503921499949945 0.3184264628325834 -0.8029120186272759
vn -0.4592500815039032 0.17389863821243454 -0.8711191802885061
vn -0.4592501130762117 0.17389865055372788 -0.8711191611800759
vn -0.4592501130762117 0.17389865055372788 -0.8711191611800759
vn -0.4592500815039032 0.17389863821243454 -0.8711191802885061
vn -0.4592501130762117 0.17389865055372788 -0.8711191611800759
vn -0.4592501130762117 0.17389865055372788 -0.8711191611800759
vn 0.21935455242725646 -0.9756452123233311 0
vn 0.21935455242725646 -0.9756452123233311 0
vn 0.2193545306779453 -0.9756452172132337 0
vn 0.21935455242725646 -0.9756452123233311 0
vn 0.2193545306779453 -0.9756452172132337 0
vn 0.21935455242725646 -0.9756452123233311 0
vn -0.45899551759275914 0.1738023079100546 0.8712725593032835
vn -0.45899551759275914 0.1738023079100546 0.8712725593032835
vn -0.45899551759275914 0.1738023079100546 0.8712725593032835
vn -0.45899551759275914 0.1738023079100546 0.8712725593032835
vn -0.45899551759275914 0.1738023079100546 0.8712725593032835
vn -0.4589955491716805 0.1738023202537949 0.8712725402048344
vn -0.4168657526616838 0.29701250441028026 0.8590730565451002
vn -0.4168657565007319 0.29701247613907134 0.8590730644565747
vn -0.41686576033977957 0.2970124478678617 0.8590730723680484
vn -0.4168657526616838 0.29701250441028026 0.8590730565451002
vn -0.41686576033977957 0.2970124478678617 0.8590730723680484
vn -0.41686572348161804 0.29701248108717804 0.8590730787683815
vn -0.5906975683946304 0.05396798473629378 0.8050862309816099
vn -0.5906976044155177 0.05396798802727516 0.8050862043322172
vn -0.5906976044155177 0.05396798802727516 0.8050862043322172
vn -0.5906975683946304 0.05396798473629378 0.8050862309816099
vn -0.5906976044155177 0.05396798802727516 0.8050862043322172
vn -0.5906976044155177 0.05396798802727516 0.8050862043322172
vn 0.5631974347793735 0.826322364127907 0
vn 0.5631975152226418 0.8263223093000951 0
vn 0.563197488408217 0.8263223275760351 0
vn 0.5631974347793735 0.826322364127907 0
vn 0.563197488408217 0.8263223275760351 0
vn 0.563197488408217 0.8263223275760351 0
vn -0.6866949317728175 0.1947574431970678 -0.700371050941475
vn -0.6866949088240177 0.19475743166520373 -0.7003710766489059
vn -0.6866949317728175 0.1947574431970678 -0.700371050941475
vn -0.6866949317728175 0.1947574431970678 -0.700371050941475
vn -0.6866949317728175 0.1947574431970678 -0.700371050941475
vn -0.6866949728027342 0.19475743615327207 -0.7003710126714671
vn -0.4222393998317809 -0.3139482959175835 -0.8503824767245283
vn -0.42223946066995605 -0.3139482804171366 -0.8503824522391485
vn -0.4222393998317809 -0.3139482959175835 -0.8503824767245283
vn -0.4222393998317809 -0.3139482959175835 -0.8503824767245283
vn -0.4222393998317809 -0.3139482959175835 -0.8503824767245283
vn -0.4222393752074642 -0.31394824530231047 -0.8503825076375986
vn -0.41960422470860664 -0.17019997237081322 -0.891607685033986
vn -0.41960422470860664 -0.17019997237081322 -0.891607685033986
vn -0.41960419117445047 -0.17019997527747951 -0.8916077002608158
vn -0.41960422470860664 -0.17019997237081322 -0.891607685033986
vn -0.41960419117445047 -0.17019997527747951 -0.8916077002608158
vn -0.4196042235810206 -0.17019998770228467 -0.8916076826380036
vn -0.21934946850568973 -0.975646355328749 0
vn -0.21934946850568973 -0.975646355328749 0
vn -0.21934950543002674 -0.9756463470272426 0
vn -0.21934946850568973 -0.975646355328749 0
vn -0.21934950543002674 -0.9756463470272426 0
vn -0.21934950543002674 -0.9756463470272426 0
vn -0.41936070673739717 -0.17010110881661025 0.891741111771836
vn -0.4193607655950459 -0.17010111618381787 0.8917410826874336
vn -0.4193607655950459 -0.17010111618381787 0.8917410826874336
vn -0.41936070673739717 -0.17010110881661025 0.891741111771836
vn -0.4193607655950459 -0.17010111618381787 0.8917410826874336
vn -0.41936070673739717 -0.17010110881661025 0.891741111771836
vn -0.37545546372237193 -0.24984411763662215 0.892530734285042
vn -0.37545544466064196 -0.24984407444337603 0.8925307543946105
vn -0.37545546658425616 -0.24984408903228447 0.892530741088298
vn -0.37545546372237193 -0.24984411763662215 0.892530734285042
vn -0.37545546658425616 -0.24984408903228447 0.892530741088298
vn -0.3754554432297001 -0.24984408874554426 0.892530750992983
vn 0.06273000442539367 -0.488641292488465 0.8702267714911973
vn 0.06273000286661967 -0.4886413311993737 0.870226749866986
vn 0.06273000442539367 -0.488641292488465 0.8702267714911973
vn 0.06273000442539367 -0.488641292488465 0.8702267714911973
vn 0.06273000442539367 -0.488641292488465 0.8702267714911973
vn 0.06273000130784563 -0.48864136991027957 0.8702267282427743
vn -0.6474339687944312 0.7621215493942495 0
vn -0.6474339687944312 0.7621215493942495 0
vn -0.6474339687944312 0.7621215493942495 0
vn -0.6474339687944312 0.7621215493942495 0
vn -0.6474339687944312 0.7621215493942495 0
vn -0.6474339132211943 0.7621215966045647 0
vn -0.12494614135001875 -0.5876030893843806 -0.7994442263896044
vn -0.12494614135001875 -0.5876030893843806 -0.7994442263896044
vn -0.12494614553610676 -0.5876031209798193 -0.7994442025122491
vn -0.12494614135001875 -0.5876030893843806 -0.7994442263896044
vn -0.12494614553610676 -0.5876031209798193 -0.7994442025122491
vn -0.12494614135001875 -0.5876030893843806 -0.7994442263896044
vn 0.3521453888870093 -0.07810651075053116 -0.932680544486693
vn 0.3521453888870093 -0.07810651075053116 -0.932680544486693
vn 0.35214544484504806 -0.07810652206293589 -0.9326805224116751
vn 0.3521453888870093 -0.07810651075053116 -0.932680544486693
vn 0.35214544484504806 -0.07810652206293589 -0.9326805224116751
vn 0.35214544484504806 -0.07810652206293589 -0.9326805224116751
vn 0.09074197839842597 -0.030668517189526935 -0.9954020973504804
vn 0.09074197838868998 -0.030668520684714626 -0.9954020972436805
vn 0.09074197838868998 -0.030668520684714626 -0.9954020972436805
vn 0.09074197839842597 -0.030668517189526935 -0.9954020973504804
vn 0.09074197838868998 -0.030668520684714626 -0.9954020972436805
vn 0.090741978378954 -0.030668524179902328 -0.9954020971368808
vn 0.21936335169073684 -0.9756432339410784 0
vn 0.21936335169073684 -0.9756432339410784 0
vn 0.21936335169073684 -0.9756432339410784 0
vn 0.21936335169073684 -0.9756432339410784 0
vn 0.21936335169073684 -0.9756432339410784 0
vn 0.21936335169073684 -0.9756432339410784 0
vn 0.1672152873843837 -0.056514406132995416 0.9842993292512155
vn 0.1672152874179827 -0.05651440258893062 0.9842993294489933
vn 0.16721526966753977 -0.05651439567402238 0.9842993328615091
vn 0.1672152873843837 -0.056514406132995416 0.9842993292512155
vn 0.16721526966753977 -0.05651439567402238 0.9842993328615091
vn 0.1672152518162998 -0.056514399391308597 0.9842993356806918
vn 0.37032590476536886 -0.043204296997310515 0.9278966068375717
vn 0.3703259275832702 -0.04320429965937486 0.9278965976069389
vn 0.37032587026517777 -0.04320430149941887 0.9278966203970602
vn 0.37032590476536886 -0.043204296997310515 0.9278966068375717
vn 0.37032587026517777 -0.04320430149941887 0.9278966203970602
vn 0.37032592752133936 -0.043204303522907495 0.9278965974517636
vn -0.3018817672730379 -0.20553772133655807 0.9309251547229147
vn -0.30188180331836845 -0.20553771812767252 0.930925143742567
vn -0.3018817850873164 -0.20553773346549928 0.9309251462681415
vn -0.3018817672730379 -0.20553772133655807 0.9309251547229147
vn -0.3018817850873164 -0.20553773346549928 0.9309251462681415
vn -0.3018818024012846 -0.20553773228347993 0.9309251409145185
vn 0.5754087780789953 0.8178659658584878 0
vn 0.5754088056263101 0.8178659464776016 0
vn 0.5754087780789953 0.8178659658584878 0
vn 0.5754087780789953 0.8178659658584878 0
vn 0.5754087780789953 0.8178659658584878 0
vn 0.5754087780789953 0.8178659658584878 0
vn -0.15010394535171395 -0.3120552490006952 -0.9381312952678659
vn -0.15010392938591707 -0.3120552251119733 -0.9381313057686667
vn -0.1501039440691374 -0.312055273715966 -0.9381312872519192
vn -0.15010394535171395 -0.3120552490006952 -0.9381312952678659
vn -0.1501039440691374 -0.312055273715966 -0.9381312872519192
vn -0.15010396260008715 -0.31205524817414576 -0.9381312927830113
vn 0.5039200994892659 0.31842635792995533 -0.8029129391821958
vn 0.5039201277858706 0.31842637581053757 -0.8029129143315844
vn 0.5039201277858706 0.31842637581053757 -0.8029129143315844
vn 0.5039200994892659 0.31842635792995533 -0.8029129391821958
vn 0.5039201277858706 0.31842637581053757 -0.8029129143315844
vn 0.5039201277858706 0.31842637581053757 -0.8029129143315844
vn 0.45924928822304334 0.17389747577801407 -0.871119830554134
vn 0.45924928822304334 0.17389747577801407 -0.871119830554134
vn 0.45924928822304334 0.17389747577801407 -0.871119830554134
vn 0.45924928822304334 0.17389747577801407 -0.871119830554134
vn 0.45924928822304334 0.17389747577801407 -0.871119830554134
vn 0.4592493197953815 0.17389748811933733 -0.8711198114457415
vn -0.21935468495119917 -0.9756451825279311 0
vn -0.21935462627700464 -0.9756451957196712 0
vn -0.21935464802631743 -0.9756451908297659 0
vn -0.21935468495119917 -0.9756451825279311 0
vn -0.21935464802631743 -0.9756451908297659 0
vn -0.21935464802631743 -0.9756451908297659 0
vn 0.45899482034767886 0.17380111812274274 0.871273163957944
vn 0.45899481905905154 0.17380113378830886 0.8712731615118458
vn 0.4589947861914742 0.17380113711010434 0.8712731781641608
vn 0.45899482034767886 0.17380111812274274 0.871273163957944
vn 0.4589947861914742 0.17380113711010434 0.8712731781641608
vn 0.45899481905905154 0.17380113378830886 0.8712731615118458
vn 0.416864281242081 0.2970124393459252 0.8590737930459212
vn 0.416864249752704 0.2970124789229216 0.8590737946429143
vn 0.4168643104221833 0.29701246266902576 0.8590737708226917
vn 0.416864281242081 0.2970124393459252 0.8590737930459212
vn 0.4168643104221833 0.29701246266902576 0.8590737708226917
vn 0.4168642774030503 0.2970124676171107 0.859073785134448
vn 0.5906955905571197 0.05397301173216142 0.8050873451377407
vn 0.5906955906978834 0.0539730073298251 0.8050873453295943
vn 0.5906955545363547 0.05397300844087366 0.8050873717869569
vn 0.5906955905571197 0.05397301173216142 0.8050873451377407
vn 0.5906955545363547 0.05397300844087366 0.8050873717869569
vn 0.5906955542548274 0.05397301724554577 0.8050873714032498
vn -0.5631932955641176 0.8263251852821797 0
vn -0.5631932955641176 0.8263251852821797 0
vn -0.5631932955641176 0.8263251852821797 0
vn -0.5631932955641176 0.8263251852821797 0
vn -0.5631932955641176 0.8263251852821797 0
vn -0.5631932955641176 0.8263251852821797 0
vn 0.6866920307664099 0.19476467689428656 -0.700371883727615
vn 0.686691969286167 0.19476465443415772 -0.7003719502528846
vn 0.6866919922350214 0.1947646659657289 -0.7003719245454914
vn 0.6866920307664099 0.19476467689428656 -0.700371883727615
vn 0.6866919922350214 0.1947646659657289 -0.7003719245454914
vn 0.6866919897366321 0.19476468393759194 -0.7003719219973304
vn -0.4697079209124686 -0.8828218784285344 0
vn -0.4697079209124686 -0.8828218784285344 0
vn -0.4697079209124686 -0.8828218784285344 0
vn -0.4697079209124686 -0.8828218784285344 0
vn -0.4697079209124686 -0.8828218784285344 0
vn -0.4697079209124686 -0.8828218784285344 0
vn -0.12087742377187187 -0.2766063498098765 -0.9533507096903697
vn -0.12087740729190641 -0.2766063251021916 -0.9533507189486182
vn -0.12087742377187187 -0.2766063498098765 -0.9533507096903697
vn -0.12087742377187187 -0.2766063498098765 -0.9533507096903697
vn -0.12087742377187187 -0.2766063498098765 -0.9533507096903697
vn -0.12087741507392563 -0.27660635010500856 -0.9533507107075713
vn 0.35183667900662796 0.9360614035978553 0
vn 0.35183667900662796 0.9360614035978553 0
vn 0.35183667900662796 0.9360614035978553 0
vn 0.35183667900662796 0.9360614035978553 0
vn 0.35183667900662796 0.9360614035978553 0
vn 0.35183667900662796 0.9360614035978553 0
vn -0.12443458800941 -0.28474626035579453 0.9504922937721896
vn -0.12443461134649385 -0.28474630076623986 0.9504922786109254
vn -0.12443460266391755 -0.28474630107872195 0.9504922796540006
vn -0.12443458800941 -0.28474626035579453 0.9504922937721896
vn -0.12443460266391755 -0.28474630107872195 0.9504922796540006
vn -0.12443459669198594 -0.2847462600433126 0.9504922927291147
vn 0.46970624022469654 -0.8828227726412475 0
vn 0.46970624022469654 -0.8828227726412475 0
vn 0.46970624022469654 -0.8828227726412475 0
vn 0.46970624022469654 -0.8828227726412475 0
vn 0.46970624022469654 -0.8828227726412475 0
vn 0.46970624022469654 -0.8828227726412475 0
vn 0.09015688420119423 -0.24353956551568914 -0.9656915740854125
vn 0.09015688420119423 -0.24353956551568914 -0.9656915740854125
vn 0.09015689235821517 -0.2435395911014355 -0.9656915668713563
vn 0.09015688420119423 -0.24353956551568914 -0.9656915740854125
vn 0.09015689235821517 -0.2435395911014355 -0.9656915668713563
vn 0.09015689235821517 -0.2435395911014355 -0.9656915668713563
vn -0.10403481915655015 0.9945736555947298 0
vn -0.10403481915655015 0.9945736555947298 0
vn -0.10403481915655015 0.9945736555947298 0
vn -0.10403481915655015 0.9945736555947298 0
vn -0.10403481915655015 0.9945736555947298 0
vn -0.10403481915655015 0.9945736555947298 0
vn 0.09288242767651321 -0.25090169134140294 0.9635461566063874
vn 0.09288243578504882 -0.2509017167930509 0.963546149197295
vn 0.09288241892988243 -0.2509016915470113 0.9635461573959921
vn 0.09288242767651321 -0.25090169134140294 0.9635461566063874
vn 0.09288241892988243 -0.2509016915470113 0.9635461573959921
vn 0.09288241892988243 -0.2509016915470113 0.9635461573959921
vn 0.1642477059440085 0.3514133639083572 0.9217002434407527
vn 0.16424768886942576 0.35141336492120623 0.9217002460972914
vn 0.1642477059440085 0.3514133639083572 0.9217002434407527
vn 0.1642477059440085 0.3514133639083572 0.9217002434407527
vn 0.1642477059440085 0.3514133639083572 0.9217002434407527
vn 0.1642477043723464 0.3514133877753546 0.9217002346211389
vn 0.13687858821732285 0.3115371857378179 0.940323792100462
vn 0.1368785893810473 0.31153716109639057 0.9403238000949761
vn 0.13687858821732285 0.3115371857378179 0.940323792100462
vn 0.13687858821732285 0.3115371857378179 0.940323792100462
vn 0.13687858821732285 0.3115371857378179 0.940323792100462
vn 0.13687860663848364 0.3115371603464347 0.9403237978313573
vn -0.13687874825639587 0.31153707329948865 0.9403238060560581
vn -0.13687876318638117 0.31153712183239235 0.9403237878034117
vn -0.1368787470926703 0.31153709794091916 0.9403237980615459
vn -0.13687874825639587 0.31153707329948865 0.9403238060560581
vn -0.1368787470926703 0.31153709794091916 0.9403237980615459
vn -0.13687876435010693 0.3115370971909625 0.9403237957979244
vn -0.16424784586133284 0.35141386995813856 0.9217000255674057
vn -0.16424782878675276 0.35141387097098975 0.9217000282239456
vn -0.16424783035841808 0.35141384710400386 0.9217000370435687
vn -0.16424784586133284 0.35141386995813856 0.9217000255674057
vn -0.16424783035841808 0.35141384710400386 0.9217000370435687
vn -0.16424782878675276 0.35141387097098975 0.9217000282239456
vn -0.41496683820452784 0.2192752162421854 0.8830180647826409
vn -0.41496683820452784 0.2192752162421854 0.8830180647826409
vn -0.41496680478100684 0.2192752199160942 0.8830180795774174
vn -0.41496683820452784 0.2192752162421854 0.8830180647826409
vn -0.41496680478100684 0.2192752199160942 0.8830180795774174
vn -0.41496683820452784 0.2192752162421854 0.8830180647826409
vn -0.046145071315312224 0.5264375941272967 0.8489605950117876
vn -0.04614507532782441 0.5264375940296147 0.8489605948542605
vn -0.046145072527915616 0.5264375580442785 0.8489606173208332
vn -0.046145071315312224 0.5264375941272967 0.8489605950117876
vn -0.046145072527915616 0.5264375580442785 0.8489606173208332
vn -0.046145068515403315 0.5264375581419605 0.8489606174783603
vn -0.6834698789966916 0.009970552406738609 0.7299106195891056
vn -0.6834698789886935 0.009970553580324308 0.729910619580564
vn -0.6834698388093309 0.009970552994182182 0.7299106572115095
vn -0.6834698789966916 0.009970552406738609 0.7299106195891056
vn -0.6834698388093309 0.009970552994182182 0.7299106572115095
vn -0.6834698789886935 0.009970553580324308 0.729910619580564
vn -0.2629773118418508 0.5384218279756624 0.8005903250825481
vn -0.2629773043096714 0.5384218657503069 0.8005903021520913
vn -0.2629773202652167 0.538421863323271 0.8005902985432827
vn -0.2629773118418508 0.5384218279756624 0.8005903250825481
vn -0.2629773202652167 0.538421863323271 0.8005902985432827
vn -0.26297727239858043 0.5384218706043786 0.800590309369708
vn -0.7826543960500629 0.07637038224891539 0.6177537220111794
vn -0.7826543755740194 0.07637037524133117 0.6177537488193335
vn -0.7826543752745899 0.07637038022167217 0.617753748582992
vn -0.7826543960500629 0.07637038224891539 0.6177537220111794
vn -0.7826543752745899 0.07637038022167217 0.617753748582992
vn -0.782654354499117 0.07637037819442896 0.6177537751548025
vn -0.6799637615183854 0.4235651209438763 0.598533099620704
vn -0.6799637876901715 0.42356510111667367 0.5985330839193916
vn -0.6799637876901715 0.42356510111667367 0.5985330839193916
vn -0.6799637615183854 0.4235651209438763 0.598533099620704
vn -0.6799637876901715 0.42356510111667367 0.5985330839193916
vn -0.6799637876901715 0.42356510111667367 0.5985330839193916
vn 0.9995014774072453 -0.03157208673391794 0
vn 0.9995014774072453 -0.03157208673391794 0
vn 0.9995014774072453 -0.03157208673391794 0
vn 0.9995014774072453 -0.03157208673391794 0
vn 0.9995014774072453 -0.03157208673391794 0
vn 0.9995014773160783 -0.03157208962005798 0
vn -0.6351943610857335 0.4521454063190072 -0.6261730233645544
vn -0.6351943311002458 0.4521454893808808 -0.6261729938049351
vn -0.6351944075317341 0.4521454422528696 -0.6261729503023638
vn -0.6351943610857335 0.4521454063190072 -0.6261730233645544
vn -0.6351944075317341 0.4521454422528696 -0.6261729503023638
vn -0.6351943510905712 0.4521454340062997 -0.6261730135113484
vn -0.8300345949201516 -0.04147476986475823 -0.5561676138543172
vn -0.8300345948311068 -0.04147477244690578 -0.5561676137946524
vn -0.8300345744355906 -0.041474768841195525 -0.5561676445021746
vn -0.8300345949201516 -0.04147476986475823 -0.5561676138543172
vn -0.8300345744355906 -0.041474768841195525 -0.5561676445021746
vn -0.8300345742575008 -0.041474774005490496 -0.5561676443828449
vn -0.11192861318865305 0.6221725952520277 -0.774837561858627
vn -0.1119286055483122 0.622172595790843 -0.7748375625296534
vn -0.11192860984428243 0.6221726246862722 -0.7748375387068707
vn -0.11192861318865305 0.6221725952520277 -0.774837561858627
vn -0.11192860984428243 0.6221726246862722 -0.7748375387068707
vn -0.11192860125234154 0.6221725668954111 -0.7748375863524365
vn -0.7421339693770397 -0.11149385511711735 -0.6609132255960705
vn -0.7421339906734812 -0.11149384857589499 -0.6609132027859549
vn -0.7421339914794575 -0.11149383895630531 -0.6609132035037233
vn -0.7421339693770397 -0.11149385511711735 -0.6609132255960705
vn -0.7421339914794575 -0.11149383895630531 -0.6609132035037233
vn -0.7421339906734812 -0.11149384857589499 -0.6609132027859549
vn 0.16505260769553856 0.6222347062625129 -0.765233040985102
vn 0.1650526026783043 0.6222347362005615 -0.7652330177237099
vn 0.1650525907844446 0.6222346530002478 -0.76523308794184
vn 0.16505260769553856 0.6222347062625129 -0.765233040985102
vn 0.1650525907844446 0.6222346530002478 -0.76523308794184
vn 0.16505260769553856 0.6222347062625129 -0.765233040985102
vn -0.5154384192820117 0.11843164783963366 -0.8487032347752953
vn -0.5154384502724796 0.11843166335589692 -0.8487032137888133
vn -0.5154384187695076 0.1184316561174975 -0.8487032339314236
vn -0.5154384192820117 0.11843164783963366 -0.8487032347752953
vn -0.5154384187695076 0.1184316561174975 -0.8487032339314236
vn -0.5154384182570034 0.11843166439536129 -0.8487032330875517
vn -0.1598215902626052 0.34194349580121813 -0.9260300777864475
vn -0.1598216058916792 0.34194351891376806 -0.926030066554577
vn -0.15982157314377304 0.34194349676128444 -0.9260300803864393
vn -0.1598215902626052 0.34194349580121813 -0.9260300777864475
vn -0.15982157314377304 0.34194349676128444 -0.9260300803864393
vn -0.15982157314377304 0.34194349676128444 -0.9260300803864393
vn -0.1330455594108358 0.3028129490345157 -0.9437177528361312
vn -0.13304555831024112 0.3028129738477827 -0.9437177450294014
vn -0.13304556585637362 0.30281299830641295 -0.9437177361174459
vn -0.1330455594108358 0.3028129490345157 -0.9437177528361312
vn -0.13304556585637362 0.30281299830641295 -0.9437177361174459
vn -0.13304557450310092 0.3028129979517768 -0.9437177350122212
vn 0.13304541040610762 0.3028130124077273 -0.9437177535081281
vn 0.13304541040610762 0.3028130124077273 -0.9437177535081281
vn 0.13304540175938034 0.30281301276236305 -0.9437177546133516
vn 0.13304541040610762 0.3028130124077273 -0.9437177535081281
vn 0.13304540175938034 0.30281301276236305 -0.9437177546133516
vn 0.13304541040610762 0.3028130124077273 -0.9437177535081281
vn 0.15982144570568177 0.3419430341142083 -0.9260302732164403
vn 0.1598214598450064 0.34194308129939727 -0.9260302533527103
vn 0.15982144570568177 0.3419430341142083 -0.9260302732164403
vn 0.15982144570568177 0.3419430341142083 -0.9260302732164403
vn 0.15982144570568177 0.3419430341142083 -0.9260302732164403
vn 0.15982146133476127 0.34194305722677104 -0.9260302619845804
vn 0.515441215242849 0.11842807088499646 -0.8487020358497046
vn 0.515441215242849 0.11842807088499646 -0.8487020358497046
vn 0.5154411842521835 0.11842805536892587 -0.8487020568363443
vn 0.515441215242849 0.11842807088499646 -0.8487020358497046
vn 0.5154411842521835 0.11842805536892587 -0.8487020568363443
vn 0.5154411847646758 0.11842804709103896 -0.8487020576801907
vn -0.1650500490077519 0.6222342584988936 -0.7652339569522976
vn -0.1650500490077519 0.6222342584988936 -0.7652339569522976
vn -0.16505004740923776 0.6222342036199645 -0.7652340019207439
vn -0.1650500490077519 0.6222342584988936 -0.7652339569522976
vn -0.16505004740923776 0.6222342036199645 -0.7652340019207439
vn -0.16505005242638657 0.6222341736819046 -0.7652340251821299
vn 0.7421264579086377 -0.11150128857131604 -0.6609204060391197
vn 0.7421264996953988 -0.11150128510897275 -0.660920359702213
vn 0.7421264374182667 -0.11150128549272648 -0.6609204295664804
vn 0.7421264579086377 -0.11150128857131604 -0.6609204060391197
vn 0.7421264374182667 -0.11150128549272648 -0.6609204295664804
vn 0.742126479205027 -0.11150128203038333 -0.6609203832295777
vn 0.11192718673179403 0.6221723065942973 -0.7748379996989291
vn 0.11192717909145247 0.6221723071331055 -0.7748380003699473
vn 0.11192717909145247 0.6221723071331055 -0.7748380003699473
vn 0.11192718673179403 0.6221723065942973 -0.7748379996989291
vn 0.11192717909145247 0.6221723071331055 -0.7748380003699473
vn 0.11192718243577794 0.6221722776988479 -0.7748380235217008
vn 0.8300263790363741 -0.0414822744612834 -0.5561793155172928
vn 0.8300264162021838 -0.041482271066308106 -0.5561792603052907
vn 0.8300264161131242 -0.041482273648439726 -0.5561792602456143
vn 0.8300263790363741 -0.0414822744612834 -0.5561793155172928
vn 0.8300264161131242 -0.041482273648439726 -0.5561792602456143
vn 0.8300263790363741 -0.0414822744612834 -0.5561793155172928
vn 0.635187031805225 0.4521439938491565 -0.626181478049776
vn 0.6351870218102589 0.45214402153635574 -0.6261814681965164
vn 0.6351870517951561 0.452143938474754 -0.626181497756294
vn 0.635187031805225 0.4521439938491565 -0.626181478049776
vn 0.6351870517951561 0.452143938474754 -0.626181497756294
vn 0.635187031805225 0.4521439938491565 -0.626181478049776
vn -0.9995015910859184 -0.03156848771666953 0
vn -0.9995015911770749 -0.031568484830528494 0
vn -0.9995015910859184 -0.03156848771666953 0
vn -0.9995015910859184 -0.03156848771666953 0
vn -0.9995015910859184 -0.03156848771666953 0
vn -0.9995015911770749 -0.031568484830528494 0
vn 0.6799563963932476 0.42356349741886834 0.5985426155740333
vn 0.6799563755820078 0.42356355671503865 0.598542597254603
vn 0.6799564017535912 0.4235635368880062 0.5985425815539206
vn 0.6799563963932476 0.42356349741886834 0.5985426155740333
vn 0.6799564017535912 0.4235635368880062 0.5985425815539206
vn 0.6799563963932476 0.42356349741886834 0.5985426155740333
vn 0.78264562854714 0.07636475019049883 0.6177655259436178
vn 0.7826456493226587 0.07636475221761971 0.6177654993725817
vn 0.7826456085330448 0.07636475327766959 0.6177655509178062
vn 0.78264562854714 0.07636475019049883 0.6177655259436178
vn 0.7826456085330448 0.07636475327766959 0.6177655509178062
vn 0.7826456085330448 0.07636475327766959 0.6177655509178062
vn 0.26297586531204764 0.5384217293140402 0.8005908665890826
vn 0.26297586531204764 0.5384217293140402 0.8005908665890826
vn 0.26297588126759547 0.5384217268870196 0.8005908629802935
vn 0.26297586531204764 0.5384217293140402 0.8005908665890826
vn 0.26297588126759547 0.5384217268870196 0.8005908629802935
vn 0.26297586531204764 0.5384217293140402 0.8005908665890826
vn 0.6834706346333378 0.009966603575080439 0.7299099659595557
vn 0.6834705944619401 0.009966601815584376 0.7299100035991366
vn 0.683470634641333 0.009966602401494015 0.7299099659680941
vn 0.6834706346333378 0.009966603575080439 0.7299099659595557
vn 0.683470634641333 0.009966602401494015 0.7299099659680941
vn 0.6834705944539451 0.009966602989170733 0.7299100035905983
vn 0.046144651075416765 0.5264369555889692 0.8489610138088475
vn 0.04614465910044389 0.5264369553936072 0.8489610134937959
vn 0.04614465910044389 0.5264369553936072 0.8489610134937959
vn 0.046144651075416765 0.5264369555889692 0.8489610138088475
vn 0.04614465910044389 0.5264369553936072 0.8489610134937959
vn 0.046144655087930316 0.5264369554912881 0.8489610136513216
vn 0.4149694188767929 0.2192721739090672 0.8830176074950311
vn 0.41496944349192744 0.2192721869158427 0.8830175926974185
vn 0.41496944491714244 0.2192721720057256 0.8830175957301475
vn 0.4149694188767929 0.2192721739090672 0.8830176074950311
vn 0.41496944491714244 0.2192721720057256 0.8830175957301475
vn 0.4149694188767929 0.2192721739090672 0.8830176074950311
vn 0 0 -1
vn 0 0 -1
vn 0 0 -1
vn 0 0 -1
vn 0 0 -1
vn 0 0 -1
vn 0 0 -1
vn 0 0 -1
vn 0 0 -1
vn 0 0 -1
vn 0 0 -1
vn 0 0 -1
vn -1.0591398684273479e-7 0 -0.9999999999999946
vn -1.0591397830132213e-7 0 -0.9999999999999946
vn -1.0591398684273479e-7 0 -0.9999999999999946
vn -1.0591398684273479e-7 0 -0.9999999999999946
vn -1.0591398684273479e-7 0 -0.9999999999999946
vn -1.0591399538414745e-7 0 -0.9999999999999946
vn 0 0 -1
vn 0 0 -1
vn 0 0 -1
vn 0 0 -1
vn 0 0 -1
vn 0 0 -1
vn -0.18600319509226432 -0.13474529811019076 -0.9732659020291756
vn -0.18600321315393267 -0.13474528367993616 -0.9732659005751851
vn -0.18600319509226432 -0.13474529811019076 -0.9732659020291756
vn -0.18600319509226432 -0.13474529811019076 -0.9732659020291756
vn -0.18600319509226432 -0.13474529811019076 -0.9732659020291756
vn -0.18600323050235867 -0.13474529719090067 -0.973265895389139
vn 0.5245696279466614 0.41485263453179116 -0.7434540988238166
vn 0.5245696420750022 0.4148525807827573 -0.7434541188474175
vn 0.5245696007993073 0.4148526130624747 -0.7434541299585955
vn 0.5245696279466614 0.41485263453179116 -0.7434540988238166
vn 0.5245696007993073 0.4148526130624747 -0.7434541299585955
vn 0.524569635010832 0.4148526076572747 -0.7434541088356172
vn -0.48585209554839914 -0.4101234226871227 -0.7718461760057045
vn -0.4858520769909301 -0.41012337814686106 -0.7718462113536647
vn -0.4858521018572015 -0.41012339635131945 -0.7718461860281477
vn -0.48585209554839914 -0.4101234226871227 -0.7718461760057045
vn -0.4858521018572015 -0.41012339635131945 -0.7718461860281477
vn -0.48585209554839914 -0.4101234226871227 -0.7718461760057045
vn 0.3737414616183593 0.3251964356925242 -0.8686567780661417
vn 0.3737414949794624 0.32519643097950934 -0.8686567654768516
vn 0.37374149863611134 0.32519640407507683 -0.8686567739757014
vn 0.3737414616183593 0.3251964356925242 -0.8686567780661417
vn 0.37374149863611134 0.32519640407507683 -0.8686567739757014
vn 0.3737414652750081 0.3251964087880914 -0.8686567865649921
vn -0.47290467481395565 -0.3472302573879782 -0.8098100498841596
vn -0.47290467481395565 -0.3472302573879782 -0.8098100498841596
vn -0.47290464869298876 -0.3472302382086583 -0.809810073361723
vn -0.47290467481395565 -0.3472302573879782 -0.8098100498841596
vn -0.47290464869298876 -0.3472302382086583 -0.809810073361723
vn -0.47290470664169526 -0.34723025065614765 -0.8098100341841914
vn 0.07196095013923191 0.017712883141646242 -0.997250156894382
vn 0.07196094566663329 0.017712881402968714 -0.9972501572480038
vn 0.07196094566663329 0.017712881402968714 -0.9972501572480038
vn 0.07196095013923191 0.017712883141646242 -0.997250156894382
vn 0.07196094566663329 0.017712881402968714 -0.9972501572480038
vn 0.07196094119181047 0.01771288140870217 -0.9972501575708023
vn 0.999501499925219 -0.03157137385730307 0
vn 0.999501499925219 -0.03157137385730307 0
vn 0.999501499925219 -0.03157137385730307 0
vn 0.999501499925219 -0.03157137385730307 0
vn 0.999501499925219 -0.03157137385730307 0
vn 0.999501499925219 -0.03157137385730307 0
vn 0 0 1
vn 0 0 1
vn 0 0 1
vn 0 0 1
vn 0 0 1
vn 0 0 1
vn -0.32941870547410323 -0.24187569309167806 0.9126770872412576
vn -0.32941870191132816 -0.24187573519015995 0.9126770773703453
vn -0.32941870191132816 -0.24187573519015995 0.9126770773703453
vn -0.32941870547410323 -0.24187569309167806 0.9126770872412576
vn -0.32941870191132816 -0.24187573519015995 0.9126770773703453
vn -0.3294187030989199 -0.24187572115733277 0.9126770806606496
vn 0.2508020275315551 0.21822534413403652 0.9431203752245217
vn 0.2508020433750314 0.21822537059210975 0.943120364889257
vn 0.25080204258554467 0.2182253843299265 0.9431203619204572
vn 0.2508020275315551 0.21822534413403652 0.9431203752245217
vn 0.25080204258554467 0.2182253843299265 0.9431203619204572
vn 0.25080201210875475 0.21822534513926056 0.9431203790932792
vn -0.3467073153965838 -0.29266627268757256 0.891145605544715
vn -0.3467073153965838 -0.29266627268757256 0.891145605544715
vn -0.3467073153965838 -0.29266627268757256 0.891145605544715
vn -0.3467073153965838 -0.29266627268757256 0.891145605544715
vn -0.3467073153965838 -0.29266627268757256 0.891145605544715
vn -0.34670734921882873 -0.29266626878674173 0.8911455936669943
vn 0.38115142255247475 0.30143106134535586 0.8739925104612951
vn 0.38115147417793693 0.30143110158700487 0.8739924740683013
vn 0.38115147417793693 0.30143110158700487 0.8739924740683013
vn 0.38115142255247475 0.30143106134535586 0.8739925104612951
vn 0.38115147417793693 0.30143110158700487 0.8739924740683013
vn 0.38115141906574096 0.30143108893611603 0.8739925024661019
vn 2.9794746729163907e-7 0 0.9999999999999556
vn 2.9794746729163907e-7 0 0.9999999999999556
vn 2.9794746729163907e-7 0 0.9999999999999556
vn 2.9794746729163907e-7 0 0.9999999999999556
vn 2.9794746729163907e-7 0 0.9999999999999556
vn 2.979474331259884e-7 0 0.9999999999999556
vn 0 0 1
vn 0 0 1
vn 0 0 1
vn 0 0 1
vn 0 0 1
vn 0 0 1
vn 5.2956993421367614e-8 0 0.9999999999999987
vn 5.295698915066128e-8 0 0.9999999999999987
vn 5.2956993421367614e-8 0 0.9999999999999987
vn 5.2956993421367614e-8 0 0.9999999999999987
vn 5.2956993421367614e-8 0 0.9999999999999987
vn 5.2956997692073945e-8 0 0.9999999999999987
vn 5.295708310620061e-8 0 0.9999999999999987
vn 5.2957087376906944e-8 0 0.9999999999999987
vn 5.2957087376906944e-8 0 0.9999999999999987
vn 5.295708310620061e-8 0 0.9999999999999987
vn 5.2957087376906944e-8 0 0.9999999999999987
vn 5.2957087376906944e-8 0 0.9999999999999987
vn 0 0 1
vn 0 0 1
vn 0 0 1
vn 0 0 1
vn 0 0 1
vn 0 0 1
vn -5.958958912214176e-7 0 0.9999999999998226
vn -5.95895754558815e-7 0 0.9999999999998226
vn -5.958958228901163e-7 0 0.9999999999998226
vn -5.958958912214176e-7 0 0.9999999999998226
vn -5.958958228901163e-7 0 0.9999999999998226
vn -5.958958228901163e-7 0 0.9999999999998226
vn -0.3811510146365859 0.3014317139925372 0.8739924632632836
vn -0.3811510662620139 0.3014317542341914 0.8739924268702951
vn -0.3811510146365859 0.3014317139925372 0.8739924632632836
vn -0.3811510146365859 0.3014317139925372 0.8739924632632836
vn -0.3811510146365859 0.3014317139925372 0.8739924632632836
vn -0.3811510662620139 0.3014317542341914 0.8739924268702951
vn 0.34670566765342803 -0.2926684826872698 0.8911455208093244
vn 0.346705687414975 -0.29266849936880257 0.8911455076424516
vn 0.346705687414975 -0.29266849936880257 0.8911455076424516
vn 0.34670566765342803 -0.2926684826872698 0.8911455208093244
vn 0.346705687414975 -0.29266849936880257 0.8911455076424516
vn 0.34670568438846366 -0.2926685266407091 0.8911454998633408
vn -0.2508002414357073 0.218226230757503 0.9431206450423849
vn -0.250800258858158 0.2182262297399464 0.943120640644753
vn -0.250800258858158 0.2182262297399464 0.943120640644753
vn -0.2508002414357073 0.218226230757503 0.9431206450423849
vn -0.250800258858158 0.2182262297399464 0.943120640644753
vn -0.2508002422251907 0.21822621701970368 0.9431206480111942
vn 0.3294199083356714 -0.24187706820349297 0.9126762886529926
vn 0.3294199083356714 -0.24187706820349297 0.9126762886529926
vn 0.3294199095232746 -0.24187705417066993 0.9126762919433136
vn 0.3294199083356714 -0.24187706820349297 0.9126762886529926
vn 0.3294199095232746 -0.24187705417066993 0.9126762919433136
vn 0.32941985367718984 -0.24187707118615656 0.9126763075908709
vn 0 0 1
vn 0 0 1
vn 0 0 1
vn 0 0 1
vn 0 0 1
vn 0 0 1
vn -0.9995011028551578 -0.03158394198518483 0
vn -0.9995011028551578 -0.03158394198518483 0
vn -0.9995011028551578 -0.03158394198518483 0
vn -0.9995011028551578 -0.03158394198518483 0
vn -0.9995011028551578 -0.03158394198518483 0
vn -0.9995011028551578 -0.03158394198518483 0
vn -0.07196156798870862 0.017712350687199892 -0.9972501217677239
vn -0.0719615635116617 0.017712352437344397 -0.997250122059703
vn -0.07196156351388584 0.01771235069293323 -0.9972501220905253
vn -0.07196156798870862 0.017712350687199892 -0.9972501217677239
vn -0.07196156351388584 0.01771235069293323 -0.9972501220905253
vn -0.07196156798870862 0.017712350687199892 -0.9972501217677239
vn 0.4729061036316597 -0.3472313207501187 -0.8098087595463821
vn 0.4729061563573826 -0.34723136116990855 -0.8098087114247285
vn 0.4729060456829308 -0.3472313083026324 -0.8098087987241038
vn 0.4729061036316597 -0.3472313207501187 -0.8098087595463821
vn 0.4729060456829308 -0.3472313083026324 -0.8098087987241038
vn 0.47290613545936544 -0.3472313140182426 -0.8098087438463806
vn -0.3737389007041237 0.32519796673806994 -0.8686573067268232
vn -0.3737388709996383 0.3251979445467107 -0.8686573278148928
vn -0.3737389007041237 0.32519796673806994 -0.8686573067268232
vn -0.3737389007041237 0.32519796673806994 -0.8686573067268232
vn -0.3737389007041237 0.32519796673806994 -0.8686573067268232
vn -0.3737388709996383 0.3251979445467107 -0.8686573278148928
vn 0.48584982395584714 -0.41012630625985924 -0.7718460736932699
vn 0.48584983657345426 -0.41012625358851507 -0.7718460937382509
vn 0.4858498620339101 -0.4101262750807553 -0.7718460662917284
vn 0.48584982395584714 -0.41012630625985924 -0.7718460736932699
vn 0.4858498620339101 -0.4101262750807553 -0.7718460662917284
vn 0.4858498557251057 -0.41012630141642864 -0.7718460562692374
vn -0.5245690067940902 0.4148530247628617 -0.7434543193473062
vn -0.5245690642673321 0.41485303712726784 -0.7434542718957081
vn -0.5245690572031657 0.41485306400175853 -0.7434542618839003
vn -0.5245690067940902 0.4148530247628617 -0.7434543193473062
vn -0.5245690572031657 0.41485306400175853 -0.7434542618839003
vn -0.524569091414651 0.41485305859660043 -0.7434542407609585
vn 0.18600350416781186 -0.13474402789272058 -0.9732660188173328
vn 0.18600352187286023 -0.134744027433079 -0.9732660154973078
vn 0.18600353292030536 -0.13474403543603097 -0.9732660122780299
vn 0.18600350416781186 -0.13474402789272058 -0.9732660188173328
vn 0.18600353292030536 -0.13474403543603097 -0.9732660122780299
vn 0.18600350381119346 -0.13474404186333752 -0.9732660169513219
vn -0.12009773999556167 -0.2372196930095059 0.9640038122831436
vn -0.12009773123308894 -0.2372196932627981 0.9640038133124622
vn -0.12009773123308894 -0.2372196932627981 0.9640038133124622
vn -0.12009773999556167 -0.2372196930095059 0.9640038122831436
vn -0.12009773123308894 -0.2372196932627981 0.9640038133124622
vn -0.12009773044700968 -0.23721971930196412 0.9640038070027392
vn -0.10479099985526573 -0.20903059028106308 0.9722782825282503
vn -0.10479099985526573 -0.20903059028106308 0.9722782825282503
vn -0.10479099985526573 -0.20903059028106308 0.9722782825282503
vn -0.10479099985526573 -0.20903059028106308 0.9722782825282503
vn -0.10479099985526573 -0.20903059028106308 0.9722782825282503
vn -0.10479099135199228 -0.20903057726371602 0.9722782862433287
vn 0.10479099316779623 -0.2090304979894461 0.9722783030908337
vn 0.10479099316779623 -0.2090304979894461 0.9722783030908337
vn 0.10479099316779623 -0.2090304979894461 0.9722783030908337
vn 0.10479099316779623 -0.2090304979894461 0.9722783030908337
vn 0.10479099316779623 -0.2090304979894461 0.9722783030908337
vn 0.1047910013684359 -0.20903052421917234 0.9722782965678387
vn 0.12009730108903395 -0.23721930028073626 0.9640039636046357
vn 0.12009730030295883 -0.23721932631990666 0.9640039572949224
vn 0.12009730985150735 -0.23721930002744535 0.9640039625753204
vn 0.12009730108903395 -0.23721930028073626 0.9640039636046357
vn 0.12009730985150735 -0.23721930002744535 0.9640039625753204
vn 0.12009730906543217 -0.23721932606661572 0.9640039562656071
vn -0.05297515367997541 -0.2266914656540565 0.972524864716681
vn -0.05297515351574033 -0.22669147862724326 0.9725248617016317
vn -0.05297515351574033 -0.22669147862724326 0.9725248617016317
vn -0.05297515367997541 -0.2266914656540565 0.972524864716681
vn -0.05297515351574033 -0.22669147862724326 0.9725248617016317
vn -0.05297515367997541 -0.2266914656540565 0.972524864716681
vn 0.3768379354258896 0.29801992253639426 0.8770275344567893
vn 0.37683796892579474 0.29801991815149437 0.8770275215526924
vn 0.37683796892579474 0.29801991815149437 0.8770275215526924
vn 0.3768379354258896 0.29801992253639426 0.8770275344567893
vn 0.37683796892579474 0.29801991815149437 0.8770275215526924
vn 0.37683796892579474 0.29801991815149437 0.8770275215526924
vn -0.3010156998125431 -0.25409531659228496 0.9191436876529325
vn -0.30101575160907296 -0.2540953283939495 0.9191436674272394
vn -0.30101571925119797 -0.2540952877006981 0.9191436892738716
vn -0.3010156998125431 -0.25409531659228496 0.9191436876529325
vn -0.30101571925119797 -0.2540952877006981 0.9191436892738716
vn -0.30101575160907296 -0.2540953283939495 0.9191436674272394
vn 0.2690735251217523 0.23411977357426425 0.9342308974231632
vn 0.2690735251217523 0.23411977357426425 0.9342308974231632
vn 0.2690735086963377 0.23411976104403248 0.9342309052940428
vn 0.2690735251217523 0.23411977357426425 0.9342308974231632
vn 0.2690735086963377 0.23411976104403248 0.9342309052940428
vn 0.26907354075717815 0.23411978717858437 0.9342308895106443
vn -0.4076970401177755 -0.2993500907390449 0.8626544190194184
vn -0.40769707324619747 -0.299350085889906 0.8626544050453753
vn -0.4076971002579064 -0.29935007489609206 0.8626543960944029
vn -0.4076970401177755 -0.2993500907390449 0.8626544190194184
vn -0.4076971002579064 -0.29935007489609206 0.8626543960944029
vn -0.40769707324619747 -0.299350085889906 0.8626544050453753
vn -7.050443487540598e-7 0 0.9999999999997515
vn -7.050443487540598e-7 0 0.9999999999997515
vn -7.050443487540598e-7 0 0.9999999999997515
vn -7.050443487540598e-7 0 0.9999999999997515
vn -7.050443487540598e-7 0 0.9999999999997515
vn -7.050443487540598e-7 0 0.9999999999997515
vn 0.9995016639173396 -0.03156618168973578 0
vn 0.9995016639173396 -0.03156618168973578 0
vn 0.9995016639173396 -0.03156618168973578 0
vn 0.9995016639173396 -0.03156618168973578 0
vn 0.9995016639173396 -0.03156618168973578 0
vn 0.9995016639173396 -0.03156618168973578 0
vn 0.14750479977851821 0.036307801667678254 -0.9883946972643873
vn 0.14750477304338375 0.0363077947455194 -0.9883947015085305
vn 0.1475047909110317 0.03630779111343684 -0.9883946989754426
vn 0.14750479977851821 0.036307801667678254 -0.9883946972643873
vn 0.1475047909110317 0.03630779111343684 -0.9883946989754426
vn 0.14750478194877745 0.03630779823102786 -0.9883947000514819
vn -0.5547477547236738 -0.4073210828077418 -0.7254960124834401
vn -0.5547477918376489 -0.40732104545720643 -0.7254960050743912
vn -0.5547477918376489 -0.40732104545720643 -0.7254960050743912
vn -0.5547477547236738 -0.4073210828077418 -0.7254960124834401
vn -0.5547477918376489 -0.40732104545720643 -0.7254960050743912
vn -0.5547478129832136 -0.40732109417405576 -0.7254959615540194
vn 0.39645535721493497 0.3449542571371852 -0.8507818229243683
vn 0.39645535721493497 0.3449542571371852 -0.8507818229243683
vn 0.396455328385876 0.3449542357406839 -0.8507818450337361
vn 0.39645535721493497 0.3449542571371852 -0.8507818229243683
vn 0.396455328385876 0.3449542357406839 -0.8507818450337361
vn 0.39645538332707586 0.3449542494963874 -0.8507818138543898
vn -0.4354274040289159 -0.3675552947577786 -0.8217700901810444
vn -0.4354274600846286 -0.3675553084150211 -0.8217700543705566
vn -0.4354274228170139 -0.3675553415559849 -0.821770059294324
vn -0.4354274040289159 -0.3675552947577786 -0.8217700901810444
vn -0.4354274228170139 -0.3675553415559849 -0.821770059294324
vn -0.43542742776855653 -0.36755531479701026 -0.8217700686392326
vn 0.5202541806208307 0.4114397613083274 -0.748366828741824
vn 0.5202542145966765 0.4114397557877735 -0.7483668081573986
vn 0.5202541501730433 0.4114397702444713 -0.7483668449957556
vn 0.5202541806208307 0.4114397613083274 -0.748366828741824
vn 0.5202541501730433 0.4114397702444713 -0.7483668449957556
vn 0.5202542145966765 0.4114397557877735 -0.7483668081573986
vn -0.17764109804293063 -0.30957357586592976 -0.9341348090140326
vn -0.17764108973306691 -0.3095735337631653 -0.9341348245472036
vn -0.17764111528157278 -0.3095735748870349 -0.9341348060602283
vn -0.17764109804293063 -0.30957357586592976 -0.9341348090140326
vn -0.17764111528157278 -0.3095735748870349 -0.9341348060602283
vn -0.17764111224362322 -0.30957362483530526 -0.9341347900850165
vn 0.12009999958891758 -0.23722423327724254 -0.9640024135056751
vn 0.12010000835138293 -0.23722423302394074 -0.9640024124763386
vn 0.12010000835138293 -0.23722423302394074 -0.9640024124763386
vn 0.12009999958891758 -0.23722423327724254 -0.9640024135056751
vn 0.12010000835138293 -0.23722423302394074 -0.9640024124763386
vn 0.12010000835138293 -0.23722423302394074 -0.9640024124763386
vn 0.10479333468411797 -0.20903489317493334 -0.9722771057888417
vn 0.10479332587821692 -0.20903489336997252 -0.9722771066960211
vn 0.10479334892203818 -0.20903493144743196 -0.972277096025856
vn 0.10479333468411797 -0.20903489317493334 -0.9722771057888417
vn 0.10479334892203818 -0.20903493144743196 -0.972277096025856
vn 0.10479332587821692 -0.20903489336997252 -0.9722771066960211
vn -0.10479323600332445 -0.20903497459446158 -0.9722770989199758
vn -0.1047932448092256 -0.20903497439942245 -0.9722770980127972
vn -0.10479325300983296 -0.20903500062908173 -0.9722770914896725
vn -0.10479323600332445 -0.20903497459446158 -0.9722770989199758
vn -0.10479325300983296 -0.20903500062908173 -0.9722770914896725
vn -0.10479325300983296 -0.20903500062908173 -0.9722770914896725
vn -0.12010032379684671 -0.2372246553372831 -0.9640022692525158
vn -0.12010033334542417 -0.23722462904488517 -0.9640022745330192
vn -0.1201003245829591 -0.23722462929818808 -0.9640022755623583
vn -0.12010032379684671 -0.2372246553372831 -0.9640022692525158
vn -0.1201003245829591 -0.23722462929818808 -0.9640022755623583
vn -0.12010031582049405 -0.23722462955149098 -0.9640022765916973
vn 0.17764077094260916 -0.3095736160436362 -0.9341348579025316
vn 0.17764078818125098 -0.3095736150647431 -0.9341348549487329
vn 0.17764078818125098 -0.3095736150647431 -0.9341348549487329
vn 0.17764077094260916 -0.3095736160436362 -0.9341348579025316
vn 0.17764078818125098 -0.3095736150647431 -0.9341348549487329
vn 0.17764080541989258 -0.3095736140858499 -0.9341348519949337
vn -0.52024857376238 0.41143891333621413 -0.7483711927185097
vn -0.5202485502475593 0.41143889536523737 -0.7483712189454815
vn -0.5202485363813596 0.4114389491791831 -0.7483711989991216
vn -0.52024857376238 0.41143891333621413 -0.7483711927185097
vn -0.5202485363813596 0.4114389491791831 -0.7483711989991216
vn -0.5202485433144596 0.4114389222722108 -0.7483712089723017
vn 0.43543144451891114 -0.3675552554300882 -0.8217679668433766
vn 0.4354315005747829 -0.3675552690872525 -0.8217679310324724
vn 0.4354314732103705 -0.36755524871027284 -0.8217679546461861
vn 0.43543144451891114 -0.3675552554300882 -0.8217679668433766
vn 0.4354314732103705 -0.36755524871027284 -0.8217679546461861
vn 0.4354314732103705 -0.36755524871027284 -0.8217679546461861
vn -0.3964583173091807 0.34495247412774704 -0.8507811664755626
vn -0.3964583544424764 0.34495244202788206 -0.8507811621867073
vn -0.39645835029033716 0.34495246877610014 -0.8507811532764099
vn -0.3964583173091807 0.34495247412774704 -0.8507811664755626
vn -0.39645835029033716 0.34495246877610014 -0.8507811532764099
vn -0.3964583256134586 0.3449524206313094 -0.850781184296158
vn 0.5547499519560862 -0.40731885907151905 -0.7254955808613832
vn 0.5547499444562713 -0.40731888675574307 -0.7254955710532119
vn 0.5547499294566405 -0.4073189421241877 -0.725495551436868
vn 0.5547499519560862 -0.40731885907151905 -0.7254955808613832
vn 0.5547499294566405 -0.4073189421241877 -0.725495551436868
vn 0.554749936956456 -0.40731891443996593 -0.7254955612450401
vn -0.14750660702486695 0.03630681123483662 -0.9883944639373338
vn -0.1475066070059137 0.03630681476920512 -0.988394463810334
vn -0.14750660702486695 0.03630681123483662 -0.9883944639373338
vn -0.14750660702486695 0.03630681123483662 -0.9883944639373338
vn -0.14750660702486695 0.03630681123483662 -0.9883944639373338
vn -0.14750662487356037 0.03630681113712193 -0.988394461277209
vn -0.9995014076621235 -0.03157429463082022 0
vn -0.9995014076621235 -0.03157429463082022 0
vn -0.9995014076621235 -0.03157429463082022 0
vn -0.9995014076621235 -0.03157429463082022 0
vn -0.9995014076621235 -0.03157429463082022 0
vn -0.9995014076621235 -0.03157429463082022 0
vn 7.050515235406997e-7 0 0.9999999999997515
vn 7.050515235406997e-7 0 0.9999999999997515
vn 7.050515918720011e-7 0 0.9999999999997515
vn 7.050515235406997e-7 0 0.9999999999997515
vn 7.050515918720011e-7 0 0.9999999999997515
vn 7.050515918720011e-7 0 0.9999999999997515
vn 0.4076988563192638 -0.2993480537282703 0.8626542675284584
vn 0.40769882930743007 -0.29934806472225467 0.862654276479513
vn 0.4076988330696884 -0.2993480366575451 0.8626542844401153
vn 0.4076988563192638 -0.2993480537282703 0.8626542675284584
vn 0.4076988330696884 -0.2993480366575451 0.8626542844401153
vn 0.40769882930743007 -0.29934806472225467 0.862654276479513
vn -0.26907204735047413 0.23411883213636075 0.9342315589690443
vn -0.26907204826406794 0.23411881842859644 0.9342315621410876
vn -0.26907204735047413 0.23411883213636075 0.9342315589690443
vn -0.26907204735047413 0.23411883213636075 0.9342315589690443
vn -0.26907204735047413 0.23411883213636075 0.9342315589690443
vn -0.26907206560309166 0.23411881725107533 0.934231557442288
vn 0.3010168632595106 -0.25409773352984966 0.9191426384671744
vn 0.3010168655036365 -0.25409770608448956 0.9191426453195206
vn 0.3010168632595106 -0.25409773352984966 0.9191426384671744
vn 0.3010168632595106 -0.25409773352984966 0.9191426384671744
vn 0.3010168632595106 -0.25409773352984966 0.9191426384671744
vn 0.301016831114538 -0.2540977089769186 0.9191426557822473
vn -0.37683294151385816 0.2980196673787394 0.8770297669095838
vn -0.37683296978691944 0.29801962915248476 0.8770297677510075
vn -0.3768329663848998 0.2980196567550385 0.8770297598332489
vn -0.37683294151385816 0.2980196673787394 0.8770297669095838
vn -0.3768329663848998 0.2980196567550385 0.8770297598332489
vn -0.37683293811183854 0.2980196949812903 0.8770297589918247
vn 0.05297505425252255 -0.22669133713934544 0.9725249000888964
vn 0.05297505848262716 -0.2266913500596134 0.9725248968468171
vn 0.052975057989923004 -0.22669138897917662 0.9725248878016727
vn 0.05297505425252255 -0.22669133713934544 0.9725249000888964
vn 0.052975057989923004 -0.22669138897917662 0.9725248878016727
vn 0.05297506254849698 -0.22669137595306887 0.9725248905896892
f 1273/1273/1273 1274/1274/1274 1275/1275/1275
f 1276/1276/1276 1277/1277/1277 1278/1278/1278
f 1279/1279/1279 1280/1280/1280 1281/1281/1281
f 1282/1282/1282 1283/1283/1283 1284/1284/1284
f 1285/1285/1285 1286/1286/1286 1287/1287/1287
f 1288/1288/1288 1289/1289/1289 1290/1290/1290
f 1291/1291/1291 1292/1292/1292 1293/1293/1293
f 1294/1294/1294 1295/1295/1295 1296/1296/1296
f 1297/1297/1297 1298/1298/1298 1299/1299/1299
f 1300/1300/1300 1301/1301/1301 1302/1302/1302
f 1303/1303/1303 1304/1304/1304 1305/1305/1305
f 1306/1306/1306 1307/1307/1307 1308/1308/1308
f 1309/1309/1309 1310/1310/1310 1311/1311/1311
f 1312/1312/1312 1313/1313/1313 1314/1314/1314
f 1315/1315/1315 1316/1316/1316 1317/1317/1317
f 1318/1318/1318 1319/1319/1319 1320/1320/1320
f 1321/1321/1321 1322/1322/1322 1323/1323/1323
f 1324/1324/1324 1325/1325/1325 1326/1326/1326
f 1327/1327/1327 1328/1328/1328 1329/1329/1329
f 1330/1330/1330 1331/1331/1331 1332/1332/1332
f 1333/1333/1333 1334/1334/1334 1335/1335/1335
f 1336/1336/1336 1337/1337/1337 1338/1338/1338
f 1339/1339/1339 1340/1340/1340 1341/1341/1341
f 1342/1342/1342 1343/1343/1343 1344/1344/1344
f 1345/1345/1345 1346/1346/1346 1347/1347/1347
f 1348/1348/1348 1349/1349/1349 1350/1350/1350
f 1351/1351/1351 1352/1352/1352 1353/1353/1353
f 1354/1354/1354 1355/1355/1355 1356/1356/1356
f 1357/1357/1357 1358/1358/1358 1359/1359/1359
f 1360/1360/1360 1361/1361/1361 1362/1362/1362
f 1363/1363/1363 1364/1364/1364 1365/1365/1365
f 1366/1366/1366 1367/1367/1367 1368/1368/1368
f 1369/1369/1369 1370/1370/1370 1371/1371/1371
f 1372/1372/1372 1373/1373/1373 1374/1374/1374
f 1375/1375/1375 1376/1376/1376 1377/1377/1377
f 1378/1378/1378 1379/1379/1379 1380/1380/1380
f 1381/1381/1381 1382/1382/1382 1383/1383/1383
f 1384/1384/1384 1385/1385/1385 1386/1386/1386
f 1387/1387/1387 1388/1388/1388 1389/1389/1389
f 1390/1390/1390 1391/1391/1391 1392/1392/1392
f 1393/1393/1393 1394/1394/1394 1395/1395/1395
f 1396/1396/1396 1397/1397/1397 1398/1398/1398
f 1399/1399/1399 1400/1400/1400 1401/1401/1401
f 1402/1402/1402 1403/1403/1403 1404/1404/1404
f 1405/1405/1405 1406/1406/1406 1407/1407/1407
f 1408/1408/1408 1409/1409/1409 1410/1410/1410
f 1411/1411/1411 1412/1412/1412 1413/1413/1413
f 1414/1414/1414 1415/1415/1415 1416/1416/1416
f 1417/1417/1417 1418/1418/1418 1419/1419/1419
f 1420/1420/1420 1421/1421/1421 1422/1422/1422
f 1423/1423/1423 1424/1424/1424 1425/1425/1425
f 1426/1426/1426 1427/1427/1427 1428/1428/1428
f 1429/1429/1429 1430/1430/1430 1431/1431/1431
f 1432/1432/1432 1433/1433/1433 1434/1434/1434
f 1435/1435/1435 1436/1436/1436 1437/1437/1437
f 1438/1438/1438 1439/1439/1439 1440/1440/1440
f 1441/1441/1441 1442/1442/1442 1443/1443/1443
f 1444/1444/1444 1445/1445/1445 1446/1446/1446
f 1447/1447/1447 1448/1448/1448 1449/1449/1449
f 1450/1450/1450 1451/1451/1451 1452/1452/1452
f 1453/1453/1453 1454/1454/1454 1455/1455/1455
f 1456/1456/1456 1457/1457/1457 1458/1458/1458
f 1459/1459/1459 1460/1460/1460 1461/1461/1461
f 1462/1462/1462 1463/1463/1463 1464/1464/1464
f 1465/1465/1465 1466/1466/1466 1467/1467/1467
f 1468/1468/1468 1469/1469/1469 1470/1470/1470
f 1471/1471/1471 1472/1472/1472 1473/1473/1473
f 1474/1474/1474 1475/1475/1475 1476/1476/1476
f 1477/1477/1477 1478/1478/1478 1479/1479/1479
f 1480/1480/1480 1481/1481/1481 1482/1482/1482
f 1483/1483/1483 1484/1484/1484 1485/1485/1485
f 1486/1486/1486 1487/1487/1487 1488/1488/1488
f 1489/1489/1489 1490/1490/1490 1491/1491/1491
f 1492/1492/1492 1493/1493/1493 1494/1494/1494
f 1495/1495/1495 1496/1496/1496 1497/1497/1497
f 1498/1498/1498 1499/1499/1499 1500/1500/1500
f 1501/1501/1501 1502/1502/1502 1503/1503/1503
f 1504/1504/1504 1505/1505/1505 1506/1506/1506
f 1507/1507/1507 1508/1508/1508 1509/1509/1509
f 1510/1510/1510 1511/1511/1511 1512/1512/1512
f 1513/1513/1513 1514/1514/1514 1515/1515/1515
f 1516/1516/1516 1517/1517/1517 1518/1518/1518
f 1519/1519/1519 1520/1520/1520 1521/1521/1521
f 1522/1522/1522 1523/1523/1523 1524/1524/1524
f 1525/1525/1525 1526/1526/1526 1527/1527/1527
f 1528/1528/1528 1529/1529/1529 1530/1530/1530
f 1531/1531/1531 1532/1532/1532 1533/1533/1533
f 1534/1534/1534 1535/1535/1535 1536/1536/1536
f 1537/1537/1537 1538/1538/1538 1539/1539/1539
f 1540/1540/1540 1541/1541/1541 1542/1542/1542
f 1543/1543/1543 1544/1544/1544 1545/1545/1545
f 1546/1546/1546 1547/1547/1547 1548/1548/1548
f 1549/1549/1549 1550/1550/1550 1551/1551/1551
f 1552/1552/1552 1553/1553/1553 1554/1554/1554
f 1555/1555/1555 1556/1556/1556 1557/1557/1557
f 1558/1558/1558 1559/1559/1559 1560/1560/1560
f 1561/1561/1561 1562/1562/1562 1563/1563/1563
f 1564/1564/1564 1565/1565/1565 1566/1566/1566
f 1567/1567/1567 1568/1568/1568 1569/1569/1569
f 1570/1570/1570 1571/1571/1571 1572/1572/1572
f 1573/1573/1573 1574/1574/1574 1575/1575/1575
f 1576/1576/1576 1577/1577/1577 1578/1578/1578
f 1579/1579/1579 1580/1580/1580 1581/1581/1581
f 1582/1582/1582 1583/1583/1583 1584/1584/1584
f 1585/1585/1585 1586/1586/1586 1587/1587/1587
f 1588/1588/1588 1589/1589/1589 1590/1590/1590
f 1591/1591/1591 1592/1592/1592 1593/1593/1593
f 1594/1594/1594 1595/1595/1595 1596/1596/1596
f 1597/1597/1597 1598/1598/1598 1599/1599/1599
f 1600/1600/1600 1601/1601/1601 1602/1602/1602
f 1603/1603/1603 1604/1604/1604 1605/1605/1605
f 1606/1606/1606 1607/1607/1607 1608/1608/1608
f 1609/1609/1609 1610/1610/1610 1611/1611/1611
f 1612/1612/1612 1613/1613/1613 1614/1614/1614
f 1615/1615/1615 1616/1616/1616 1617/1617/1617
f 1618/1618/1618 1619/1619/1619 1620/1620/1620
f 1621/1621/1621 1622/1622/1622 1623/1623/1623
f 1624/1624/1624 1625/1625/1625 1626/1626/1626
f 1627/1627/1627 1628/1628/1628 1629/1629/1629
f 1630/1630/1630 1631/1631/1631 1632/1632/1632
f 1633/1633/1633 1634/1634/1634 1635/1635/1635
f 1636/1636/1636 1637/1637/1637 1638/1638/1638
f 1639/1639/1639 1640/1640/1640 1641/1641/1641
f 1642/1642/1642 1643/1643/1643 1644/1644/1644
f 1645/1645/1645 1646/1646/1646 1647/1647/1647
f 1648/1648/1648 1649/1649/1649 1650/1650/1650
f 1651/1651/1651 1652/1652/1652 1653/1653/1653
f 1654/1654/1654 1655/1655/1655 1656/1656/1656
f 1657/1657/1657 1658/1658/1658 1659/1659/1659
f 1660/1660/1660 1661/1661/1661 1662/1662/1662
f 1663/1663/1663 1664/1664/1664 1665/1665/1665
f 1666/1666/1666 1667/1667/1667 1668/1668/1668
f 1669/1669/1669 1670/1670/1670 1671/1671/1671
f 1672/1672/1672 1673/1673/1673 1674/1674/1674
f 1675/1675/1675 1676/1676/1676 1677/1677/1677
f 1678/1678/1678 1679/1679/1679 1680/1680/1680
f 1681/1681/1681 1682/1682/1682 1683/1683/1683
f 1684/1684/1684 1685/1685/1685 1686/1686/1686
f 1687/1687/1687 1688/1688/1688 1689/1689/1689
f 1690/1690/1690 1691/1691/1691 1692/1692/1692
f 1693/1693/1693 1694/1694/1694 1695/1695/1695
f 1696/1696/1696 1697/1697/1697 1698/1698/1698
f 1699/1699/1699 1700/1700/1700 1701/1701/1701
f 1702/1702/1702 1703/1703/1703 1704/1704/1704
f 1705/1705/1705 1706/1706/1706 1707/1707/1707
f 1708/1708/1708 1709/1709/1709 1710/1710/1710
f 1711/1711/1711 1712/1712/1712 1713/1713/1713
f 1714/1714/1714 1715/1715/1715 1716/1716/1716
f 1717/1717/1717 1718/1718/1718 1719/1719/1719
f 1720/1720/1720 1721/1721/1721 1722/1722/1722
f 1723/1723/1723 1724/1724/1724 1725/1725/1725
f 1726/1726/1726 1727/1727/1727 1728/1728/1728
f 1729/1729/1729 1730/1730/1730 1731/1731/1731
f 1732/1732/1732 1733/1733/1733 1734/1734/1734
f 1735/1735/1735 1736/1736/1736 1737/1737/1737
f 1738/1738/1738 1739/1739/1739 1740/1740/1740
f 1741/1741/1741 1742/1742/1742 1743/1743/1743
f 1744/1744/1744 1745/1745/1745 1746/1746/1746
f 1747/1747/1747 1748/1748/1748 1749/1749/1749
f 1750/1750/1750 1751/1751/1751 1752/1752/1752
f 1753/1753/1753 1754/1754/1754 1755/1755/1755
f 1756/1756/1756 1757/1757/1757 1758/1758/1758
f 1759/1759/1759 1760/1760/1760 1761/1761/1761
f 1762/1762/1762 1763/1763/1763 1764/1764/1764
f 1765/1765/1765 1766/1766/1766 1767/1767/1767
f 1768/1768/1768 1769/1769/1769 1770/1770/1770
f 1771/1771/1771 1772/1772/1772 1773/1773/1773
f 1774/1774/1774 1775/1775/1775 1776/1776/1776
f 1777/1777/1777 1778/1778/1778 1779/1779/1779
f 1780/1780/1780 1781/1781/1781 1782/1782/1782
f 1783/1783/1783 1784/1784/1784 1785/1785/1785
f 1786/1786/1786 1787/1787/1787 1788/1788/1788
f 1789/1789/1789 1790/1790/1790 1791/1791/1791
f 1792/1792/1792 1793/1793/1793 1794/1794/1794
f 1795/1795/1795 1796/1796/1796 1797/1797/1797
f 1798/1798/1798 1799/1799/1799 1800/1800/1800
f 1801/1801/1801 1802/1802/1802 1803/1803/1803
f 1804/1804/1804 1805/1805/1805 1806/1806/1806
f 1807/1807/1807 1808/1808/1808 1809/1809/1809
f 1810/1810/1810 1811/1811/1811 1812/1812/1812
f 1813/1813/1813 1814/1814/1814 1815/1815/1815
f 1816/1816/1816 1817/1817/1817 1818/1818/1818
f 1819/1819/1819 1820/1820/1820 1821/1821/1821
f 1822/1822/1822 1823/1823/1823 1824/1824/1824
f 1825/1825/1825 1826/1826/1826 1827/1827/1827
f 1828/1828/1828 1829/1829/1829 1830/1830/1830
f 1831/1831/1831 1832/1832/1832 1833/1833/1833
f 1834/1834/1834 1835/1835/1835 1836/1836/1836
f 1837/1837/1837 1838/1838/1838 1839/1839/1839
f 1840/1840/1840 1841/1841/1841 1842/1842/1842
f 1843/1843/1843 1844/1844/1844 1845/1845/1845
f 1846/1846/1846 1847/1847/1847 1848/1848/1848
f 1849/1849/1849 1850/1850/1850 1851/1851/1851
f 1852/1852/1852 1853/1853/1853 1854/1854/1854
f 1855/1855/1855 1856/1856/1856 1857/1857/1857
f 1858/1858/1858 1859/1859/1859 1860/1860/1860
f 1861/1861/1861 1862/1862/1862 1863/1863/1863
f 1864/1864/1864 1865/1865/1865 1866/1866/1866
f 1867/1867/1867 1868/1868/1868 1869/1869/1869
f 1870/1870/1870 1871/1871/1871 1872/1872/1872
f 1873/1873/1873 1874/1874/1874 1875/1875/1875
f 1876/1876/1876 1877/1877/1877 1878/1878/1878
f 1879/1879/1879 1880/1880/1880 1881/1881/1881
f 1882/1882/1882 1883/1883/1883 1884/1884/1884
f 1885/1885/1885 1886/1886/1886 1887/1887/1887
f 1888/1888/1888 1889/1889/1889 1890/1890/1890
f 1891/1891/1891 1892/1892/1892 1893/1893/1893
f 1894/1894/1894 1895/1895/1895 1896/1896/1896
f 1897/1897/1897 1898/1898/1898 1899/1899/1899
f 1900/1900/1900 1901/1901/1901 1902/1902/1902
f 1903/1903/1903 1904/1904/1904 1905/1905/1905
f 1906/1906/1906 1907/1907/1907 1908/1908/1908
f 1909/1909/1909 1910/1910/1910 1911/1911/1911
f 1912/1912/1912 1913/1913/1913 1914/1914/1914
f 1915/1915/1915 1916/1916/1916 1917/1917/1917
f 1918/1918/1918 1919/1919/1919 1920/1920/1920
f 1921/1921/1921 1922/1922/1922 1923/1923/1923
f 1924/1924/1924 1925/1925/1925 1926/1926/1926
f 1927/1927/1927 1928/1928/1928 1929/1929/1929
f 1930/1930/1930 1931/1931/1931 1932/1932/1932
f 1933/1933/1933 1934/1934/1934 1935/1935/1935
f 1936/1936/1936 1937/1937/1937 1938/1938/1938
f 1939/1939/1939 1940/1940/1940 1941/1941/1941
f 1942/1942/1942 1943/1943/1943 1944/1944/1944
f 1945/1945/1945 1946/1946/1946 1947/1947/1947
f 1948/1948/1948 1949/1949/1949 1950/1950/1950
f 1951/1951/1951 1952/1952/1952 1953/1953/1953
f 1954/1954/1954 1955/1955/1955 1956/1956/1956
f 1957/1957/1957 1958/1958/1958 1959/1959/1959
f 1960/1960/1960 1961/1961/1961 1962/1962/1962
f 1963/1963/1963 1964/1964/1964 1965/1965/1965
f 1966/1966/1966 1967/1967/1967 1968/1968/1968
f 1969/1969/1969 1970/1970/1970 1971/1971/1971
f 1972/1972/1972 1973/1973/1973 1974/1974/1974
f 1975/1975/1975 1976/1976/1976 1977/1977/1977
f 1978/1978/1978 1979/1979/1979 1980/1980/1980
f 1981/1981/1981 1982/1982/1982 1983/1983/1983
f 1984/1984/1984 1985/1985/1985 1986/1986/1986
f 1987/1987/1987 1988/1988/1988 1989/1989/1989
f 1990/1990/1990 1991/1991/1991 1992/1992/1992
f 1993/1993/1993 1994/1994/1994 1995/1995/1995
f 1996/1996/1996 1997/1997/1997 1998/1998/1998
f 1999/1999/1999 2000/2000/2000 2001/2001/2001
f 2002/2002/2002 2003/2003/2003 2004/2004/2004
f 2005/2005/2005 2006/2006/2006 2007/2007/2007
f 2008/2008/2008 2009/2009/2009 2010/2010/2010
f 2011/2011/2011 2012/2012/2012 2013/2013/2013
f 2014/2014/2014 2015/2015/2015 2016/2016/2016
f 2017/2017/2017 2018/2018/2018 2019/2019/2019
f 2020/2020/2020 2021/2021/2021 2022/2022/2022
f 2023/2023/2023 2024/2024/2024 2025/2025/2025
f 2026/2026/2026 2027/2027/2027 2028/2028/2028
f 2029/2029/2029 2030/2030/2030 2031/2031/2031
f 2032/2032/2032 2033/2033/2033 2034/2034/2034
f 2035/2035/2035 2036/2036/2036 2037/2037/2037
f 2038/2038/2038 2039/2039/2039 2040/2040/2040
f 2041/2041/2041 2042/2042/2042 2043/2043/2043
f 2044/2044/2044 2045/2045/2045 2046/2046/2046
f 2047/2047/2047 2048/2048/2048 2049/2049/2049
f 2050/2050/2050 2051/2051/2051 2052/2052/2052
f 2053/2053/2053 2054/2054/2054 2055/2055/2055
f 2056/2056/2056 2057/2057/2057 2058/2058/2058
f 2059/2059/2059 2060/2060/2060 2061/2061/2061
f 2062/2062/2062 2063/2063/2063 2064/2064/2064
f 2065/2065/2065 2066/2066/2066 2067/2067/2067
f 2068/2068/2068 2069/2069/2069 2070/2070/2070
f 2071/2071/2071 2072/2072/2072 2073/2073/2073
f 2074/2074/2074 2075/2075/2075 2076/2076/2076
f 2077/2077/2077 2078/2078/2078 2079/2079/2079
f 2080/2080/2080 2081/2081/2081 2082/2082/2082
f 2083/2083/2083 2084/2084/2084 2085/2085/2085
f 2086/2086/2086 2087/2087/2087 2088/2088/2088
f 2089/2089/2089 2090/2090/2090 2091/2091/2091
f 2092/2092/2092 2093/2093/2093 2094/2094/2094
f 2095/2095/2095 2096/2096/2096 2097/2097/2097
f 2098/2098/2098 2099/2099/2099 2100/2100/2100
f 2101/2101/2101 2102/2102/2102 2103/2103/2103
f 2104/2104/2104 2105/2105/2105 2106/2106/2106
f 2107/2107/2107 2108/2108/2108 2109/2109/2109
f 2110/2110/2110 2111/2111/2111 2112/2112/2112
f 2113/2113/2113 2114/2114/2114 2115/2115/2115
f 2116/2116/2116 2117/2117/2117 2118/2118/2118
f 2119/2119/2119 2120/2120/2120 2121/2121/2121
f 2122/2122/2122 2123/2123/2123 2124/2124/2124
f 2125/2125/2125 2126/2126/2126 2127/2127/2127
f 2128/2128/2128 2129/2129/2129 2130/2130/2130
f 2131/2131/2131 2132/2132/2132 2133/2133/2133
f 2134/2134/2134 2135/2135/2135 2136/2136/2136
f 2137/2137/2137 2138/2138/2138 2139/2139/2139
f 2140/2140/2140 2141/2141/2141 2142/2142/2142
f 2143/2143/2143 2144/2144/2144 2145/2145/2145
f 2146/2146/2146 2147/2147/2147 2148/2148/2148
f 2149/2149/2149 2150/2150/2150 2151/2151/2151
f 2152/2152/2152 2153/2153/2153 2154/2154/2154
f 2155/2155/2155 2156/2156/2156 2157/2157/2157
f 2158/2158/2158 2159/2159/2159 2160/2160/2160
f 2161/2161/2161 2162/2162/2162 2163/2163/2163
f 2164/2164/2164 2165/2165/2165 2166/2166/2166
f 2167/2167/2167 2168/2168/2168 2169/2169/2169
f 2170/2170/2170 2171/2171/2171 2172/2172/2172
f 2173/2173/2173 2174/2174/2174 2175/2175/2175
f 2176/2176/2176 2177/2177/2177 2178/2178/2178
f 2179/2179/2179 2180/2180/2180 2181/2181/2181
f 2182/2182/2182 2183/2183/2183 2184/2184/2184
f 2185/2185/2185 2186/2186/2186 2187/2187/2187
f 2188/2188/2188 2189/2189/2189 2190/2190/2190
f 2191/2191/2191 2192/2192/2192 2193/2193/2193
f 2194/2194/2194 2195/2195/2195 2196/2196/2196
f 2197/2197/2197 2198/2198/2198 2199/2199/2199
f 2200/2200/2200 2201/2201/2201 2202/2202/2202
f 2203/2203/2203 2204/2204/2204 2205/2205/2205
f 2206/2206/2206 2207/2207/2207 2208/2208/2208
f 2209/2209/2209 2210/2210/2210 2211/2211/2211
f 2212/2212/2212 2213/2213/2213 2214/2214/2214
f 2215/2215/2215 2216/2216/2216 2217/2217/2217
f 2218/2218/2218 2219/2219/2219 2220/2220/2220
f 2221/2221/2221 2222/2222/2222 2223/2223/2223
f 2224/2224/2224 2225/2225/2225 2226/2226/2226
f 2227/2227/2227 2228/2228/2228 2229/2229/2229
f 2230/2230/2230 2231/2231/2231 2232/2232/2232
f 2233/2233/2233 2234/2234/2234 2235/2235/2235
f 2236/2236/2236 2237/2237/2237 2238/2238/2238
f 2239/2239/2239 2240/2240/2240 2241/2241/2241
f 2242/2242/2242 2243/2243/2243 2244/2244/2244
f 2245/2245/2245 2246/2246/2246 2247/2247/2247
f 2248/2248/2248 2249/2249/2249 2250/2250/2250
f 2251/2251/2251 2252/2252/2252 2253/2253/2253
f 2254/2254/2254 2255/2255/2255 2256/2256/2256
f 2257/2257/2257 2258/2258/2258 2259/2259/2259
f 2260/2260/2260 2261/2261/2261 2262/2262/2262
f 2263/2263/2263 2264/2264/2264 2265/2265/2265
f 2266/2266/2266 2267/2267/2267 2268/2268/2268
f 2269/2269/2269 2270/2270/2270 2271/2271/2271
f 2272/2272/2272 2273/2273/2273 2274/2274/2274
f 2275/2275/2275 2276/2276/2276 2277/2277/2277
f 2278/2278/2278 2279/2279/2279 2280/2280/2280
f 2281/2281/2281 2282/2282/2282 2283/2283/2283
f 2284/2284/2284 2285/2285/2285 2286/2286/2286
f 2287/2287/2287 2288/2288/2288 2289/2289/2289
f 2290/2290/2290 2291/2291/2291 2292/2292/2292
f 2293/2293/2293 2294/2294/2294 2295/2295/2295
f 2296/2296/2296 2297/2297/2297 2298/2298/2298
f 2299/2299/2299 2300/2300/2300 2301/2301/2301
f 2302/2302/2302 2303/2303/2303 2304/2304/2304
f 2305/2305/2305 2306/2306/2306 2307/2307/2307
f 2308/2308/2308 2309/2309/2309 2310/2310/2310
f 2311/2311/2311 2312/2312/2312 2313/2313/2313
f 2314/2314/2314 2315/2315/2315 2316/2316/2316
f 2317/2317/2317 2318/2318/2318 2319/2319/2319
f 2320/2320/2320 2321/2321/2321 2322/2322/2322
f 2323/2323/2323 2324/2324/2324 2325/2325/2325
f 2326/2326/2326 2327/2327/2327 2328/2328/2328
f 2329/2329/2329 2330/2330/2330 2331/2331/2331
f 2332/2332/2332 2333/2333/2333 2334/2334/2334
f 2335/2335/2335 2336/2336/2336 2337/2337/2337
f 2338/2338/2338 2339/2339/2339 2340/2340/2340
f 2341/2341/2341 2342/2342/2342 2343/2343/2343
f 2344/2344/2344 2345/2345/2345 2346/2346/2346
f 2347/2347/2347 2348/2348/2348 2349/2349/2349
f 2350/2350/2350 2351/2351/2351 2352/2352/2352
f 2353/2353/2353 2354/2354/2354 2355/2355/2355
f 2356/2356/2356 2357/2357/2357 2358/2358/2358
f 2359/2359/2359 2360/2360/2360 2361/2361/2361
f 2362/2362/2362 2363/2363/2363 2364/2364/2364
f 2365/2365/2365 2366/2366/2366 2367/2367/2367
f 2368/2368/2368 2369/2369/2369 2370/2370/2370
f 2371/2371/2371 2372/2372/2372 2373/2373/2373
f 2374/2374/2374 2375/2375/2375 2376/2376/2376
f 2377/2377/2377 2378/2378/2378 2379/2379/2379
f 2380/2380/2380 2381/2381/2381 2382/2382/2382
f 2383/2383/2383 2384/2384/2384 2385/2385/2385
f 2386/2386/2386 2387/2387/2387 2388/2388/2388
f 2389/2389/2389 2390/2390/2390 2391/2391/2391
f 2392/2392/2392 2393/2393/2393 2394/2394/2394
f 2395/2395/2395 2396/2396/2396 2397/2397/2397
f 2398/2398/2398 2399/2399/2399 2400/2400/2400
f 2401/2401/2401 2402/2402/2402 2403/2403/2403
f 2404/2404/2404 2405/2405/2405 2406/2406/2406
f 2407/2407/2407 2408/2408/2408 2409/2409/2409
f 2410/2410/2410 2411/2411/2411 2412/2412/2412
f 2413/2413/2413 2414/2414/2414 2415/2415/2415
f 2416/2416/2416 2417/2417/2417 2418/2418/2418
f 2419/2419/2419 2420/2420/2420 2421/2421/2421
f 2422/2422/2422 2423/2423/2423 2424/2424/2424
f 2425/2425/2425 2426/2426/2426 2427/2427/2427
f 2428/2428/2428 2429/2429/2429 2430/2430/2430
f 2431/2431/2431 2432/2432/2432 2433/2433/2433
f 2434/2434/2434 2435/2435/2435 2436/2436/2436
f 2437/2437/2437 2438/2438/2438 2439/2439/2439
f 2440/2440/2440 2441/2441/2441 2442/2442/2442
f 2443/2443/2443 2444/2444/2444 2445/2445/2445
f 2446/2446/2446 2447/2447/2447 2448/2448/2448
f 2449/2449/2449 2450/2450/2450 2451/2451/2451
f 2452/2452/2452 2453/2453/2453 2454/2454/2454
f 2455/2455/2455 2456/2456/2456 2457/2457/2457
f 2458/2458/2458 2459/2459/2459 2460/2460/2460
f 2461/2461/2461 2462/2462/2462 2463/2463/2463
f 2464/2464/2464 2465/2465/2465 2466/2466/2466
f 2467/2467/2467 2468/2468/2468 2469/2469/2469
f 2470/2470/2470 2471/2471/2471 2472/2472/2472
f 2473/2473/2473 2474/2474/2474 2475/2475/2475
f 2476/2476/2476 2477/2477/2477 2478/2478/2478
f 2479/2479/2479 2480/2480/2480 2481/2481/2481
f 2482/2482/2482 2483/2483/2483 2484/2484/2484
f 2485/2485/2485 2486/2486/2486 2487/2487/2487
f 2488/2488/2488 2489/2489/2489 2490/2490/2490
f 2491/2491/2491 2492/2492/2492 2493/2493/2493
f 2494/2494/2494 2495/2495/2495 2496/2496/2496
f 2497/2497/2497 2498/2498/2498 2499/2499/2499
f 2500/2500/2500 2501/2501/2501 2502/2502/2502
f 2503/2503/2503 2504/2504/2504 2505/2505/2505
f 2506/2506/2506 2507/2507/2507 2508/2508/2508
f 2509/2509/2509 2510/2510/2510 2511/2511/2511
f 2512/2512/2512 2513/2513/2513 2514/2514/2514
f 2515/2515/2515 2516/2516/2516 2517/2517/2517
f 2518/2518/2518 2519/2519/2519 2520/2520/2520
f 2521/2521/2521 2522/2522/2522 2523/2523/2523
f 2524/2524/2524 2525/2525/2525 2526/2526/2526
f 2527/2527/2527 2528/2528/2528 2529/2529/2529
f 2530/2530/2530 2531/2531/2531 2532/2532/2532
f 2533/2533/2533 2534/2534/2534 2535/2535/2535
f 2536/2536/2536 2537/2537/2537 2538/2538/2538
f 2539/2539/2539 2540/2540/2540 2541/2541/2541
f 2542/2542/2542 2543/2543/2543 2544/2544/2544
f 2545/2545/2545 2546/2546/2546 2547/2547/2547
f 2548/2548/2548 2549/2549/2549 2550/2550/2550
f 2551/2551/2551 2552/2552/2552 2553/2553/2553
f 2554/2554/2554 2555/2555/2555 2556/2556/2556
f 2557/2557/2557 2558/2558/2558 2559/2559/2559
f 2560/2560/2560 2561/2561/2561 2562/2562/2562
f 2563/2563/2563 2564/2564/2564 2565/2565/2565
f 2566/2566/2566 2567/2567/2567 2568/2568/2568
f 2569/2569/2569 2570/2570/2570 2571/2571/2571
f 2572/2572/2572 2573/2573/2573 2574/2574/2574
f 2575/2575/2575 2576/2576/2576 2577/2577/2577
f 2578/2578/2578 2579/2579/2579 2580/2580/2580
f 2581/2581/2581 2582/2582/2582 2583/2583/2583
f 2584/2584/2584 2585/2585/2585 2586/2586/2586
f 2587/2587/2587 2588/2588/2588 2589/2589/2589
f 2590/2590/2590 2591/2591/2591 2592/2592/2592
f 2593/2593/2593 2594/2594/2594 2595/2595/2595
f 2596/2596/2596 2597/2597/2597 2598/2598/2598
f 2599/2599/2599 2600/2600/2600 2601/2601/2601
f 2602/2602/2602 2603/2603/2603 2604/2604/2604
f 2605/2605/2605 2606/2606/2606 2607/2607/2607
f 2608/2608/2608 2609/2609/2609 2610/2610/2610
f 2611/2611/2611 2612/2612/2612 2613/2613/2613
f 2614/2614/2614 2615/2615/2615 2616/2616/2616
